Date,Close,High,Low,Open,Volume,SMA_20,SMA_50,Daily_Return,Volatility_20d,RSI_14,MACD,MACD_Signal,USD_Close,USD_Return_5d,SP500_Close,SP500_Return_5d
2016-12-12,26.043115615844727,26.433876567981944,25.85692798837771,26.040816526848797,105497600,25.419847297668458,25.82883071899414,-0.005704091280607004,0.18165835086554274,57.703864757902856,0.04352517328259964,-0.0636852238718711,100.95999908447266,0.008188533051948221,2256.9599609375,0.02369926245436016
2016-12-13,26.4775505065918,26.645347175884723,26.14655183861847,26.16723837852127,174935200,25.528801059722902,25.84374755859375,0.01668137165903305,0.1571054186127911,64.11340441952225,0.1083356739667316,-0.029281044304150558,101.02999877929688,0.00537367824665913,2271.719970703125,0.026891413080736504
2016-12-14,26.4775505065918,26.70970763828152,26.4292801597942,26.443071186396065,136127200,25.621664619445802,25.856469078063967,0.0,0.1541671678119576,67.30777181627684,0.15787853719256972,0.008150871995193501,102.0,0.0176593493343824,2253.280029296875,0.005322654257851056
2016-12-15,26.622358322143555,26.83153155328648,26.486741900476627,26.521219462804925,186098000,25.688668537139893,25.871858139038086,0.00546907900395488,0.12792957584886175,67.5065514618681,0.20644660577885077,0.04781001875192496,103.12999725341795,0.020381889431223765,2262.030029296875,0.007051980599961372
2016-12-16,26.65683364868164,26.778659027184773,26.58327860390481,26.771763515751104,177404400,25.75785627365112,25.884094734191894,0.0012949764299960975,0.12755195338432787,69.23078038990104,0.24489601199303124,0.08722721740014622,102.9499969482422,0.013586661982517567,2258.070068359375,-0.0006461347796091754
2016-12-19,26.81084632873535,26.980942085876432,26.606271251631483,26.617764942849437,111117600,25.83348035812378,25.89863399505615,0.005777605925875839,0.12783489817508045,71.58350539986958,0.28451526470651345,0.12668482686141966,103.13999938964844,0.021592713202699176,2262.530029296875,0.0024679517828314346
2016-12-20,26.88209724426269,27.00852080910073,26.820035882963577,26.83382690687655,85700000,25.8934739112854,25.905496520996095,0.0026575407077311652,0.11938781441014942,78.27622093354194,0.31799748428527863,0.16494735834619145,103.29000091552734,0.022369614604940358,2270.760009765625,-0.00042257010101598436
2016-12-21,26.90738677978516,26.985540021244297,26.843026318401776,26.84762449632404,95132800,25.95392723083496,25.911721382141113,0.0009407575343796104,0.11933418579989938,86.22056810349487,0.3426234883925403,0.20048258435546124,103.0199966430664,0.009999967088886397,2265.179931640625,0.0052811466790763095
2016-12-22,26.730392456054688,26.78096188527395,26.580983257095284,26.74418348086327,104343600,26.012081623077393,25.909649810791016,-0.006577908333463389,0.12066368481721856,79.55625528217251,0.34389361976425903,0.22916479143722082,103.08999633789062,-0.0003878688702864119,2260.9599609375,-0.00047305665509123074
2016-12-23,26.78325843811035,26.78325843811035,26.569488791365973,26.569488791365973,56998000,26.066443252563477,25.910282020568847,0.0019777480687039883,0.1202164979791733,86.14634470163078,0.3451869506637557,0.2523692232825278,103.01000213623048,0.0005828575985140638,2263.7900390625,0.00253312365425451
2016-12-27,26.95335960388184,27.07748410155773,26.776366582612287,26.78326209575689,73187600,26.131838417053224,25.911343460083007,0.006351025815792832,0.12010834613189422,86.00994927260764,0.3558358134452604,0.27306254131507435,103.0199966430664,-0.001163493768588042,2268.8798828125,0.0028065278398088367
2016-12-28,26.83842086791992,27.128042846739987,26.709698234753883,27.013112989010946,83623600,26.192751026153566,25.91047191619873,-0.004264356564491756,0.1219265562485422,79.93701595757572,0.3509549285569378,0.28864101876344705,103.26000213623048,-0.0002904325591147616,2249.919921875,-0.009177582748066793
2016-12-29,26.831527709960938,26.91887377816601,26.755673576322245,26.767165510888628,60158000,26.264122200012206,25.90982841491699,-0.0002568391781656576,0.11562394359641262,77.08562881374763,0.34258150553310074,0.2994291161173778,102.68000030517578,-0.003300294592986752,2249.260009765625,-0.0070281047667014596
2016-12-30,26.622358322143555,26.93956417139991,26.532713152708265,26.81314235091748,122345200,26.336873149871828,25.906602325439454,-0.007795657037438453,0.11362062011182676,62.318832657514626,0.31543119153715793,0.30262953120133385,102.38999938964844,-0.0067901539733095095,2238.830078125,-0.009787826053904936
2017-01-03,26.698204040527344,26.739578855954008,26.378699203389875,26.617753497667245,115127600,26.408703994750976,25.905167655944823,0.002848948145991459,0.11357031725547928,69.60075422855346,0.2966152912514488,0.30142668321135685,103.20999908447266,0.0019415294058306998,2257.830078125,-0.002632735737263081
2017-01-04,26.668325424194336,26.7809579559082,26.60626406797066,26.629249690509408,84472400,26.488119888305665,25.905239181518553,-0.0011191245781047021,0.10842236920405604,57.531440929003764,0.2761097784283635,0.29636330225475815,102.6999969482422,-0.0031061901111578694,2270.75,0.0008242468901358269
2017-01-05,26.803943634033203,26.861408567344537,26.620055145960706,26.645339856912937,88774400,26.564663124084472,25.90322078704834,0.005085366541831338,0.10734303138616295,61.6390931622604,0.2677162021760182,0.2906338822390102,101.5199966430664,-0.01685072106495311,2269.0,0.008480336539755218
2017-01-06,27.10276985168457,27.160234801667425,26.771771178602183,26.84302715539977,127007600,26.643734836578368,25.904434585571288,0.011148591480842684,0.10856229220158035,65.43580151885811,0.2819271304271318,0.28889253187663455,102.22000122070312,-0.004479928740801387,2276.97998046875,0.012324040165553551
2017-01-09,27.35101127624512,27.452150127850576,27.10965958994672,27.11195692479904,134247600,26.722691535949707,25.922779426574706,0.009159264013198998,0.10804102558140956,69.610356581328,0.30965093850417347,0.29304421320214236,101.93000030517578,-0.004492617318241354,2268.89990234375,0.01343104352248714
2017-01-10,27.37859535217285,27.440656713931567,27.192409513205952,27.300442124142183,97848400,26.78199529647827,25.9467525100708,0.0010085212443931013,0.09600035313951043,67.2725858975518,0.3300435242396347,0.30044407540964085,102.01000213623048,-0.01162675088544507,2268.89990234375,0.004902859752822009
2017-01-11,27.52570533752441,27.567080163085443,27.261366271645112,27.293546496671382,110354400,26.856124782562254,25.977143974304198,0.005373175046391898,0.09181284501209575,68.71653957343696,0.3539947110491468,0.31115420253754206,101.77999877929688,-0.00895811291415105,2275.320068359375,0.0020125810236155672
2017-01-12,27.410778045654297,27.42227173582905,27.17172367028493,27.330327475503765,108344800,26.90278615951538,26.00606029510498,-0.004175271458473406,0.0788928948965109,63.91356699570016,0.3595577690436009,0.32083491583875384,101.3499984741211,-0.0016745289062903845,2270.43994140625,0.0006346149873293072
2017-01-13,27.36250686645508,27.49582595216352,27.30963834843592,27.37859697999293,104447600,26.947033977508546,26.043387184143068,-0.0017610291513365794,0.07965354721268218,68.80989300138728,0.35596807347300796,0.3278615473656047,101.18000030517578,-0.010174143055250773,2274.639892578125,-0.0010277156192401993
2017-01-17,27.583166122436523,27.638331963648064,27.17401610554419,27.20159814930473,137759200,26.995074367523195,26.084669990539552,0.008064292393178185,0.0818044680399945,71.64176947894464,0.3667014654720866,0.33562953098690107,100.33000183105467,-0.015697031976167453,2267.889892578125,-0.00044515395526334434
2017-01-18,27.580873489379883,27.698102463870374,27.51651303395479,27.58317257812817,94852000,27.041276359558104,26.13137752532959,-8.311711014119538e-05,0.08206023475886952,68.67316428624943,0.37074899599138433,0.34265342398779775,100.93000030517578,-0.010587215061640731,2271.889892578125,0.0013178149601427158
2017-01-19,27.53260040283203,27.603856363706942,27.4383588178385,27.44525432970501,102389200,27.07736406326294,26.18167079925537,-0.001750237771346863,0.08146934021633456,71.51040324544412,0.36584423384181264,0.34729158595860077,101.1500015258789,-0.006189794271702409,2263.68994140625,-0.005111424592457836
2017-01-20,27.583166122436523,27.68660229391947,27.52110477028485,27.68660229391947,130391600,27.11241750717163,26.225757865905763,0.0018365762356138404,0.08134548410345017,72.6771038218036,0.36186603903390946,0.35020647657366255,100.73999786376952,-0.00601875302945698,2271.31005859375,0.00038323726236111355
2017-01-23,27.6015625,27.76935915548932,27.53030477647313,27.583173296916232,88200800,27.147126293182374,26.267224578857423,0.0006669422024221383,0.08136735003753255,83.38598684030868,0.35609290753382083,0.3513837627656942,100.16000366210938,-0.010081010476279184,2265.199951171875,-0.0041500817061422834
2017-01-24,27.57627487182617,27.60615600841332,27.468240507232316,27.47973419636854,92844000,27.189420413970947,26.309013137817384,-0.0009161665457827484,0.07644196129244146,81.00682152498273,0.3454945132844536,0.35020591286944613,100.3499984741211,0.00019930870827744585,2280.070068359375,0.005370708613813502
2017-01-25,28.015310287475582,28.065879721349187,27.647534977973493,27.67971520794924,129510400,27.25102300643921,26.373787536621094,0.015920765864499087,0.09188984928966396,86.90190537501371,0.36827643683565014,0.353820017662687,100.02999877929688,-0.008917086328719237,2298.3701171875,0.011655593299605416
2017-01-26,28.02910041809082,28.144030301053384,27.95094718575704,27.967037299224167,105350400,27.304810047149658,26.435895614624023,0.0004922355124299393,0.09078298628638203,85.96504587351177,0.38302870716745474,0.3596617555636406,100.37999725341795,-0.007612498871430562,2296.679931640625,0.014573546328469744
2017-01-27,28.03139305114746,28.12333729283309,27.950942497306496,28.075066960528503,82251600,27.364458656311037,26.510553970336915,8.179474269387477e-05,0.08809274656954942,83.00652176860619,0.3904046423189129,0.3658103329146951,100.52999877929688,-0.002084565107462355,2294.68994140625,0.010293567240650336
2017-01-30,27.957841873168945,27.957841873168945,27.73487937990102,27.79694074324554,121510000,27.420774364471434,26.577305221557616,-0.00262388593546925,0.089356893784067,74.62713370550304,0.3858671227006205,0.3698216908718802,100.43000030517578,0.002695653286687527,2280.89990234375,0.0069309339176670814
2017-01-31,27.89348030090332,27.90267490134263,27.72568366553544,27.847509052397506,196804000,27.484330463409425,26.629529228210448,-0.0023020937223123816,0.08322738898834241,70.29000757639542,0.372780483357964,0.370413449369097,99.51000213623048,-0.008370666175019803,2278.8701171875,-0.0005262782001863586
2017-02-01,29.594444274902344,29.994401522323454,29.19448878117204,29.19908520477525,447940000,27.629142475128173,26.715956535339355,0.06098070071033557,0.2242293525379476,86.64509751056,0.4939686415326392,0.3951244878018054,99.63999938964844,-0.00389882429678845,2279.550048828125,-0.008188441112524147
2017-02-02,29.543872833251957,29.74155235484266,29.371478023982664,29.417451025335552,134841600,27.772919845581054,26.80086669921875,-0.0017088153837466757,0.22446131113362822,88.66666666666679,0.5792531673608252,0.4319502237136094,99.8499984741211,-0.00527992422592749,2280.85009765625,-0.0068924858733219185
2017-02-03,29.67030143737793,29.69558615399653,29.45883085628691,29.49330842104774,98029200,27.91623773574829,26.880628204345705,0.0042793510803254,0.2244861884778726,90.68075557770115,0.6495558250498163,0.4754713439808508,99.87000274658205,-0.0065651650326166155,2297.419921875,0.0011896947031881933
2017-02-06,29.94843292236328,29.996705025422536,29.62892792867132,29.6817982099701,107383600,28.058520889282228,26.96563045501709,0.009374070080561125,0.2239486329851308,90.86583108091631,0.7194210362858975,0.5242612824418602,99.91000366210938,-0.0051777022949944795,2292.56005859375,0.0051120859087321335
2017-02-07,30.233442306518555,30.362163161355213,29.98519344045633,30.005879969116457,152735200,28.2026424407959,27.05895320892334,0.009516671035647128,0.22403821923468767,91.75092645741418,0.7886959983973654,0.5771482256329612,100.26000213623048,0.007536930799913355,2293.080078125,0.0062355291029212445
2017-02-08,30.350675582885746,30.39205215591123,30.162192438203466,30.19207532386738,92016400,28.351246452331544,27.15204620361328,0.003877602661934265,0.2235719369239214,93.41352660581946,0.8433352073014824,0.6303856219666655,100.27999877929688,0.006423117157454916,2294.669921875,0.006632832235750952
2017-02-09,30.56999397277832,30.576919380684807,30.269880047341417,30.392233617139947,113399600,28.50346088409424,27.25053695678711,0.007226145239951354,0.22368141317939394,93.73905795943722,0.8940285307670592,0.6831142037267443,100.6500015258789,0.00801204871290162,2307.8701171875,0.011846468805212229
2017-02-10,30.500730514526367,30.69003435452235,30.48457240670981,30.57922432670781,80262000,28.657958507537842,27.348148193359375,-0.0022657334611720925,0.22270348799103284,91.83215606927189,0.9180318726443026,0.730097737510256,100.8000030517578,0.00931210853709108,2316.10009765625,0.008130936623029106
2017-02-13,30.770835876464844,30.893192961014726,30.64617501954428,30.72235802422429,92141600,28.82837495803833,27.45548282623291,0.008855701400654503,0.22133139175199645,93.05272942074042,0.9479228745244797,0.7736627649131007,100.95999908447266,0.010509412309845478,2328.25,0.01556772363387604
2017-02-14,31.170211791992188,31.1863698977111,30.76159524407677,30.812383900770744,132904800,29.007727241516115,27.57554027557373,0.012979040190221447,0.222630113694052,92.97766252932826,0.9923982581533011,0.8174098635611409,101.25,0.009874305233151137,2337.580078125,0.01940621281590249
2017-02-15,31.28334045410156,31.45879352184772,31.077878458389428,31.285651271890703,142492400,29.192850589752197,27.695975341796874,0.0036293838124781264,0.2216233735562491,93.16271230862569,1.0249587709862773,0.8589196450461682,101.18000030517578,0.0089748856884182,2349.25,0.02378559007754899
2017-02-16,31.24640846252441,31.37337663728283,31.1286694692627,31.320280662969942,90338400,29.378540992736816,27.81930335998535,-0.00118056419298751,0.22135431860179483,92.25418983770089,1.0358425606756327,0.8943042281720612,100.44000244140624,-0.0020864290242328387,2347.219970703125,0.017050289451981282
2017-02-17,31.331817626953125,31.35721196110719,31.188687846768914,31.188687846768914,88792800,29.565973567962647,27.940478134155274,0.0027334074100435757,0.22112994002837733,94.20558225314319,1.039378539381822,0.9233190904140135,100.9499969482422,0.0014880346422945223,2351.159912109375,0.015137434901282276
2017-02-21,31.55806541442871,31.56960893757079,31.39184854443112,31.44956263755282,98028800,29.763798713684082,28.061212730407714,0.0072210233753229325,0.2200657152501858,96.05927083732891,1.0483523799402015,0.9483257483192512,101.37000274658205,0.004061050572775171,2365.3798828125,0.015947549795984006
2017-02-22,31.65272331237793,31.655030608403848,31.421866896569643,31.495739117881836,83347600,29.96762113571167,28.178829650878907,0.002999483545843118,0.2186772942465588,93.39041891801708,1.0509871884198958,0.9688580363393802,101.33000183105467,0.0007901415412807644,2362.820068359375,0.010797486884222662
2017-02-23,31.518814086914062,31.738126893348525,31.46571811795557,31.71504337416953,83152800,30.142796325683594,28.285355529785157,-0.004230575174917095,0.21947691442824535,90.22036876770305,1.0303922176656144,0.981164872604627,101.0500030517578,-0.0012848117515901203,2363.81005859375,0.006197747618921001
2017-02-24,31.548826217651367,31.54882621765137,31.23024336194614,31.375683973913823,87106400,30.318782615661622,28.395469741821287,0.0009521973337749401,0.21932993555064204,89.82061300798281,1.0049083254506748,0.9859135631738366,101.08999633789062,0.006471464363649204,2367.340087890625,0.008571892467953424
2017-02-27,31.61115264892578,31.728891620779727,31.46109745735582,31.65963402367524,81029600,30.497770595550538,28.49814178466797,0.001975554679734648,0.218752185188186,88.79549128091199,0.97846227535031,0.9844233056091314,101.12999725341795,0.0017830639981895047,2369.75,0.00790677307608001
2017-02-28,31.6250114440918,31.72889609309764,31.55806113250504,31.645787669375324,93931600,30.68112907409668,28.60109100341797,0.00043841473672068254,0.2173956073828187,87.17237767119005,0.9476974132011549,0.9770781271275362,101.12000274658205,-0.0024662128166750286,2363.639892578125,-0.0007356070993155273
2017-03-01,32.27141571044922,32.35452415819691,31.765843136122427,31.832789944474264,145658400,30.900025844573975,28.714072151184084,0.020439653199815,0.2204716073601685,89.9995948486998,0.9643589309053873,0.9745342878831065,101.77999877929688,0.00444090535982089,2395.9599609375,0.01402556759268414
2017-03-02,32.07979965209961,32.38452819956247,32.03362556445187,32.31988870396161,104844000,31.024293613433837,28.822531471252443,-0.005937640296566404,0.09964248971631601,81.80885904529984,0.9511373696838916,0.9698549042432635,102.1999969482422,0.01138044395600235,2381.919921875,0.0076613022334051095
2017-03-03,32.26909637451172,32.28063989511755,31.99437678799724,32.038240052746666,84432400,31.160554790496825,28.931696472167967,0.005900807500826222,0.09743735852246756,85.4626349356677,0.9450400175838638,0.9648919269113836,101.54000091552734,0.004451524324252443,2383.1201171875,0.006665721320562534
2017-03-06,32.16751480102539,32.26678483808141,31.996683399830648,32.17444020796099,87000000,31.2854154586792,29.037404823303223,-0.003147952217421368,0.10109702747024904,80.03925037043358,0.9213898296765706,0.956191507464421,101.63999938964844,0.00504303520302174,2375.31005859375,0.002346263780462099
2017-03-07,32.20907211303711,32.315264038884955,32.040544476985474,32.102876664601666,69785200,31.39844741821289,29.14343852996826,0.0012919030975433454,0.09952916384120733,76.40805940797601,0.895675424386301,0.9440882908487971,101.80999755859376,0.006823524458765329,2368.389892578125,0.002009612384236359
2017-03-08,32.08902359008789,32.27370932246198,32.04747114966208,32.07748007132938,74828800,31.491226482391358,29.250611152648926,-0.003727164897141755,0.10029897895585495,70.40884362287056,0.8557451628622381,0.9264196652514853,102.06999969482422,0.0028492917960845077,2362.97998046875,-0.013764829549090418
2017-03-09,32.015159606933594,32.04055394846272,31.638866120296644,32.02901394806746,88623600,31.57445068359375,29.355249176025392,-0.0023018457681308613,0.10196774081006231,69.1156509044965,0.8088164047457553,0.9028990131503394,101.8499984741211,-0.003424642706186809,2364.8701171875,-0.007158009188687919
2017-03-10,32.12135696411133,32.17214565013795,32.00592877270334,32.14675130712464,78451200,31.6520188331604,29.45860912322998,0.0033170959783295206,0.10059750087581286,69.4316760739514,0.7713031622954958,0.8765798429793707,101.25,-0.0028560263237401573,2372.60009765625,-0.0044143891259940116
2017-03-13,32.13520812988281,32.18830411217798,32.04748509882751,32.05441050857954,69686800,31.733742713928223,29.564544868469238,0.00043121359371456336,0.09935174614147183,65.86270346779901,0.7342276019496232,0.8481093947734213,101.37999725341795,-0.0025580690455706545,2373.469970703125,-0.0007746727143969068
2017-03-14,32.08673858642578,32.23910116308927,32.05210800609196,32.15830352082329,61236400,31.79953784942627,29.669649085998536,-0.0015083002811473456,0.0975353427557651,62.23962115368686,0.6929460158535825,0.8170767189894537,101.6999969482422,-0.001080449985162324,2365.449951171875,-0.00124132492520046
2017-03-15,32.42607498168945,32.49302175365911,32.09594866605252,32.18367518060828,102767200,31.862331008911134,29.785723419189452,0.01057559634332006,0.09430385302298745,72.92892249017123,0.6797756421429213,0.7896165036201472,100.73999786376952,-0.013030291319988563,2385.260009765625,0.009428784619857522
2017-03-16,32.47918701171875,32.55537004533195,32.3799169294025,32.48611242181185,76928000,31.92212333679199,29.90134307861328,0.0016379419975833809,0.0941104361173351,73.24135459936552,0.6659470994130494,0.7648826227787278,100.2699966430664,-0.015513027537807478,2381.3798828125,0.00698125681618178
2017-03-17,32.31757354736328,32.55073713387873,32.294486509155334,32.55073713387873,175540000,31.975681591033936,30.01432804107666,-0.0049759085502095735,0.09668407451213325,66.81308265270177,0.6346313881585814,0.7388323758546985,100.3000030517578,-0.009382685908564947,2378.25,0.0023813125310629957
2017-03-20,32.65692901611328,32.66616171683697,32.372973271993985,32.41221841459705,86168000,32.04193716049194,30.13138774871826,0.010500648145896685,0.10158746656231096,71.26521717939562,0.629935111740874,0.7170529230319337,100.41000366210938,-0.009567899167366334,2373.469970703125,0.0
2017-03-21,32.28294372558594,32.966279914613274,32.257549392013594,32.806988506076536,158119600,32.0781810760498,30.23499122619629,-0.011451943026939748,0.1103319743147628,50.26760982452163,0.589243360753418,0.6914910105762306,99.80999755859376,-0.018584065352630352,2344.02001953125,-0.009059558258676437
2017-03-22,32.647705078125,32.6892610534868,32.26448268602448,32.28526243499958,103440800,32.12793016433716,30.340925102233886,0.011298887599583196,0.1159578811503598,62.20236485212707,0.5797451069258699,0.6691418298461584,99.68000030517578,-0.010522112180577636,2348.449951171875,-0.01543230442092014
2017-03-23,32.53227996826172,32.68464602130465,32.46071505556878,32.61077029040308,81385200,32.17860345840454,30.443998794555664,-0.0035354739203589114,0.11552182425132508,55.84032560627916,0.5564889721496513,0.6466112583068571,99.76000213623048,-0.005086212465443274,2345.9599609375,-0.014873696603654785
2017-03-24,32.46763610839844,32.72157949606167,32.40068931851718,32.666172705320164,89582400,32.22454395294189,30.542837409973146,-0.001987068226584454,0.11621244223529817,56.771015320955165,0.5267698239210787,0.6226429714297015,99.62999725341795,-0.006680017726361398,2343.97998046875,-0.01440976328445287
2017-03-27,32.52303695678711,32.60152725405525,32.001299459750086,32.179059798635386,94300400,32.27013816833496,30.6450825881958,0.0017063406834949557,0.11620058309843041,57.03936722328848,0.5019019569590881,0.5984947685355788,99.16999816894533,-0.012349421849806919,2341.590087890625,-0.013431761600529502
2017-03-28,33.19713592529297,33.252539181636585,32.46301107545243,32.529961373650984,133499200,32.34874439239502,30.76177516937256,0.020726814946633754,0.13470524141898824,69.90062191798465,0.5304731816764097,0.5848904511637449,99.70999908447266,-0.001001888353542979,2358.570068359375,0.006207305699989174
2017-03-29,33.27101516723633,33.35643440986911,33.056320458176856,33.1694378122708,116760000,32.39872436523437,30.875532150268555,0.002225470357130055,0.11679026540133082,72.55382321951433,0.552706266704817,0.5784536142719594,100.0,0.00321026980181105,2361.1298828125,0.0053992769291497655
2017-03-30,33.227149963378906,33.35873976262738,33.127883432090165,33.287174863774936,84829200,32.45609188079834,30.988457679748535,-0.0013184209630194843,0.11397853323957718,70.31364969733835,0.560327484961185,0.5748283884098045,100.41000366210938,0.006515652686046147,2368.06005859375,0.009420492260838964
2017-03-31,33.16482162475586,33.30564412870682,33.01476289484099,33.17867244111365,78646800,32.500878143310544,31.10110210418701,-0.0018758256032113119,0.11359421748917188,68.5832354508538,0.5549409653008226,0.5708509037880082,100.3499984741211,0.00722675138564699,2362.719970703125,0.00799494466272166
2017-04-03,33.1740608215332,33.27102007760433,33.02400558483501,33.176371639770544,79942800,32.551205444335935,31.212919998168946,0.00027858424453119923,0.11242216065291634,69.90670836551772,0.5451336739673778,0.5657074578238821,100.54000091552734,0.013814689642809963,2358.840087890625,0.007366788956447712
2017-04-04,33.42107391357422,33.44877554763126,33.05170235406852,33.07017128430263,79565600,32.611805534362794,31.32931022644043,0.007445970915947786,0.11432972036108827,68.85380751020998,0.5509422972282962,0.562754425704765,100.54000091552734,0.008324158446251007,2360.159912109375,0.0006740710277501893
2017-04-05,33.24793243408203,33.58036614090385,33.19945105075871,33.29410299945432,110871600,32.6697509765625,31.442743377685545,-0.005180607898475298,0.11538552310945054,63.93285305383095,0.5354028122768923,0.5572841030191905,100.55999755859376,0.005599975585937722,2352.949951171875,-0.003464414092663737
2017-04-06,33.16482162475586,33.36335821192298,33.11634024491553,33.31025871910069,84596000,32.727234077453616,31.545733604431152,-0.002499728652028188,0.11548093241224217,65.80540298970554,0.5104966234681356,0.5479266071089796,100.66999816894533,0.0025893287257598985,2357.489990234375,-0.004463598092039889
2017-04-07,33.0909538269043,33.284872347499096,33.07479571148253,33.18098767736538,66688800,32.77571392059326,31.646970672607424,-0.002227293687490306,0.11618374489838137,58.98691184253138,0.47927301447631976,0.5341958885824476,101.18000030517578,0.008271069692828537,2355.5400390625,-0.003038841559581118
2017-04-10,33.05170822143555,33.21561780474298,32.98937601115369,33.15097829874287,75733600,32.8215389251709,31.747376976013182,-0.00118599196850111,0.11652483792155502,68.47973003952207,0.4462175686535872,0.5166002245966755,101.0199966430664,0.004774176677622588,2357.159912109375,-0.0007122889719720638
2017-04-11,32.6961784362793,33.09325154850054,32.333732359535915,32.99859962141102,121517600,32.85201091766358,31.84214370727539,-0.010756774892671794,0.12400494574675301,51.17040775912093,0.3868729764591663,0.4906547749691737,100.70999908447266,0.0016908510781508124,2353.780029296875,-0.00270315701057644
2017-04-12,32.73542404174805,32.81622163318866,32.55304559211443,32.68925348626947,81400000,32.867478370666504,31.938982582092287,0.0012003116983605455,0.11872614777431027,55.0923260817595,0.3390998203162141,0.4603437840385818,100.77999877929688,0.002187760799963412,2344.929931640625,-0.0034084955896557245
2017-04-13,32.562286376953125,32.86932572163703,32.562286376953125,32.76082296364392,71291600,32.87163333892822,31.998339424133302,-0.005289000215000006,0.12038116006055308,52.25025212400873,0.28399477235372217,0.4250739817016099,100.55999755859376,-0.0010926851331313214,2328.949951171875,-0.012106112509797984
2017-04-17,32.74235916137695,32.75390268431767,32.52073549771646,32.661558023380536,66328400,32.8928726196289,32.0623091506958,0.005530102595967534,0.12021841608165067,54.922448364549204,0.25194967458952533,0.39044912027919304,100.3000030517578,-0.008697343850205264,2349.010009765625,-0.0027722005096860736
2017-04-18,32.596927642822266,32.79084620116681,32.57615140926884,32.64540904370321,58790000,32.889872550964355,32.12084167480469,-0.004441693337914332,0.11564276815237119,32.33754891549603,0.2123705204497952,0.3548334003133135,99.5,-0.015046492710121595,2342.18994140625,-0.006350850710730382
2017-04-19,32.476863861083984,32.78159587982304,32.4237678963356,32.75389424996957,69313600,32.89956855773926,32.1714102935791,-0.003683285217977228,0.10857034077055544,27.248763983056406,0.1693632972050807,0.31773937969166693,99.73999786376952,-0.009631627738269866,2338.169921875,-0.006631931288217263
2017-04-20,32.883174896240234,32.99398494389246,32.58767908744237,32.60152990307541,93278400,32.91134204864502,32.224404945373536,0.012510784196842373,0.11026746600050007,41.840186342485765,0.16615038952205197,0.28742158165774395,99.77999877929688,-0.009922603811396646,2355.840087890625,0.00465265767765044
2017-04-21,32.84393310546875,32.93858152950958,32.74697386352734,32.883178261307776,69283600,32.92692470550537,32.274270095825194,-0.0011933698888658695,0.10947437290413815,42.30354688835253,0.15860930316159028,0.26165912595851326,99.9800033569336,-0.0057676433546274275,2348.68994140625,0.008475918610634903
2017-04-24,33.16020584106445,33.23177074566537,33.05401037054841,33.12788609309667,68537200,32.96155319213867,32.32607433319092,0.009629563383291684,0.11366091913002718,49.71035111951844,0.17612326508439935,0.2445519537836905,99.08999633789062,-0.01206387514507623,2374.14990234375,0.010702335227866122
2017-04-25,33.36566925048828,33.45108497600299,33.21330320828219,33.222539435282336,75486000,33.00368480682373,32.38337310791016,0.006196083655469531,0.11509724576631425,48.82124549972893,0.2042281708744369,0.23648719720183978,98.81999969482422,-0.00683417392136465,2388.610107421875,0.01981912960814536
2017-04-26,33.169429779052734,33.38182066395403,33.10017571070166,33.35180821927697,80164800,33.00229949951172,32.431344985961914,-0.005881478652872363,0.0919760494767619,48.34608256486999,0.2082658666253394,0.23084293108653972,98.95999908447266,-0.007820320794093338,2387.449951171875,0.021076325050557898
2017-04-27,33.19483184814453,33.280251089997954,33.08402179036965,33.224844299816404,56985200,32.99849033355713,32.47183738708496,0.0007658277293580706,0.0916475352877317,50.64802199666886,0.21108227915971867,0.2268908007011755,99.08000183105467,-0.007015403455661762,2388.77001953125,0.013977999529717566
2017-04-28,33.16252136230469,33.312580139981925,33.07479832325456,33.264098744710395,83441600,32.99525890350342,32.509421005249024,-0.0009733589248969166,0.09159480129976831,51.57362688242212,0.20830589946398703,0.22317382045373782,99.0500030517578,-0.009301863112122999,2384.199951171875,0.015119070908254484
2017-05-01,33.83893203735352,33.982061880251045,33.46494579102684,33.49726554660336,134411600,33.0289644241333,32.5612714767456,0.020396840989832077,0.1165334154380387,63.52091894498499,0.2577155031311804,0.23008215698922635,99.13999938964844,0.000504622601733784,2388.330078125,0.005972738186098336
2017-05-02,34.053619384765625,34.187516492302215,33.898946050866904,34.060544793553,181408800,33.07294235229492,32.61570751190185,0.006344388977025606,0.11799322861534037,74.49997590245313,0.3106158584687648,0.24618889728513407,98.9800033569336,0.001619142507624849,2391.169921875,0.0010716752998620738
2017-05-03,33.949737548828125,34.0490076206691,33.30564982001212,33.61037839972,182788000,33.099375534057614,32.66354095458984,-0.003050537294252309,0.11665860248954675,71.41701843077996,0.34023535384685744,0.26499818859747876,99.20999908447266,0.002526273265085699,2388.1298828125,0.000284794091826468
2017-05-04,33.8273811340332,33.968203650311494,33.66116427801331,33.82507383863429,93487600,33.12834796905518,32.70703411102295,-0.0036040459699855365,0.11571514762844991,72.71962479807411,0.3498035595429627,0.28195926278657557,98.76000213623048,-0.0032297102231572117,2389.52001953125,0.00031396911124459415
2017-05-05,34.38835906982422,34.39297365997338,33.88047234638502,33.88047234638502,109310800,33.1895248413086,32.76442501068115,0.016583546138800198,0.12752632666381583,76.0027431634846,0.3980640282905554,0.30518021588737154,98.6500015258789,-0.004038379743106835,2399.2900390625,0.0063292040095914714
2017-05-08,35.32332992553711,35.48262137552229,34.4045226107652,34.4045226107652,195009600,33.301143646240234,32.839915084838864,0.027188585934399212,0.15488455151829114,84.47136606371157,0.5059231643372399,0.34532880557734524,99.1500015258789,0.00010088900839266834,2399.3798828125,0.004626581890295078
2017-05-09,35.549560546875,35.755022499341734,35.42489618049583,35.52185539735332,156521600,33.426036262512206,32.918683242797854,0.006404566664999889,0.1543018353809158,87.83404086226155,0.602709566482396,0.39680495775835545,99.58999633789062,0.006162790061315038,2396.919921875,0.0024046806324375947
2017-05-10,35.38104248046875,35.53802662820742,35.11555909039869,35.466461724236616,103222800,33.56027946472168,32.99380386352539,-0.004740369889637441,0.1481854255264953,82.66925572284859,0.6582278470083622,0.44908953560835685,99.66999816894533,0.004636620186650786,2399.6298828125,0.00481548348051164
2017-05-11,35.6870231628418,35.714842670163364,35.306856242636485,35.33930938690545,109020400,33.707859420776366,33.06211601257324,0.00864815338728242,0.14868013327761992,84.7591295888129,0.7186326186979741,0.5029981522262803,99.62000274658205,0.00870798493063285,2394.43994140625,0.0020589582153678343
2017-05-12,36.18540573120117,36.25958281169827,35.85391684402618,35.860870834787576,130108000,33.88901538848877,33.14422813415527,0.013965372401200993,0.1478011467861293,85.40885670146362,0.7975257630111159,0.5619036743832475,99.25,0.00608209290259043,2390.89990234375,-0.0034969247494681666
2017-05-15,36.09268569946289,36.31290369522658,35.942011159500126,36.16454597351058,104038800,34.056531715393064,33.2206999206543,-0.0025623598758859334,0.15042382151627037,82.78397651968541,0.8428515486105397,0.618093249228706,98.91000366210938,-0.002420553303843276,2402.320068359375,0.001225393931130414
2017-05-16,36.03938293457031,36.17614953767241,35.865526004045456,36.14833356066949,80194000,34.22865447998047,33.2981372833252,-0.0014768301072527468,0.14832872707901873,85.73031093127408,0.8645059857285133,0.6673757965286675,98.11000061035156,-0.014860887458191141,2400.669921875,0.0015645078359842746
2017-05-17,34.8293342590332,35.83075175718086,34.70415884032869,35.6058965375633,203070800,34.34627799987793,33.350542526245114,-0.03357573235185407,0.20050871652345625,65.71401537239439,0.775091693276913,0.6889189758783166,97.41999816894533,-0.022574496250979625,2357.030029296875,-0.017752676702665338
2017-05-18,35.36018371582031,35.54563183518866,35.03333534048926,35.065788496094065,134272800,34.47012844085693,33.415965728759765,0.015241447133013564,0.2023479232744323,69.2800470134039,0.7385517718887087,0.698845535080395,97.87999725341795,-0.017466426874032437,2365.719970703125,-0.011994441876148176
2017-05-19,35.48072052001953,35.693984589220776,35.38104424797981,35.554901172156406,107843200,34.60196781158447,33.48527694702148,0.003408828561750177,0.20152494595674314,65.96001106559774,0.7111225555020084,0.7013009391647177,97.1500015258789,-0.02115867480222766,2381.72998046875,-0.0038353432805827703
2017-05-22,35.69629669189453,35.833063258380626,35.44594235450977,35.69861351031507,91865600,34.72877235412598,33.55677574157715,0.006075867928143186,0.2005881415676816,65.96589240639618,0.6987254275366155,0.7007858368390973,96.9800033569336,-0.01951269066543493,2394.02001953125,-0.003455013733367096
2017-05-23,35.65225982666016,35.907247854130745,35.5386720320429,35.907247854130745,79675600,34.84310188293457,33.6271167755127,-0.0012336536087892425,0.20112818908526117,66.74231806900617,0.677536982729805,0.6961360660172389,97.3499984741211,-0.007746428819716877,2398.419921875,-0.0009372383847933152
2017-05-24,35.545631408691406,35.73803352072875,35.39031962750843,35.66153603976484,76712000,34.9619119644165,33.69629463195801,-0.002990789882245326,0.19961569300003904,66.94941467324429,0.6447091594935728,0.6858506847125057,97.23999786376952,-0.001847673050287435,2404.389892578125,0.02009302499017296
2017-05-25,35.668479919433594,35.77975088044138,35.47376104336142,35.63602677342156,76942400,35.08559436798096,33.76114273071289,0.0034560790137532216,0.19934790907354527,63.82231697712811,0.6214421232338623,0.672968972416777,97.25,-0.0064364249192493395,2415.070068359375,0.020860498396850558
2017-05-26,35.60821914672852,35.75426010657202,35.53867566408264,35.69862461302962,87710400,35.20787925720215,33.82372337341309,-0.0016894684842523322,0.19958545800917937,53.7925353852155,0.5913238750854433,0.6566399529505103,97.4000015258789,0.0025733401551559787,2415.820068359375,0.014313162352650677
2017-05-30,35.622127532958984,35.79830129211459,35.54331323574162,35.56417521962942,80507600,35.29703903198242,33.889814453125,0.0003905948279285809,0.18969584554179555,51.023916687209955,0.5620977242971037,0.637731507219829,97.27999877929688,0.0030933740150447253,2412.909912109375,0.007890448878461687
2017-05-31,35.41118240356445,35.73803431940695,35.32309728722757,35.69167317336722,97804800,35.36491718292236,33.944899520874024,-0.005921744264133499,0.19150640214822923,50.42024136885608,0.5159665391488844,0.6133785136056401,96.91999816894533,-0.004417055078743237,2411.800048828125,0.005578725739846524
2017-06-01,35.5085334777832,35.54330698193968,35.28599861454439,35.50621665902392,65616400,35.44285697937012,34.009411315917966,0.002749161920358567,0.19057162206379283,47.35758399934941,0.4817098098205861,0.5870447728486293,97.1999969482422,-0.00041136277669762134,2430.06005859375,0.0106763741167204
2017-06-02,36.03473281860352,36.03473281860352,35.44130194146482,35.60125082604754,111082800,35.55322456359863,34.07715187072754,0.014818954467650691,0.19416757182072408,47.787613593590464,0.49135693728042185,0.5679072057349879,96.72000122070312,-0.005449858913078365,2439.070068359375,0.009937599871089331
2017-06-05,35.68238830566406,35.80293007954459,35.573441236287195,35.77743092616847,101326800,35.617926025390624,34.14015403747558,-0.009777913845320785,0.1926765595147119,44.40224208011742,0.46520846417509176,0.5473674574230087,96.8000030517578,-0.006160148508433938,2436.10009765625,0.008394677055004074
2017-06-06,35.80292510986328,36.118185718240646,35.64761339254073,35.675429360679935,106499600,35.641905784606934,34.206859817504885,0.0033780475445386315,0.16824762835084028,46.83208291595968,0.44903571932298547,0.5277011098030041,96.63999938964844,-0.0065789411768027994,2429.330078125,0.0068051301597373826
2017-06-07,36.01620864868164,36.1576124586108,35.80989851981409,35.9350775185732,84278400,35.66523818969726,34.27672325134277,0.005957154008056298,0.1680548151061819,71.69546080854174,0.4482616206771013,0.5118132119778236,96.75,-0.001754005077971632,2433.139892578125,0.008848098232840274
2017-06-08,35.92811584472656,36.0556080986696,35.79134570314363,35.98838497453833,85003200,35.69259185791016,34.33134284973144,-0.0024459210799886444,0.16726406424969475,62.386476709629974,0.4355193924119476,0.49655444806464843,96.91999816894533,-0.0028806459679826535,2433.7900390625,0.0015349334497141154
2017-06-09,34.53493881225586,35.9744757167898,33.84878545799699,35.9744757167898,259530800,35.63498764038086,34.35662132263184,-0.03877679081451724,0.21556743188622035,36.73588396232371,0.3094363518086922,0.45913082881345724,97.2699966430664,0.0056864703827728125,2431.77001953125,-0.0029929639672202635
2017-06-12,33.7097053527832,33.86501714721612,33.03513949347641,33.78388602082044,289229200,35.51120262145996,34.36627243041992,-0.023895610875667606,0.22124210944816394,26.207613044825024,0.14129641323784625,0.3955639456983351,97.13999938964844,0.003512358751774469,2429.389892578125,-0.0027544866011790514
2017-06-13,33.980918884277344,34.18027499117992,33.64711298089362,34.11305186150366,136661600,35.40561428070068,34.38259437561035,0.00804556220992736,0.22497528022935623,31.01621887684533,0.029587895066626402,0.32236873557199336,96.9800033569336,0.003518252994955784,2440.35009765625,0.004536238047879948
2017-06-14,33.6494255065918,34.19185820479447,33.34343565398856,34.19185820479447,126124800,35.286116409301755,34.39210166931152,-0.009755279979757225,0.2261901425448298,29.508842775768386,-0.08471412388649924,0.24095216368029482,96.94000244140624,0.0019638495235787534,2437.919921875,0.00196455177585797
2017-06-15,33.447757720947266,33.491802047804654,32.965597556215656,33.222905985162065,128661600,35.21703758239746,34.392635345458984,-0.005993201447229035,0.19650999595325366,26.403950151308436,-0.18938904330134676,0.15488392228396652,97.43000030517578,0.005262093952389968,2432.4599609375,-0.0005465048766131186
2017-06-16,32.97948455810547,33.496417906333754,32.96325622185263,33.32951505663312,201444400,35.09800262451172,34.387266387939455,-0.014000136175003841,0.18988615142799004,24.29723743800028,-0.3065961522057563,0.06258790738602196,97.16000366210938,-0.0011308007068269177,2433.14990234375,0.000567439684434401
2017-06-19,33.92295455932617,34.01568035362184,33.30170765461845,33.30170765461845,130165600,35.02011432647705,34.40242904663086,0.028607784926366397,0.220489336156863,35.941636525460666,-0.31966854623911445,-0.013863383339005317,97.52999877929688,0.00401481770742107,2453.4599609375,0.009907865523319126
2017-06-20,33.61466217041016,34.045827569501164,33.598437360237384,34.045827569501164,99600400,34.91603260040283,34.412903213500975,-0.009088017035097873,0.2195541356808265,35.37185451712688,-0.35086062904214543,-0.08126283247963334,97.75,0.007939746508694556,2437.030029296875,-0.0013604885473456063
2017-06-21,33.813995361328125,33.86036001524705,33.5219171421219,33.73286429122297,85063200,34.82411937713623,34.42814895629883,0.005929947768251731,0.2217404569267987,36.4276491433048,-0.3553992356203892,-0.13609011310778452,97.55999755859376,0.006395658155282868,2435.610107421875,-0.0009474529628309414
2017-06-22,33.75838088989258,34.00641493839107,33.64015591325134,33.79083404213897,76425200,34.73475685119629,34.44939300537109,-0.0016447175449474383,0.2217564523383385,30.28117073402842,-0.35934147227774105,-0.18074038494177583,97.54000091552734,0.001129021964559218,2434.5,0.0008386732341993941
2017-06-23,33.909053802490234,34.11304705629635,33.637837428477,33.642474603462084,141757600,34.64678554534912,34.47286560058594,0.004463274263333261,0.22214269191982033,34.08239084804838,-0.34631556811513775,-0.2138554215764482,97.3000030517578,0.0014409158539689937,2438.300048828125,0.0021166581144114183
2017-06-26,33.80242919921875,34.37267801840908,33.70043255523252,34.115369589126985,102769600,34.55649604797363,34.49766845703125,-0.00314442873848797,0.2221381884531062,31.998409982781638,-0.3406691378428448,-0.23921816482972752,97.43000030517578,-0.0010253099084660544,2439.070068359375,-0.005865142617867081
2017-06-27,33.31792449951172,33.88122251178401,33.29242535431212,33.614639896128885,99047600,34.44128589630127,34.509179763793945,-0.01433342843058838,0.22571222130956076,26.849348066717795,-0.37101297463926386,-0.2655771267916348,96.47000122070312,-0.013094616667998715,2419.3798828125,-0.007242482149252494
2017-06-28,33.80473327636719,33.869639564051425,33.18580318779632,33.49410982286014,88329600,34.36096343994141,34.53333587646485,0.01461101746786797,0.23409016160565344,32.9484967602168,-0.35172481927888555,-0.282806665289085,96.0500030517578,-0.015477598858375075,2440.68994140625,0.0020856515453338
2017-06-29,33.30633544921875,33.642461531030456,32.98180406892848,33.545102116943376,125997600,34.250853538513184,34.549925308227536,-0.014743433207232703,0.23738233803087225,38.47809926254623,-0.3723629878228607,-0.3007179297958401,95.62999725341795,-0.019581747428560226,2419.699951171875,-0.006079297115680893
2017-06-30,33.385162353515625,33.60306356993053,33.329526871517864,33.48483861282625,92096400,34.11837501525879,34.55996505737305,0.0023667240251350474,0.2288859525311453,46.46096735306131,-0.3780008541419235,-0.3161745146650568,95.66000366210938,-0.016855080557151125,2423.409912109375,-0.006106769643016818
2017-07-03,33.264625549316406,33.681882883841496,33.171903269256724,33.58452342864035,57111200,33.9974868774414,34.56837890625,-0.003610490280767653,0.2277622974192346,41.92365989322843,-0.38772575539192644,-0.3304847628104307,96.1999969482422,-0.012624482737153775,2429.010009765625,-0.004124546778812688
2017-07-05,33.40138626098633,33.56365199104382,33.08380879379327,33.30866399727566,86278400,33.87740993499756,34.573202514648436,0.0041112956905877684,0.2280665342901723,47.07486004567072,-0.3800167664900016,-0.3403911635463449,96.29000091552734,-0.0018658681755789885,2432.5400390625,0.005439474942935174
2017-07-06,33.08613586425781,33.26462999119196,33.01195873773074,33.15336253283698,96515200,33.730906295776364,34.567611846923825,-0.009438242900018046,0.22625864210044153,45.846641588000075,-0.3947944647646793,-0.35127182379001176,95.81999969482422,-0.0023946210268170898,2409.75,-0.012676719349457133
2017-07-07,33.42225646972656,33.55438944203502,33.12554090823532,33.12554090823532,76806800,33.60561332702637,34.572668380737305,0.01015895621198415,0.23186252404949564,55.24460357538549,-0.37506031152636865,-0.35602952133728316,96.01000213623048,0.0039736996102333055,2425.179931640625,0.0022647355371876454
2017-07-10,33.62624740600586,33.832557485774224,33.234489228921056,33.406029337936204,84362400,33.56017875671387,34.58129669189453,0.006103445961647358,0.19274338558079848,45.73909080151985,-0.33905210753074755,-0.3526340385759761,96.0500030517578,0.004076932623021667,2427.429931640625,0.0016588277167484122
2017-07-11,33.735198974609375,33.809379630463184,33.468619759032514,33.54975087210322,79127200,33.56145343780518,34.592750244140625,0.003240075149868016,0.17359837029111735,51.83611091741616,-0.29828541679052734,-0.34176431421888637,95.73999786376952,-0.004781695416478771,2425.530029296875,-0.001432674404287737
2017-07-12,33.783878326416016,33.88587141604451,33.570614260074045,33.81401112095547,99538000,33.55160140991211,34.59164916992187,0.0014429839836807012,0.17115222668372762,49.51916459492281,-0.2590631846785456,-0.3252240883108182,95.79000091552734,-0.0051926471621766,2443.25,0.004402789169146715
2017-07-13,34.254451751708984,34.42135468439262,33.71433580804226,33.72824379624453,100797600,33.581852722167966,34.595665817260745,0.013928934409079385,0.17429942497292558,56.99341540592807,-0.18784260781895767,-0.2977477922124461,95.7300033569336,-0.000939222898948544,2447.830078125,0.015802501556178017
2017-07-14,34.54884719848633,34.61607385814892,34.152455383178136,34.300813153683656,80528400,33.63690719604492,34.607648010253904,0.008594370416763697,0.17428552462750987,58.66829573857117,-0.10641781700007158,-0.2594817971699712,95.11000061035156,-0.009374039223558062,2459.27001953125,0.014056725212781673
2017-07-17,34.66938781738281,34.98001133617501,34.43989894381205,34.49785125121931,95174000,33.72140235900879,34.6244881439209,0.0034889910567483806,0.1641830118596254,61.70193703852452,-0.031794950697246804,-0.21394442787542634,95.12999725341795,-0.009578404675782082,2459.139892578125,0.013063182802590001
2017-07-18,34.789939880371094,34.80153105270095,34.46308792116664,34.58594656617895,71475200,33.76475162506104,34.632519760131835,0.0034771904143007237,0.13245511395605783,72.03361571017128,0.036649282350445844,-0.16382568583025192,94.66000366210938,-0.011280491181928864,2460.610107421875,0.014462850470323474
2017-07-19,35.00782775878906,35.10055002760471,34.759790207159064,34.882648805047324,83692000,33.83440990447998,34.62620971679687,0.00626295645141095,0.1276137494272163,69.58502967090016,0.1072373950410892,-0.10961306965598372,94.8000030517578,-0.010335085648893294,2473.830078125,0.012516147805177624
2017-07-20,34.850196838378906,35.17473186448836,34.81542687067658,35.11909637903669,68974800,33.88621997833252,34.61222244262695,-0.00450273354565911,0.12878896382865188,78.26862577461877,0.14874484700199986,-0.057941486324387004,94.2699966430664,-0.015251297008979425,2473.449951171875,0.010466360911170591
2017-07-21,34.833980560302734,34.87338771238873,34.511765811243066,34.769074246616526,105010400,33.939999961853026,34.60128120422363,-0.000465313815912638,0.1284695989848752,77.15088008258235,0.17827622624731987,-0.010697943810045636,93.94000244140624,-0.012301526247892713,2472.5400390625,0.005395918067500061
2017-07-24,35.25586700439453,35.33700165449248,34.74820419505378,34.905836319982505,85972800,34.007340621948245,34.59265808105469,0.012111347520604276,0.13349986568556324,83.5289432440071,0.23303646790557053,0.0380489385330776,93.9800033569336,-0.012088656887279003,2469.909912109375,0.004379587986740763
2017-07-25,35.406532287597656,35.661520240715255,35.188631111775315,35.188631111775315,75415600,34.087545776367186,34.57708061218262,0.004273481153770575,0.1323125415132727,83.60571052278263,0.2853029878887199,0.08749974840420606,94.0500030517578,-0.006444121981327933,2477.1298828125,0.00671369077969608
2017-07-26,35.57344055175781,35.68238761903824,35.48071475166183,35.54794139887237,63124000,34.20032157897949,34.56669570922852,0.004714052842125449,0.11681839145164202,93.86782170623997,0.33631584384396973,0.1372629674921588,93.66999816894533,-0.011919882346369981,2477.830078125,0.0016169259301075378
2017-07-27,34.90118789672852,35.69629518520413,34.14549127963004,35.640659711313354,129905200,34.25514430999756,34.54393180847168,-0.0188976001365736,0.13321348282408574,73.31867344005079,0.3188235295177506,0.17357507989727716,93.86000061035156,-0.004349167787363051,2475.419921875,0.0007964465592649184
2017-07-28,34.65547180175781,34.82469150979215,34.58361152315942,34.745877238886,68854800,34.32260112762451,34.54045455932617,-0.007040336154109594,0.12307579586795611,66.01728029483598,0.2818841243412251,0.19523688878606676,93.26000213623048,-0.0072386660368664035,2472.10009765625,-0.00017793095331097852
2017-07-31,34.47698211669922,34.847878260060725,34.33789871578448,34.74819846246712,79383600,34.37719211578369,34.52279052734375,-0.005150404128953179,0.1256571062688958,61.29942123980197,0.23549214684108222,0.20328794039706988,92.86000061035156,-0.011917458039752193,2470.300048828125,0.00015795584965960785
2017-08-01,34.782958984375,34.822366110116974,34.40279217101702,34.5627410289339,141474400,34.45310878753662,34.508835296630856,0.008874815859465146,0.1265499030164669,64.11253689747593,0.22086989582974326,0.20680433148360455,93.02999877929688,-0.010845340131457437,2476.35009765625,-0.0003147938110393822
2017-08-02,36.4265022277832,37.03152445902136,36.19933017298446,36.9225738380496,279747200,34.60436458587647,34.52343940734863,0.04725139238862641,0.20390637524150484,73.04483744483551,0.3380055431345639,0.23304457381379645,92.83000183105467,-0.008967613476148606,2477.570068359375,-0.00010493446177783916
2017-08-03,36.06255340576172,36.44272029391617,35.935057657908395,36.40562997869936,108389200,34.75318546295166,34.53164527893066,-0.009991319499896845,0.2044137969516455,65.82641275847959,0.39689361669491774,0.26581438239002075,92.80999755859376,-0.011186906508947936,2472.159912109375,-0.0013169522216479601
2017-08-04,36.25263977050781,36.48676578348444,36.09037404185433,36.17846266760662,82239600,34.89470462799072,34.545785446166995,0.005271017906228526,0.20331878873620526,66.3162612237196,0.45367157673824465,0.30338582125966557,93.54000091552734,0.003002345838335474,2476.830078125,0.0019133450434447585
2017-08-07,36.813621520996094,36.83912067658337,36.31754993358477,36.40795538755274,87481200,35.054073333740234,34.568688278198245,0.015474231781174907,0.2071972161814458,69.11950846094184,0.5377363679594325,0.35025593059961896,93.43000030517578,0.006138269341780189,2480.909912109375,0.004294969465868492
2017-08-08,37.10801315307617,37.513679209267366,36.68843911232736,36.76493656452155,144823600,35.222714042663576,34.5986841583252,0.0079968125904748,0.2074654860837121,69.55955465900604,0.6209552791053881,0.4043958003007728,93.63999938964844,0.0065570312625578,2474.919921875,-0.0005775337593031393
2017-08-09,37.33518981933594,37.38387130849785,36.88316257909423,36.91793254483292,104526000,35.40027961730957,34.632945404052734,0.006122037990086593,0.20710915355583778,72.84740060690152,0.6972012224215973,0.46295688472493773,93.5199966430664,0.0074328859032823935,2474.02001953125,-0.0014328752488020902
2017-08-10,36.14600372314453,37.23512955823391,35.98542665876166,37.21185618185255,163217200,35.494857215881346,34.647641830444336,-0.031851615110190856,0.24200773738981396,59.92271602900948,0.6541289113928528,0.5011912900585207,93.4000015258789,0.006357116504745575,2438.2099609375,-0.013732910644484675
2017-08-11,36.64866256713867,36.90232949808078,36.32053080044579,36.44387184026301,105028400,35.59984798431397,34.67044441223145,0.013906346268433678,0.2444169679767902,60.40644988807265,0.653026479636047,0.531558327974026,93.06999969482422,-0.005024601412261798,2441.320068359375,-0.01433687764019187
2017-08-14,37.20022201538086,37.28400119660953,36.94422908634365,37.07688093621345,88490800,35.726389694213864,34.69375419616699,0.015049920231925418,0.24809946474766986,62.64430407318667,0.6887198981520442,0.5629906420096297,93.45999908447266,0.0003210829412274574,2465.840087890625,-0.00607431335785058
2017-08-15,37.60748291015625,37.74711251774953,37.26771078474369,37.38872595213952,117862000,35.86726684570313,34.73225608825683,0.010947808177246943,0.24944625371418222,63.868667815947255,0.7413242159668698,0.5986573568010778,93.8499984741211,0.0022426215916429015,2464.610107421875,-0.004165716378134121
2017-08-16,37.45621109008789,37.819253022132784,37.270034738751946,37.68660472435571,110686400,35.989686012268066,34.765321807861326,-0.004022386194517336,0.2508860835464623,68.7531568661488,0.7620230181699839,0.631330489074859,93.48999786376952,-0.00032077395609175774,2468.110107421875,-0.002388789121639645
2017-08-17,36.73710632324219,37.400358425370186,36.73245093820814,37.35614114509254,111762400,36.08403148651123,34.77973976135254,-0.019198545339146778,0.2622709971419961,64.28587884303042,0.7121915226186957,0.6475026957836264,93.62000274658205,0.002355473416584264,2430.010009765625,-0.0033631029744141117
2017-08-18,36.6533203125,37.11875930059524,36.47179939122427,36.73709947239785,109712400,36.1749984741211,34.79424385070801,-0.002280691625654252,0.2626467961275047,65.1325156758936,0.658349825559263,0.6496721217387538,93.43000030517578,0.0038680628723757327,2425.550048828125,-0.006459628024869324
2017-08-21,36.58584213256836,36.74408972257525,36.09712965562986,36.65332923983164,105474000,36.24149723052979,34.83526191711426,-0.0018409841006581384,0.2606623070236199,62.9658405115062,0.603280722904934,0.6403938419719899,93.0999984741211,-0.003851921826215521,2428.3701171875,-0.015195620708388424
2017-08-22,37.1839485168457,37.23514712822865,36.77436317680251,36.82323231883692,86418400,36.33036804199219,34.904746780395506,0.016348028346870214,0.2655490712777133,56.41143208454204,0.6009726107630797,0.6325095957302079,93.5500030517578,-0.003196541579550627,2452.510009765625,-0.0049095382753694405
2017-08-23,37.230464935302734,37.344498769648,36.97447561371597,37.018692887258375,77596400,36.41321926116943,34.969737701416015,0.0012509811440803986,0.26546517506488027,60.447248324712625,0.596026281517311,0.6252129328876286,93.1500015258789,-0.003636713505823841,2444.0400390625,-0.009752428907848887
2017-08-24,37.065242767333984,37.40734078109702,36.89768441157175,37.33519473960121,79275600,36.52142200469971,35.03805404663086,-0.004437821774610273,0.25481957591289356,57.30140743498043,0.5721785140763345,0.6146060491253699,93.27999877929688,-0.003631744897567679,2438.969970703125,0.003687211534722845
2017-08-25,37.20253753662109,37.36544046820543,37.06523389078698,37.153664881637,101920400,36.648775291442874,35.113149642944336,0.0037041378670827907,0.25196788766933814,53.7824834568289,0.5579261022172659,0.6032700597437491,92.73999786376952,-0.0073852342839823,2443.050048828125,0.00721485834046387
2017-08-28,37.57722473144531,37.70056580462589,37.21883464818906,37.267707314457965,103864000,36.80378742218018,35.205104446411134,0.010071549405881175,0.25068971328381034,54.493236455559334,0.5702911272456532,0.59667427324413,92.20999908447266,-0.00955960691981994,2444.239990234375,0.006535195328978505
2017-08-29,37.912330627441406,37.96119972875437,37.235116101108325,37.25838946907847,118067600,36.960256004333495,35.28489196777344,0.008917792582901152,0.2506998607210611,55.41485210031581,0.6002118749998289,0.5973817935952699,92.3499984741211,-0.012827413559492684,2446.300048828125,-0.002532083829534848
2017-08-30,38.01473236083984,38.1403993304265,37.84251864968543,38.11945542733169,109078400,37.03966751098633,35.37289337158203,0.0027010139367245056,0.19302548944184836,72.0241445725065,0.6249828341666515,0.6029020017095462,92.87999725341795,-0.002898596543618348,2457.590087890625,0.005544119004418091
2017-08-31,38.16599655151367,38.28701168120585,38.0449814218215,38.08221739265257,107140400,37.144839668273924,35.45993339538574,0.00397909392700746,0.1876100918317297,69.49769513871324,0.6493346283919479,0.6121885270460266,92.66999816894533,-0.006539457743720889,2471.64990234375,0.01339907093288395
2017-09-01,38.177642822265625,38.38476307936987,38.07990103755538,38.35218248446645,66364400,37.241089820861816,35.5483186340332,0.00030514782278068253,0.18760770696407783,64.58337839206905,0.6619428918661328,0.6221394000100479,92.80999755859376,0.0007547950877362375,2476.550048828125,0.013712367462987096
2017-09-05,37.71918869018555,38.22418973576255,37.365453946138565,38.10782994965673,117874000,37.286368179321286,35.62452133178711,-0.012008445210051066,0.18806796976359397,51.6416022818625,0.6277058126345025,0.6232526825349388,92.30999755859376,0.0010844645387046992,2457.85009765625,0.0055682369473750715
2017-09-06,37.67961883544922,37.93095634650661,37.35613884039739,37.86579516412337,86606800,37.31494846343994,35.70206512451172,-0.001049064312102388,0.18651967741781503,53.3945962363541,0.5905719779568557,0.6167165416193222,92.29000091552734,-0.000649675794099358,2465.5400390625,0.007864934738317064
2017-09-07,37.528350830078125,37.75641853046921,37.31890466957511,37.721508469706514,87714000,37.32460651397705,35.78627365112305,-0.004014584277821309,0.1861759513594731,64.52997200763275,0.542681389356936,0.601909511166845,91.52999877929688,-0.01453486772224688,2465.10009765625,0.0030558431215317317
2017-09-08,36.91630172729492,37.50275241073847,36.8930283529123,37.43526530665827,114446000,37.36312141418457,35.8485050201416,-0.016308979458075745,0.15633205468348924,54.04454342461751,0.4501514397833333,0.5715578968901427,91.33000183105467,-0.01445987228194101,2461.429931640625,-0.0041348779588217255
2017-09-11,37.58421325683594,37.71220973974105,37.20953458016046,37.3514936701063,126323200,37.409898948669436,35.93406257629395,0.0180925904895608,0.161500767349949,62.960816998416284,0.42580722592371245,0.5424077626968566,91.86000061035156,-0.010235933339427628,2488.110107421875,0.00466780737955208
2017-09-12,37.43526458740234,38.15669656718192,36.94888161090867,37.842523774144745,286856000,37.42165107727051,36.01506462097168,-0.003963064715915232,0.15397347247036516,53.69328278972029,0.38999967475781006,0.5119261451090473,91.91000366210938,-0.004333158997545161,2496.47998046875,0.015716940121505596
2017-09-13,37.15367889404297,37.22582494547061,36.748749104389134,37.204877484852815,179629600,37.39896087646484,36.09284568786621,-0.007521936774399829,0.1510582644314666,48.944495424870865,0.33503820842244636,0.4765485577717271,92.5199966430664,0.0024920980090743505,2498.3701171875,0.013315572898781047
2017-09-14,36.834842681884766,37.09548738913932,36.79062540811455,37.00007509160223,95042800,37.36789245605469,36.16151481628418,-0.008581551589210812,0.15329310393701187,46.96124146452887,0.26272490353257183,0.43378382692389605,92.12000274658205,0.006446017427661266,2495.6201171875,0.012380843909854944
2017-09-15,37.20720291137695,37.46086636945778,36.769689019627606,36.87906749256494,196458400,37.39139728546142,36.243936157226564,0.010108913256613672,0.1414619379815311,50.057939294021864,0.23277911426458076,0.39358288439203304,91.87000274658205,0.005912634454188215,2500.22998046875,0.01576321484083998
2017-09-18,36.92560577392578,37.35148292120562,36.769684121809895,37.26072245054061,113077600,37.40501155853271,36.31400314331054,-0.0075683500886079,0.14414625731947822,41.71600330549013,0.18420097080478826,0.35170650167458406,92.0500030517578,0.0020683914668384595,2503.8701171875,0.0063341287504175
2017-09-19,36.939571380615234,37.18160168941418,36.872084276845705,37.12109233670527,83242400,37.42269802093506,36.380269622802736,0.0003782092777286916,0.1439018179402569,36.533812407124,0.1451560809262702,0.3103964175249213,91.79000091552734,-0.0013056548993644057,2506.64990234375,0.004073704557843172
2017-09-20,36.320533752441406,36.83018647013765,35.799240798625455,36.74640730882827,211805600,37.37952728271485,36.431976318359375,-0.016758116162080894,0.14358894004104705,29.481640271284277,0.06352923582893055,0.26102298118572315,92.51000213623048,-0.0001080253696341682,2508.239990234375,0.003950524775722997
2017-09-21,35.69684982299805,36.25770476231295,35.54790946058853,36.25770476231295,150046800,37.30284652709961,36.47023574829102,-0.017171662005144306,0.1540392540554789,23.16678025573293,-0.05089996465396496,0.19863839201778552,92.26000213623048,0.0015197501679800052,2500.60009765625,0.001995488189269201
2017-09-22,35.347774505615234,35.436209076440605,35.038257058745195,35.26632123764253,186581600,37.21697311401367,36.49210220336914,-0.009778882985857162,0.1562848303596055,21.347997809289197,-0.16781887964228304,0.12534693768577182,92.16999816894533,0.003265433910901283,2502.219970703125,0.0007959228750635816
2017-09-25,35.035926818847656,35.333807540538785,34.712446806182214,34.90560444698507,177549200,37.108642578125,36.50184379577637,-0.008822272155154742,0.15620252532183904,22.001154343715783,-0.2823862908465884,0.04380029197929978,92.6500015258789,0.006518179839535065,2496.659912109375,-0.002879624237947298
2017-09-26,35.638675689697266,35.820196674707795,35.30123301505046,35.32217692462423,146640000,37.0117151260376,36.52122955322265,0.01720373700875988,0.16584225185918594,30.943274450956324,-0.3208464747041617,-0.029129061357392523,92.97000122070312,0.012855434071318061,2496.840087890625,-0.003913515981610605
2017-09-27,35.89231872558594,36.00635253110456,35.731741741637,35.792251069511615,102016800,36.91071453094482,36.54327713012695,0.007117072421464865,0.16430057286741584,35.01058300176989,-0.3270890948099492,-0.08872106804790386,93.36000061035156,0.009188179164339116,2507.0400390625,-0.00047840365218121406
2017-09-28,35.67124938964844,35.90396892040085,35.53627163568985,35.81320844544814,88022000,36.79354038238525,36.55654556274414,-0.006159238070621242,0.1634576771671277,37.712436460123946,-0.34588768613787124,-0.14015439166589733,93.08999633789062,0.008996251706504088,2510.06005859375,0.0037830762889141667
2017-09-29,35.86674880981445,35.869078278804146,35.37338432269271,35.65497664192075,105199200,36.678577995300294,36.57687660217285,0.005480587966810946,0.16440745425780667,31.307114807977996,-0.34107879185291523,-0.1803392717033009,93.08000183105467,0.009873100577059146,2519.360107421875,0.006849971992643589
2017-10-02,35.79458999633789,35.94353035206246,35.54092656332573,35.89931307362548,74795200,36.559425354003906,36.59608879089355,-0.002011858221641183,0.1639853052564228,31.839328859173804,-0.3391804604613782,-0.21210750945491635,93.55999755859376,0.00982186743365232,2529.1201171875,0.01300145242877715
2017-10-03,35.95050811767578,36.09246715768579,35.81785984643047,35.84112966630654,64921200,36.47099132537842,36.60998161315918,0.004355913040318127,0.16256489833099722,36.300958138969236,-0.32138994658108544,-0.23396399688015018,93.56999969482422,0.0064536782429069905,2534.580078125,0.015115101050086954
2017-10-04,35.7177848815918,35.80621942052902,35.48041356815631,35.75269493428581,80655200,36.37289962768555,36.616206665039066,-0.006473433847505539,0.1631290706794946,37.02703133749655,-0.32235376284020134,-0.2516419500721604,93.45999908447266,0.001071106185382753,2537.739990234375,0.012245496957980384
2017-10-05,36.16228103637695,36.17391772096055,35.85043777523499,35.88068889393125,85135200,36.30459613800049,36.627983474731444,0.01244467304617869,0.17150969643477693,38.06475844556027,-0.28397695966616254,-0.25810895199096084,93.95999908447266,0.009345824264770153,2552.070068359375,0.016736655213405838
2017-10-06,36.14134216308594,36.18555944004501,35.96912843993429,36.0645442953704,69630400,36.26584815979004,36.652786560058594,-0.0005790252354367365,0.1627203972384765,40.47485350205153,-0.25234379653403494,-0.2569559208995757,93.8000030517578,0.007735294440689433,2549.330078125,0.011895866182383141
2017-10-09,36.26701354980469,36.47413380572226,36.185563838522064,36.26003224743813,65051600,36.199988174438474,36.68501739501953,0.0034772196934929056,0.14752400590828818,42.04734595783953,-0.21465919859785743,-0.24849657643923206,93.73999786376952,0.001923902414202372,2544.72998046875,0.006172052950418561
2017-10-10,36.28096771240234,36.7696800704547,36.09479495792304,36.31820368370527,62468000,36.142273330688475,36.72109710693359,0.0003847618326358049,0.1474627428819875,49.45402480365518,-0.18157481745947734,-0.23511222464328113,93.29000091552734,-0.0029923990617728435,2550.639892578125,0.00633628212883508
2017-10-11,36.4322395324707,36.53230721599602,36.24606321665989,36.29726179228331,67622400,36.106201362609866,36.75408271789551,0.004169453837821857,0.1469943060595789,61.66908791554684,-0.14151750963951315,-0.21639328164252755,92.95999908447266,-0.005349882354996449,2555.239990234375,0.006895899527667337
2017-10-12,36.30424118041992,36.62306575189668,36.24140592255348,36.3856944239882,64500400,36.07967128753662,36.75163749694824,-0.0035133264848212775,0.14458053819675779,66.32229521942125,-0.11873153860923225,-0.1968609330358685,93.12000274658205,-0.008939935569129087,2550.929931640625,-0.0004467497710527457
2017-10-13,36.534629821777344,36.60211690368667,36.39965210694148,36.474120488668426,65576800,36.04604263305664,36.76107902526856,0.0063460530744181565,0.14143714660645096,76.3070634997161,-0.08114763506002731,-0.1737182734407003,93.08999633789062,-0.007569367705408281,2553.169921875,0.0015062167833614915
2017-10-16,37.20720291137695,37.23512812114188,36.68823575645519,36.74641564414448,96486000,36.0601224899292,36.78017028808594,0.018409194040846844,0.15457783655624052,76.87394773442647,0.0028757567492689873,-0.13839946740270642,93.27999877929688,-0.004907180445439585,2557.639892578125,0.00507319527354988
2017-10-17,37.34450912475586,37.43759553095936,37.05593558389495,37.18393205568885,75989200,36.08036937713623,36.79078804016113,0.003690312698483522,0.15501104191325735,75.9137612505599,0.07962647952751922,-0.09479427801666129,93.48999786376952,0.002143819769315547,2559.360107421875,0.0034188341792678045
2017-10-18,37.17927169799805,37.40035809744781,37.142039271107095,37.33286744361,65496800,36.12330627441406,36.79221321105957,-0.0044246779682070025,0.14237012213559416,77.45717012347839,0.12567005473176351,-0.050701411466976334,93.36000061035156,0.00430294244641094,2561.260009765625,0.0023559507342783004
2017-10-19,36.29958724975586,36.55558012463436,36.07617851442355,36.47878226217081,170336800,36.15344314575195,36.77150115966797,-0.02366061539310771,0.15480089214188042,56.30900829368865,0.09013768553364088,-0.022533592066852893,93.2699966430664,0.0016107591501317575,2562.10009765625,0.00437886038227675
2017-10-20,36.36243438720703,36.71151375732422,36.294947271432726,36.44621357807591,95896400,36.204176139831546,36.775829772949216,0.0017313457869025939,0.14959067447443594,58.29936986854327,0.06628517150804925,-0.004769839351872467,93.6999969482422,0.006552805181530452,2575.2099609375,0.008632421553170344
2017-10-23,36.34379577636719,36.697530331693,36.18787417229349,36.511354063046944,87937200,36.26956958770752,36.76973243713379,-0.0005125787410537042,0.14484927723234475,55.98842950244537,0.04535507707333153,0.005255143933168333,93.94000244140624,0.007075511050026462,2564.97998046875,0.002869867611904553
2017-10-24,36.560245513916016,36.63471392906621,36.35079577232983,36.37173968118282,71028800,36.31564807891846,36.75693290710449,0.005955617263554425,0.1341694818499418,62.891690327642245,0.04570663369305805,0.013345441885146279,93.95999908447266,0.0050272888163716,2569.1298828125,0.003817272669951244
2017-10-25,36.399658203125,36.66495829367814,36.13435811257186,36.51601795426265,84828400,36.34101505279541,36.732776412963865,-0.004392402417809027,0.13378357003014144,53.97810307638607,0.03265081270589576,0.017206516049296176,93.70999908447266,0.0037489125089218422,2557.14990234375,-0.0016047208819892633
2017-10-26,36.63238525390625,36.73012703888052,36.48577080093559,36.59049388833527,68002000,36.3890718460083,36.71629989624024,0.006393660332812301,0.13261800174444216,57.68374882705894,0.0406149249554133,0.021888197830519603,94.61000061035156,0.014366934872027448,2560.39990234375,-0.0006635944138385641
2017-10-27,37.944915771484375,38.07291220866558,36.9325845104359,37.069888165313095,177816800,36.4929801940918,36.740456085205075,0.03582978581604013,0.180298365978784,69.14454292693203,0.15109505504369025,0.047729569273153735,94.91999816894533,0.013020290933168699,2581.070068359375,0.0022755843254589347
2017-10-30,38.79899215698242,39.11316487674412,38.100833713971966,38.14039559962046,178803200,36.64320030212402,36.78336952209472,0.022508322080395438,0.19209542128876467,74.10830833331511,0.3040631301093484,0.09899628144039267,94.48999786376952,0.005854752055242107,2572.830078125,0.0030604908092948246
2017-10-31,39.338905334472656,39.48086438095683,38.8501964825732,39.07360522886496,144187200,36.81262016296387,36.83843078613281,0.013915649543310815,0.1952313091477794,75.90168871810666,0.46351480273710877,0.1718999856997359,94.5500030517578,0.006279310057833332,2575.260009765625,0.0023860712508680937
2017-11-01,38.838565826416016,39.54836116903505,38.54068508443468,39.53206909593334,134551200,36.968659210205075,36.87152313232422,-0.012718694224015281,0.20109372660770125,71.17832100509663,0.543245983751639,0.24616918531011653,94.81999969482422,0.01184506051857892,2579.360107421875,0.008685531128921342
2017-11-02,39.12248611450195,39.213246602579936,38.463889321107885,38.771080850614126,165573600,37.116669464111325,36.9093635559082,0.007310267051437558,0.19914280661520037,71.43389747611245,0.6221715077128849,0.3213696497906702,94.69000244140624,0.0008455959257853696,2579.85009765625,0.007596545873437721
2017-11-03,40.14411163330078,40.55369665333799,39.82295760390875,40.4931908648947,237594400,37.31680793762207,36.97094093322754,0.026113512209034573,0.213029834743534,72.99532084722952,0.7584146632252953,0.4087786524775952,94.94000244140624,0.0002107487657689866,2587.840087890625,0.002622950695621018
2017-11-06,40.55137634277344,40.72359006586679,39.96259624150501,40.11386250903352,140105200,37.53102607727051,37.03791770935059,0.010145067181778655,0.21356626625862501,74.09062069969492,0.8890033269809905,0.5048235873782743,94.72000122070312,0.0024341555945974758,2591.1298828125,0.007112714066541237
2017-11-07,40.68169784545898,40.78409500021298,40.40010922090348,40.47225170238434,97446000,37.75106258392334,37.10000717163086,0.0032137380882946154,0.21287019392024692,76.44967032257914,0.9915813078929148,0.6021751314812024,94.91000366210938,0.0038075155868002586,2590.639892578125,0.005972166986703442
2017-11-08,41.01449966430664,41.01449966430664,40.57000441852405,40.64680230530996,97638000,37.98017559051514,37.162050552368164,0.0081806275665266,0.2129324845217386,88.81197582828081,1.0871968932118392,0.6991794838273298,94.87000274658205,0.0005273470989111129,2594.3798828125,0.005823062606654661
2017-11-09,40.93071365356445,40.98191223622332,40.293060838370266,40.75151861425842,117930400,38.21149921417236,37.22037017822266,-0.0020428387869645404,0.2121211677516141,87.47573951831404,1.1430358963146219,0.7879507663247882,94.44000244140624,-0.002640194250229322,2584.6201171875,0.0018489522067903774
2017-11-10,40.79524993896485,40.96107636396165,40.70182890986884,40.89801520924075,100582000,38.42453022003174,37.27295524597168,-0.003309585944339055,0.21472534306954036,85.83058828731247,1.1629521306713642,0.8629510391941034,94.38999938964844,-0.005793164499834913,2582.300048828125,-0.002140796523101951
2017-11-13,40.63175964355469,40.755544105592186,40.49863094073115,40.52198797891258,67928400,38.595758056640626,37.32203758239746,-0.004007581658520665,0.21173524706044933,83.05418688700252,1.1522610413663301,0.9208130396285489,94.48999786376952,-0.0024282448687652503,2584.840087890625,-0.0024274332844511637
2017-11-14,40.01750564575195,40.51731561124466,39.980135810403205,40.41455034592742,99130000,38.72940788269043,37.36800392150879,-0.015117582974287225,0.22291441041431162,77.3560643602197,1.0817533329252385,0.9530010982878869,93.83000183105467,-0.011379220202115237,2578.8701171875,-0.004543192368937077
2017-11-15,39.48966979980469,39.77928067598578,39.32618122606682,39.69753460722504,116632400,38.84492778778076,37.4042049407959,-0.013190123607899062,0.22916032288250146,70.68211036938533,0.9720780142941052,0.9568164814891307,93.80999755859376,-0.01117323871930076,2564.6201171875,-0.01147085892168509
2017-11-16,39.96145248413086,40.14128812577622,39.7746068803929,39.98013383709953,94550000,39.028021049499515,37.45286697387695,0.011946989851216783,0.20783950134164536,66.61923610172315,0.9127073319020695,0.9479946515717185,93.93000030517578,-0.005400276609976551,2585.639892578125,0.00039455523225395694
2017-11-17,39.73957443237305,40.02918531900126,39.620462088020936,39.94743924729169,87598000,39.196878051757814,37.509332427978514,-0.005552301980162544,0.21089681313827643,58.6535248914133,0.838090943199397,0.9260139098972543,93.66000366210938,-0.007733824899453512,2578.85009765625,-0.0013359993442437768
2017-11-20,39.69988632202149,39.83534936083897,39.60179313469541,39.77228818192036,65049600,39.364682579040526,37.55164588928223,-0.0009987049664835768,0.21105807967440998,53.65776162568223,0.7669139125558786,0.8941939104289792,94.08000183105467,-0.004339041612700156,2582.139892578125,-0.001044627605842896
2017-11-21,40.43790817260742,40.568699035095165,39.886715563706446,39.886715563706446,100525200,39.5585657119751,37.61169876098633,0.018590024278647643,0.2168907489915514,65.4611444974496,0.7612822109582069,0.8676115705348247,93.9499969482422,0.0012788566007233548,2599.030029296875,0.0078173429421724
2017-11-22,40.86298751831055,40.87232819669046,40.4168943952556,40.48929623499856,102355600,39.781732177734376,37.68588493347168,0.010511902442843724,0.21464270750800313,66.37874340918755,0.7821037918598961,0.850510014799839,93.22000122070312,-0.006289269302263145,2597.080078125,0.012656830038866529
2017-11-24,40.86532211303711,40.98910659428749,40.79058243028295,40.89568555462902,56106800,39.99337902069092,37.766494522094725,5.713225753534168e-05,0.21562024454740056,58.39788139621038,0.7896903680219154,0.8383460854442543,92.76000213623048,-0.012456064783817777,2602.419921875,0.006489700806767695
2017-11-27,40.6597900390625,40.891011914737895,40.48462292337074,40.88400551521295,82867200,40.129122734069824,37.835546264648436,-0.005029498443841707,0.1863593719170428,51.32461566570094,0.7702392252902257,0.8247247134134486,92.9000015258789,-0.0081144790360278,2601.419921875,0.008751894590252496
2017-11-28,40.42155456542969,40.84195268013187,40.138950125958594,40.70882756081835,105715200,40.21025085449219,37.90546524047851,-0.005859240133899712,0.1748872737404615,46.90319176279442,0.7272175318027791,0.8052232770913147,93.26000213623048,-0.00871598298113041,2627.0400390625,0.017388735061733884
2017-11-29,39.58308792114258,40.3865214974924,39.04123960737528,40.31879179469024,166665600,40.222459983825686,37.95833557128906,-0.020743057838854218,0.18672272490612715,34.79114144664841,0.6183374694771473,0.7678461155684813,93.26000213623048,-0.007344277109363251,2626.070068359375,0.010403896360449139
2017-11-30,40.13661956787109,40.20434927278445,39.34019236478628,39.80496675026274,166108800,40.28736267089844,38.03465728759765,0.013984044090528114,0.185943637351356,42.32847442161448,0.5701423671721244,0.7283053658892099,93.01000213623048,-0.0022527256138460405,2647.580078125,0.019444914473510932
2017-12-01,39.94978713989258,40.09459083774413,39.35421814073286,39.69287390455791,159037200,40.32872772216797,38.119716033935546,-0.004654911898162584,0.18601474488062555,41.91248539464907,0.5109813113716655,0.6848405549857011,92.9000015258789,0.0015092646229439843,2642.219970703125,0.015293476849596921
2017-12-04,39.6578254699707,40.31645180181726,39.61812136164868,40.28375409121187,130169600,40.304413414001466,38.205917053222656,-0.0073082159086231835,0.16282047142343406,40.90704789175824,0.4355165183561951,0.6349757476597999,93.19000244140624,0.003121645971626119,2639.43994140625,0.01461510277965683
2017-12-05,39.62046813964844,40.059554875264176,39.33085720878508,39.4850051347503,109400800,40.25786800384522,38.29760787963867,-0.0009419913946253633,0.157832886288693,45.845617144248436,0.3684484573826836,0.5816702896043766,93.37999725341795,0.0012866728976930197,2629.570068359375,0.0009630722254914126
2017-12-06,39.47332382202149,39.75125621208925,38.87775848762946,39.12065531675509,114240000,40.19744930267334,38.37430084228516,-0.0037138460128314232,0.15722822142044085,49.81415928435936,0.29996540470234834,0.525329312623971,93.61000061035156,0.003752932297919287,2629.27001953125,0.0012185322891533623
2017-12-07,39.54573059082031,39.80731234874288,39.44997171022931,39.47799730892554,102693200,40.12401084899902,38.44736907958984,0.0018343215566363202,0.15364001321601425,44.80148830109471,0.2486682207150679,0.4699970942421904,93.8000030517578,0.008493720001965022,2636.97998046875,-0.004003692935987346
2017-12-08,39.557395935058594,39.93809352249656,39.428942929726325,39.81898119319847,93420800,40.05534496307373,38.52509201049805,0.00029498365724944797,0.15381042847722193,47.595484301695016,0.20657486219457866,0.4173126478326681,93.9000015258789,0.010764262471206099,2651.5,0.003512209202780836
2017-12-11,40.32814025878906,40.37952289723063,39.42194125040226,39.51770012784191,141095200,40.03198947906494,38.61431983947754,0.019484202777043214,0.17090021904777458,56.95076689589273,0.23272548334141874,0.38039521493441825,93.87000274658205,0.0072969233540192135,2659.989990234375,0.0077857611024769735
2017-12-12,40.1015853881836,40.26273968238227,40.04553419979003,40.20668493020512,77636800,40.00548076629639,38.700459747314454,-0.005617786219539012,0.17143071268843627,45.80419613699556,0.23248896626181903,0.35081396519989844,94.0999984741211,0.007710443798249145,2664.110107421875,0.013135241946243381
2017-12-13,40.23472213745117,40.5313359054632,40.17166097410895,40.28843905833601,95273600,40.016341590881346,38.78614402770996,0.0033199871770357436,0.16300948115135092,41.54626517551541,0.2402748093317797,0.3287061340262747,93.43000030517578,-0.0019228747356281328,2662.85009765625,0.012771635425632866
2017-12-14,40.2230339050293,40.43557082231696,40.08990521053588,40.26507229458504,81906000,40.053009796142575,38.87624900817871,-0.0002905011343671271,0.15506646784241013,41.37927856524053,0.2427042597565645,0.3115057591723327,93.48999786376952,-0.003304959252690254,2652.010009765625,0.005699713083981539
2017-12-15,40.63175964355469,40.67847015613388,40.2790911752306,40.552351415791705,160677200,40.08652515411377,38.96563858032226,0.010161484573501633,0.1535111462697388,49.64323862422559,0.27444671704004264,0.3040939507458747,93.93000030517578,0.00031947581266655867,2675.81005859375,0.009168417346313351
2017-12-18,41.2039794921875,41.38615302149058,40.839632433581336,40.84430455488727,117684400,40.159745407104495,39.0668913269043,0.014083068359644235,0.15835137463597862,59.17814299982468,0.34183573312697746,0.31164230722209524,93.6999969482422,-0.0018110769507357904,2690.159912109375,0.011342118574040772
2017-12-19,40.7648811340332,40.96340524945592,40.6597815991908,40.879324908825325,109745600,40.21299514770508,39.156848678588865,-0.010656697813315685,0.16426305543997838,65.29604613500827,0.3557100421385968,0.3204558542053956,93.47000122070312,-0.006694976234151828,2681.469970703125,0.006516195870766683
2017-12-20,40.720497131347656,40.97040024178991,40.46358406100295,40.84194370661756,93902400,40.22712459564209,39.24563926696777,-0.001088780377884957,0.1512466882452118,58.7044050909341,0.3589859473649426,0.32816187283730497,93.3499984741211,-0.0008562756158982943,2679.25,0.0061587779042404645
2017-12-21,40.87466430664063,41.110558320766415,40.66213089897172,40.67847797781501,83799600,40.227708435058595,39.334487762451175,0.0037859846061234492,0.14710509555664603,63.923610831944714,0.3697597680372766,0.33648145187729933,93.27999877929688,-0.0022462198018086132,2684.570068359375,0.01227750214888057
2017-12-22,40.87466430664063,40.97042319229992,40.75555194209315,40.79759034236248,65397600,40.22817554473877,39.42589622497559,0.0,0.1471052245385621,70.08453478166176,0.373987009099217,0.34398256332168287,93.3499984741211,-0.006174830503250073,2683.340087890625,0.0028141120378448736
2017-12-26,39.83767318725586,40.04787229131358,39.62980479789167,39.89139010250902,132742000,40.187069702148435,39.491957092285155,-0.025370021674191445,0.17203167308900758,52.69556951178753,0.29031405158600165,0.33324886097454665,93.26000213623048,-0.004695782565017126,2680.5,-0.003590831930061933
2017-12-27,39.84468078613281,39.88671918269649,39.63681595429407,39.72790271063276,85992800,40.158226013183594,39.544706649780274,0.00017590381958343393,0.17108559871735038,54.77471079228143,0.22200890413893148,0.3110008696074236,93.02999877929688,-0.0047074188045350684,2682.6201171875,0.00042892387270465626
2017-12-28,39.95678329467773,40.13662251329711,39.81664819065001,39.93809837655512,65920800,40.17691078186035,39.59695213317871,0.0028134874300191903,0.1539961780812041,55.23169380547637,0.1749061094801192,0.28378191758196275,92.5999984741211,-0.00803427972425641,2687.5400390625,0.0030941640617709876
2017-12-29,39.52470397949219,39.8423404676631,39.52236970108952,39.82599339127674,103999600,40.146315002441405,39.643860778808595,-0.010813666155230606,0.15034258916409815,49.62413533583968,0.10154111291519285,0.2473337566486088,92.12000274658205,-0.01243563516182511,2673.610107421875,-0.004082575853271764
2018-01-02,40.23239135742188,40.24173560151956,39.531722729062686,39.74192545584141,102223600,40.16044521331787,39.72251686096192,0.017904938093828315,0.16329096050068923,48.88296300515893,0.09935794503774531,0.2177385943264361,91.8499984741211,-0.01606855944851282,2695.81005859375,0.004647182352844226
2018-01-03,40.22536087036133,40.76721266246271,40.16230329749136,40.29542840399965,118071600,40.188821983337405,39.799775390625,-0.00017474693458052748,0.1607668615722371,51.5219599966602,0.09595436502593913,0.1933817484663367,92.16000366210938,-0.011794965139656277,2713.06005859375,0.012147009361592964
2018-01-04,40.41221618652344,40.514981452143,40.19033857963591,40.29777240185008,89738400,40.228409385681154,39.88114379882813,0.0046452116803701315,0.16120526991647338,52.15403460788134,0.10710008265895965,0.1761254153048613,91.8499984741211,-0.012684083851008054,2723.989990234375,0.015421442932534113
2018-01-05,40.87232208251953,40.95873670879751,40.4168883492139,40.50797509587503,94640000,40.29835929870605,39.967385330200194,0.011385317099969594,0.16418331727100804,57.106212210659194,0.15131557299039144,0.17116344684196735,91.9499969482422,-0.007019455038765998,2743.14990234375,0.020691733880418228
2018-01-08,40.720497131347656,41.01477645973876,40.6224004581016,40.720497131347656,82271200,40.35709762573242,40.05380210876465,-0.003714615256391496,0.16534256888534088,51.029066187243856,0.17212155280911645,0.17135506803539718,92.33000183105467,0.0022796252519696747,2747.7099609375,0.027715280290841804
2018-01-09,40.71583557128906,40.88633052739552,40.50096438572592,40.767218198682784,86336000,40.41501960754395,40.1354711151123,-0.00011447699284117263,0.1653890680643457,43.48097641691105,0.18608917263039615,0.174301888954397,92.52999877929688,0.007403378513581194,2751.2900390625,0.020580077699424715
2018-01-10,40.70650100708008,40.70883884947029,40.405215132825184,40.44258497322732,95839600,40.4339376449585,40.19070281982422,-0.00022926127090383552,0.15114108754132805,49.11925101806388,0.19416715258047645,0.17827494167961289,92.33000183105467,0.0018445981140426948,2748.22998046875,0.012963193263487716
2018-01-11,40.93771743774414,40.98676579221811,40.7532096664602,40.7765631407658,74670800,40.47574424743652,40.23347732543945,0.005680086102803239,0.15038418207217072,53.10220389787127,0.21672793871878326,0.18596554108744698,91.8499984741211,0.0,2767.56005859375,0.01599494437041815
2018-01-12,41.36045837402344,41.42351953333716,41.02413694272906,41.14792141899934,101672400,40.53203105926514,40.27390838623047,0.01032644130494531,0.15378933373480047,56.44351074896668,0.2656568579466523,0.20190380445928804,90.97000122070312,-0.01065792017470868,2786.239990234375,0.015708251252988026
2018-01-16,41.15024566650391,41.89762439814346,41.13856714992863,41.54962456138467,118263600,40.57839164733887,40.32014198303223,-0.005082455944239506,0.15543040681974027,53.46220720142164,0.2841949478193868,0.2183620331313078,90.38999938964844,-0.021011614891506825,2776.419921875,0.01044868685037792
2018-01-17,41.82991027832031,41.86494227730645,40.88867922519407,41.14091674546278,137547200,40.63829917907715,40.374290466308594,0.01651665988399298,0.16180422936225353,77.49791232941925,0.34969866307460507,0.2446293591199673,90.54000091552734,-0.02150651561680106,2802.56005859375,0.018634901738211695
2018-01-18,41.86727142333984,42.06346128496343,41.63138101025512,41.892962740708185,124773600,40.67146377563476,40.408753662109376,0.0008931681844626116,0.1548269464066444,77.68489316819489,0.40001444399607067,0.275706376095188,90.5,-0.019820229554454172,2798.030029296875,0.018120771981255723
2018-01-19,41.68042755126953,41.94200927032973,41.43519290775877,41.71545954443522,129700400,40.71724109649658,40.4313346862793,-0.004462766875372393,0.150217075074438,73.1199081431847,0.41997214644464265,0.304559530165079,90.56999969482422,-0.013935751775298266,2810.300048828125,0.01544320243445485
2018-01-22,41.33942794799805,41.52160141317471,41.24600693747062,41.40949548778517,108434400,40.7481876373291,40.444489288330075,-0.008181288516103447,0.15369097100492124,74.95124814197473,0.4036202680856107,0.32437167774918535,90.4000015258789,-0.006265798473953366,2832.969970703125,0.01677169972168091
2018-01-23,41.34877014160156,41.90930691669482,41.29739107857335,41.4094970080787,130756400,40.77189292907715,40.45117469787598,0.00022598749105262605,0.15329236231805,68.99770198512135,0.3869545524155811,0.3368882526824645,90.12000274658205,-0.002987018972115507,2839.1298828125,0.02258662691598534
2018-01-24,40.69014358520508,41.40949679304685,40.45191536793294,41.39781827541702,204420400,40.762666893005374,40.44636329650879,-0.01592856460158243,0.16418855332736162,56.47367492630515,0.31694761908788394,0.3329001259635484,89.20999908447266,-0.01468966001331895,2837.5400390625,0.012481438305483428
2018-01-25,39.96378707885742,40.86064170736339,39.82832410416899,40.75787644630434,166116000,40.76897258758545,40.42973403930664,-0.017850920206921028,0.15048269986388702,44.570144733936914,0.20054397430382664,0.3064288956316041,89.38999938964844,-0.012265200114381924,2839.25,0.014731782815598837
2018-01-26,40.05721282958984,40.17165662269812,39.71855713477156,40.17165662269812,156572000,40.7795991897583,40.41824310302734,0.0023377601964513772,0.1506735125605628,39.16830402313165,0.1145119025308361,0.26804549701145053,89.06999969482422,-0.016561775478130203,2872.8701171875,0.02226455085657708
2018-01-29,39.22808074951172,39.74190341255403,39.02021598094439,39.74190341255403,202561600,40.7431640625,40.40245460510254,-0.02069869622745313,0.1676482361312394,33.19320077876223,-0.020338711685354838,0.21036865527208948,89.30999755859375,-0.012057565806269599,2853.530029296875,0.007257422001069491
2018-01-30,38.99686050415039,39.0902815143299,38.46668718373474,38.66053916545118,184192800,40.71677188873291,40.392598419189454,-0.005894253324239096,0.16465980948029119,31.581662223726198,-0.1442040419783197,0.13945411582200765,89.19000244140625,-0.010319576973282674,2822.429931640625,-0.005882066640548245
2018-01-31,39.10431289672852,39.3402069398002,38.887107341115566,38.9735219947958,129915600,40.66036796569824,40.375455627441404,0.0027554113636070188,0.15019944095422172,33.18652372679156,-0.23103447693690526,0.06535639727022506,89.12999725341797,-0.000896780987285184,2823.81005859375,-0.004838691359324798
2018-02-01,39.18605422973633,39.38224055879133,38.94782593657848,39.04358482234974,188923200,40.60840263366699,40.36438522338867,0.0020903406031882454,0.1506546803115028,31.022560268997182,-0.2899104723262056,-0.005696976649061068,88.66999816894531,-0.00805460594718943,2821.97998046875,-0.006082599112881892
2018-02-02,37.48575592041016,38.95716013658482,37.39233490126208,38.77031453450521,346375200,40.46207962036133,40.32010261535645,-0.0433903934128661,0.2103316939082047,17.122733422669114,-0.46837089826319556,-0.09823176097188797,89.19999694824219,0.001459495384117826,2762.1298828125,-0.03854689904443476
2018-02-05,36.5492057800293,38.27518570798291,36.43476197547732,37.15878751717038,290954000,40.245923805236814,40.242328567504885,-0.02498416044668683,0.21537038534513392,15.243770657614306,-0.6775633127084504,-0.21409807131920047,89.55000305175781,0.002687330642984209,2648.93994140625,-0.07169719112471973
2018-02-06,38.07665252685547,38.237806813801605,35.96764112765475,36.16149312762015,272975200,40.11373157501221,40.18660186767578,0.041791516784771776,0.27315562513678165,24.867015841616436,-0.7118913805445786,-0.3136567331642761,89.58999633789062,0.004484739158373108,2695.139892578125,-0.04509945052506892
2018-02-07,37.26153564453125,38.163062260948806,37.15176756499472,38.090660445947215,206434400,39.941016578674315,40.11452613830566,-0.021407262147041806,0.28031805274359217,22.068006625764568,-0.7956974370626213,-0.41006487394394514,90.26000213623048,0.012678165798655217,2681.659912109375,-0.05033983998030145
2018-02-08,36.23622894287109,37.60253360818496,36.20820335015767,37.43670720246927,217562000,39.717502975463866,40.02605491638184,-0.027516490770574165,0.29160233436752264,20.03088542992225,-0.9340805237882535,-0.5148680039128068,90.2300033569336,0.0175933824315182,2581.0,-0.08539393692960273
2018-02-09,36.6794548034668,37.02652618717998,35.23253859813122,36.8342311855885,282690400,39.50458984375,39.95121292114258,0.012231566957325635,0.29587132741018746,24.633366779408732,-0.9964984800780385,-0.6111940991458532,90.44000244140624,0.01390140734963885,2619.550048828125,-0.05161952552325133
2018-02-12,38.15686798095703,38.433586209034175,36.9374212899371,37.1695859223774,243278000,39.34441032409668,39.922688522338866,0.04027903864456017,0.333569807331035,35.01920362430363,-0.9161890073989838,-0.6721930807964793,90.20999908447266,0.0073701397009822145,2656.0,0.0026652392088595267
2018-02-13,38.539100646972656,38.63524992743858,37.90827262494443,37.9786258442686,130196800,39.21385307312012,39.8907381439209,0.010017401486054567,0.33709573143599064,39.63544486952839,-0.8123360852771242,-0.7002216816926083,89.69999694824219,0.0012278224673287763,2662.93994140625,-0.011947413661363981
2018-02-14,39.24967193603516,39.28953793684467,38.19673145185919,38.234250078417645,162579600,39.08484115600586,39.87673583984375,0.018437671796534882,0.3386407293145665,46.55387541516195,-0.6650286949113919,-0.6931830843363651,89.12000274658203,-0.01263017242042419,2698.6298828125,0.0063281591474351195
2018-02-15,40.567604064941406,40.59105275486671,39.63191438389785,39.81717442105685,204588800,39.019857788085936,39.894931411743165,0.03357816929155644,0.362603595789513,52.202689007232564,-0.4369040603256522,-0.6419272795342226,88.58999633789062,-0.018175850138843486,2731.199951171875,0.05819447933819255
2018-02-16,40.436279296875,40.99675777482494,40.28150648157054,40.41986557057159,160704400,38.957650375366214,39.911247634887694,-0.003237183242475461,0.3624891691678237,55.54838867906018,-0.2636710197372665,-0.5662760275748314,89.0999984741211,-0.014816496363468157,2732.219970703125,0.04301117358891604
2018-02-20,40.30026245117188,40.86542487019202,40.19942199726563,40.34716340675717,135722000,38.9056921005249,39.927786407470705,-0.0033637329662432602,0.36167287179624974,56.038389338698316,-0.13579267625844693,-0.48017935731155453,89.72000122070312,-0.005431746688199124,2716.260009765625,0.022688256688864872
2018-02-21,40.11734771728516,40.83259536786897,40.10327420960197,40.53008115148343,149886400,38.84412097930909,39.93921875,-0.004538797584962118,0.361849474019971,54.66059203125302,-0.048647084768759896,-0.3938729028029956,90.08000183105467,0.004236397945829973,2701.330078125,0.014416448573179919
2018-02-22,40.45269012451172,40.79272651424348,40.26743010361679,40.28853499619088,123967600,38.83224830627442,39.957124633789064,0.00835903733192378,0.35905458845735944,55.694438489650956,0.04693471979273056,-0.30571137828385037,89.75,0.007069089250472782,2703.9599609375,0.001975105278032796
2018-02-23,41.156211853027344,41.191386671149125,40.69657395246168,40.727061180375976,135249600,38.89186954498292,39.97368606567383,0.017391222347641566,0.3576710846405228,68.12585854947613,0.17740727185449146,-0.20908764825618203,89.87999725341797,0.014561473855435825,2747.300048828125,0.005894880618074749
2018-02-26,41.96995544433594,42.06844851198474,41.32271375193818,41.35554477448778,152648800,38.98750667572022,40.011053466796874,0.019772072177452804,0.3633839254003701,77.09803191694257,0.34252164019126496,-0.09876579056669264,89.81999969482422,0.008080821919567605,2779.60009765625,0.017341256363385682
2018-02-27,41.83395385742188,42.32407556077209,41.78001792667355,42.000456397967895,155712400,39.11780033111573,40.04303810119629,-0.0032404510672982,0.3537034418450722,71.81772027180173,0.4571322393315853,0.01241381541296295,90.36000061035156,0.007133296711333115,2744.280029296875,0.010315661766734818
2018-02-28,41.770626068115234,42.35689694186854,41.75421234437313,42.03796544341421,151128400,39.25648860931397,40.073989944458006,-0.0015137892421662746,0.3525072487011698,78.6878864086572,0.5366655946184125,0.11726417125405286,90.61000061035156,0.00588364529888552,2713.830078125,0.004627350097355043
2018-03-01,41.03896713256836,42.1599169199814,40.49021837370537,41.86912523610617,195208000,39.35322132110596,40.082134094238285,-0.01751611130639419,0.3604634889275161,81.74219271180269,0.5344962502596928,0.20071058705518086,90.31999969482422,0.0063509715300749114,2677.669921875,-0.009722791551020182
2018-03-02,41.32273483276367,41.343839734102296,40.44098078592442,40.52306017332784,153816000,39.46005535125733,40.084509201049805,0.00691459166793007,0.36076864994392394,81.34907266900115,0.5493422357462592,0.27043691679339654,89.94000244140625,0.0006676144840003229,2691.25,-0.020401866498722443
2018-03-05,41.46577453613281,41.68152182188647,40.92640453259168,41.08821589148542,113605600,39.659056282043466,40.098527069091794,0.0034615255729812944,0.316667377419541,77.24996544314462,0.5661239701056715,0.3295743274558516,90.08000183105467,0.0028947020386755895,2720.93994140625,-0.02110381140778561
2018-03-06,41.43059539794922,41.80111907072272,41.30396244619029,41.7213870796777,95154000,39.90312576293946,40.11272903442383,-0.0008483897522024719,0.29709250921739155,75.25613053961015,0.5700141843486222,0.3776622988344057,89.62000274658203,-0.008189440668117443,2728.1201171875,-0.005888579859510745
2018-03-07,41.045989990234375,41.23828852566568,40.86776495945233,41.02488510072984,126814000,40.0515926361084,40.116155548095705,-0.009283125285085347,0.2706558472155124,66.63757674087307,0.5358854115947764,0.4093069213864799,89.63999938964844,-0.010705233574320405,2726.800048828125,0.004779212526115906
2018-03-08,41.493919372558594,41.536129169515,41.05538978315525,41.15153551343855,95096400,40.263211822509774,40.12854064941406,0.010912865847084952,0.25440252219697074,60.22790261194221,0.5387716467839283,0.43519986646596964,90.12000274658205,-0.0022143152005971167,2738.969970703125,0.0228930565068306
2018-03-09,42.206809997558594,42.21150116628257,41.599434256238936,41.73310572752255,128740800,40.56174087524415,40.175923385620116,0.01718060467123439,0.22523258006654764,67.32438001104862,0.5917618621397125,0.46651226560071823,90.08999633789062,0.0016677106116613771,2786.570068359375,0.03541851123432416
2018-03-12,42.61487579345703,42.7719960254604,42.26076932237319,42.27952684944421,128828400,40.85851192474366,40.2313272857666,0.00966824538319866,0.224739313109016,71.50332847576219,0.6590869449301309,0.5050272014666009,89.9000015258789,-0.001998227148278242,2783.02001953125,0.02281567379723759
2018-03-13,42.2044677734375,43.03228195752703,42.03327768092932,42.818878501558245,126774000,41.06089191436768,40.2762809753418,-0.009630628093548088,0.1966167444570641,68.60350141313243,0.6715844532694462,0.53833865182717,89.66000366210938,0.00044633914641201144,2765.31005859375,0.013632076231522516
2018-03-14,41.84568405151367,42.333462006333335,41.69794259827233,42.28656103685953,117473600,41.226221084594734,40.322700576782225,-0.008501083910117169,0.2014357377260183,62.36475179749661,0.6451016406380106,0.5596912495893381,89.69999694824219,0.0006693168117164472,2749.47998046875,0.008317416471505412
2018-03-15,41.89491653442383,42.267787541462646,41.75890483631969,41.859741712209576,90975200,41.35848331451417,40.355951080322264,0.001176524748634833,0.19445175348514246,57.418748788424665,0.6209287901687404,0.5719387577052186,90.13999938964844,0.00022188906410303133,2747.330078125,0.0030522815187086216
2018-03-16,41.747169494628906,42.00512648336741,41.65336402555901,41.89490729365576,157618800,41.41746158599854,40.386387252807616,-0.003526610195619395,0.159354421632463,47.417056748504244,0.583127746995018,0.5741765555631786,90.2300033569336,0.001554079528628849,2752.010009765625,-0.012402364823396517
2018-03-19,41.10932159423828,41.61820437252176,40.72472797672701,41.58302954525192,133787200,41.451113700866706,40.40032936096191,-0.015278829873069388,0.16949395312607368,42.47445503007708,0.4959837610357738,0.5585379966576977,89.9000015258789,0.0,2712.919921875,-0.0251884992433713
2018-03-20,41.09524154663086,41.461073973434026,41.02488833109644,41.09524154663086,78597600,41.490862655639646,40.40478775024414,-0.00034250255322620937,0.1688286960047402,42.91341986490316,0.4209331270872241,0.531017022743603,90.37000274658205,0.00791879383753269,2716.93994140625,-0.017491751797300337
2018-03-21,40.16425704956055,41.06007732991229,40.16190967530038,41.0483511935547,148219600,41.49320812225342,40.3936629486084,-0.02265431378506244,0.18792154356237367,41.190459725071655,0.283069244573916,0.4814274671096656,89.77999877929688,0.0008918822048662456,2711.929931640625,-0.013657145749329413
2018-03-22,39.59674453735352,40.49490855512988,39.53811743769994,39.86642776443431,165963200,41.45041084289551,40.371281127929684,-0.014129789865320874,0.19176800774441152,33.55669233877889,0.1265587174763283,0.41045371718299817,89.86000061035156,-0.003106265600097524,2643.68994140625,-0.03772394789543543
2018-03-23,38.6798095703125,39.84766020418533,38.6798095703125,39.48886269872853,164115200,41.32659072875977,40.330747299194336,-0.02315682710168343,0.19419168993390984,26.869215118415084,-0.07065156428688368,0.3142326608890218,89.44000244140625,-0.00875541268021729,2588.260009765625,-0.059501963807880864
2018-03-26,40.51601028442383,40.59339847247877,39.031571938963225,39.413821710118775,150164800,41.25389347076416,40.32231315612793,0.0474718137061525,0.2532391395653774,44.15467831994269,-0.07787834842539354,0.23581045902613876,89.02999877929688,-0.009677449742106936,2658.550048828125,-0.02004109026900358
2018-03-27,39.47713851928711,41.07413996151716,39.144137060144445,40.72941236810116,163690400,41.13605270385742,40.2846467590332,-0.02564101839849986,0.2672124162945142,40.746957125494355,-0.1655258175656229,0.15554320370778643,89.37000274658203,-0.011065618785076725,2612.6201171875,-0.038396072960212524
2018-03-28,39.04095458984375,39.87111626930547,38.7384403503099,39.22152704663509,166674000,40.99956912994385,40.2424609375,-0.011049025988300931,0.268760861723002,35.512408730180184,-0.2671044522314716,0.07101367251993482,90.05999755859375,0.003118721130584756,2605.0,-0.03942945958634558
2018-03-29,39.34580612182617,40.27680444981325,39.13943765265633,39.35284108524669,153594000,40.914911079406735,40.19277885437012,0.007808506097894519,0.26593618355670334,32.2467817935036,-0.31932628650120165,-0.007054319284292468,90.1500015258789,0.003227252543485326,2640.8701171875,-0.0010666244080234089
2018-04-02,39.08784866333008,39.61783980550772,38.56958723220933,39.07846990412321,150347200,40.80316677093506,40.137190399169924,-0.006556161480016032,0.26425913490808467,27.69848846728469,-0.37717958597715295,-0.08107937262286456,90.05000305175781,0.006820221307028529,2581.8798828125,-0.002465025510981267
2018-04-03,39.48887252807617,39.57329570203977,38.66574926566696,39.31299121384488,121112000,40.704321670532224,40.093359298706055,0.010259553248892717,0.2674257091315421,32.80879839302111,-0.386217394521573,-0.14210697700260627,90.1999969482422,0.013141617263701555,2614.449951171875,-0.016588026121866384
2018-04-04,40.24397277832031,40.33777467462215,38.639936734693165,38.66573279292312,138422000,40.64499053955078,40.0714501953125,0.019121848812150066,0.2780533694633673,40.34477255616708,-0.3286610434241197,-0.17941779028690896,90.13999938964844,0.008615828794923619,2644.68994140625,0.012274966424614897
2018-04-05,40.52304458618164,40.85838981728814,40.354198283789394,40.47145246165548,107732800,40.61884326934815,40.0549356842041,0.006934499468990385,0.2778426775925654,41.95323393949375,-0.25755947263888856,-0.1950461267573049,90.45999908447266,0.0044415005187921075,2662.840087890625,0.022203488633637303
2018-04-06,39.48652267456055,40.4480048978712,39.44430930489733,40.09389852773458,140021200,40.51847343444824,40.03086326599121,-0.02557857935419161,0.28797715874795665,37.992072455856885,-0.28160347169557554,-0.21235759574495902,90.11000061035156,-0.00044371508430718354,2604.469970703125,-0.013783391408563772
2018-04-09,39.87815475463867,40.59105872724588,39.83125378957353,39.83828875541759,116070800,40.40204067230225,40.02915061950684,0.00991812024841665,0.2825569910828249,43.28473547213859,-0.26599090078850907,-0.22308425675366902,89.83999633789062,-0.0023321122348711754,2613.159912109375,0.012115214772424165
2018-04-10,40.62857055664063,40.80445181446158,40.22521591910616,40.5699434707003,113634400,40.30272541046143,40.040577774047854,0.01881771628148554,0.28963981475250344,47.643852406762385,-0.1908653650088752,-0.2166404784047103,89.58999633789062,-0.006762756441129447,2656.8701171875,0.01622527369346316
2018-04-11,40.43863296508789,40.785704428602784,40.26509544417317,40.38938462188421,89726400,40.214433670043945,40.064788818359375,-0.004674975982429608,0.28849158179427664,51.497322863495185,-0.14498293983520938,-0.20230897069081014,89.56999969482422,-0.006323493440024142,2642.18994140625,-0.0009452903952402725
2018-04-12,40.837284088134766,41.03896141306867,40.57932347078437,40.66609399388231,91557200,40.164013671875,40.10159729003906,0.009858175062224417,0.2903414004925819,56.89697881787644,-0.07558171440098249,-0.17696351943284463,89.75,-0.007848762896953465,2663.989990234375,0.00043183304509319953
2018-04-13,40.97564697265625,41.23595140956656,40.7692820378696,40.98737310695765,100497200,40.11805019378662,40.13902397155762,0.003388150990229155,0.2906734110594362,63.97381697141709,-0.009308709789536351,-0.143432557504183,89.80000305175781,-0.003440212590101077,2656.300048828125,0.019900432221534592
2018-04-16,41.231258392333984,41.31802533378069,40.99909384564957,41.04599479836905,86313600,40.092254638671875,40.17992805480957,0.0062381301715213056,0.29159076865188716,55.39061844134426,0.06311132114574747,-0.1021237817741969,89.43000030517578,-0.0045636247710078015,2677.840087890625,0.02475170979071062
2018-04-17,41.798770904541016,41.96292603903228,41.36962018116944,41.38838127915609,106421600,40.12672710418701,40.266188354492186,0.013764132707444698,0.29023866344096794,68.83575253009806,0.1644030976825448,-0.04881840588284857,89.5199966430664,-0.0007813338283909621,2706.389892578125,0.018638387729335237
2018-04-18,41.70497131347656,41.93479211258438,41.479845262421385,41.69793634802571,83018000,40.157213592529295,40.369303665161134,-0.0022440753408435876,0.29043286726492146,72.88497282729796,0.23440662362865794,0.007826600019452734,89.62000274658203,0.0005582566922872623,2708.639892578125,0.02514957389343042
2018-04-19,40.52304458618164,41.13042036873271,40.49021355951167,40.74817060382895,139235200,40.175152969360354,40.41823150634766,-0.0283401879936791,0.29717065634637974,58.78860818036628,0.1922966372366588,0.044720607462893955,89.94000244140625,0.0021170188457519945,2693.1298828125,0.010938439215216977
2018-04-20,38.86273193359375,40.15252812029606,38.794722494438965,40.00713405885561,261964400,40.13845233917236,40.450255432128905,-0.040972060948107014,0.3284574124137361,48.61037000755886,0.024666474617831113,0.04070978089388139,90.31999969482422,0.0057906083006109554,2670.139892578125,0.0052101959475947535
2018-04-23,38.75016784667969,39.14414022627035,38.480481049834914,39.12303532985958,146062000,40.141970252990724,40.500534210205075,-0.0028964532680411104,0.3178117411163572,45.27163665682319,-0.11592826912075083,0.009382170890954944,90.94000244140624,0.016884738131249577,2670.2900390625,-0.002819454702417401
2018-04-24,38.21079635620117,39.005779628477015,37.8074416526787,38.85100323747827,134768000,40.02670955657959,40.531161041259764,-0.01391920397900237,0.2676628149114277,36.61625229451103,-0.26778651181313506,-0.046051565649863055,90.7699966430664,0.013963360666600533,2634.56005859375,-0.026540829974778468
2018-04-25,38.37729644775391,38.79237729841982,38.08650833536919,38.135753093228,113528400,39.97171745300293,40.5355696105957,0.0043574096179683774,0.25455268870715086,35.662743958545306,-0.3704300107580778,-0.11092725467150602,91.16999816894533,0.017295194988402374,2639.39990234375,-0.02556264139212372
2018-04-26,38.510963439941406,38.86506977787231,38.31162990119528,38.48751117244882,111852000,39.94521789550781,40.53500686645508,0.003482970520590545,0.252379334785932,42.58723449645997,-0.43596438792496883,-0.17593468132219858,91.55999755859376,0.018011953226740207,2666.93994140625,-0.009724722737434077
2018-04-27,38.06540298461914,38.53676355292393,37.66908323921262,38.45937535604153,142623200,39.88119773864746,40.511321487426756,-0.011569704196497832,0.2532277607448233,36.33781339233658,-0.5178840144725996,-0.2443245479522788,91.54000091552734,0.013507542347489965,2669.909912109375,-8.613049428207731e-05
2018-04-30,38.75485229492188,39.22386903924131,37.9528340915333,38.020843523315335,169709600,39.864547920227054,40.47506645202637,0.018112229380083722,0.2617311480229618,35.74734843296977,-0.5211654405530268,-0.2996927264724284,91.83999633789062,0.00989656776251202,2648.050048828125,-0.00832867962245143
2018-05-01,39.65537643432617,39.67882513003581,38.75720872957957,39.02454819320878,214277600,39.87287311553955,40.45944839477539,0.0232364229529598,0.27250491686923617,44.62330732876368,-0.44596046763732033,-0.3289462747054068,92.4499969482422,0.01850832177268935,2654.800048828125,0.007682493389495448
2018-05-02,41.40713882446289,41.68385694481844,40.757549728374016,41.092894933040135,266157600,39.93103141784668,40.48158592224121,0.04417465039167734,0.30763789346007425,53.298944666311556,-0.24221529286182886,-0.31160007833669123,92.51000213623048,0.01469786107489024,2635.669921875,-0.0014131926220948277
2018-05-03,41.4821891784668,41.62523944023905,40.9076443356587,41.24533699153512,136272800,39.97898864746094,40.508882751464846,0.0018124979444260614,0.30699745907353554,52.95407695856902,-0.07383867136092448,-0.2640477969415379,92.41000366210938,0.009283596834650965,2629.72998046875,-0.013952305546813148
2018-05-04,43.10967254638672,43.20816562887036,41.78235436081041,41.80111545913781,224805200,40.160146141052245,40.56202239990235,0.03923330470622166,0.31761858153925415,59.4435530919023,0.18874953348223045,-0.17348833085678425,92.56999969482422,0.011251898284853068,2663.419921875,-0.0024307899697063595
2018-05-07,43.421573638916016,44.01018839996743,43.325424341797856,43.42626123025301,169805600,40.337317085266115,40.60732963562012,0.007235060581675334,0.31716395769736255,58.37370509207753,0.4172110400029112,-0.05534845668484517,92.75,0.009908576855353513,2672.6298828125,0.009282239206639176
2018-05-08,43.63027191162109,43.67013789503362,43.072140987220045,43.38169367486485,113611200,40.48740215301514,40.64053596496582,0.004806326791390703,0.3126152417627662,59.818181959660116,0.6080988513103733,0.07734100491419853,93.12000274658205,0.00724722358525276,2671.919921875,0.00644864876148854
2018-05-09,43.93748474121094,43.946863500783344,43.43563701372067,43.74753354962685,92844800,40.662344741821286,40.682606582641604,0.007041276987962641,0.31118840271979137,69.11768286613916,0.7752319337400735,0.21691919067937354,93.04000091552734,0.005729097038787101,2697.7900390625,0.02356900485600577
2018-05-10,44.56596374511719,44.64335192738503,44.00548895079558,44.0265974210965,111957200,40.84877872467041,40.73851333618164,0.014303936777627424,0.3126308056329079,86.10452109470691,0.9474771817246506,0.363030788888429,92.6500015258789,0.0025970983038487994,2723.070068359375,0.03549417186702453
2018-05-11,44.39647674560547,44.74253367480774,44.12810643235804,44.60835031424025,104848800,41.01982021331787,40.80566352844238,-0.003803059224323113,0.31402798572311214,85.48840171209852,1.0581093711335612,0.5020465053374554,92.54000091552734,-0.0003240658895513615,2727.719970703125,0.02414191179544045
2018-05-14,44.29288864135742,44.61775924769171,44.22462055341644,44.4953436639537,83115200,41.172901725769044,40.865066604614256,-0.0023332505604355402,0.31476417412592816,90.44286702828188,1.1244653474411663,0.6265302737581977,92.58999633789062,-0.0017251068691037652,2730.1298828125,0.021514389392178312
2018-05-15,43.89034271240234,44.038653857301725,43.574890568370826,43.9703821652857,94780800,41.27748031616211,40.91355796813965,-0.009088274468042168,0.31559588424538854,85.54323242995434,1.1315273020966856,0.7275296794258954,93.22000122070312,0.0010738667436813731,2711.449951171875,0.014794616026192475
2018-05-16,44.29994201660156,44.36586085034503,43.78674426502064,43.80322487148432,76732400,41.40722885131836,40.9709449005127,0.009332333239755686,0.3158989437241925,86.03992271184889,1.1568398628928662,0.8133917161192896,93.38999938964844,0.0037618064346200963,2722.4599609375,0.009144492906339341
2018-05-17,44.01980972290039,44.47180154910727,43.8714986140111,44.2575751900698,69176000,41.5820671081543,41.030421295166015,-0.00632353635127092,0.2957594201333505,87.84942982596519,1.1411415453536833,0.8789416819661684,93.47000122070312,0.008850509242519289,2720.1298828125,-0.00107973187360777
2018-05-18,43.85972213745117,44.21284104716232,43.81734959249926,44.066886380624,73190800,41.831916618347165,41.07773735046387,-0.0036367168885316214,0.2453365817767164,84.79066238984036,1.1030673120281236,0.9237668079785595,93.63999938964844,0.011886735068494358,2712.969970703125,-0.0054074465701836605
2018-05-21,44.17047882080078,44.556555441924544,44.00098141717452,44.25758035606822,73603200,42.102932167053225,41.11701072692871,0.0070852405853309985,0.24298712179788787,83.46114419700224,1.0854562115185828,0.9561046886865642,93.68000030517578,0.01177237293872846,2733.010009765625,0.0010549413679021846
2018-05-22,44.059837341308594,44.46474743175638,43.97037937487337,44.34704109365208,60962800,42.39538421630859,41.14590995788574,-0.002504873898720006,0.23334145963090208,75.97800091002885,1.0504623684645082,0.974976224642153,93.61000061035156,0.00418364497469903,2724.43994140625,0.004790791077947443
2018-05-23,44.34232711791992,44.375284745399135,43.730252788035145,43.869148982230094,80233600,42.69363574981689,41.188667144775394,0.0064115029391285105,0.23311781250945343,76.91589160811539,1.033609255733424,0.9867028308604073,94.01000213623048,0.006638855880009453,2733.2900390625,0.0039780486326310704
2018-05-24,44.29288864135742,44.455323944524565,43.83619111793045,44.43884692692997,92936000,42.9827320098877,41.23761123657226,-0.0011149274243327234,0.23469550725609287,65.83932764320718,1.0046824170789037,0.9902987481041067,93.77999877929688,0.003316545999200171,2727.760009765625,0.002805059788261177
2018-05-25,44.39411544799805,44.64600510130118,44.17517982802782,44.3117195883305,69844000,43.29916763305664,41.28759521484375,0.0022853963637428087,0.22501467510145828,63.79733216725686,0.9786446401205922,0.9879679265074038,94.19000244140624,0.005873590937022222,2721.330078125,0.00308153334248229
2018-05-29,44.23404312133789,44.434145345167785,43.99156833741936,44.16342218785683,90056400,43.57312717437744,41.33733268737793,-0.003605710465110157,0.22503652472442623,58.685461982617596,0.9343227245351144,0.977238886112946,94.83000183105467,0.01227584886990396,2689.860107421875,-0.015788417235782615
2018-05-30,44.13987731933594,44.257583658854166,43.970379903060696,44.19166839609295,74762000,43.79735221862793,41.39794380187988,-0.0021288083873239882,0.21826627827271886,53.1016017771542,0.8814382227111821,0.9580787534325933,94.1500015258789,0.0057686242068843985,2724.010009765625,-0.0001578055122782862
2018-05-31,43.99156951904297,44.31173093050286,43.81971925610215,44.07396539980083,109931200,43.926573753356934,41.455870361328124,-0.003359950441638393,0.1652066764050048,39.678596595131026,0.8181287945042541,0.9300887616469256,93.98999786376952,-0.00021278876722052864,2705.27001953125,-0.01025138903329137
2018-06-01,44.78489303588867,44.78959870143397,44.19871438549889,44.25521470104248,93770000,44.091708946228025,41.548283081054684,0.018033535186833705,0.17338445643800193,55.70131282329237,0.8224890524437356,0.9085688198062876,94.19000244140624,0.004371973421265052,2734.6201171875,0.0025149233793717585
2018-06-04,45.15920639038086,45.5335116194763,45.04620933090354,45.11447741480749,105064800,44.19418563842773,41.65953231811523,0.008358027207795882,0.11458587798740835,61.779901030157745,0.8463918691085937,0.8961334296667488,94.0199966430664,-0.0018049240251967191,2746.8701171875,0.009385130921015339
2018-06-05,45.50763320922852,45.65594437517514,45.28399183932271,45.45113645428741,86264000,44.29848861694336,41.796088790893556,0.00771552130114217,0.11486990707511907,72.3198802202281,0.8832683877243568,0.8935604212782705,93.88999938964844,-0.009912500508867494,2748.800048828125,0.02191189840825647
2018-06-06,45.66534805297852,45.688890756479125,45.18039853460859,45.58295577495082,83734400,44.40024242401123,41.89907554626465,0.0034656788900639945,0.11459158698762546,70.25165410036975,0.9146757515233261,0.8977834873272816,93.66000366210938,-0.0052044381925457905,2772.35009765625,0.01774592887593096
2018-06-07,45.54293441772461,45.71713748577135,45.279269798009615,45.703013301022914,85388800,44.48051490783691,42.0203914642334,-0.0026806679566285796,0.11446021117866546,73.69973693207709,0.9190938149179502,0.9020455528454153,93.4000015258789,-0.006277224718589269,2770.3701171875,0.024064177396802
2018-06-08,45.12859344482422,45.19921794127968,44.67424886369031,45.0038250576677,106627200,44.508646392822264,42.14214424133301,-0.00909781019158784,0.11068976769007452,68.29593220823759,0.8790284158656476,0.8974421254494618,93.5500030517578,-0.006794769859429284,2779.030029296875,0.016239883496158125
2018-06-11,45.0179557800293,45.19216241765169,44.77783748614501,45.0462077379834,73234000,44.539720344543454,42.25558723449707,-0.002451608976694386,0.11007080692233139,62.968225189391454,0.8287949314864349,0.8837126866568565,93.58000183105467,-0.004679800337391127,2782.0,0.012789058569856682
2018-06-12,45.2651481628418,45.34283477544598,44.99913069472254,45.05563102901076,67644400,44.58833332061768,42.379133224487305,0.005490973069065097,0.11069617650002217,67.70399672775962,0.7997123069523084,0.866912610715947,93.8000030517578,-0.0009585295396280502,2786.85009765625,0.01384242147563497
2018-06-13,44.89318084716797,45.40638216872587,44.83197486603822,45.298090795222826,86553600,44.638475227355954,42.48721939086914,-0.008217521222634083,0.10967066804028643,57.88388652243746,0.7381406379677884,0.8411582161663154,93.70999908447266,0.000533796929409025,2775.6298828125,0.0011830342636101054
2018-06-14,44.91673278808594,45.098001528120655,44.78019302474528,45.09329226949185,86440400,44.669314765930174,42.58067459106445,0.0005246217905152673,0.10532842270092524,58.995187151068414,0.6833676545577916,0.8096001038446107,94.7699966430664,0.01466804170027669,2782.489990234375,0.004374820884647468
2018-06-15,44.45532989501953,44.766076358692345,44.31879010874928,44.73547156063329,246876800,44.691090774536136,42.65932029724121,-0.01027240550293973,0.10967025320681155,50.79959698757178,0.5958596144955735,0.7668520059748033,94.79000091552734,0.013254920612707055,2779.659912109375,0.00022665563374979492
2018-06-18,44.43178176879883,44.54477882716092,44.06924430139088,44.22932676017291,73939600,44.71969375610352,42.758225479125976,-0.0005297031036843869,0.10866014168354704,52.6784367139494,0.5186302782868282,0.7172076604372084,94.75,0.012502651699639822,2773.75,-0.0029654924514737058
2018-06-19,43.71376800537109,43.86443193167213,43.1864424672618,43.584290351805045,134314000,44.69685821533203,42.834937744140625,-0.016159913801430115,0.12107759995783421,45.062641885727565,0.39493519581807845,0.6527531675133824,95.08999633789062,0.013752593221356468,2762.590087890625,-0.008705172117448257
2018-06-20,43.90444946289063,44.069237562827766,43.723180756904185,43.869139010086656,82514800,44.68908882141113,42.90045532226563,0.0043620457860351625,0.12201339048215532,49.00035017070831,0.3087334646168429,0.5839492269340745,95.05999755859376,0.014406130480314916,2767.320068359375,-0.0029938481728352118
2018-06-21,43.65963745117188,44.33997995639365,43.53722185111352,44.08102457013798,102847600,44.65495433807373,42.96487541198731,-0.00557601825586429,0.12087963997018321,35.22905606448025,0.2181490023179009,0.5107891820108398,94.87000274658205,0.001055250681207598,2749.760009765625,-0.011762838530820052
2018-06-22,43.53251266479492,43.82206925746706,43.48072158745682,43.815007164385726,108801600,44.6169355392456,43.01877998352051,-0.00291172336277723,0.12112000900771078,27.1649073804345,0.13455123263118196,0.4355415921349083,94.5199966430664,-0.0028484467755365284,2754.8798828125,-0.00891477018066944
2018-06-25,42.8851318359375,43.53251677162518,42.546136967603,43.17468845592623,126652400,44.54148635864258,43.05696968078613,-0.014871202906258207,0.13022089233926523,16.036661097283925,0.015878142026117814,0.3516089021131502,94.27999877929688,-0.0049604350469987235,2717.070068359375,-0.020434405278278556
2018-06-26,43.41716384887695,43.911531970662125,42.97223397611543,43.07817256800714,98276800,44.50064239501953,43.10068778991699,0.01240597825313472,0.13919958941662783,23.457718657618628,-0.034838997923152704,0.2743193221058896,94.68000030517578,-0.004311663145489808,2723.06005859375,-0.014309046235324141
2018-06-27,43.35359573364258,44.0880820733022,43.32299093878607,43.60548540849269,101141200,44.46132831573486,43.13178428649903,-0.001464124083637497,0.13914143607017623,23.788249694002616,-0.07924858402264334,0.20360574088018302,95.29000091552734,0.0024195598868157475,2699.6298828125,-0.024460555293484898
2018-06-28,43.66905212402344,43.83619670729176,43.26885128659234,43.339475808988986,69460800,44.44520244598389,43.17106590270996,0.007276360473511101,0.14170730921294844,32.1019256065821,-0.08797468918105267,0.1452896548679359,95.38999938964844,0.005481149235922578,2716.31005859375,-0.012164680209574397
2018-06-29,43.57723617553711,44.06689492297677,43.05932905932024,43.855021380811685,90950800,44.38481960296631,43.23214973449707,-0.0021025404495972344,0.12402078308618275,32.250799869163714,-0.10113316986326737,0.09600508992169525,94.62999725341795,0.0011637813611753423,2718.3701171875,-0.01325276134643183
2018-07-02,44.06453323364258,44.092785191156864,43.17938306061224,43.27355026547392,70925200,44.3300859451294,43.33618576049805,0.011182376416497553,0.1273106306816947,36.03498552622948,-0.07141730627694898,0.0625206106819664,94.87000274658205,0.006257997188420905,2726.7099609375,0.003547899883180383
2018-07-03,43.29708862304688,44.2458011939208,43.20763067800487,44.20813431262822,55819200,44.21955871582031,43.42712417602539,-0.0174163789850329,0.1350024617781049,32.99906219881075,-0.10854242703288719,0.028308003138995688,94.58999633789062,-0.0009506122411814255,2713.219970703125,-0.003613613977984209
2018-07-05,43.645503997802734,43.883273073933445,43.381842978525576,43.61254637039309,66416800,44.11856651306152,43.535818328857424,0.008047085516285524,0.13859767026809208,37.33581921092898,-0.1085982902995184,0.0009267444512928713,94.47000122070312,-0.00860530682071392,2736.610107421875,0.013698257248081935
2018-07-06,44.250518798828125,44.35880661283061,43.59842471288167,43.65021578640015,69940800,44.0539457321167,43.65328277587891,0.013862018893305628,0.14985543655195968,48.016397876079,-0.059141181491582984,-0.0110868407372823,94.04000091552734,-0.0141524109734672,2759.820068359375,0.016018057153663223
2018-07-09,44.864933013916016,44.88847211826884,44.56360517815518,44.61068697897197,79026400,44.040762710571286,43.7803621673584,0.013884904217307481,0.15625824105542907,53.76426001731821,0.029294338937503994,-0.0030106048023250415,94.08000183105467,-0.00581206211905938,2784.169921875,0.024205609188927557
2018-07-10,44.81081771850586,45.02974984846501,44.77079439055409,44.89556645090276,63756400,44.030405807495114,43.91527046203613,-0.0012061824631136586,0.1560876149384125,60.77742409127266,0.09393069931005016,0.01637765602015,94.11000061035156,-0.00801098465508232,2793.840087890625,0.024619460050692155
2018-07-11,44.22933578491211,44.67661844327326,44.16577335506501,44.375290498082336,75326000,43.97861518859863,44.02476013183594,-0.012976374081065,0.16087325224731516,52.96408929959824,0.09711526388151981,0.03252517759242396,94.72000122070312,0.0013744041425702846,2774.02001953125,0.022408816640240525
2018-07-12,44.97087478637695,45.060332735978456,44.56596477212301,44.617755838512124,72164400,43.98249988555908,44.131070098876954,0.016765772949224544,0.17039088698883476,60.96884152455127,0.157657674829224,0.05755167703978397,94.80999755859376,0.003598987334575421,2798.2900390625,0.022538808679155586
2018-07-13,45.04151153564453,45.16157071738776,44.94028220851335,44.98265836167209,50055600,43.98873882293701,44.20375755310059,0.0015707221530183446,0.17046255216580045,62.74360476091992,0.2089293594183772,0.08782721351550263,94.75,0.00754996892344173,2801.31005859375,0.015033585236243097
2018-07-16,44.9426383972168,45.35225418695095,44.82728488367909,45.08624028463614,60172400,44.01310424804687,44.27296653747558,-0.0021951558697023144,0.1662441019322044,69.14991141582023,0.2388312054251216,0.11802801189742643,94.51000213623048,0.004570581386126982,2798.429931640625,0.005121817333628043
2018-07-17,45.06975173950195,45.16862462279862,44.54007326976923,44.66955094745963,62138000,44.04500274658203,44.31216812133789,0.0028283462390812364,0.16636942899589416,66.63505150838868,0.26967695019475,0.14835779955689116,94.97000122070312,0.009138248908447721,2809.550048828125,0.005623070914327455
2018-07-18,44.82256317138672,45.15214300759659,44.71191894827268,45.147433749220426,65573600,44.100442504882814,44.34018791198731,-0.005484577983565497,0.15595474128309914,64.25958690704636,0.27105185647292274,0.17289661094009748,95.08000183105467,0.0038006820704397093,2815.6201171875,0.014996322075310653
2018-07-19,45.17097854614258,45.32870458400602,44.65542428942272,44.65542428942272,81147200,44.16376895904541,44.37100204467774,0.007773213982066096,0.15730750675304478,64.48682861711706,0.2968339712699972,0.19768408300607743,95.16999816894533,0.0037970743552553365,2804.489990234375,0.0022156213563737648
2018-07-20,45.06739807128906,45.30045429470257,44.76842300145352,45.14743750979245,82704800,44.23415699005127,44.3936003112793,-0.0022930757355125175,0.15578153112547705,64.3408075173076,0.3053880806381386,0.21922488253248967,94.45999908447266,-0.0030606956783888473,2801.830078125,0.00018563440689289834
2018-07-23,45.10741424560547,45.18981010307365,44.62481763495967,44.8884786314792,63957600,44.3129020690918,44.404429321289065,0.000887918451673464,0.1548923896817323,60.98174295527128,0.31180198557986216,0.23774030314196418,94.66999816894533,0.0016929005300858613,2806.97998046875,0.003055302093310619
2018-07-24,45.43464660644531,45.59001983518572,45.21100528198632,45.305168915828304,74791600,44.44037780761719,44.42519271850586,0.007254513837971155,0.14269354919832586,74.80895684682719,0.3393778317911682,0.258067808871805,94.61000061035156,-0.003790677116186858,2820.39990234375,0.0038617762015489276
2018-07-25,45.86309051513672,45.87015260670079,45.300450878380246,45.44876198544905,66839600,44.56267414093018,44.456596755981444,0.009429894159903585,0.14044562829126517,75.26838534127904,0.39129314752993594,0.28471287660343125,94.36000061035156,-0.007572583159836999,2846.070068359375,0.010814651801213548
2018-07-26,45.7194938659668,46.131466017243845,45.5782448343984,45.813657492271,76304000,44.680969047546384,44.49317977905273,-0.0031309850155546437,0.14123630603057463,68.70520825338782,0.41605335568173274,0.31098097241909156,94.75,-0.004413136251192773,2837.43994140625,0.011748999385489345
2018-07-27,44.959102630615234,45.950191373723,44.75194196088316,45.90310956660715,96096000,44.74547157287598,44.506362991333006,-0.01663166345587197,0.15571174331283838,51.15612946252109,0.37005304009533546,0.3227953859543404,94.68000030517578,0.0023290411056047233,2818.820068359375,0.006063890300494146
2018-07-30,44.707218170166016,45.24631156955065,44.50947240208614,45.17568705463297,84118000,44.801970672607425,44.52011116027832,-0.005602524198908165,0.15727425977198403,48.787002281461206,0.3097024308667926,0.3201767949368308,94.36000061035156,-0.003274506861620008,2802.60009765625,-0.0015603541325466264
2018-07-31,44.79666519165039,45.23217996880992,44.57302392450554,44.79902161676559,157492000,44.83857727050781,44.53885002136231,0.0020007288564436454,0.15296142373625135,57.507617564923464,0.2660251925199191,0.3093464744534485,94.48999786376952,-0.0012683938886786095,2816.2900390625,-0.0014571916832909482
2018-08-01,47.43564987182617,47.49685586882303,46.44927027493961,46.87772303025375,271742800,45.045505332946775,44.60415344238281,0.05891029318556629,0.24450195168449168,71.7130033510812,0.4392908042847381,0.3353353404197064,94.62000274658205,0.002755427453886128,2813.360107421875,-0.011493027280370383
2018-08-02,48.82221984863281,49.05527961998562,47.16491669534667,47.21906058852959,249616000,45.30434112548828,44.6994010925293,0.029230546657487144,0.25946999917083696,77.03697318153993,0.6806436229991917,0.4043969969356035,95.16999816894533,0.004432698352984987,2827.219970703125,-0.003601828026026821
2018-08-03,48.963478088378906,49.14003757487544,48.37259004128553,48.73748036513408,133789600,45.53998908996582,44.791824111938475,0.002893318660725619,0.2578344041427999,78.58096166225495,0.8732495528207522,0.4981675081126333,95.13999938964844,0.004858460952576804,2840.35009765625,0.007637958001840861
2018-08-06,49.21772003173828,49.2600925807124,48.746894774097065,48.96582679468664,101701600,45.757628440856934,44.890320739746095,0.005192481279627792,0.25578706811120383,78.96119862844041,1.034481481321336,0.6054303027543738,95.36000061035156,0.010597710825897222,2850.39990234375,0.01705552095265883
2018-08-07,48.75632095336914,49.31895712244186,48.67392507741745,49.27658456368668,102349600,45.9549036026001,44.977564849853515,-0.009374653642460595,0.25992437593217343,76.66787522505305,1.1122070659881231,0.7067856554011237,95.22000122070312,0.0077257209592287435,2858.449951171875,0.014970017833606963
2018-08-08,48.78926849365234,48.921098994216976,48.14659300734389,48.50677405071217,90102000,46.18290023803711,45.068669357299804,0.0006757593608162082,0.25225702974701686,75.62530562182049,1.16305674874409,0.798039874069717,95.0999984741211,0.00507287797089373,2857.699951171875,0.015760457977998632
2018-08-09,49.17300033569336,49.384870304763766,48.77750517675299,49.32601713645395,93970400,46.39300651550293,45.169331817626954,0.007865087013775307,0.24872103952921906,77.96676497719803,1.2202531229323057,0.8824825238422347,95.5,0.003467498554206694,2853.580078125,0.009323684642521535
2018-08-10,49.02652740478516,49.39742321531509,48.823362350385615,48.98636733184349,98444800,46.59225730895996,45.2700309753418,-0.002978726738418591,0.2499746222298568,76.31477571126631,1.2394746281875726,0.9538809447113024,96.36000061035156,0.012823220817004488,2833.280029296875,-0.002489153842411551
2018-08-13,49.34308624267578,49.83446227625625,49.06668789966988,49.44703165810567,103563600,46.81227970123291,45.36119483947754,0.006456888844624142,0.24884831818278372,76.28077796770512,1.265661701957903,1.0162370961606224,96.38999938964844,0.010801161626514011,2821.929931640625,-0.00998806191359869
2018-08-14,49.550968170166016,49.742320557502325,49.19897191383636,49.647826708477496,82992000,47.03634052276611,45.44903007507324,0.004212989971236203,0.24875169014306087,75.55572003711414,1.2883383186209727,1.0706573406526925,96.7300033569336,0.015858035253859537,2839.9599609375,-0.006468537336746016
2018-08-15,49.66673278808594,49.78485191739147,49.21551684900846,49.42576875498392,115230400,47.27854900360107,45.53221206665039,0.002336273582432602,0.2459697443983039,77.4589222092074,1.3006577648022173,1.1166574254825976,96.6999969482422,0.016824379598244787,2818.3701171875,-0.013762758391848262
2018-08-16,50.39435958862305,50.510114057112624,49.95731725963036,50.02346370011316,114001600,47.539718055725096,45.62679229736328,0.014650184533814503,0.2481054257898476,87.98345045266005,1.3535317450178113,1.1640322893896404,96.6500015258789,0.012041900794543592,2840.68994140625,-0.004517180652319319
2018-08-17,51.40072250366211,51.48812950883822,50.35654979736229,50.42269622366473,141708000,47.85638427734375,45.74394805908203,0.019969753028992843,0.25127765144238,92.3144149453883,1.4598120276397708,1.2231882370396665,96.0999984741211,-0.0026982371791572923,2850.1298828125,0.005947119007437607
2018-08-20,50.89990234375,51.7787054453994,50.81721750232455,51.52357127038805,121150800,48.14600868225098,45.85937423706055,-0.009743445919002891,0.2573075069153766,86.67536829480646,1.4864925550840482,1.2758491006485428,95.9000015258789,-0.005083492757259611,2857.050048828125,0.012445424953227535
2018-08-21,50.80067825317383,51.30859271908015,50.56207888756199,51.21645993387259,104639200,48.4143102645874,45.97502868652344,-0.0019493964822577814,0.25886751405772646,79.10490702895183,1.482540704060419,1.317187421330918,95.26000213623048,-0.015196952028201705,2862.9599609375,0.00809870572696636
2018-08-22,50.80304336547852,51.11251493875671,50.51719345762094,50.57861771807685,76072400,48.661307907104494,46.08578659057617,4.6556707233413874e-05,0.2592267907956617,72.52647808307974,1.4627381436524232,1.3462975657952192,95.1500015258789,-0.01602890869989293,2861.820068359375,0.015416694530963282
2018-08-23,50.90699005126953,51.27552120432041,50.696738118838695,50.70854714948735,75532800,48.920682716369626,46.2060627746582,0.0020460720245283337,0.25765303204342405,72.29133268462068,1.4388459798784723,1.3648072486118699,95.62000274658205,-0.010656997030890625,2856.97998046875,0.005734536115699962
2018-08-24,51.06527328491211,51.240087325004346,50.817222341723664,51.16921871670235,73905600,49.22599124908447,46.329033584594725,0.003109263256051209,0.24433709299299367,71.66767625160952,1.4163565257036481,1.3751171040302255,95.1500015258789,-0.009885504301001768,2874.68994140625,0.00861717170921139
2018-08-27,51.48577499389648,51.67476635232463,51.10543119176735,51.2991447207412,82100400,49.564919090271,46.46964248657227,0.008234592354734449,0.240149629372645,82.32044448459669,1.4161400637397534,1.383321695972131,94.77999877929688,-0.011678860571027183,2896.739990234375,0.013891930742525815
2018-08-28,51.90154266357422,52.09998192790679,51.71727711744975,51.738537694761895,91107200,49.920162963867185,46.61903770446777,0.008075389167726987,0.23937572365966153,83.79007234600188,1.432998774440449,1.3932571116657948,94.72000122070312,-0.005668705683578579,2897.52001953125,0.01207144321446707
2018-08-29,52.67641067504883,52.79689450488608,51.83304188973848,52.00785590995711,109019200,50.18220100402832,46.79829055786133,0.014929575725664002,0.14726546163340049,85.05903245410718,1.4916895284752698,1.4129435950276898,94.5999984741211,-0.0057803788012364965,2914.0400390625,0.01824711877608065
2018-08-30,53.16070556640625,53.92375428339469,52.53939766980651,52.74020167124527,195175200,50.399125289916995,46.98341567993164,0.009193771655114258,0.11842005775503064,88.75113884546455,1.5593062128162458,1.4422161185854012,94.72000122070312,-0.009412272537412059,2901.1298828125,0.015453346766716392
2018-08-31,53.77492904663086,54.06786225157614,53.38985943788561,53.51033968139917,173360400,50.63969783782959,47.18572151184082,0.011554088187511802,0.12102508820595584,89.34567525774243,1.6435102606475596,1.4824749469978329,95.13999938964844,-0.00010511966442527942,2901.52001953125,0.009333207640429997
2018-09-04,53.94737243652344,54.14108594690396,53.53868123150636,53.95918507117456,109560400,50.876180458068845,47.39401870727539,0.003206761830276683,0.12112859849877419,89.27820913142847,1.7045087991889076,1.5268817174360478,95.41999816894533,0.0067524730733405924,2896.719970703125,-6.911055640990149e-06
2018-09-05,53.59537506103516,54.25684293673854,53.17723591930928,54.09620264370011,133332000,51.11813316345215,47.608223571777344,-0.006524828913631486,0.11711573813335432,83.67758568593888,1.7047955125463048,1.5624644764580995,95.12999725341795,0.004328505357168666,2888.60009765625,-0.003078467729255907
2018-09-06,52.70476150512695,53.70877419122638,52.27953188183695,53.44418486745145,137160000,51.31390781402588,47.79397552490234,-0.016617358398816395,0.13914562734460637,69.26711797116572,1.6145461808017672,1.5728808173268332,95.0199966430664,0.004439727016065431,2878.050048828125,-0.012350547608108275
2018-09-07,52.27953720092773,53.241025220168055,52.14015746721869,52.40946898858465,150479200,51.4692346572876,47.97249435424805,-0.008068043418768989,0.14451961828281162,58.11527140379224,1.4915176011136353,1.5566081740841937,95.37000274658205,0.006862347102006172,2871.679931640625,-0.01015120051892493
2018-09-10,51.57790756225586,52.40946737291451,51.13850418781404,52.19685074383668,158066000,51.59680366516113,48.130671463012696,-0.013420731633014826,0.15474315729409266,56.037034344878094,1.3221598811663426,1.5097185155006236,95.1500015258789,0.0001051307157309278,2877.1298828125,-0.00840598601924869
2018-09-11,52.881935119628906,52.98824161403199,51.15975621240195,51.50230096312733,142996000,51.77374610900879,48.31676544189453,0.025282676614964528,0.17419699922919635,65.25806392071911,1.2784298501015883,1.4634607824208166,95.05999755859376,-0.0037728004324016906,2887.889892578125,-0.0030483022916628633
2018-09-12,52.22518157958984,53.153595992668166,51.93460599277283,53.13942227715688,197114800,51.90745677947998,48.47997840881348,-0.012419241817709037,0.18310418859249863,59.513171022983805,1.1772088328243555,1.4062103925015244,94.8000030517578,-0.003468876392176079,2888.919921875,0.0001107194516158927
2018-09-13,53.48670959472656,53.94501243257914,52.57955546881573,52.80398111284486,166825600,52.098455619812015,48.68377082824707,0.024155550578875307,0.19828860569942294,64.94249775064208,1.185123845192713,1.3619930830397622,94.54000091552734,-0.005051523305585004,2904.179931640625,0.009079023077843695
2018-09-14,52.87956619262695,53.58828090480204,52.56773359371882,53.33078209117536,127997200,52.22271595001221,48.868452072143555,-0.011351294680491453,0.2008565500075575,59.989481351663095,1.1293862889583437,1.3154717242234786,94.9800033569336,-0.00408932975167009,2904.97998046875,0.011596016833637979
2018-09-17,51.471588134765625,52.66931411966583,51.32748266627687,52.480322809477535,148780400,52.22625923156738,49.0128734588623,-0.0266261272403866,0.21468423207755713,49.929548248746435,0.9605294264500799,1.2444832646687989,94.51000213623048,-0.006726215232633059,2888.800048828125,0.004056183241966549
2018-09-18,51.5566291809082,52.40944927862662,51.29203992971887,51.45031910071753,126286800,52.25909557342529,49.14670738220215,0.0016521939428004728,0.21150226696361354,48.22899074978346,0.8240718606279174,1.1604009838606226,94.62000274658205,-0.004628601128887189,2904.31005859375,0.005685869831057122
2018-09-19,51.58734893798828,51.88264677017388,50.86209933658958,51.61806106604274,108495200,52.29842910766602,49.2822380065918,0.0005958449489062989,0.2112681678269577,43.94536361411473,0.7102201089317219,1.0703648088748425,94.5500030517578,-0.0026371307167945,2907.949951171875,0.006587247072090463
2018-09-20,51.97951889038086,52.51105512704043,51.77162800875766,52.02913052520851,106435200,52.35725288391113,49.43724166870117,0.007602056714796301,0.21258396700186688,43.3652328524907,0.6442105548428714,0.9851339580684484,93.91000366210938,-0.006663816874519335,2930.75,0.009148905709972732
2018-09-21,51.41961669921875,52.29369747504303,51.33220609833967,52.15667886190373,384986800,52.3828842163086,49.56621650695801,-0.010771592410135256,0.21675962142199987,36.68889671714746,0.5404876746538534,0.8962047013855294,94.22000122070312,-0.00800170677373413,2929.669921875,0.008499177816112091
2018-09-24,52.15904235839844,52.27007462582272,51.17629396428062,51.22117980915976,110773600,52.43757266998291,49.70856712341308,0.014380225031722649,0.22212312486808994,40.50190772262978,0.5120494288032447,0.8193736468690725,94.26000213623048,-0.0026452226679630764,2919.3701171875,0.01058227216929608
2018-09-25,52.489784240722656,52.638615511284215,51.90154962324088,51.91336225823483,98217600,52.48777313232422,49.859510040283205,0.006341026739939082,0.22142304823700887,44.11475162165979,0.5103173985495317,0.7575623972051645,94.12999725341795,-0.005178667078212351,2915.56005859375,0.0038735533648384113
2018-09-26,52.07163238525391,52.85830615636971,51.91571428185233,52.208650996905945,95938800,52.4962776184082,49.99954765319824,-0.007966347385827688,0.22200164682414128,46.451243757053355,0.4697879687287525,0.7000075115098822,94.19000244140624,-0.0038075155868000365,2905.969970703125,-0.0006808853322775033
2018-09-27,53.14179229736328,53.49378857882078,52.80869550800178,52.87484553269253,120724800,52.51954669952393,50.165932235717776,0.02055168741766633,0.2277526295977605,54.5071694772294,0.5180493147784162,0.663615872163589,95.0,0.011606818181079559,2914.0,-0.00571526059882288
2018-09-28,53.32841491699219,53.35203657520837,52.92208490670003,53.10398573332982,91717600,52.52793216705322,50.329080963134764,0.00351178632787974,0.22577280921685391,59.67092083073586,0.56484448929168,0.6438615955892072,95.19000244140624,0.01029506695113458,2913.97998046875,-0.005355532133192842
2018-10-01,53.68750762939453,54.19778315474895,53.47253354452783,53.85051261149746,94403200,52.52356109619141,50.50148315429688,0.006733609333059887,0.22320648750470262,54.969338146358,0.6237159735687356,0.639832471185113,95.3000030517578,0.011033321578162392,2924.590087890625,0.001788046905184526
2018-10-02,54.16471099853516,54.33480284363987,53.53868101635113,53.685147592248526,99152800,52.53442802429199,50.682629089355466,0.008888536462425822,0.22518734566923515,62.23541936794248,0.7007999867250092,0.6520259742930923,95.51000213623048,0.014660628100277684,2923.429931640625,0.002699266312034432
2018-10-03,54.82381820678711,55.15455034988667,54.28283053842638,54.346615881992015,114619200,52.59585018157959,50.870412521362304,0.012168572417376566,0.22744199809745969,59.1289409683608,0.8057854724860576,0.6827778739316853,95.76000213623048,0.016668432467670025,2925.510009765625,0.006724102196338899
2018-10-04,53.859954833984375,54.88995365100147,53.56229236005204,54.519057903231584,128168000,52.65360984802246,51.030349807739256,-0.017581106247784306,0.22846850317516354,56.3825892943621,0.8019669319044809,0.7066156855262444,95.75,0.007894736842105177,2901.610107421875,-0.00425185057588362
2018-10-05,52.985870361328125,53.959174308019705,52.10942855757086,53.85286782678433,134322000,52.68892650604248,51.17567733764648,-0.01622883783230955,0.23460523908863654,60.5948895992006,0.7201084372551207,0.7093142358720197,95.62000274658205,0.004517284317126613,2885.570068359375,-0.009749522062538318
2018-10-08,52.8630256652832,53.10635073506729,52.01965351887328,52.494494631618345,118655600,52.75318241119385,51.333755798339844,-0.0023184425434026323,0.22893676804866353,59.09228967124136,0.6379683481757681,0.6950450583327694,95.7699966430664,0.004931726928207425,2884.429931640625,-0.013731892348361807
2018-10-09,53.59537506103516,53.689872531684166,52.50395540918603,52.83232645968275,107564000,52.78885440826416,51.51151893615722,0.01385371697013782,0.2163242749848796,62.73204159841801,0.6247643173824002,0.6809889101426956,95.68000030517578,0.001779899122008377,2880.340087890625,-0.014739482305915264
2018-10-10,51.11251449584961,53.47253621494058,51.03928120567304,53.262284289555225,167962400,52.73322105407715,51.63783592224121,-0.04632602276517406,0.27043384343893584,45.65472749130487,0.40923650666189104,0.6266384294465348,95.51000213623048,-0.002610693341927317,2785.679931640625,-0.04779682095027338
2018-10-11,50.66130065917969,51.85430474673221,50.15811555179249,50.67783906976985,212497600,52.59195060729981,51.70234893798828,-0.008827854413356206,0.25473143996597997,46.15759303902482,0.1997177562301431,0.5412542948032565,95.0199966430664,-0.007624055947087149,2728.3701171875,-0.05970477900916238
2018-10-12,52.470890045166016,52.65279454925669,51.22591316903266,52.07164673313409,161351600,52.571516799926755,51.775322341918944,0.03571936295438238,0.28611310703772325,51.42553920917267,0.17764361211037993,0.4685321582646812,95.22000122070312,-0.004183241104259605,2767.1298828125,-0.0410456799665293
2018-10-15,51.3487548828125,52.40474032798749,51.32749430183293,52.246461106178046,123164000,52.5653751373291,51.82302787780762,-0.021385861024800668,0.28024605264401065,45.135978092599096,0.06880957043723157,0.3885876406991913,95.06999969482422,-0.007309146630244401,2750.7900390625,-0.04633147476115407
2018-10-16,52.48032760620117,52.67877048262682,51.20700353895954,51.71964012658048,116736000,52.61156005859375,51.88828002929687,0.022037004129333404,0.29094851215575995,51.642309304217086,0.07302448927774208,0.32547501041490146,95.0500030517578,-0.006584419433618094,2809.919921875,-0.02444855949881819
2018-10-17,52.253536224365234,52.59608094710994,51.816494043984775,52.51576081165162,91541600,52.6448694229126,51.958224334716796,-0.004321455146730768,0.2915729653091126,46.17108917533656,0.05740296800316713,0.27186060193255457,95.58000183105467,0.0007329043373316413,2809.2099609375,0.008446781351157284
2018-10-18,51.03219223022461,51.9109988853349,50.31875164361143,51.46686978304842,130325200,52.597503089904784,52.003082809448244,-0.02337342278418142,0.30251892436236144,40.91256456561275,-0.05291943102378127,0.2069045953412874,95.9000015258789,0.009261259881097939,2768.780029296875,0.014811008174738127
2018-10-19,51.80941009521485,52.27007396234615,51.36528103115512,51.5141122823474,132314800,52.61699275970459,52.05581100463867,0.015229952526513602,0.30515774624357,42.805424442138836,-0.07675100307103833,0.15017347565882228,95.70999908447266,0.005145955235116961,2767.780029296875,0.00023495336753542873
2018-10-22,52.12598037719727,52.766187767619336,51.722014895673645,51.92281529140717,115168400,52.61533966064453,52.117800064086914,0.006110285397973758,0.3015791472579407,42.092760311542655,-0.06929433755880154,0.10627991301529752,96.01000213623048,0.0098874770634656,2755.8798828125,0.0018503206997706467
2018-10-23,52.61734771728516,52.74019262431789,50.72035473904034,50.98730513181056,155071200,52.621717834472655,52.183285293579104,0.009426534264338482,0.3026175947371406,41.32936027886937,-0.023465146993096653,0.08033090101361869,95.95999908447266,0.00957386642291147,2740.68994140625,-0.024637705839871127
2018-10-24,50.81248474121094,52.971702219608254,50.68255298171079,52.58663632017464,163702000,52.558760452270505,52.208515625,-0.034301671490015395,0.3257105983813524,38.76699554434677,-0.13126935023110065,0.038010850764674815,96.43000030517578,0.00889305773004212,2656.10009765625,-0.054502819443995376
2018-10-25,51.925174713134766,52.2984316284464,51.204647237524014,51.43143757260694,119423200,52.49792957305908,52.253684463500974,0.02189796420290757,0.32692606800745294,46.15784910850714,-0.12547379261189207,0.0053139220893614406,96.68000030517578,0.008133459508719465,2705.570068359375,-0.022829535126902778
2018-10-26,51.09833526611328,52.01730193367116,50.240789247146296,51.00383780130841,189033600,52.38642559051514,52.267763977050784,-0.0159236719296455,0.33066238084088545,43.91796644201242,-0.18546191512150045,-0.03284124535281094,96.36000061035156,0.006791364874063177,2658.68994140625,-0.03941429114160422
2018-10-29,50.13920593261719,51.899180119940304,48.68633857706264,51.78106099858024,183742000,52.20901050567627,52.242533645629884,-0.018770265772868666,0.33417768217895555,38.271596627864284,-0.3068593720091002,-0.08764487068406879,96.58000183105467,0.005936878264156231,2641.25,-0.04159465857979083
2018-10-30,50.38962936401367,50.83375491022731,49.43758931750265,49.88171486371628,146640000,52.020256423950194,52.232328186035154,0.0049945631714438665,0.3325913126567592,47.10886356826347,-0.3784975688095358,-0.14581541030916217,97.01000213623048,0.010942091098120166,2682.6298828125,-0.021184468084689434
2018-10-31,51.703121185302734,52.07873926586971,51.17394602700144,51.23537029997951,153435600,51.86422157287598,52.250377044677734,0.0260667093183089,0.3446576869451871,53.897854565082795,-0.3255310242191811,-0.18175853309116596,97.12999725341795,0.007259120045907563,2711.739990234375,0.02094796526201015
2018-11-01,52.496856689453125,52.52992989553094,51.21880707475124,51.74798197670541,233292800,51.79606666564941,52.28425331115723,0.015351790877491833,0.3456234895716204,50.105143684011026,-0.21700533198148264,-0.1888078928692293,96.27999877929688,-0.0041373761338051596,2740.3701171875,0.012862372050570281
2018-11-02,49.01471328735352,50.47230292231517,48.53042413230621,49.50372821693035,365314800,51.59750881195068,52.24640777587891,-0.0663305123714042,0.4138245421281321,42.06549797816771,-0.4072829062421519,-0.23250289554381384,96.54000091552734,0.001867998173885832,2723.06005859375,0.024211216277988834
2018-11-05,47.6232795715332,48.28474755386058,46.815344991977874,48.26348697130372,264654800,51.33552150726318,52.177567901611326,-0.028388082322605923,0.42303163665361326,33.775270899351725,-0.6627169385489537,-0.31854570414484185,96.3499984741211,-0.002381480146748438,2738.31005859375,0.03674777419545672
2018-11-06,48.13828659057617,48.36271228815583,47.64691042061569,47.70124422841244,127531600,51.06266708374024,52.110618133544925,0.010814186332325004,0.42138235252152373,36.512911143249795,-0.8142078063465874,-0.417678124585191,96.31999969482422,-0.00711269380694679,2755.449951171875,0.027145029892468697
2018-11-07,49.59822082519531,49.62420717738596,48.22331605807008,48.65799358134124,133697600,50.98695240020752,52.06455169677734,0.030327922699786125,0.409388476515156,45.372747256751246,-0.8071565210178804,-0.4955738038717289,96.0,-0.01163386477268935,2813.889892578125,0.03766950471343722
2018-11-08,49.4251594543457,49.81156885025763,49.01266942276052,49.778380246609615,101450400,50.92514533996582,51.99952667236328,-0.003489265702887767,0.40850376311673664,41.99415653367933,-0.8062391102894608,-0.5577068651552752,96.63999938964844,0.0037391006950133754,2806.830078125,0.02425218422893516
2018-11-09,48.4721794128418,48.83725414465748,47.94590026761649,48.72820739840714,137463200,50.72520980834961,51.90575614929199,-0.019281273991319736,0.38928447467691135,38.234116298998394,-0.8723536310035271,-0.6206362183249257,96.91000366210938,0.0038326366591376893,2781.010009765625,0.021281187313144212
2018-11-12,46.03044509887695,47.376962562228506,45.940360152383896,47.175457903164016,204542000,50.45929431915283,51.750866470336916,-0.05037393291455661,0.4192330568444716,31.156014268337373,-1.1089936294746678,-0.7183077005548741,97.54000091552734,0.012350829893639004,2726.219970703125,-0.004415163963146562
2018-11-13,45.57053756713867,46.74399658446505,45.38562904888302,45.42830219317391,187531600,50.11380481719971,51.58332977294922,-0.009991377027755544,0.40695649603704603,33.753467984822095,-1.3184450139485548,-0.8383351632336103,97.3000030517578,0.010174453488772661,2722.179931640625,-0.012074260146550775
2018-11-14,44.28328323364258,46.1039218061146,44.07703636390938,45.966425098721565,243204000,49.71529216766358,51.39708793640137,-0.02824751258638525,0.4138920542319133,26.568786109859587,-1.5702070424739603,-0.9847095390816805,96.8000030517578,0.008333365122477066,2701.580078125,-0.03991265427597279
2018-11-15,45.37614059448242,45.5088950350297,44.30698624887807,44.66021072748847,185915200,49.43248958587647,51.25051551818848,0.02467877901179616,0.4250800472663465,32.73649182870351,-1.6623828931037963,-1.1202442098861036,96.93000030517578,0.003000837307107984,2730.199951171875,-0.02730130603570946
2018-11-16,45.87872314453125,46.22009385580825,44.91388027599369,45.16042378008925,147713200,49.135955238342284,51.122499237060545,0.011075921033926406,0.42264064977014565,36.78227139575881,-1.6755638502246626,-1.2313081379538156,96.47000122070312,-0.004540320140120735,2736.27001953125,-0.016087676807084006
2018-11-19,44.06044387817383,45.20782570490304,43.854200625676015,45.04188265017564,167701200,48.73267841339111,50.972149963378904,-0.039632298846446035,0.43662037995704545,32.10517573869788,-1.8118439848837653,-1.3474153073398054,96.19000244140624,-0.013840459928745052,2690.72998046875,-0.013018021515417866
2018-11-20,41.9553337097168,43.01974597874053,41.60685143343039,42.28485054583868,271300800,48.199577713012694,50.753617935180664,-0.047777779413153754,0.45323078768160646,23.620435984967514,-2.0658973917456365,-1.4911117242209717,96.80999755859376,-0.005036027521020503,2641.889892578125,-0.029494758274156485
2018-11-21,41.90792465209961,42.735274398976415,41.85340126887431,42.60725857383587,124496800,47.75434970855713,50.54727279663086,-0.0011299888101284905,0.4457131654671423,20.137860759213154,-2.2451810126382696,-1.6419255819044314,96.70999908447266,-0.0009297930211532579,2649.929931640625,-0.019118495469592767
2018-11-23,40.8434944152832,41.86523677581729,40.7984555811397,41.471712178076345,94496000,47.20026569366455,50.29440849304199,-0.025399259105594374,0.43338501515945804,23.317564968519733,-2.444971093338502,-1.8025346841912455,96.91999816894533,-0.00010318927266028677,2632.56005859375,-0.03576290906320445
2018-11-26,41.39585494995117,41.47408601348081,40.36226224639688,41.30577365457601,179994000,46.715141677856444,50.064734268188474,0.013523831458977176,0.4419829407852138,28.485924829453765,-2.529575916268712,-1.947942930606739,97.06999969482422,0.006219534223373957,2673.449951171875,-0.022958285516769594
2018-11-27,41.30577850341797,41.43142136093944,40.50924821986047,40.65859516114247,165549600,46.27347030639648,49.861418075561524,-0.0021759774412706268,0.441589827342158,25.681523861040304,-2.574220255709349,-2.0731983956272613,97.37000274658205,0.012267390323590144,2682.169921875,-0.0031813146082606547
2018-11-28,42.89409637451172,42.97706609276824,41.469348200420384,41.89606149396926,184250000,45.89869365692139,49.6881674194336,0.03845267971313793,0.4709203257189399,26.354565142046496,-2.453158751244139,-2.149190466750637,96.79000091552734,-0.00020655555800752623,2743.7900390625,0.038570928625997425
2018-11-29,42.5645751953125,43.33502836731768,42.12600809664095,43.30183975998431,167080000,45.441766357421876,49.50771194458008,-0.007682203544332578,0.4538512530348388,26.066873679058403,-2.3566403588927756,-2.190680445179065,96.77999877929688,0.000723810314206208,2737.800048828125,0.033159411552100115
2018-11-30,42.33463287353516,42.74949235818661,41.96718517795777,42.74000782999921,158126000,44.933655166625975,49.314814224243165,-0.005402199381110195,0.4447984082283438,27.451710797054602,-2.2725072126750234,-2.207045798678257,97.2699966430664,0.003611210077728133,2760.169921875,0.04847367598117258
2018-12-03,43.81390380859375,43.84235015808843,42.95810782751556,43.72856114282213,163210000,44.67361469268799,49.162699966430665,0.0349423352619489,0.4202511515246855,41.23711060351647,-2.0626888928966096,-2.1781744175219275,97.04000091552734,-0.00030904274638088314,2790.3701171875,0.043733815164325174
2018-12-04,41.88658142089844,43.237837196394814,41.78701558662896,42.896466554735234,165377200,44.38677978515625,48.95725074768066,-0.043988830488948194,0.4350283717976386,36.94996314957488,-2.0285414095485166,-2.1482478159272453,96.97000122070312,-0.004108057046275038,2700.06005859375,0.006670023615149567
2018-12-06,41.41957092285156,41.43379409773715,40.40020118769581,40.717864151099256,172393600,44.05084400177002,48.73584648132324,-0.01114940590052238,0.43070839323107313,39.22970292427327,-2.015924800962736,-2.1217832129343437,96.80999755859376,0.0002065982320205162,2695.949951171875,-0.017435768484301062
2018-12-07,39.942665100097656,41.365040213085045,39.8976226427538,41.127977694253815,169126400,43.56806621551514,48.493267135620115,-0.035657197548106034,0.4180860038534606,30.138685188888104,-2.1008823407694877,-2.1176030385013727,96.51000213623048,-0.0027897979589988076,2633.080078125,-0.038249678148683186
2018-12-10,40.20580291748047,40.32196123166559,38.71941997527431,39.11531393068012,248104000,43.10709838867187,48.23454734802246,0.006587888332523217,0.4218200485051123,28.893964140565146,-2.122511785775359,-2.11858478795617,97.22000122070312,-0.0005139860603341484,2637.719970703125,-0.04436319307787184
2018-12-11,39.975852966308594,40.7249677627777,39.58943991025158,40.69415209565656,189126800,42.682282066345216,47.96749610900879,-0.005719322448150876,0.4205781970934685,32.76655206146124,-2.1336133494970895,-2.121590500264354,97.38999938964844,0.003606744340674206,2636.780029296875,-0.05504290880431062
2018-12-12,40.087284088134766,40.75579868880228,40.068318647488375,40.39546255109676,142510800,42.3851240158081,47.6954916381836,0.0027874607683815444,0.39307501667370903,40.524331495338956,-2.109107381446819,-2.119093876500847,97.04000091552734,0.0007218695879449566,2651.070068359375,-0.01814403723296809
2018-12-13,40.525856018066406,40.909899939778064,40.19396978181057,40.41680923356321,127594400,42.132889938354495,47.42271453857422,0.010940425122525355,0.3976717794623923,43.25704992747114,-2.0308863421941226,-2.101452369639502,97.05999755859376,0.0025823779186513462,2650.5400390625,-0.0168437518988942
2018-12-14,39.229103088378906,40.082529570128,39.18169130990103,40.06356413527948,162814800,41.88018093109131,47.11082023620605,-0.03199816258315202,0.40072237982305153,42.29817148385448,-2.0499027264333733,-2.0911424409982766,97.44000244140624,0.009636310067250742,2599.949951171875,-0.012582270941306373
2018-12-17,38.864036560058594,39.90948331498021,38.57718927162782,39.22199972246695,177151600,41.554575729370114,46.81090187072754,-0.009306012617669501,0.3843334359510485,37.70159295354406,-2.070563004362235,-2.0870265536710684,97.0999984741211,-0.0012343421628807638,2545.93994140625,-0.034795213410167114
2018-12-18,39.36897277832031,39.71508201729527,38.97070588046719,39.20539906762815,135366000,41.22908821105957,46.538563919067386,0.012992377090871976,0.38561576559905436,40.95638376473153,-2.0228738599225196,-2.074196014921359,97.13999938964844,-0.0025669986812483225,2546.159912109375,-0.03436771978725306
2018-12-19,38.140995025634766,39.69612483606224,37.71428169538635,39.35238484849376,196189200,40.933115768432614,46.24412330627442,-0.031191511132385163,0.37731524405260086,27.033270134737222,-2.0604162158045227,-2.071440055097992,97.04000091552734,0.0,2506.9599609375,-0.05435922239168056
2018-12-20,37.17852020263672,38.43021017900651,36.81581479001181,38.024831626332364,259092000,40.694275093078616,45.91578620910644,-0.02523465427032412,0.35261333912272746,25.475015441866645,-2.1431278341756865,-2.0857776109135306,96.27999877929688,-0.0080362538524279,2467.419921875,-0.0690878517165392
2018-12-21,35.7324333190918,37.4938097578085,35.47166671241152,37.185627752379936,382978400,40.385500526428224,45.60818458557129,-0.038895762275184986,0.37099627753044034,22.934918149225737,-2.2988646331917195,-2.1283950153691684,96.95999908447266,-0.004926142702246117,2416.6201171875,-0.07051283194960845
2018-12-24,34.80788803100586,35.92682334359603,34.7509917276026,35.1208086565069,148676800,40.083720207214355,45.291116333007814,-0.02587412057358973,0.3713008125482092,11.321575726795388,-2.4684356567331562,-2.196403143641966,96.5500030517578,-0.005664216591207083,2351.10009765625,-0.07652963079811703
2018-12-26,37.25911712646485,37.27334029939218,34.78181443000984,35.15637365867392,234330000,39.876883316040036,44.98688087463379,0.07042165538097311,0.4590115662178579,30.98210119952445,-2.377620483440033,-2.2326466116015795,97.0500030517578,-0.0009264601446994369,2467.699951171875,-0.030815016984734322
2018-12-27,37.017311096191406,37.16429231852565,35.575974156047664,36.94382229366778,212468400,39.66245994567871,44.700251998901365,-0.006489848630946038,0.4589327235506065,31.56642263758424,-2.298662974204383,-2.2458498841221406,96.4800033569336,-0.005770790945078708,2488.830078125,-0.007231819851530541
2018-12-28,37.03627395629883,37.57914911568822,36.63801068620746,37.3373443489689,169165600,39.369568824768066,44.39137092590332,0.0005122700581396966,0.4300596706263124,36.13750469880867,-2.209093381555874,-2.2384985836088873,96.38999938964844,0.0011425073924618001,2485.739990234375,0.007424787405239774
2018-12-31,37.39423370361328,37.778273730881104,37.0955326892618,37.58151145521204,140014000,39.11105175018311,44.09418487548828,0.009665112309538149,0.43406844317399834,36.709986029036834,-2.0851877279109488,-2.2078364124693,96.16999816894533,-0.008147699288229893,2506.85009765625,0.037337262827126017
2019-01-02,37.436920166015625,37.657390234429776,36.56215871456512,36.718620877015454,148158800,38.86616611480713,43.8222794342041,0.0011415252613724558,0.43482936134157824,37.782417530776826,-1.9609426378503656,-2.1584576575455134,96.81999969482422,0.002796443651293057,2510.030029296875,0.06759811366562318
2019-01-03,33.70792770385742,34.54475829394252,33.66288523639479,34.132268116287044,365248800,38.36086730957031,43.460249786376956,-0.09960735139594357,0.521397312881314,27.22967567017038,-2.1387221780850325,-2.1545105616534173,96.30999755859376,-0.007624991961817651,2447.889892578125,-0.00802774202120582
2019-01-04,35.14688491821289,35.2156350688356,34.08958819478278,34.26264280679694,234428400,38.02388248443604,43.12066787719726,0.042688984828658016,0.5423341478948731,32.08017240875354,-2.138846630649823,-2.1513777754526986,96.19000244140624,-0.003005813696486781,2531.93994140625,0.01732133650270229
2019-01-07,35.06866455078125,35.28202303602157,34.58742781885169,35.25120374411971,219111200,37.70633716583252,42.76969421386719,-0.002225527742036326,0.5426087806733401,34.91490868451484,-2.1208096170338706,-2.145264143768933,95.70999908447266,-0.0070546769320636304,2549.68994140625,0.025726725813284057
2019-01-08,35.737186431884766,35.99084514650558,35.208537854389775,35.45508136320859,164101200,37.496063232421875,42.468188247680665,0.019063226092783214,0.5400051380813171,38.906652584430496,-2.029179902266293,-2.122047295468405,95.9000015258789,-0.0028074934824486864,2574.409912109375,0.026950081505188184
2019-01-09,36.34406280517578,36.63327943614389,35.471674265217295,35.86519539069432,180396400,37.30297622680664,42.156566009521484,0.01698164947729519,0.5442040432318608,39.3453799461036,-1.8858538919463612,-2.0748086147639966,95.22000122070312,-0.01652549555013716,2584.9599609375,0.02985220525892074
2019-01-10,36.46022415161133,36.50052435461603,35.7632596139456,36.152042085783165,143122800,37.127194786071776,41.86380378723145,0.0031961574317718178,0.5448517995234159,43.576744234866865,-1.7428037890803694,-2.008407649627271,95.54000091552734,-0.00799498144102817,2596.639892578125,0.060766622081737554
2019-01-11,36.10225677490234,36.436515862873954,35.91734826183033,36.24212643871853,108092800,36.92794342041016,41.58306480407715,-0.009818024574409279,0.5445996748465454,45.687692431849456,-1.63942228795041,-1.934610577291899,95.66999816894533,-0.0054060116359563315,2596.260009765625,0.025403473165975354
2019-01-14,35.55938720703125,35.860457698224735,35.37447868293772,35.7608918481196,129756800,36.6796199798584,41.2864599609375,-0.015036998137149094,0.5425377327623472,49.25254941893515,-1.5830483447533936,-1.864298130784198,95.58999633789062,-0.0012538161919333213,2582.610107421875,0.012911438948324916
2019-01-15,36.28717041015625,36.36302855383263,35.57124041452966,35.62339447087061,114843600,36.53252334594727,40.97814094543457,0.02046669699024206,0.5410908408379634,56.50005782895034,-1.462783508725778,-1.783995206372514,95.97000122070312,0.000729923813456157,2610.300048828125,0.013941111922360028
2019-01-16,36.730464935302734,36.95330426774839,36.270563098942425,36.28952853333001,122278800,36.425844764709474,40.662813110351564,0.012216288019591959,0.5433254682973625,47.17933604090583,-1.3165264983366143,-1.690501464765334,96.05999755859376,0.00882163754591514,2616.10009765625,0.01204666114343067
2019-01-17,36.94855880737305,37.37527200094984,36.33219490361918,36.555034216780754,119284800,36.30482406616211,40.42149002075195,0.005937683404075189,0.5412735046037451,49.63223636123968,-1.169536719794344,-1.586308515771136,96.06999969482422,0.0055474018653765,2635.9599609375,0.015142672833365234
2019-01-18,37.17615509033203,37.42744084338128,36.97701977635849,37.33735590651915,135004000,36.25658206939697,40.21254753112793,0.006159814896855131,0.5312545122557376,50.731903604049904,-1.0228899052611453,-1.473624793669138,96.33999633789062,0.00700322129997466,2670.7099609375,0.02867584559783598
2019-01-22,36.34169769287109,37.15482068328564,36.180493242153865,37.07896253146266,121576000,36.214740943908694,39.97661575317383,-0.02244603820468649,0.5296387196261569,44.75435692031112,-0.9629052144099575,-1.371480877817302,96.3000030517578,0.007427625704236274,2632.89990234375,0.01947246887067955
2019-01-23,36.48866271972656,36.777879284107165,35.96238363485609,36.54318608659887,92522400,36.25255241394043,39.71442459106445,0.004043978024843575,0.5100254031108682,45.32267836781082,-0.8932116771060592,-1.2758270376750536,96.12000274658205,0.0015630043135455018,2638.699951171875,0.010879937866338452
2019-01-24,36.1994514465332,36.62142250530072,35.971873419279106,36.53371051743065,101766000,36.322130584716795,39.449910430908204,-0.007926058442174866,0.501127071631321,68.60185740032304,-0.8515004126684929,-1.1909617126737415,96.5999984741211,0.005621496244552215,2642.330078125,0.010026367298502592
2019-01-25,37.39897918701172,37.48669477291411,36.58348721486467,36.85847696932407,134142000,36.32912368774414,39.2284464263916,0.03313662756050939,0.44879339165429255,67.43769372409255,-0.713428116074752,-1.0954549933539437,95.79000091552734,-0.002914528783036552,2664.760009765625,0.010925829396089215
2019-01-28,37.05288696289063,37.05999855186445,36.42704181217523,36.93198271575881,104768400,36.3309024810791,39.048895263671874,-0.00925405536847601,0.44947791346242605,64.75166588392247,-0.6247300768947355,-1.001310010062102,95.75,-0.0061241058783243485,2643.85009765625,-0.010057199648823456
2019-01-29,36.6688346862793,37.48670340411951,36.53371090938889,37.04102463814137,166348800,36.312530517578125,38.870861206054684,-0.010364975797863551,0.4511116149914727,57.232228734417696,-0.5787545289261615,-0.9167989138349139,95.81999969482422,-0.004984458377177758,2640.0,0.0026966834743431534
2019-01-30,39.174583435058594,39.38793826706386,37.984528510908085,38.70045837079162,244439200,36.40154800415039,38.76868721008301,0.06833456176661357,0.5119258134634905,66.96991264430062,-0.3362495181772118,-0.8006890347033735,95.33999633789062,-0.00811492287144322,2681.050048828125,0.0160496071701679
2019-01-31,39.456687927246094,40.06356742305423,39.01100921494888,39.37845685855858,162958400,36.502536392211915,38.65029815673828,0.007201212302746063,0.5121118940920282,67.614312911624,-0.11991674948798448,-0.6645345776602957,95.58000183105467,-0.010558971627102842,2704.10009765625,0.02337710191570097
2019-02-01,39.47565841674805,40.05883028737743,39.33578875751876,39.5799665216834,130672400,36.79092292785644,38.522236862182616,0.0004807927501906395,0.3401420722196738,70.65322539585563,0.05245462399789602,-0.5211367373286573,95.58000183105467,-0.0021922860681237166,2706.530029296875,0.01567496486669495
2019-02-04,40.596961975097656,40.6941584894352,39.65582335554743,39.68664264479774,125982000,37.06342678070068,38.452967224121096,0.028404936189079022,0.32431068409021246,78.80193779547406,0.27635436430107063,-0.3616385170027117,95.8499984741211,0.0010443704869043113,2724.8701171875,0.03064471000193003
2019-02-05,41.29155349731445,41.50491196410588,40.85773221114225,40.97863281022283,144406400,37.37457122802734,38.439691619873045,0.01710944584087004,0.3239396085505602,78.7211757942132,0.5040340615895005,-0.18850400128426925,96.0999984741211,0.0029221329595976453,2737.699951171875,0.03700755726207383
2019-02-06,41.30577850341797,41.62107211746024,40.97626171566191,41.40297139622457,112958400,37.653000831604004,38.42764869689941,0.0003445015965417575,0.3225744553654576,77.61889870829899,0.6778063712158797,-0.01524192678423944,96.41999816894533,0.011327898809929682,2731.610107421875,0.018858304646662383
2019-02-07,40.52347183227539,41.23465946396211,40.38123285902311,40.869581120682014,126966800,37.86197128295898,38.421248245239255,-0.01893940023616414,0.3335237406129672,70.20374883366358,0.7438222483395194,0.13657090824051235,96.51000213623048,0.009730072058584671,2706.050048828125,0.0007211090941363629
2019-02-08,40.57108688354492,40.630606697540095,40.09730785633489,40.23301477598845,95280000,38.067514419555664,38.40475288391113,0.0011749993057506014,0.3337990115372729,69.58500418345216,0.7908658342403498,0.26742989344047985,96.63999938964844,0.01109016047590572,2707.8798828125,0.0004987395303261977
2019-02-11,40.33776473999024,40.7615491383027,40.29491221963111,40.723455587227264,83973600,38.27928981781006,38.385392608642576,-0.005750946338322294,0.33161876612053537,74.77094657130448,0.8000980358535585,0.3739635219230956,97.05999755859376,0.012623882146428622,2709.800048828125,-0.005530563920943754
2019-02-12,40.685359954833984,40.71154881575849,40.40204508650543,40.49727895932219,89134000,38.5355884552002,38.341217880249026,0.00861711641892593,0.32244191768789743,75.38325018677409,0.8259417091180694,0.4643591593620904,96.70999908447266,0.006347561082592934,2744.72998046875,0.0025678596713514246
2019-02-13,40.51631927490234,41.0639021987999,40.45441998648978,40.80439672497733,89960800,38.7470458984375,38.300252761840824,-0.004154828176997971,0.320589189272531,76.49524362519342,0.8232924335430809,0.5361458141982886,97.12999725341795,0.0073636081513772655,2753.030029296875,0.007841500445763261
2019-02-14,40.66392517089844,40.773439560677936,40.32585316707472,40.404419733377416,87342800,38.943718910217285,38.26683860778809,0.0036431220465660274,0.3197269497350773,73.01016238305195,0.8236093696416518,0.5936385252869613,96.9800033569336,0.004869974202670324,2745.72998046875,0.01466341380411973
2019-02-15,40.573463439941406,40.87820457497819,40.41395078588315,40.77106964407948,98507200,39.1249641418457,38.20202980041504,-0.002224618764097297,0.32081774636278065,75.73918388565734,0.8072554992192664,0.6363619200734223,96.91999816894533,0.0028973383802284314,2775.60009765625,0.025008574151898166
2019-02-19,40.69489669799805,40.81631947700938,40.35206552644233,40.40444326781935,75891200,39.300901222229,38.17819610595703,0.0029929231512708654,0.32084706798530654,80.61027504373692,0.7949301284573096,0.6680755617501998,96.5199966430664,-0.005563578498972932,2779.760009765625,0.02581738861793692
2019-02-20,40.95677947998047,41.2639037947893,40.70917861976395,40.75679375063616,104457600,39.53165531158447,38.16894027709961,0.006435273295467114,0.3043676805842245,70.56795289012862,0.7971054003152602,0.6938815294632119,96.4499969482422,-0.002688472119654839,2784.699951171875,0.014562441838558815
2019-02-21,40.72583770751953,41.03772095743167,40.54489877740289,40.90201766804449,68998800,39.74351406097412,38.184603729248046,-0.005638670212676833,0.30719019244749934,64.8220287334405,0.7713031454171642,0.7093658526540024,96.61000061035156,-0.005353615337903128,2774.8798828125,0.007936656441486667
2019-02-22,41.18056488037109,41.18770696667767,40.80201977491948,40.84963489456358,75652800,39.99256973266601,38.20409896850586,0.011165569536402575,0.303425957802346,68.07173524338334,0.7785724564177343,0.7232071734067488,96.51000213623048,-0.004846372493649831,2792.669921875,0.017095614550647342
2019-02-25,41.48053741455078,41.87098715173917,41.41387553011376,41.46387375984165,87493600,40.19664764404297,38.2341926574707,0.007284322957956224,0.2869058329067509,61.3403313618738,0.7993245978892958,0.7384306583032583,96.41000366210938,-0.005262015233914452,2796.110107421875,0.007389396542730964
2019-02-26,41.50436019897461,41.735297384970416,41.22818736975056,41.35675221185204,68280800,40.41922130584717,38.2625341796875,0.0005743123379946535,0.28235873660530925,53.29937710107145,0.8083746790203179,0.7524194624466702,96.0,-0.005387449866884775,2793.89990234375,0.005086731418701529
2019-02-27,41.63291931152344,41.66387077802637,41.12342983703562,41.23771049821509,111341600,40.667425537109374,38.284675445556644,0.0030974845036162435,0.27608888581193125,54.898363442368634,0.8165083791522605,0.7652372457877883,96.1500015258789,-0.0031103725438610397,2792.3798828125,0.0027579027454620597
2019-02-28,41.223411560058594,41.64243327230571,41.16865436186276,41.50196741776844,112861600,40.769866943359375,38.32456161499024,-0.009836152694473577,0.1581650754907435,61.7974479423183,0.7809087124248038,0.7683715391151914,96.16000366210938,-0.004657871290748905,2784.489990234375,0.003463251682135793
2019-03-01,41.65673065185547,41.699583177214194,41.16152532850225,41.49245537237755,103544800,40.879869079589845,38.380415496826174,0.010511480622256819,0.1598698561459875,66.1930431279637,0.7786847562155828,0.7704341825352697,96.52999877929688,0.0002071976232904671,2803.68994140625,0.003946051570552722
2019-03-04,41.86623001098633,42.318579051240896,41.41863993925626,41.82813646598794,109744800,40.999397659301756,38.430360641479496,0.005029183900237877,0.15982332102324487,72.96117417296252,0.7847806396151995,0.7733034739512558,96.68000030517578,0.0028005044374095345,2792.81005859375,-0.0011802284964979037
2019-03-05,41.79005813598633,41.9019556946587,41.554358327395256,41.8876715182838,78949600,41.05905246734619,38.503341903686525,-0.001819410894652096,0.12914780157992956,68.06865828092235,0.774536858636381,0.7735501508882808,96.8499984741211,0.008854150772094727,2789.64990234375,-0.0015211711759732793
2019-03-06,41.549591064453125,41.78052822389368,41.41150466571953,41.58530149826311,83241600,41.071954345703126,38.59076332092285,-0.005754169346946503,0.11741871043077809,66.51452778008114,0.7385019150276904,0.7665405037161628,96.87000274658205,0.007488312108963946,2771.449951171875,-0.0074953740246632705
2019-03-07,41.06867599487305,41.5305503815129,40.95439895711522,41.394843447524245,99185600,41.06009922027588,38.697488174438476,-0.011574483821852,0.12479966691836213,55.8461594408122,0.6634898378175933,0.745930370536449,97.66999816894533,0.01570293728504657,2748.929931640625,-0.012770761869665304
2019-03-08,41.16628646850586,41.2043800226722,40.35443530524196,40.549662045743496,95997600,41.092239952087404,38.82465614318848,0.0023767621251047366,0.1036201105388956,58.54499946664203,0.6049451445915892,0.717733325347477,97.37000274658205,0.008701999149567374,2743.070068359375,-0.02162146111508667
2019-03-11,42.592384338378906,42.64476207379975,41.74720574903715,41.78053670495935,128044000,41.1933048248291,38.93132148742676,0.03464237346169363,0.15867020459632067,69.87524603565929,0.6659456264745671,0.707375785572895,97.22000122070312,0.005585445943554035,2783.300048828125,-0.003405175993391185
2019-03-12,43.07093048095703,43.48994877467383,42.70428629525298,42.85427742875029,129870400,41.32996311187744,39.05239387512207,0.011235486108884585,0.1584382767157976,71.1832066904154,0.7443235239221693,0.7147653332427499,96.94000244140624,0.0009293130480449996,2791.52001953125,0.0006703770196858638
2019-03-13,43.261375427246094,43.63992050434659,43.073290814457465,43.389936603936654,124130000,41.458763885498044,39.17689590454101,0.004421658509868198,0.15727709549765592,75.61324491878378,0.812440578618741,0.7343003823179481,96.5500030517578,-0.0033033930602994754,2810.919921875,0.01424163214148444
2019-03-14,43.742305755615234,43.8303975608462,43.463753429758704,43.78277879788824,94318000,41.62006320953369,39.30385734558106,0.011116852472199623,0.15724984100979833,75.74166681360606,0.8949148718421611,0.7664232802227908,96.79000091552734,-0.009009903449530121,2808.47998046875,0.021662992622218047
2019-03-15,44.311309814453125,44.59938731167194,43.74468365739308,44.00895177597191,156171600,41.802432441711424,39.441345138549806,0.013008094772526846,0.16053889536815782,76.98597298166146,0.9947236604362644,0.8120833562654857,96.5999984741211,-0.007908023526146835,2822.47998046875,0.028949283150054628
2019-03-18,44.763668060302734,44.851756233015,44.23274864058947,44.23513175842596,104879200,42.01194267272949,39.66245994567871,0.010208640813006653,0.1598481283606615,78.72430839075452,1.0976711051810568,0.8692009060485999,96.5199966430664,-0.007200211570123405,2832.93994140625,0.017834905223037323
2019-03-19,44.40892028808594,44.99459681614695,44.26369180656518,44.84222624805968,126585600,42.19764385223389,39.847700653076174,-0.007924904003373978,0.16621382101644364,73.52694707574925,1.137519895101363,0.9228647038591526,96.37999725341795,-0.005776822507579049,2832.570068359375,0.014705267574981695
2019-03-20,44.796993255615234,45.11363909902574,43.98037952623001,44.33749840684021,124140800,42.389654541015624,40.04226722717285,0.008738626496924917,0.16678287393002372,80.39698078629088,1.1867346550400981,0.9756386940953418,95.76000213623048,-0.008182298193235904,2824.22998046875,0.004735125497588477
2019-03-21,46.44688034057617,46.74209992048173,45.18982218227039,45.23982042355803,204136800,42.675706672668454,40.25646110534668,0.03683030857777769,0.19766582411348943,83.75839517981856,1.343384110145216,1.0491877773053166,96.5,-0.0029961867216060645,2854.8798828125,0.01652135769755625
2019-03-22,45.48504638671875,47.06589263336405,45.420763965042106,46.50640488188507,169630800,42.89093074798584,40.43928077697754,-0.020708257407272224,0.2192459282505617,73.05833985961566,1.374078449191714,1.1141659116825962,96.6500015258789,0.0005176299435574183,2800.7099609375,-0.007713081999481397
2019-03-25,44.93507766723633,45.70645209017498,44.42558823212463,45.59455455525224,175381200,43.06365776062012,40.60877784729004,-0.012091198386531943,0.2272935838746877,68.89834820998776,1.3385955582957436,1.1590518410052257,96.56999969482422,0.0005180589877424868,2798.360107421875,-0.012206342068519005
2019-03-26,44.4708251953125,45.920730708925866,43.94467204356757,45.63027370922542,199202000,43.211981010437015,40.77614921569824,-0.010331627228104878,0.23277063590986394,67.09389651659379,1.2585065370893531,1.1789427802220513,96.73999786376952,0.00373522121405534,2818.4599609375,-0.004981379835750199
2019-03-27,44.87079620361328,45.17791683539124,44.413684482957166,44.93745810249224,119393600,43.37387485504151,40.962377395629886,0.008994009140692594,0.23355533979674556,72.46126699463429,1.2133232927939304,1.1858188827364273,96.7699966430664,0.010547143737518638,2805.3701171875,-0.006677878009821225
2019-03-28,44.93031692504883,45.13030262573335,44.647002032678536,44.98507413606459,83121600,43.55922012329101,41.13524032592773,0.0013264913144277468,0.22817648445292082,72.33677271554241,1.1688443607363226,1.1824239783364066,97.1999969482422,0.007253854385929515,2815.43994140625,-0.013814921476624664
2019-03-29,45.2231559753418,45.2541074425039,44.887463337480106,45.19458762583912,94256000,43.737541389465335,41.305094146728514,0.0065176270797615565,0.2271987562109036,68.03781857899943,1.144036411019549,1.174746464873035,97.27999877929688,0.0065183367146588456,2834.39990234375,0.012029071869681385
2019-04-01,45.5302734375,45.63502524757183,44.849366691628894,45.62550367676558,111448000,43.92074356079102,41.476728439331055,0.006791155007528804,0.22736882210557718,67.26836569501273,1.1360619298920298,1.167009557876834,97.25,0.0070415274653068405,2867.18994140625,0.024596489137271194
2019-04-02,46.192142486572266,46.29689795003126,45.48504674102556,45.49456831370297,91062800,44.140847778320314,41.65704818725586,0.014536900376423745,0.22893735587705366,69.30073180106467,1.1696662129244757,1.1675408888863625,97.36000061035156,0.006408959688578353,2867.239990234375,0.017307334492220106
2019-04-03,46.508785247802734,46.78257494576432,45.98500796557863,46.00881734488018,93087200,44.388807487487796,41.860389938354494,0.006854905275773149,0.22534224216617668,68.62175359023186,1.207924077017573,1.1756175265126045,97.08999633789062,0.0033068069228578967,2873.39990234375,0.024249843091810108
2019-04-04,46.5897331237793,46.75162528431652,45.98263025616197,46.37545960019598,76457200,44.66486034393311,42.062411346435546,0.0017404857070608681,0.21655147870974126,66.41508459083147,1.2305900509346017,1.1866120313970039,97.30999755859376,0.0011316935576668463,2879.389892578125,0.02271401717059307
2019-04-05,46.90162658691406,46.92543597231255,46.64687996779848,46.77068223282672,74106400,44.95162734985352,42.276454849243166,0.006694467691114037,0.2160255032885507,65.72129046012122,1.2592048645847882,1.2011305980345608,97.4000015258789,0.0012335808808374704,2892.739990234375,0.02058287111934476
2019-04-08,47.63965225219727,47.67060007976338,46.74447208110534,46.763518854192455,103526800,45.20399074554443,42.481268310546874,0.015735609167318865,0.19267117810180118,72.48923093100734,1.3261478073864694,1.2261340399049425,97.0500030517578,-0.0020565238893799354,2895.77001953125,0.009967975163508891
2019-04-09,47.49680709838867,48.2943739839882,47.43252468813896,47.69203381366528,143072800,45.42528457641602,42.69014671325684,-0.002998450808423203,0.1938535491438977,69.45779681016836,1.352088131415755,1.251324858207105,97.01000213623048,-0.003594889810260238,2878.199951171875,0.0038224777049806757
2019-04-10,47.763458251953125,47.792030232425006,47.1825442973062,47.30158392300267,86781200,45.65038871765137,42.91203918457031,0.005614085869226848,0.19385477222952416,61.85171220434502,1.3782746524476508,1.2767148170552143,96.9499969482422,-0.0014419548349883238,2888.2099609375,0.005154193323967826
2019-04-11,47.36586380004883,47.85392696581256,47.24444469615284,47.81821653313754,83603200,45.831566619873044,43.07586479187012,-0.008324239208287176,0.19800079192362957,68.84534088607057,1.3513673875492387,1.2916453311540192,97.18000030517578,-0.0013359085055952846,2888.320068359375,0.003101412491676836
2019-04-12,47.34682083129883,47.64918250585792,46.713532766545136,47.42538742230085,111042800,45.98334217071533,43.23366744995117,-0.0004020399338727776,0.19567163871403406,77.04224966551341,1.3133669017308307,1.2959896452693815,96.97000122070312,-0.004414787458309588,2907.409912109375,0.005071289477977414
2019-04-15,47.43251800537109,47.580129579695694,47.14206109070693,47.27776797846983,70146400,46.11678466796875,43.392804641723636,0.0018099879266995078,0.19405436585886693,86.28940283438642,1.275463538958867,1.2918844240072789,96.94000244140624,-0.0011334426264046904,2905.580078125,0.003387720201391442
2019-04-16,47.437294006347656,47.94202089049343,47.27301873067345,47.48729225090989,102785600,46.26820335388184,43.52961128234863,0.000100690437223383,0.1901294634872235,84.81920502793629,1.2316129666204603,1.279830132529915,97.04000091552734,0.00030923387935533064,2907.06005859375,0.010027137763700011
2019-04-17,48.36102294921875,48.42054274169982,47.28490408397696,47.50631596826264,115627200,46.44640483856201,43.67100067138672,0.019472631443679944,0.19781096636760825,87.70279096715004,1.2569094086171688,1.275245987747366,97.01000213623048,0.0006189292406095781,2900.449951171875,0.0042379156639991145
2019-04-18,48.53484725952149,48.603888659534256,48.21582186271426,48.35866726602402,96783200,46.55080318450928,43.81558204650879,0.0035943059038527903,0.15499175451528,87.37246764875536,1.2762711311331358,1.2754510164245203,97.47000122070312,0.002984162529498402,2905.030029296875,0.0057853563808776265
2019-04-22,48.69435119628906,48.79196456564161,48.172957030939074,48.28961717719952,77758000,46.71126842498779,43.978999633789066,0.0032863796998203743,0.12909849418680402,86.93726431142854,1.2896201322637566,1.2782848395923676,97.27999877929688,0.0031968397926303016,2907.969970703125,0.0001926314522824324
2019-04-23,49.39668273925781,49.46096515519979,48.54435857164604,48.67054028599068,93292000,46.93434867858887,44.15551155090332,0.014423265239485783,0.12081623352530695,87.0595148498165,1.3414086735315465,1.2909096063802035,97.56999969482422,0.0064988367810159264,2933.679931640625,0.0096709960696586
2019-04-24,49.320499420166016,49.63476214823507,49.294310556760166,49.36811454468543,70162400,47.176832389831546,44.33516624450684,-0.0015422760166696747,0.10976606133818156,84.43157633139178,1.3606197311382289,1.3048516313318088,98.0999984741211,0.010923305323507382,2927.25,0.006945140794929694
2019-04-25,48.87290191650391,49.46333736402004,48.83480836948981,49.24192543350171,74172800,47.37693767547607,44.49891708374023,-0.009075283278236479,0.11978890845645623,75.65533695511469,1.3244597078184128,1.3087732466291297,98.1999969482422,0.012266722871942859,2926.169921875,0.00886757956045181
2019-04-26,48.63959884643555,48.80625362004122,48.120584114004615,48.78244423832543,74596400,47.56240177154541,44.6613826751709,-0.004773669271101344,0.12369591244830842,69.88023831902522,1.2624245761769899,1.299503512538702,98.01000213623048,0.005540175528516045,2939.8798828125,0.01199638322639296
2019-04-29,48.71339797973633,49.03718592161168,48.53483853310215,48.66339973624621,88818800,47.73691387176514,44.822372131347656,0.0015172644316778783,0.12362102710920164,64.48315180254707,1.2053220583032669,1.280667221691615,97.86000061035156,0.0059621899499666675,2943.030029296875,0.012056540798897064
2019-04-30,47.775367736816406,48.4253231411779,47.40396464860984,48.34437705945112,186139600,47.849168586730954,44.96641021728516,-0.019256103696771887,0.14741588144206808,53.093699398994566,1.0720191310945992,1.238937603572212,97.4800033569336,-0.0009223771463781061,2945.830078125,0.004141606026387468
2019-05-01,50.12044525146485,51.260843272461415,49.813320981383605,49.96807467518303,259309200,48.04558372497559,45.15492118835449,0.049085493754165155,0.21874062882179598,67.90890161132873,1.1424344840957161,1.2196369796769129,97.69000244140624,-0.004179368390337057,2923.72998046875,-0.0012025004803997152
2019-05-02,49.79427719116211,50.62755462484601,49.55143895467689,49.95855246647943,127985200,48.20985832214356,45.331671142578124,-0.0065076848113836405,0.22169439104746566,68.65409139711842,1.1585649070314687,1.207422565147824,97.83000183105467,-0.003767771167880407,2917.52001953125,-0.002956049229775215
2019-05-03,50.413272857666016,50.43469911475348,50.05139144027574,50.20852459118473,83569600,48.4010353088379,45.525419845581055,0.012431060383255588,0.2238005967369666,71.56734381992563,1.2073782555822277,1.207413703234705,97.5199966430664,-0.004999545785979942,2945.639892578125,0.0019592670432897474
2019-05-06,49.6347770690918,49.72048577211235,48.44914303797608,48.63722410784776,129772400,48.53769283294678,45.69450408935547,-0.015442278281994848,0.2338908819285106,64.1137610569925,1.169760807573823,1.1998831241025285,97.5199966430664,-0.003474391632582785,2932.469970703125,-0.003588158628565874
2019-05-07,48.29676055908203,49.38240144232554,47.8134599345925,49.01576096722364,155054800,48.57054824829102,45.830828552246096,-0.026957238231315905,0.25135031076262354,54.704221823192874,1.0202214807565042,1.1639507954333237,97.62999725341795,0.0015387145190706164,2884.050048828125,-0.02097202746201765
2019-05-08,48.3062858581543,48.88719989942972,48.03249613134411,48.06820657125792,105358000,48.6110221862793,45.96686706542969,0.0001972243885925984,0.25096498666357225,49.667083826942054,0.892194436814151,1.1095995237094893,97.62000274658205,-0.0007165492176763877,2879.419921875,-0.01515531833984407
2019-05-09,47.78726959228516,48.01582364863785,46.82066837319086,47.71108248496677,139634400,48.61221275329591,46.08995407104492,-0.010744280100382086,0.2536468421321671,45.636388979562575,0.740317883322021,1.0357431956319958,97.37000274658205,-0.0047020246945003175,2870.719970703125,-0.016041037770031852
2019-05-10,47.125244140625,47.524370793548194,46.07127422540388,47.1826045112537,164834800,48.60018177032471,46.20799072265625,-0.013853594426056937,0.2568347961751376,41.34864781871644,0.56007846340718,0.9406102491870327,97.33000183105467,-0.0019482651615251312,2881.39990234375,-0.021808500895250327
2019-05-13,44.386348724365234,45.284972600550695,43.70043119652004,44.86195219842517,229722400,48.45215816497803,46.262583084106446,-0.05811949553166684,0.32916908464297717,27.44135207373877,0.19399519849127245,0.7912872390478807,97.31999969482422,-0.0020508301387067718,2811.8701171875,-0.041125690875091436
2019-05-14,45.089012145996094,45.33756652424248,44.31227469963762,44.55127083697869,146118800,48.334982872009284,46.32703872680664,0.015830620040281573,0.3355959717092575,31.965444169175058,-0.03898002327561301,0.625233786583182,97.52999877929688,-0.0010242597248212304,2834.409912109375,-0.017211953980798778
2019-05-15,45.629127502441406,45.82749467057295,44.458048262926525,44.5177972781424,106178800,48.24457454681397,46.40382011413574,0.011978868703010015,0.33935832074453304,36.28323951550252,-0.17798012558992582,0.4645910041485604,97.56999969482422,-0.0005122213721672209,2850.9599609375,-0.009883921661196116
2019-05-16,45.42838287353516,45.99958345378855,45.132026372240446,45.38775397079813,132125600,48.09794254302979,46.481395950317385,-0.004399484274502097,0.3300345286226134,36.383423447205864,-0.30086889266527805,0.3114990247857927,97.83999633789062,0.004826882798101506,2876.320068359375,0.0019507641683624843
2019-05-17,45.17026138305664,45.62435249909056,44.63490882419049,44.675537722211125,131516400,47.92971324920655,46.56342765808105,-0.0056819431851027336,0.32924909022993953,35.207211041062536,-0.4143114485298369,0.16633693012266682,98.0,0.006883778447968281,2859.530029296875,-0.007590016585023784
2019-05-20,43.75779724121094,44.05893467607337,43.08621875043243,43.860567465632776,154449200,47.68288555145264,46.61525787353516,-0.03126978012962123,0.34254943136607624,33.86559992744607,-0.611144648074891,0.01084061448315525,97.93000030517578,0.006267988206580366,2840.22998046875,0.010085765735728947
2019-05-21,44.59666442871094,44.93125744029488,44.14256974522951,44.266848712442254,113459200,47.442884635925296,46.655343475341795,0.019170690491475684,0.3465309415626953,24.76369271652814,-0.6914759017289924,-0.1296226887592743,98.05999755859376,0.005434212918388637,2864.360107421875,0.010566642172871621
2019-05-22,43.683692932128906,44.3839531780928,43.628724867764,44.133006623780965,118994400,47.16104431152344,46.667598724365234,-0.020471743980795765,0.35060995428876746,23.503479104037666,-0.8193630614220382,-0.26757076329182705,98.11000061035156,0.0055344974604523145,2856.27001953125,0.0018625510938441447
2019-05-23,42.93804931640625,43.148363449235205,42.49590497882846,42.971508631637576,146118800,46.864301681518555,46.66113220214844,-0.017069152483998096,0.35273701576046823,17.938317930104475,-0.9697036252685649,-0.40799733568717467,97.8499984741211,0.00010222952376159888,2822.239990234375,-0.0188018290175358
2019-05-24,42.77313232421875,43.53074952387793,42.68948223047205,43.067096506223606,94858800,46.57097835540772,46.64174873352051,-0.0038408123986314324,0.3528031700056421,18.93493004595672,-1.0895968342086633,-0.5443172353914724,97.61000061035156,-0.003979585608657521,2826.06005859375,-0.011704710340585178
2019-05-28,42.59626770019531,43.16029856021304,42.51979085562523,42.76117556874994,111792800,46.26512184143066,46.60744789123535,-0.004134946739060674,0.3517385788618708,21.159628613755373,-1.1852220609731816,-0.6724982005078143,97.95999908447266,0.00030632879815573055,2802.389892578125,-0.013322895734091178
2019-05-29,42.39312744140625,42.86395002856408,42.063311671553926,42.16368959133705,113924800,45.996009826660156,46.56003707885742,-0.0047689684978698965,0.34848854523024897,20.65852451711747,-1.262840227247949,-0.7905666058558414,98.13999938964844,0.0008158457377778205,2783.02001953125,-0.02839729811899827
2019-05-30,42.61300277709961,42.835267386171125,42.22343799073328,42.5293526884522,84873600,45.62063770294189,46.524118728637696,0.005186579735058761,0.2861755655634824,23.53941358444952,-1.2917209264421317,-0.8907974699730994,98.13999938964844,0.00030576678330707097,2788.860107421875,-0.02360067908440877
2019-05-31,41.84104919433594,42.53891737233829,41.8219290686219,42.118281900211706,108174400,45.22297630310059,46.46499984741211,-0.0181154467522886,0.2883717926738875,23.277698041576002,-1.361208131256987,-0.9848796022298769,97.75,-0.001021956828620052,2752.06005859375,-0.02486674835714342
2019-06-03,41.41802978515625,42.52219073149968,40.69387180777628,41.96772160988868,161584400,44.773214149475095,46.36442283630371,-0.01011015300345175,0.2775658361774739,30.397720259151242,-1.4338824681689175,-1.0746801754176851,97.13999938964844,-0.004815092897902162,2744.449951171875,-0.028877697476282327
2019-06-04,42.93325805664063,42.9786678978564,41.70959922585788,41.92947519408972,123872000,44.43813819885254,46.313387069702145,0.03658378438917009,0.3211341171808267,37.14352924475252,-1.3536075997260184,-1.130465660279352,97.06999969482422,-0.009085334809782686,2803.27001953125,0.0003140629915401316
2019-06-05,43.62635040283203,44.21189381778997,43.29175729153441,44.04220496698027,119093600,44.20461769104004,46.28721252441406,0.016143483573434425,0.3221029331587585,38.269885401390056,-1.2199990387173045,-1.1483723359669424,97.37000274658205,-0.007845900222693603,2826.14990234375,0.01549751080114925
2019-06-06,44.2668571472168,44.326606171155184,43.5331373827937,43.75540564817583,90105200,44.00264625549316,46.28313316345215,0.01468164855575882,0.32915404178380003,43.53030517440447,-1.0503222886459582,-1.1287623265027455,97.02999877929688,-0.011310379226155187,2843.489990234375,0.019588606351073512
2019-06-07,45.44511032104492,45.86813447046718,44.39830980535762,44.57516459850568,122737600,43.885538291931155,46.294619445800784,0.02661705053759844,0.34553613468422434,51.38857517732519,-0.8114234730009784,-1.0652945558023923,96.61000061035156,-0.011662397848065886,2873.340087890625,0.04406881634656146
2019-06-10,46.02586364746094,46.69266107888652,45.796425815427575,45.84183565226266,104883600,43.83056926727295,46.31653038024902,0.012779225802584948,0.34663755925872786,62.50989960266929,-0.5686771444140177,-0.9659710735247174,96.76000213623048,-0.003911851511278153,2886.72998046875,0.05184282163211673
2019-06-11,46.55882263183594,46.84322853140596,46.26963943667638,46.57077316439083,107731600,43.93919296264649,46.343243713378904,0.011579554236227807,0.2750826203483848,61.20058392990751,-0.3294953766032691,-0.8386759341404278,96.69000244140624,-0.003914672448878553,2885.719970703125,0.029412061841142867
2019-06-12,46.41064453125,46.83605721765713,46.2194469577794,46.3532841651717,73012800,44.00527458190918,46.36085113525391,-0.0031825998212552387,0.27114470204450497,67.05541876622385,-0.1501677958683416,-0.7009743064860107,97.0,-0.003799966479871908,2879.840087890625,0.018997642517953217
2019-06-13,46.40109252929688,47.03204210337555,46.269647588406826,46.53254111697809,86698400,44.04387283325195,46.3650301361084,-0.00020581489547477627,0.26838458505231705,73.85576843231637,-0.008719648201982011,-0.5625233748292049,97.01000213623048,-0.0002060872237242828,2891.639892578125,0.016933382044288958
2019-06-14,46.06410217285156,46.26724663690452,45.48095119972922,45.779696276386936,75046000,44.07565879821777,46.35613647460937,-0.007262552195997363,0.2693356831174893,72.14540723863425,0.07531849772561827,-0.4349550003182403,97.56999969482422,0.009936849999044428,2886.97998046875,0.004747051222933507
2019-06-17,46.33894729614258,46.59467483835488,45.92787376905834,46.102339876909845,58676400,44.13409309387207,46.35112075805664,0.005966579404059313,0.2687727756405877,74.85724680531297,0.16222698658982182,-0.3155186029366279,97.55999755859376,0.008267831797243552,2889.669921875,0.0010184331150266956
2019-06-18,47.42877578735352,47.86852774049729,46.65443074959841,46.85518660036521,106204000,44.317642021179196,46.36166374206543,0.02351862860081999,0.2501217287151092,79.9205422060599,0.31540682774424766,-0.18933351680045285,97.63999938964844,0.0098251827929976,2917.75,0.011099493236369273
2019-06-19,47.2901611328125,47.77054566831844,47.156323888998976,47.72274352684957,84496800,44.45231685638428,46.35467391967774,-0.002922585545165668,0.24476536261762324,78.06146433591844,0.42076756472243204,-0.06731330049587586,97.12000274658205,0.001237141717340684,2926.4599609375,0.016188354778067682
2019-06-20,47.67017364501953,47.94501775858043,47.32840725446429,47.88765736978177,86056000,44.65164089202881,46.35814125061035,0.008035762685176362,0.22883131417311386,86.69885835273858,0.5288344671495224,0.051916253033203796,96.62999725341795,-0.0039171721930166825,2954.179931640625,0.021627879468332
2019-06-21,47.50764846801758,48.002372187149874,47.35707974536143,47.5124294115218,191202400,44.880120849609376,46.35302505493164,-0.003409368260586021,0.21658436528530642,89.63904257860351,0.5945106931973712,0.1604351410660373,96.22000122070312,-0.013836204554100284,2950.4599609375,0.021988368779212397
2019-06-24,47.459842681884766,47.83745693129313,47.3618534124554,47.45028079634536,72881600,45.11445636749268,46.354904632568356,-0.0010062755719217886,0.2152521380194891,86.42295822868958,0.6353778082362638,0.25542367450008263,95.9800033569336,-0.016195102923318938,2945.35009765625,0.019268697562911052
2019-06-25,46.7404670715332,47.62235958032456,46.67354481128587,47.4239923880106,84281200,45.32166633605957,46.34277755737305,-0.015157564157416537,0.2249947809707602,74.952058005992,0.6027693418912605,0.3248928079783182,96.16000366210938,-0.01515767858245165,2917.3798828125,-0.00012685020563785177
2019-06-26,47.751407623291016,48.035813483072616,47.16586807792362,47.266245973118885,104270000,45.589580345153806,46.34915534973145,0.021628807222029645,0.2296498694211782,76.35564572996836,0.6509970622239791,0.3901136588274504,96.20999908447266,-0.009369889171892742,2913.780029296875,-0.004332856697128018
2019-06-27,47.737083435058594,48.17444674582689,47.69645453473033,47.86852837567722,83598800,45.84578437805176,46.355151138305665,-0.0002999741566871439,0.23075213859054147,71.0399973105872,0.6802208729706791,0.44813510165609616,96.19000244140624,-0.0045533977493324995,2924.919921875,-0.009904613274309026
2019-06-28,47.30210494995117,47.67971920381685,47.09417952190008,47.483740662644806,124442400,46.11883716583252,46.333972778320316,-0.009111961892250164,0.22035851841453882,62.03789992422315,0.660666077758286,0.4906412968765341,96.12999725341795,-0.0009353976942769737,2941.760009765625,-0.002948676235928538
2019-07-01,48.16966247558594,48.87231156085323,47.95456380737443,48.55683497285938,109012000,46.456418800354,46.3266690826416,0.018340780532974277,0.2154416489222089,64.29182573849941,0.7070232792492632,0.53391769335108,96.83999633789062,0.008960126598025475,2964.330078125,0.006444049039824984
2019-07-02,48.45168685913086,48.5472875040307,48.12426331147925,48.136213847940695,67740800,46.732340240478514,46.32181579589844,0.005854813362826894,0.18638968434727082,67.68859176134461,0.7577834502813943,0.5786908447371428,96.7300033569336,0.005927617232910132,2973.010009765625,0.0190685235340331
2019-07-03,48.85319900512695,48.86036859716573,48.44212537654384,48.58313221569498,45448000,46.99368267059326,46.31094612121582,0.008286855876936894,0.18284380440569892,69.89914912296439,0.8209465651548982,0.6271419888206939,96.7699966430664,0.005820575448733489,2995.820068359375,0.02815587938609676
2019-07-05,48.81016159057617,49.01330968896287,48.49229641088853,48.59984754932282,69062000,47.22084789276123,46.30073936462402,-0.0008809538664247274,0.18108232018578574,73.40106196025087,0.8576446355884357,0.6732425181742424,97.25,0.01101983087316638,2990.409912109375,0.02239035323483085
2019-07-08,47.80399703979492,48.13380915104708,47.419213204341766,47.99280233879046,101354400,47.33879222869873,46.27936126708985,-0.02061383363614,0.18374731835912864,61.101045779594266,0.7963591182237479,0.6978658381841435,97.37999725341795,0.013003225171272392,2975.949951171875,0.01162227418033801
2019-07-09,48.0955810546875,48.16010738213968,47.51481858007789,47.608026922078025,82312000,47.44227809906006,46.26848091125488,0.006099573946710901,0.18033603410118693,55.747868377007016,0.7625283452004084,0.7107983395873965,97.48999786376952,0.006712118447536275,2979.6298828125,0.005161302649932198
2019-07-10,48.57118225097656,48.69068031541606,48.17205915336362,48.24137007294178,71588400,47.54289608001709,46.265636596679684,0.00988866723011994,0.17927417448203725,60.43611325544131,0.7652726686587386,0.7216932054016649,97.0999984741211,0.0038250295083959163,2993.070068359375,0.006747390196419678
2019-07-11,48.21745681762695,48.84840629256591,48.20789857947526,48.59029010098308,80767200,47.633236694335935,46.274478378295896,-0.007282619383688127,0.18147750817482494,54.47773818151402,0.7304843100907021,0.7234514263394723,97.0500030517578,0.002893525042934497,2999.909912109375,0.0013651833743939523
2019-07-12,48.58790969848633,48.75520624546054,48.32501251981883,48.38476154708042,70380800,47.74257755279541,46.24382766723633,0.007682961842233604,0.1823792947453007,58.54760913003845,0.7244556628470846,0.7236522736409949,96.80999755859376,-0.004524446698264684,3013.77001953125,0.007811674020768988
2019-07-15,49.04439926147461,49.20213394156513,48.75521232885727,48.776721106125294,67789600,47.89159240722656,46.228830108642576,0.009395126602915083,0.18028617693300508,61.776242824515606,0.7478915805686981,0.7285001350265355,96.93000030517578,-0.004621040880409155,3014.300048828125,0.012886674267202691
2019-07-16,48.874698638916016,49.25948247578352,48.63570255755212,48.89620741100897,67467200,48.01837997436523,46.19805862426758,-0.0034601427505280835,0.18146941333366182,67.27257571547652,0.7441927019918495,0.7316386484195985,97.4000015258789,-0.000923134063623321,3004.0400390625,0.008192345093196218
2019-07-17,48.59986114501953,49.01571204861512,48.580741018322186,48.7671576951322,56430000,48.076934242248534,46.17736030578613,-0.0056233082054780725,0.16601511554131268,57.7954345517442,0.7108895332006853,0.7274888253758158,97.22000122070312,0.00123586764642436,2984.419921875,-0.0028900581298841876
2019-07-18,49.15193939208984,49.20451882646519,48.683505425870685,48.7552049860908,74162400,48.170023155212405,46.194463882446286,0.011359667169067222,0.1689436857242474,61.830405842478115,0.7207364316838607,0.7261383466374249,96.79000091552734,-0.002679053354504246,2995.110107421875,-0.0015999829421960987
2019-07-19,48.4182243347168,49.35270006344837,48.36325624678891,49.18301120924729,83717200,48.20742568969727,46.19670265197754,-0.014927489463236077,0.17748579016352925,58.88845142921723,0.6617077415120463,0.7132522256123492,97.1500015258789,0.003512074949483912,2976.610107421875,-0.0123300423949253
2019-07-22,49.5247802734375,49.5271689219853,48.662004064763416,48.6715623057463,89111600,48.30828227996826,46.23145286560059,0.022854120611095707,0.19295895417622974,60.39602743430274,0.696191631884929,0.7098401068668653,97.26000213623048,0.003404537604619007,2985.030029296875,-0.009710386841757623
2019-07-23,49.91193389892578,49.928665372781936,49.54148929435253,49.821117880303326,73420800,48.430886840820314,46.2871866607666,0.00781737189646714,0.19358481326075813,61.024712613553454,0.7461591670378525,0.7171039189010627,97.70999908447266,0.0031827264244075337,3005.469970703125,0.0004760028568298047
2019-07-24,49.87131881713867,49.98603593109381,49.51282464508648,49.63232270243721,59966400,48.587429428100585,46.39688606262207,-0.000813734884914652,0.1825205527174855,58.12972518535217,0.7735643328750683,0.7283960016958639,97.7300033569336,0.005245856097786827,3019.56005859375,0.011774528262990858
2019-07-25,49.47697448730469,50.00754613010088,49.40766357491906,49.92389603495717,55638400,48.67370777130127,46.48464530944824,-0.007907236848496257,0.17306947603492986,55.041668517383,0.7547624013604874,0.7336692816287886,97.81999969482422,0.010641582493586377,3003.669921875,0.00285792980762678
2019-07-26,49.6490478515625,50.12464772524152,49.50564874230592,49.58690653571559,70475600,48.76930599212646,46.565043716430665,0.003477847342948648,0.17297146463201374,65.96361106362028,0.7451569125492838,0.7359668078128877,98.01000213623048,0.008852296416305139,3025.860107421875,0.01654566712556682
2019-07-29,50.11269760131836,50.34213544864626,49.81634478839212,49.8211257312173,86693600,48.90983562469482,46.658730010986325,0.009338542627082225,0.16958564800849432,66.94773197984385,0.7661257328338564,0.7419985928170815,98.04000091552734,0.008019728173605412,3020.969970703125,0.0120400602518278
2019-07-30,49.89760208129883,50.2274178438979,49.54627754638872,49.89282113852165,135742800,48.99623260498047,46.75327682495117,-0.004292235906571351,0.16115248131692536,61.65471296021326,0.7566649011711135,0.7449318544878879,98.0500030517578,0.003479725416752899,3013.179931640625,0.0025653095897333333
2019-07-31,50.91572952270508,52.90656755086805,50.49987862645295,51.72353753914433,277125600,49.11943473815918,46.89643547058105,0.020404336059023365,0.17377408678981582,71.22989670423608,0.8218477503091037,0.760315033652131,98.5199966430664,0.00808342636853876,2980.3798828125,-0.012975458351868863
2019-08-01,49.81395721435547,52.10832131790344,49.41005685372621,51.12126622143504,216071600,49.1674726486206,47.00078132629395,-0.021639134284785033,0.19214495893604838,58.650941776166874,0.7756604793060262,0.7633841227829101,98.38999938964844,0.005827026135784896,2953.56005859375,-0.016682879472312173
2019-08-02,48.75997924804688,49.33595700548776,48.18877878631925,49.12086200109132,163448400,49.16496353149414,47.1023070526123,-0.0211582862564641,0.20769150958495985,48.149198082646805,0.6465564209023,0.7400185824067882,98.0999984741211,0.0009182362608819439,2932.050048828125,-0.031002774504892416
2019-08-05,46.20750045776367,47.4765690378139,46.02586475285165,47.318834399217735,209572000,49.08513870239258,47.16769607543945,-0.05234782355625078,0.2705591232353881,36.75207456536253,0.33442181157875694,0.658899228241182,97.5,-0.005507965223221611,2844.739990234375,-0.058335561815509474
2019-08-06,47.08223724365234,47.33796485122246,46.3748070997686,46.917329331748846,143299200,49.03447151184082,47.25387817382813,0.018930623323549556,0.27907443471811266,42.88594290815216,0.15584040187674475,0.5582874629682945,97.62999725341795,-0.004283587815067547,2881.77001953125,-0.043611704276094954
2019-08-07,47.56978225708008,47.69406125048899,46.32222596704192,46.70222889175204,133457600,48.98440151214599,47.35334846496582,0.010355179404595294,0.27931877443114367,42.53829057116614,0.05304271270413352,0.4572385129154623,97.54000091552734,-0.00994717581131821,2883.97998046875,-0.032344837280534944
2019-08-08,48.61897659301758,48.64287766257979,47.65343391943805,47.847020183801895,108038000,49.00447750091553,47.47786544799805,0.022055899483991004,0.2896391049067778,50.919420946151355,0.05559515154449457,0.3769098406412688,97.62000274658205,-0.007825964506992356,2938.090087890625,-0.005237736966991147
2019-08-09,48.21833801269531,48.64296573649967,47.810498015760096,48.29270771593856,98478800,48.985998916625974,47.58997215270996,-0.008240374610842816,0.2899712205693102,43.60302264819426,0.02500158979491829,0.3065281904719987,97.48999786376952,-0.006218151068702604,2918.64990234375,-0.004570231156091897
2019-08-12,48.09599304199219,48.472644393502215,47.77692001637632,47.88967528334762,89927600,48.938578605651855,47.715071029663086,-0.0025373120631182466,0.28780824816653,40.87154450342098,-0.00901235613100937,0.2434200811513971,97.37999725341795,-0.0012307974008415323,2882.699951171875,0.01334391229701537
2019-08-13,50.13276672363281,50.8932623822907,48.095979326471294,48.225529607627415,188874000,49.001482009887695,47.88936576843262,0.04234809498293002,0.32567228048584307,51.09458811564493,0.12691891845825154,0.220119848612768,97.80999755859376,0.0018436987630818802,2926.320068359375,0.015459265842238112
2019-08-14,48.64056015014648,49.52580693537661,48.60217461253329,48.73892171753791,146189600,49.00351696014404,48.00351181030273,-0.029765095186396362,0.3434389259640878,46.793041080070026,0.11293498905823895,0.19868287670186222,97.98999786376952,0.004613460570211503,2840.60009765625,-0.015041672655941696
2019-08-15,48.39827346801758,49.21394626424548,47.90167002878681,48.81090897499804,108909600,48.96583366394043,48.09895027160645,-0.004981165541288912,0.34132967435396594,45.22999483549976,0.08136419805867945,0.1752191409732257,98.13999938964844,0.005326742762098435,2847.60009765625,-0.030798916141928645
2019-08-16,49.54021072387695,49.69854835341414,48.90206475803103,49.00762317772249,110481600,49.021932983398436,48.204417343139646,0.02359458662536773,0.34715058020765954,47.92413494326277,0.14679673038616414,0.1695346588558134,98.13999938964844,0.006667366295229682,2888.679931640625,-0.010268436333887965
2019-08-19,50.46384048461914,51.03480988446153,50.387069397884126,50.52861197082405,97654400,49.06888599395752,48.304791946411136,0.01864404182473578,0.3440030266548033,51.95286269705447,0.2700685046576652,0.18964142801618378,98.3499984741211,0.009960990429880967,2923.64990234375,0.014205415709404035
2019-08-20,50.46623992919922,51.18355469517102,50.45664537335362,50.5909911190741,107537200,49.09660129547119,48.3935994720459,4.754779971238854e-05,0.3431144080536616,48.33299143654655,0.36376265951314934,0.2244656743155769,98.19000244140624,0.003885133343192626,2900.510009765625,-0.00881997115517863
2019-08-21,51.01321792602539,51.25551979787076,50.76371922258588,51.0971858421528,86141600,49.15369625091553,48.482687377929686,0.010838493170752361,0.3448868952809607,54.63854278648087,0.4766578898787799,0.2749041174282175,98.3000030517578,0.00316364113426415,2924.429931640625,0.029511311378726646
2019-08-22,50.97003173828125,51.44504087828492,50.559794076019166,51.14516072362289,89014800,49.228349113464354,48.57387512207031,-0.000846568585552987,0.34327793239840043,59.273204780337736,0.5562315181813346,0.33116959757884096,98.16999816894533,0.00030567331855979596,2922.949951171875,0.026460826988186525
2019-08-23,48.61418533325195,50.87168465912164,48.22074260469428,50.2431331866759,187272000,49.176605987548825,48.618136978149415,-0.04622022636999712,0.38292517267362713,60.26768654894621,0.4243059408869172,0.34979686624045625,97.63999938964844,-0.005094762615748927,2847.110107421875,-0.014390595428528608
2019-08-26,49.53780364990234,49.70573580378424,49.19473885065766,49.38666288108543,104174400,49.147861289978025,48.68761100769043,0.018998946713165044,0.3878128863306636,60.4327171170517,0.3897890045527248,0.35779529390291,98.08000183105467,-0.0027452633172888596,2878.3798828125,-0.015484076768206512
2019-08-27,48.97882843017578,50.03200742242358,48.8276876557246,49.86647298576687,103493200,49.101922607421876,48.74040863037109,-0.011283811120835985,0.38955989276467873,55.950356161452994,0.3137131650585445,0.3489788681340369,98.0,-0.0019350487491801571,2869.159912109375,-0.01080847766451365
2019-08-28,49.30749130249024,49.35307366897072,48.77730527078176,48.96443018322548,63755200,49.021510696411134,48.77798294067383,0.006710304898023489,0.38272092358714965,53.09598319808601,0.2767526291715683,0.33453362034154316,98.20999908447266,-0.0009156049286972445,2887.93994140625,-0.012477642168675196
2019-08-29,50.142364501953125,50.21673786254846,49.57859195226925,50.02001470468099,83962000,49.03793106079102,48.83502700805664,0.01693197478535513,0.380047515201076,58.32643827231013,0.31124063971104476,0.3298750242154435,98.51000213623048,0.003463420328276179,2924.580078125,0.0005576992354834331
2019-08-30,50.07760238647461,50.48783650508239,49.70814788060656,50.418265900044815,84573600,49.1038122177124,48.88317558288574,-0.0012915648498386112,0.37140378134824303,58.61858886404263,0.3295480502697643,0.32980962942630765,98.91999816894533,0.013109368980932068,2926.4599609375,0.02787031429124398
2019-09-03,49.34828567504883,49.65536271132292,48.99322853822822,49.52341468933475,80092000,49.26085147857666,48.91998832702637,-0.014563730623468496,0.3191574650119872,46.15023170083802,0.281956818881298,0.3202390673173057,98.9499969482422,0.008870260001484498,2906.27001953125,0.00968952600221007
2019-09-04,50.18555450439453,50.25512510383656,49.736934872570345,49.993630433984336,76752400,49.41601734161377,48.97450256347656,0.016966523110022447,0.3179708153609304,58.10277075223286,0.30824773430673247,0.3178408007151911,98.4499969482422,0.004591805594308163,2937.780029296875,0.023916449166143217
2019-09-05,51.166751861572266,51.33228629473703,50.74212053223393,50.85967487217688,95654800,49.59586582183838,49.063028259277345,0.019551390173278227,0.32228960371866616,63.47499400277916,0.4036053890239444,0.33499371837694175,98.41000366210938,0.002036499129428604,2976.0,0.030492344155491624
2019-09-06,51.161956787109375,51.4402464746383,50.982028677859134,51.35148311214848,77449200,49.72301483154297,49.13123924255371,-9.371465431029513e-05,0.31520493012810685,58.87605702142835,0.473333797588559,0.36266173421926523,98.38999938964844,-0.0012181782964139076,2978.7099609375,0.01850859999265375
2019-09-09,51.38027191162109,51.92485536288293,50.63657123511484,51.54100725454967,109237600,49.881111526489256,49.204103012084964,0.004267137893496642,0.3125413213539448,55.43541070398314,0.539985651295801,0.3981265176345724,98.27999877929688,-0.006469868595785799,2978.429931640625,0.017758647443266717
2019-09-10,51.98722839355469,52.00642116476611,50.790109031997794,51.30590148845998,127111600,50.075673294067386,49.29780548095703,0.011813025882339012,0.31309701052817124,58.41743349746624,0.6344702628583363,0.4453952666793253,98.33000183105467,-0.0062657416504199315,2979.389892578125,0.025159352900962828
2019-09-11,53.640174865722656,53.66896585663692,52.23433622087792,52.31590642437983,177158400,50.251043701171874,49.407215728759766,0.0317952413168634,0.29786156321317714,62.95251641162551,0.8331252154194928,0.5229412564273588,98.6500015258789,0.002031534625052789,3000.929931640625,0.021495789920957575
2019-09-12,53.52021408081055,54.31909531176275,53.46503715321349,53.93045177370637,128906800,50.495026397705075,49.50858627319336,-0.0022363980955022456,0.27191574898674253,62.47948910845994,0.9697027342659297,0.612293551995073,98.30999755859376,-0.0010162188781028814,3009.570068359375,0.011280264905703996
2019-09-13,52.47903823852539,52.96844114444219,52.0640050410945,52.77891845703125,159053200,50.69906463623047,49.58110305786133,-0.01945388037336837,0.28351921379444006,71.70576847763029,0.982600407091347,0.6863549230143278,98.26000213623048,-0.0013212445799815065,3007.389892578125,0.009628306218709026
2019-09-16,52.75491714477539,52.81009773078232,52.19354235463961,52.23432561778829,84632400,50.85979995727539,49.659998168945314,0.005256935254721817,0.2742082104399394,69.48564732042809,1.0035151300931346,0.7497869644300892,98.6500015258789,0.003764781758014868,2997.9599609375,0.006557155865713815
2019-09-17,52.94685363769531,52.97564462953808,52.56780458081761,52.76932688112736,73274800,50.9839506149292,49.76285530090332,0.0036382673560682033,0.26817216824554113,75.15214207922995,1.0237764124489104,0.8045848540338534,98.26000213623048,-0.000711885421750158,3005.699951171875,0.008830686664840437
2019-09-18,53.44344711303711,53.46263988380928,52.64456587529819,53.0332094166562,101360000,51.13281097412109,49.86981262207031,0.009379093208066402,0.269065438851408,75.67010729103626,1.0675979631828412,0.8571874758636511,98.5999984741211,-0.0005068732993855907,3006.72998046875,0.0019327505007602497
2019-09-19,53.009220123291016,53.68094878345625,52.8676738992986,53.261116540529656,88242400,51.232611083984374,49.9585733795166,-0.00812498095094183,0.27016345529361824,68.72457082149234,1.055125538357231,0.8967750883623671,98.2699966430664,-0.00040688553067569355,3006.7900390625,-0.000923729713457222
2019-09-20,52.23433303833008,53.39307059939063,52.17195927300286,53.10998544062051,221652400,51.29582614898682,50.03891090393066,-0.014617968028178385,0.2764770751400826,62.890694469651436,0.9715151185299433,0.9117230943958823,98.51000213623048,0.0025442702479629986,2992.070068359375,-0.005094059887797542
2019-09-23,52.47183227539063,52.74052373300916,52.21513309590776,52.52700920101302,76662000,51.48870849609375,50.11658935546875,0.004546803285231382,0.21171670278513746,69.83547211349466,0.9138827900714617,0.9121550335309982,98.5999984741211,-0.0005068732993855907,2991.780029296875,-0.002061378978087669
2019-09-24,52.22233200073242,53.37627400150818,52.1047813136798,53.026012342649935,124763200,51.622934913635255,50.18014801025391,-0.0047549373414053075,0.20597464817596783,63.977586812618334,0.8384114818754469,0.897406323199888,98.33999633789062,0.0008141074691738748,2966.60009765625,-0.013008568436906232
2019-09-25,53.0260124206543,53.13876766068672,52.09278545105276,52.43105117115003,87613600,51.82529411315918,50.263174285888674,0.015389592711229527,0.20366753266096482,63.077998853715634,0.8338382513238969,0.8846927088246898,99.04000091552734,0.004462499474802151,2984.8701171875,-0.007270311409154906
2019-09-26,52.75252532958984,53.00442542844722,52.498227506977486,52.77891493348246,75334000,51.99754581451416,50.34622756958008,-0.005157602440381437,0.20595960986779097,60.780526701167744,0.7989361716749599,0.8675414013947438,99.20999908447266,0.009565508023985148,2977.6201171875,-0.009701349777018309
2019-09-27,52.49583435058594,53.00922914863513,52.12637986394513,52.9084661718078,101408000,52.115219306945804,50.41310546875,-0.004865946746627436,0.2015383059051091,57.52190947308208,0.7420097785061159,0.8424350768170182,99.11000061035156,0.006090736586233492,2961.7900390625,-0.010120093649236717
2019-09-30,53.731327056884766,53.87766871925499,52.96843003744191,52.99481963756266,103909600,52.29790554046631,50.51936752319336,0.023535061811719604,0.21440863017789014,60.84104947419587,0.787511198850595,0.8314503012237336,99.37999725341795,0.007910738249165217,2976.739990234375,-0.005027120615560321
2019-10-01,53.88007354736328,54.75092680553321,53.78651107289727,53.995230177972914,139223200,52.52449493408203,50.60647338867187,0.0027683382977130577,0.2034674932068126,51.83415599308896,0.8260517901119186,0.8303705990013707,99.12999725341795,0.008033363279910333,2940.25,-0.008882254698591718
2019-10-02,52.5294189453125,53.63777504503247,52.28231428114032,53.513023851006665,138449200,52.64168815612793,50.65882308959961,-0.025067794327776616,0.2230228685570751,43.62459664493022,0.7390891877728762,0.8121143167556718,99.04000091552734,0.0,2887.610107421875,-0.03258433564850338
2019-10-03,52.97563934326172,53.00922577985396,51.61058406203605,52.40226487608837,114426000,52.732132530212404,50.72090950012207,0.008494676067400952,0.21504144615199045,53.460396073817655,0.6981293551468113,0.7893173244338998,98.86000061035156,-0.0035278548266398646,2910.6298828125,-0.02249791166721271
2019-10-04,54.460636138916016,54.57579275889607,53.71213641227853,54.13196864675856,138478800,52.89706649780273,50.820582733154296,0.028031691812761217,0.2340470406659846,60.17172162025426,0.776543710946136,0.786762601736347,98.80999755859376,-0.0030269705368810573,2952.010009765625,-0.003302067049955615
2019-10-07,54.472633361816406,55.16115707118716,54.17995001859924,54.28311070218234,122306000,53.0516845703125,50.917054443359376,0.00022029164091641462,0.23425035227566482,59.29823517323271,0.8300870022345777,0.7954274818359932,98.98999786376952,-0.003924324818141645,2938.7900390625,-0.012748829691667796
2019-10-08,53.83449935913086,54.71254958266668,53.81770796918431,54.17516653401763,111820000,53.14404811859131,50.99149047851562,-0.011714763236191472,0.23741562992544082,52.34269234109264,0.8116719168220072,0.798676368833196,99.13999938964844,0.00010089918801181597,2893.06005859375,-0.0160496357133747
2019-10-09,54.4654426574707,54.64776850627761,54.13197601227896,54.4654426574707,74770400,53.185311508178714,51.08284729003906,0.011720055092010906,0.2133057150266514,58.522968298862494,0.8383259800635159,0.80660629107926,99.12000274658205,0.0008077729232145447,2919.39990234375,0.011009032985501488
2019-10-10,55.19955062866211,55.28351855399068,54.530219592534166,54.68135673321952,113013600,53.269278335571286,51.168523712158205,0.013478417421632916,0.21754232469386195,67.4380425594538,0.9082165403612947,0.8269283409356669,98.70999908447266,-0.0015173126133199988,2938.1298828125,0.00944812673105222
2019-10-11,56.66775894165039,57.01082010729211,55.73213059230201,55.88566909661836,166795600,53.47871437072754,51.305599746704104,0.026598193214745436,0.21973751180260098,71.55546479967353,1.069746086469884,0.8754918900425104,98.3000030517578,-0.00516136544314294,2970.27001953125,0.006185619190049785
2019-10-14,56.58618927001953,57.12837497823652,56.298305029368485,56.35348195750364,96427600,53.670277976989745,51.46212394714355,-0.0014394370477019969,0.22048862730655128,72.8117575693281,1.1776027532172293,0.9359140626774543,98.4499969482422,-0.005455105840798891,2966.14990234375,0.009309907450883337
2019-10-15,56.45425796508789,57.01323152837121,56.34869953163861,56.71095355493265,87360000,53.845648193359374,51.667059097290036,-0.002331510685444571,0.22149191536358315,69.27457454958491,1.2381614307231104,0.9963635362865855,98.29000091552734,-0.00857371877500579,2995.679931640625,0.03547104829090775
2019-10-16,56.226341247558594,56.43506037247949,55.94565379747248,55.98643706861519,73903200,53.98479290008545,51.849941177368166,-0.004037192689172242,0.22173119859058735,69.63137916345461,1.2533161956815349,1.0477540681655755,98.01000213623048,-0.011198553062891636,2989.68994140625,0.024076879294977704
2019-10-17,56.444637298583984,56.6533526976658,56.02240739335927,56.39905493311874,67585200,54.1565637588501,52.02743827819824,0.0038824516442259593,0.21807026738233784,72.41290911508031,1.2683207113782586,1.0918673968081123,97.61000061035156,-0.01114373907733246,2997.949951171875,0.020359912851134032
2019-10-18,56.71574783325195,56.99643528339095,56.20714848455597,56.279120470382,97433600,54.380634498596194,52.18937370300293,0.004803122982858898,0.20763028809567297,69.02156893637465,1.287249639987344,1.1309438454439587,97.27999877929688,-0.010376441920595503,2986.199951171875,0.005363125754856091
2019-10-21,57.69935607910156,57.81451272728501,56.93406477919108,56.98204488561045,87247200,54.64201068878174,52.37899406433105,0.0173427713364811,0.21281317331534674,72.00124817059503,1.365874961045293,1.1779300685642256,97.33000183105467,-0.011376283919808938,3006.719970703125,0.01367768646059253
2019-10-22,57.56740188598633,58.10478484329185,57.48583169226944,57.85528613606384,82293600,54.909264183044435,52.56842224121094,-0.0022869266155125523,0.2115129494361306,83.76213983142922,1.4013842090211526,1.2226208966556111,97.52999877929688,-0.007732242640669296,2995.989990234375,0.0001035019096917722
2019-10-23,58.33989334106445,58.35429066597053,57.86968322558384,58.08080006310815,75828800,55.17495822906494,52.732564773559574,0.01341890427169301,0.2103375396433375,84.44247410459076,1.4748579044612171,1.2730682982167325,97.47000122070312,-0.005509651094352308,3004.52001953125,0.004960406736366885
2019-10-24,58.43585205078125,58.72853540039477,58.01122068935069,58.65896114841544,69275200,55.45912456512451,52.928470611572266,0.001644821480145886,0.20740195717285942,81.06497692363186,1.5232700939206012,1.3231086573575064,97.62999725341795,0.00020486264666885745,3010.2900390625,0.004116175417071766
2019-10-25,59.15556335449219,59.19154751127854,58.26791876751091,58.33509163394323,73477200,55.792111015319826,53.14361640930176,0.012316262678697676,0.20528793263948625,82.95080471123805,1.6012535361700486,1.378737633120015,97.83000183105467,0.005653814336548324,3022.550048828125,0.012172693808391921
2019-10-28,59.74811935424805,59.79609944414018,59.18914233842147,59.35707448336704,96572800,56.092950630187985,53.34777458190918,0.010016910771434073,0.1954034805515101,91.87900360486528,1.6913731956204288,1.4412647456200978,97.76000213623048,0.0044179625715223825,3039.419921875,0.010875622435909227
2019-10-29,58.36627960205078,59.91606203658459,58.19355198019087,59.728937090643406,142839600,56.317260932922366,53.505823364257814,-0.023127753093018732,0.220079767563482,74.96931886163576,1.632472627258167,1.4795063219477116,97.69000244140624,0.0016405584344509894,3036.889892578125,0.013651548395377189
2019-10-30,58.35908126831055,58.84848777636585,57.86728069727359,58.71893748749666,124522000,56.608744049072264,53.66368019104004,-0.0001233303508346717,0.19229271677166473,72.29936676143706,1.5671475555961152,1.4970345686773925,97.6500015258789,0.001846725176172015,3046.77001953125,0.014062146274729015
2019-10-31,59.67855453491211,59.77691611414118,56.91965683308477,59.31390286564061,139162000,56.94388980865479,53.83698692321777,0.022609562006899564,0.20165795921824217,71.70532360172265,1.603364839172741,1.5183006227764624,97.3499984741211,-0.0028679584879027775,3037.56005859375,0.009058934247991202
2019-11-01,61.37228393554688,61.3986698789117,59.77452135224457,59.865682443755965,151125200,57.28947219848633,54.045031967163084,0.028380871719068557,0.2021659289165273,77.99614235960493,1.7485805566788812,1.5643566095569463,97.23999786376952,-0.006030910316285665,3066.909912109375,0.014676303970036386
2019-11-04,61.77533721923828,61.85930516127117,61.26674143955907,61.7345502800923,103272000,57.65460739135742,54.30825500488281,0.006567350240944014,0.20098261869050263,80.16862032138302,1.8745791094732738,1.626401109540212,97.51000213623048,-0.0025572830865083773,3078.27001953125,0.012782076401040232
2019-11-05,61.686553955078125,61.94085176299146,61.49223218339517,61.66735752356005,79897600,58.047210121154784,54.55123001098633,-0.0014371959451240368,0.19180773899990325,81.45369411624068,1.944850773815375,1.6900910423952447,97.9800033569336,0.0029685833583767973,3074.6201171875,0.012423968581009248
2019-11-06,61.71294021606445,61.77291625260512,61.26432063414728,61.600184974516274,75864400,58.40958499908447,54.8059122467041,0.0004277473662339659,0.19223174304820329,81.03436342717434,1.979848266426309,1.7480424872014577,97.9499969482422,0.0030721496945782523,3076.780029296875,0.009849778477944326
2019-11-07,62.42519378662109,62.64657149210632,62.10756777829332,62.25916234332588,94940400,58.77086715698242,55.06826629638672,0.011541397445380852,0.19139823954595994,81.97137331283218,2.041523529611169,1.8067386956834,98.13999938964844,0.00811505832470405,3085.179931640625,0.01567701448804293
2019-11-08,62.59603500366211,62.668219386425065,61.804378670750026,62.24712668600199,69986400,59.06728096008301,55.317339706420896,0.0027367350692573122,0.17584209359137865,80.1659694090254,2.080207738541482,1.8614325042550164,98.3499984741211,0.011415062060230241,3093.080078125,0.008533072951472986
2019-11-11,63.091739654541016,63.15670561856516,62.14848849088493,62.15329833675763,81821200,59.39255847930908,55.577622451782226,0.00791910623172698,0.17439657050573223,82.57282129901537,2.1263531993001124,1.9144166432640357,98.1999969482422,0.007076143953393954,3087.010009765625,0.002839253924743712
2019-11-12,63.03396224975586,63.23368460284211,62.78371817488001,62.935305370069344,87388800,59.72154369354248,55.851335983276364,-0.0009157681354408087,0.1736226208067756,80.22477694734474,2.1336660812871173,1.9582665308686522,98.30999755859376,0.0033679749985109364,3091.840087890625,0.005600682375966892
2019-11-13,63.63790893554688,63.7125018811096,62.81978778393344,62.83422465447649,102734400,60.092122077941895,56.12038307189941,0.009581290216186034,0.1703115193672459,81.43899991884855,2.1632583474507356,1.999264894185069,98.37000274658205,0.004287961321344236,3094.0400390625,0.0056097639744396854
2019-11-14,63.19759750366211,63.73659382314395,63.06765826833198,63.46468706949581,89182800,60.4297700881958,56.36099998474121,-0.00691901162765618,0.17651829071899242,75.28213478046953,2.1266660959191483,2.024745134531885,98.16000366210938,0.00020383403897850094,3096.6298828125,0.003711275006831105
2019-11-15,63.9483528137207,63.95316265888821,63.28663561107302,63.44784987184769,100206400,60.79140033721924,56.616727905273436,0.01187949130526822,0.17781067373168016,75.76181135155062,2.1336507544000085,2.04652625850551,98.0,-0.0035587034016394403,3120.4599609375,0.008851979942626542
2019-11-18,64.27078247070312,64.35018529631039,63.580191577203664,63.95796632642828,86703200,61.119971656799315,56.87453811645508,0.005042032246266759,0.17276491379833264,91.62413260086885,2.1405288411810446,2.065326775040617,97.79000091552734,-0.0041751124791883365,3122.030029296875,0.011344316805085075
2019-11-19,64.07586669921875,64.48733232322434,63.85930623096703,64.46326841713567,76167200,61.445394897460936,57.11631088256836,-0.003032727531724455,0.17322833393138712,89.26168834945497,2.1059753280713522,2.073456485646764,97.86000061035156,-0.004577326410510785,3120.179931640625,0.009166012130121137
2019-11-20,63.3299446105957,64.02534539799291,62.65860039168933,63.89541349235287,106234400,61.6948974609375,57.31010627746582,-0.011641232917293354,0.1805765827839224,77.22151124761818,1.9954000121200721,2.0578451909414257,97.93000030517578,-0.004472933100752141,3108.4599609375,0.00466054792211712
2019-11-21,63.0460090637207,63.52725792226711,62.84628667519004,63.45025634251373,121395200,61.92540531158447,57.50062217712402,-0.004483432736612447,0.18300856694851636,65.79875426784601,1.8633771994489052,2.018951592642922,97.98999786376952,-0.0017319253463463635,3103.5400390625,0.0022315086114599314
2019-11-22,62.99063873291016,63.327511336519855,62.76445126835678,63.18554385868691,65325200,62.117159080505374,57.71085418701172,-0.0008782527495844183,0.18091005515798775,62.2774267440911,1.7342884486082681,1.962018963835991,98.2699966430664,0.002755067786391896,3110.2900390625,-0.003259109875566102
2019-11-25,64.09513092041016,64.11197639359949,63.16872535757396,63.21444458864492,84020400,62.334509658813474,57.93765846252441,0.01753422746169009,0.18654323588157837,70.18910276907336,1.7014942063700715,1.9099140123428073,98.31999969482422,0.005419764539676075,3133.639892578125,0.003718690458549112
2019-11-26,63.5946159362793,64.28520669383914,63.163896263735886,64.23226903943005,105207600,62.595926475524905,58.150613708496095,-0.00780893925862125,0.16401581920922473,64.61116475808507,1.6164833431317547,1.851227878500597,98.25,0.003985278839321538,3140.52001953125,0.006518882992728514
2019-11-27,64.4488296508789,64.482520587069,63.84005029539335,63.905016230980486,65235600,62.90041389465332,58.37072135925293,0.013432170350010653,0.16615748916782155,65.37452962084487,1.5996003324358128,1.8009023692876402,98.41000366210938,0.004901494490327618,3153.6298828125,0.014531286374162233
2019-11-29,64.30686950683594,64.48733780292622,63.98202510521868,64.15046511887911,46617600,63.13182964324951,58.59667434692383,-0.0022026799371217543,0.154249385043841,63.05532089800324,1.5568193828508257,1.7520857720002774,98.2699966430664,0.002857422036952828,3140.97998046875,0.012063624420827423
2019-12-02,63.56335067749024,64.54750372068722,63.39250938731946,64.3116891343449,94487200,63.24138298034668,58.82325469970703,-0.011562043605102823,0.1335527245122456,53.46769542846506,1.4462479700617834,1.6909182116125787,97.86000061035156,-0.004172138462607444,3113.8701171875,0.0011510431760501927
2019-12-03,62.43000411987305,62.44925084101829,61.66963012734118,62.15568877645392,114430400,63.274116325378415,59.02241813659668,-0.017830189024609533,0.14914397139736607,46.165653532246736,1.2527270754449376,1.6032799843790504,97.73999786376952,-0.005899123605115686,3093.199951171875,-0.01290510166851977
2019-12-04,62.98103713989258,63.35881926446583,62.72597582676955,62.81982288100207,67181600,63.33884048461914,59.237592239379886,0.008826413321413318,0.15173988883748593,45.801512572177266,1.1307890989182496,1.5087818072868904,97.6500015258789,-0.006106854698433528,3112.760009765625,-0.008839303552590771
2019-12-05,63.905029296875,63.9796296217953,63.21925558453559,63.47431687853907,74424400,63.44844493865967,59.455172576904296,0.01467095810013519,0.15916605984119564,54.25835360530303,1.096075937821368,1.426240633393786,97.41000366210938,-0.010161568568105128,3117.429931640625,-0.011478820444075333
2019-12-06,65.13941955566406,65.20920267737617,64.31888959281135,64.36220755924087,106075600,63.58415622711182,59.70291046142578,0.01931601115546977,0.16764713618249255,56.775096506246065,1.1548580010497602,1.3719641069249808,97.6999969482422,-0.005800343078208758,3145.909912109375,0.0015695520733274293
2019-12-09,64.22747802734375,65.16109467560312,63.74382055858157,64.96859806309656,128042400,63.665728378295896,59.937543334960935,-0.013999841179748729,0.17717009373517106,49.7691549346183,1.1150040768065708,1.3205721009012987,97.63999938964844,-0.0022481220041996597,3135.9599609375,0.007094015780578555
2019-12-10,64.60287475585938,64.98546686728571,63.972432335516494,64.63174852377416,90420400,63.741285133361814,60.15497428894043,0.005844799454149507,0.1763003144369242,52.756310193032704,1.1010190708929954,1.2766614948996382,97.41000366210938,-0.003376245230945152,3132.52001953125,0.012711777117569989
2019-12-11,65.15386962890625,65.23327979738657,64.60765485527283,64.68224783580021,78756800,63.847280502319336,60.38045021057129,0.00852895285432953,0.17794660928927486,59.73788240757149,1.1214689385155268,1.245622983622816,97.16000366210938,-0.005017899192143571,3141.6298828125,0.009274686437856339
2019-12-12,65.31989288330078,65.58458117297278,64.32371175724688,64.43439691719212,137310400,63.93137969970703,60.636259689331055,0.0025481718175779378,0.17555818543278906,62.295000814737065,1.137954662063045,1.224089319310862,97.4000015258789,-0.00010268079103215033,3168.570068359375,0.016404582569667037
2019-12-13,66.20780181884766,66.24389400998982,65.19236656282973,65.31989720038126,133587600,64.0818899154663,60.900902938842776,0.013593239308172134,0.17780793664398042,65.95858216580756,1.2087330253753734,1.2210180605237644,97.16999816894533,-0.005424757378218237,3168.800048828125,0.007276157728052013
2019-12-16,67.34114837646484,67.56493467366947,66.64815619751495,66.65296604245897,128186000,64.25152969360352,61.15851318359375,0.01711802123740891,0.18242873177744565,66.05575145363757,1.3408208356963698,1.2449786155582856,97.06999969482422,-0.005837768316133807,3191.449951171875,0.01769473811068245
2019-12-17,67.4735107421875,67.8007565074222,67.08610151418986,67.27138706190554,114158400,64.41166610717774,61.41853073120117,0.0019655495772465947,0.18222061764079675,69.91131415233444,1.439587248048852,1.283900342056399,97.20999908447266,-0.002053224208167448,3192.52001953125,0.019153907916278357
2019-12-18,67.31226348876953,67.8320130444866,67.16307754415392,67.32670036448889,116028400,64.57348594665527,61.68808601379394,-0.0023897860307593444,0.1819759707368103,65.82451350022642,1.487699758900817,1.3246602254252826,97.41000366210938,0.0025730752426627035,3191.139892578125,0.015759338818518653
2019-12-19,67.37963104248047,67.6587561829255,67.12216855664366,67.25450901811797,98369200,64.77597026824951,61.94636978149414,0.001000821398944307,0.1742900540091865,67.12251252453039,1.5138149524979383,1.3624911708398137,97.41999816894533,0.00020530434038135148,3205.3701171875,0.011614087122643113
2019-12-20,67.24007415771484,68.012476324904,67.02832353839587,67.91141820231184,275978000,64.98567352294921,62.187180252075194,-0.002071202863631605,0.17309297629387138,71.96656667543351,1.5058913788676733,1.3911712124453857,97.70999908447266,0.005557280289214983,3221.219970703125,0.016542514853338908
2019-12-23,68.33734893798828,68.39750505501115,67.46388094389195,67.50238173997971,98572000,65.25300903320313,62.42057205200195,0.016318762196777525,0.17829681417947793,85.44618369412603,1.570054186798913,1.426947807316091,97.66000366210938,0.00607812886720982,3224.010009765625,0.010202277676889304
2019-12-24,68.40231323242188,68.55150656735154,68.0774760830421,68.5033787375967,48478800,65.4683681488037,62.65689453125,0.00095064112733656,0.17135793566556123,84.54464621243831,1.6076141744856187,1.4630810807499965,97.6500015258789,0.004526308461580086,3223.3798828125,0.00966630219777942
2019-12-26,69.7594223022461,69.77626777302233,68.50577120530262,68.53464495904811,93121200,65.77660846710205,62.92299781799316,0.019840104898396493,0.17561064586689223,85.35310860705397,1.7269805387904,1.5158609723580774,97.58999633789062,0.001847784303607991,3239.909912109375,0.015282946274050246
2019-12-27,69.73294830322266,70.73635528399755,69.32870107290967,70.05057427415741,146266000,66.04081439971924,63.19312995910644,-0.00037950427554767074,0.17332519166210894,82.47701839499341,1.7987086187220171,1.5724305016308653,96.91999816894533,-0.005132416438079823,3240.02001953125,0.010809953633108993
2019-12-30,70.14681243896484,70.42834617784854,68.6308818725006,69.65112683312934,144114400,66.33281154632569,63.467173461914065,0.0059349869152609536,0.17186084038794935,95.02154579627762,1.8674225312778248,1.6314289075602573,96.73999786376952,-0.009927348580410333,3221.2900390625,2.1752118766205086e-05
2019-12-31,70.65935516357422,70.66657360200388,69.66557519453796,69.76423208192604,100805600,66.68761177062989,63.74604560852051,0.0073067144006770945,0.16132947367956987,95.12328493035132,1.9408636484197075,1.6933158557321473,96.38999938964844,-0.013004343895531512,3230.780029296875,0.002099875468979162
2020-01-02,72.27153778076172,72.3316938789073,71.02991503384398,71.28256770874596,135480400,67.17968845367432,64.0374892425537,0.022816265637513267,0.14780442422243467,95.78913166607933,2.1048920413017242,1.7756310928460628,96.8499984741211,-0.008192555445539873,3257.85009765625,0.010693810874588427
2020-01-03,71.56891632080078,72.32688174170664,71.34513738245916,71.50154177990413,146322800,67.60908241271973,64.31751953125,-0.009721966372050472,0.15960220384343551,87.60474687205593,2.1533673660836143,1.851178347493573,96.83999633789062,-0.0076852139373305706,3234.85009765625,-0.00156171455083165
2020-01-06,72.13921356201172,72.17771435861476,70.44281397657292,70.69306548285466,118387200,68.02079162597656,64.59350593566894,0.007968504632019702,0.15677684870057126,87.11209596113895,2.21230060712233,1.9234027994193246,96.66999816894533,-0.0025794470153024385,3246.280029296875,0.0019320898413863752
2020-01-07,71.79994201660156,72.4039044671714,71.58097285889926,72.14884310617231,108872000,68.35381774902343,64.86078773498535,-0.004703011422747427,0.1531119743253335,80.97616667532382,2.206197574602882,1.9799617544560362,96.9800033569336,0.002480933413933517,3237.179931640625,0.004932773014984182
2020-01-08,72.95490264892578,73.25568310862707,71.50393800505775,71.50393800505775,132079200,68.79018898010254,65.13677452087403,0.0160858156690038,0.14052090309863866,83.34287811972968,2.268407755411488,2.037650954647127,97.3000030517578,0.009440851414789897,3253.050048828125,0.006893078244047723
2020-01-09,74.5045394897461,74.69703608624071,73.67919950094557,73.9294436077337,170108400,69.28527221679687,65.43190292358399,0.021241024037513823,0.14998258987496305,87.42809817081111,2.4149148786128762,2.1131037394402767,97.4499969482422,0.006195131477275462,3274.699951171875,0.005172077600423375
2020-01-10,74.67296600341797,75.2360335553344,74.17247048793807,74.73793929040194,140644800,69.76122703552247,65.75803665161133,0.002260620826937121,0.15089229756460687,87.5589540170454,2.5156149975551614,2.193605991063254,97.36000061035156,0.0053697262714318406,3265.35009765625,0.009428566727743615
2020-01-13,76.26831817626953,76.2947906823847,74.87029080894176,74.98820177445941,121532000,70.3086483001709,66.1162213897705,0.021364521301839634,0.15832040078251927,90.43108726431855,2.6931076857567433,2.293506330001952,97.3499984741211,0.007034243488733383,3288.1298828125,0.012891633851035866
2020-01-14,75.23841857910156,76.41507515321942,75.11570515633713,76.20573314758428,161954400,70.76017913818359,66.42741867065429,-0.013503635871289221,0.17369711920737652,81.09261404455566,2.7193209900065938,2.37866926200288,97.37000274658205,0.0040214412883969874,3283.14990234375,0.014200622663512963
2020-01-15,74.91600799560547,75.91700649010697,74.48528821645434,75.0387288028542,121923600,71.13892211914063,66.69829315185547,-0.004285185541973213,0.17290868038454366,78.68193121278964,2.6831497033137026,2.439565350265045,97.2300033569336,-0.000719421301425549,3289.2900390625,0.011140311304902895
2020-01-16,75.85444641113281,75.96513894112196,75.09648089083629,75.4574175522418,108829200,71.55796890258789,66.97987533569336,0.012526540597069591,0.17418554755232468,77.86582469045027,2.69909435568114,2.491471151348264,97.31999969482422,-0.0013339893020933857,3316.81005859375,0.012859226203855822
2020-01-17,76.69422912597656,76.69663037690943,75.79669733616299,76.10228772628851,137816400,72.02706718444824,67.28002883911132,0.011070975461242138,0.1722022696181095,79.62326020823932,2.7478189083704194,2.5427407027526954,97.61000061035156,0.0025677896305746906,3329.6201171875,0.019682428410166652
2020-01-21,76.17446899414062,76.76399437532534,76.0373113220916,76.32365494902595,110843200,72.46680908203125,67.56925941467286,-0.0067770435632410475,0.1776831384421735,75.42117270027381,2.713216893170042,2.576835940836165,97.52999877929688,0.0018490016229804063,3320.7900390625,0.009932745181605807
2020-01-22,76.44637298583984,76.9973975614814,76.3525259473167,76.65811628441689,101832400,72.9271240234375,67.84968299865723,0.003569489821059868,0.1753076684492487,74.91194789259548,2.6768775484828495,2.596844262365502,97.52999877929688,0.0016431758057071644,3321.75,0.011757031754381586
2020-01-23,76.81453704833984,76.89393987673444,75.95309750344295,76.49931964228543,104472000,73.35098342895508,68.13405303955078,0.004815978157239664,0.17147072897841675,71.90257316429026,2.6472700378477754,2.606929417461957,97.69000244140624,0.004731040507979456,3325.5400390625,0.011020615260286304
2020-01-24,76.59317016601562,77.80110229414466,76.40307478925112,77.05998219911793,146537600,73.76052627563476,68.40408164978027,-0.00288183579346335,0.17347154894091682,75.4015208380424,2.57624605414091,2.6007927447977477,97.8499984741211,0.005445938974094178,3295.469970703125,-0.006433919191523696
2020-01-27,74.3409194946289,75.01947479638015,73.36157631651781,74.60800908323662,161940000,73.9896011352539,68.63022079467774,-0.029405372130504204,0.20545924123531495,59.51338286139264,2.3115748332440944,2.5429491624870173,97.95999908447266,0.0035856825318365537,3243.6298828125,-0.025825839389640448
2020-01-28,76.44398498535156,76.61482629516499,75.12055046053683,75.21920736994338,162234000,74.32515296936035,68.88634231567383,0.0282894737517283,0.2231542980678064,67.41243778248185,2.2456345160379243,2.483486233197199,98.0199966430664,0.005024073309775723,3276.239990234375,-0.013415497006459942
2020-01-29,78.04411315917969,78.88870711130171,77.33186702648361,78.0705856603743,216229200,74.72001800537109,69.18327262878418,0.020932035059851195,0.23048549406232524,68.46514517101463,2.296026150144314,2.445994216586622,97.98999786376952,0.0047164881598489306,3273.39990234375,-0.014555610041770195
2020-01-30,77.9310073852539,77.98394503620604,76.69901188302893,77.12973152744519,126743200,75.08360061645507,69.46292572021484,-0.0014492543940513025,0.2316419012758961,63.87902049494425,2.30031855216356,2.41685908370201,97.87000274658205,0.0018425662880270366,3283.659912109375,-0.012593481498100245
2020-01-31,74.47567749023438,77.64469745347057,74.18211536111428,77.22360465680592,199588400,75.19380760192871,69.66702362060546,-0.04433831937957666,0.28064653696567077,49.36891741967541,2.001828236739314,2.3338529143094706,97.38999938964844,-0.004701063787898918,3225.52001953125,-0.02122609272538767
2020-02-03,74.2711410522461,75.43335387455234,72.72151906032097,73.22201466798846,173788400,75.32891883850098,69.87092910766602,-0.0027463521632965504,0.2779762524717817,42.98751020635591,1.7288391485561334,2.212850161158803,97.8000030517578,-0.0016332792385684858,3248.919921875,0.0016309009515946826
2020-02-04,76.72309875488281,76.91319410520111,75.46703897288427,75.87128624120515,136616400,75.55811309814453,70.13879219055175,0.03301359946674154,0.298560330931174,54.73969202231407,1.6908547036251633,2.1084510696520753,97.95999908447266,-0.0006120950892523069,3297.590087890625,0.006516646436124596
2020-02-05,77.34871673583984,78.14518291668757,76.74715573258482,77.84680366564679,118826800,75.83555183410644,70.42484634399415,0.00815423244251079,0.29750189744068856,57.61868625807482,1.6917326588852148,2.025107387498703,98.2699966430664,0.002857422036952828,3334.68994140625,0.018723663741364582
2020-02-06,78.25347137451172,78.25587996873817,77.06238481315839,77.61822667711162,105425600,76.10048027038575,70.73010299682618,0.011697086607936669,0.29551830419504604,57.52908122438288,1.7453156701210588,1.9691490440231745,98.5,0.006437082208419209,3345.780029296875,0.018917950960273044
2020-02-07,77.18978118896484,78.00260869481056,76.70015470961765,77.75417767052507,117684000,76.23474235534668,70.99199600219727,-0.013592881783559219,0.29392327579252103,51.53368206952277,1.6825542462295147,1.9118300844644427,98.68000030517578,0.01324572259587109,3327.7099609375,0.03168169497862894
2020-02-10,77.556396484375,77.556396484375,75.69919587638071,75.77878713871854,109348800,76.37891387939453,71.27123161315917,0.0047495314763577046,0.2940924931961856,54.31785220154872,1.6434534477007219,1.8581547571116988,98.83000183105467,0.010531684531254859,3352.090087890625,0.031755219733481166
2020-02-11,77.08848571777344,78.12321641331339,76.87141125259707,78.05086071182195,94323200,76.41992225646973,71.52402473449708,-0.006033167963081287,0.28621452811889087,51.98201367860967,1.5567638897204716,1.7978765836334534,98.72000122070312,0.007758290560773817,3357.75,0.018243599266717148
2020-02-12,78.91915893554688,78.92398019498478,77.53710627398911,77.53710627398911,113730400,76.603959274292,71.8162705230713,0.023747686839713955,0.2921946093352697,55.95838717021267,1.6171404312994042,1.7617293531666436,99.0500030517578,0.00793738104545283,3379.449951171875,0.01342254019177247
2020-02-13,78.357177734375,78.68279311833038,77.99056323907321,78.1931665675849,94747600,76.77601776123046,72.11214706420898,-0.007120973015321219,0.2932463015092891,54.89958076005676,1.6011846295221943,1.7296204084377538,99.06999969482422,0.005786798932225556,3373.93994140625,0.008416546175419981
2020-02-14,78.37647247314453,78.62490351773702,77.86996050397198,78.32581612373606,80113600,76.90211906433106,72.43107643127442,0.0002462408591965559,0.2908580764955717,62.7961177261797,1.5719757083789432,1.6980914684259918,99.12000274658205,0.0044588816380779495,3380.159912109375,0.01576157531382294
2020-02-18,76.94137573242188,77.12227238383039,75.8825237997063,76.06342045111482,152531200,76.91447639465332,72.710283203125,-0.018310300214319897,0.29706499202047,51.64691367256141,1.4166963212332462,1.6418124389874427,99.45999908447266,0.006374554707536451,3370.2900390625,0.005429433784498228
2020-02-19,78.0556869506836,78.28482562119284,77.18256041371585,77.18256041371585,93984000,77.00853729248047,72.99329635620117,0.014482600650876698,0.2998927278617592,50.039595928379654,1.3677849177042702,1.5870069347308082,99.5999984741211,0.008914072554057295,3386.14990234375,0.008458015737845326
2020-02-20,77.2549057006836,78.30410746194534,76.75080805425196,77.81689526489554,100566000,77.04896392822266,73.23560607910156,-0.010259101947381999,0.30256572722573466,47.790885739698545,1.2499967392390658,1.51960489563246,99.87000274658205,0.008278643811810538,3373.22998046875,-0.0018405275393909015
2020-02-21,75.50623321533203,77.29108544658935,74.89118775773731,76.84969364795695,129554000,76.98354873657226,73.46118118286132,-0.02263509960295107,0.31311884152555797,53.78995208303288,1.0039723357497934,1.4164783836559267,99.26000213623048,0.001917860522777426,3337.75,-0.010726314645413071
2020-02-24,71.91967010498047,73.36684305832843,69.76097486599113,71.69777437412706,222195200,76.7498737335205,73.60751708984375,-0.04750022557903588,0.35460087520110645,43.074914731747654,0.5136692947458386,1.235916565873909,99.29000091552734,0.0017150742961531407,3225.889892578125,-0.045639858332908956
2020-02-25,69.48359680175781,72.96887474112613,69.0132699904686,72.58778908763885,230673600,76.50700759887695,73.69411163330078,-0.03387214234529634,0.3593511539167919,28.659690686778987,-0.07065567945731743,0.9746021168076637,98.97000122070312,-0.004926582226824405,3128.2099609375,-0.0718276692270492
2020-02-26,70.58584594726562,71.84730078233405,69.10249542340598,69.10973099237307,198054800,76.21410064697265,73.79943069458008,0.015863443981643854,0.34745256518892204,30.609553834435616,-0.43972624673315863,0.6917364440994993,99.0,-0.006024081157762207,3116.389892578125,-0.07966570221209301
2020-02-27,65.97179412841797,68.98191678336323,65.83672522986622,67.80006024068396,320605600,75.61048469543456,73.79471054077149,-0.06536794674522695,0.39757363490008363,20.96250738661412,-1.0919454830341806,0.3350000586727633,98.44000244140624,-0.014318616860404032,2978.760009765625,-0.11694132122242928
2020-02-28,65.93319702148438,67.151238688421,61.835287914284685,62.04995543810668,426510000,75.01059417724609,73.76655151367187,-0.0005850546804663237,0.39777610800516144,22.03037294150431,-1.5935786085179018,-0.050715674765369756,98.12999725341795,-0.011384292348308067,2954.219970703125,-0.11490675733559286
2020-03-02,72.0716552734375,72.70600086705959,66.98484104967828,68.08469237585835,341397200,74.89039306640625,73.85851440429687,0.09310117708918164,0.5136421740370479,39.409535213159884,-1.4787579931881538,-0.3363241384499266,97.36000061035156,-0.019438012764424917,3090.22998046875,-0.042053484969059474
2020-03-03,69.78266906738281,73.32341649193845,68.93365637610123,73.24382523248129,319475600,74.66596946716308,73.90792251586915,-0.03175986727889557,0.5250377075018534,36.820118235040866,-1.554544068917778,-0.5799681245434969,97.1500015258789,-0.01838940762227148,3003.3701171875,-0.03990775725059914
2020-03-04,73.01951599121094,73.17870588852956,70.70163100181635,71.4999874378904,219178400,74.4807903289795,74.02072021484375,0.04638468214367952,0.5390255944532364,39.87080156161499,-1.337995011033982,-0.7315735018415939,97.33999633789062,-0.01676771375868058,3130.1201171875,0.004405810916687347
2020-03-05,70.65097045898438,72.25009001910128,70.2867629946478,71.27807270497505,187572800,74.14590301513672,74.08893814086915,-0.03243715738285169,0.54813363320511,37.54191063143707,-1.3420300649945744,-0.8536648144721901,96.81999969482422,-0.016456752401507457,3023.93994140625,0.015167362087749936
2020-03-06,69.71273803710938,70.14448006147832,67.8314160013331,68.01713389438318,226176800,73.7188663482666,74.11644592285157,-0.013279823557691639,0.5458363862010283,36.39807862902405,-1.4047423937458063,-0.9638803303269134,95.9499969482422,-0.0222154322449023,2972.3701171875,0.006143803326891462
2020-03-09,64.19902038574219,67.07406711242609,63.4344272820737,63.61532393782106,286744800,73.06932830810547,74.03238006591796,-0.07909196807665386,0.6054417510631019,32.26587333273305,-1.8777082486457601,-1.1466459139906828,94.9000015258789,-0.02526704056132789,2746.56005859375,-0.1112117622465334
2020-03-10,68.82271575927734,69.08803225317006,64.97082373995369,66.84491728627172,285290000,72.63264427185058,74.01364593505859,0.07202127611532871,0.6687267694632448,38.29357041343144,-1.858025361591416,-1.2889218035108296,96.41000366210938,-0.007617064870270807,2882.22998046875,-0.0403347346454227
2020-03-11,66.43245697021484,67.82898060143201,65.57138749972806,66.90520532305104,255598800,72.09984283447265,73.94763610839844,-0.03473066650585188,0.676954280852124,36.8099178348969,-2.0121061328376726,-1.4335586693761981,96.51000213623048,-0.008526753984857693,2741.3798828125,-0.12419339188947609
2020-03-12,59.8719482421875,65.12277445766078,59.8164743166662,61.73156686549944,418474000,71.1474822998047,73.74213882446288,-0.09875457008866562,0.740866178810356,32.94570049962391,-2.633240126986209,-1.6734949608982004,97.47000122070312,0.006713504729680908,2480.639892578125,-0.17966628284802155
2020-03-13,67.04510498046875,67.51543909047871,61.01039330045894,63.89027147674693,370732000,70.58187866210938,73.66985382080078,0.11980830670926523,0.8778381413342761,45.068563377611774,-2.517657503655812,-1.8423274694497227,98.75,0.02918189828883677,2711.02001953125,-0.08792649883842296
2020-03-16,58.41996383666992,62.488927074911565,57.88692016083435,58.35725065107087,322423600,69.58405323028565,73.39282234191894,-0.12864684373768165,0.9784842392788242,40.052916393346926,-3.086455511051497,-2.0911530777700778,98.08999633789062,0.03361427566617925,2386.1298828125,-0.13122967205959868
2020-03-17,60.98869323730469,62.13436816241869,57.5010047474182,59.69829586216656,324056000,68.78641910552979,73.18121788024902,0.043970061464200905,0.998581925281316,41.59308577790212,-3.2920088066977513,-2.3313242235556126,99.58000183105467,0.03288038635549961,2529.18994140625,-0.12248850419808743
2020-03-18,59.49570083618164,60.29888239127563,57.192282792764566,57.83145315432312,300233600,67.8584197998047,72.92834762573243,-0.024479822765079873,0.9956590093289025,43.998935009792696,-3.534638175094827,-2.5719870138634557,101.16000366210938,0.04818155033625526,2398.10009765625,-0.1252215307001029
2020-03-19,59.039825439453125,60.98386029227968,58.51643172371911,59.66934574830385,271857200,66.94766578674316,72.67314529418945,-0.007662325013764404,0.9957484915653552,43.66128440917916,-3.7208177611837527,-2.8017531633275152,102.76000213623048,0.05427311838797566,2409.389892578125,-0.028722427714387044
2020-03-20,55.29165649414063,60.74026183260014,54.99257275597992,59.6187005747609,401693200,65.93693695068359,72.31988037109375,-0.06348543406782825,1.012238170964594,33.86068541608236,-4.123281708757737,-3.06605887241356,102.81999969482422,0.041215186783030155,2304.919921875,-0.14979605267779128
2020-03-23,54.11702346801758,55.11316188237845,51.28056622079162,55.01186023215794,336752800,65.04680461883545,71.91213005065919,-0.021244308827092828,1.0048132009764636,34.60242690937511,-4.485316419524864,-3.349910381835821,102.48999786376952,0.04485678142674421,2237.39990234375,-0.06233104976391479
2020-03-24,59.54634475708008,59.74171251843163,56.51210499986582,57.00896712882192,287531200,64.54994201660156,71.60959762573242,0.10032557116285523,1.0767821294744249,37.304546373757105,-4.284738880177599,-3.5368760815041766,101.73999786376952,0.021691062392019678,2447.330078125,-0.03236604018586886
2020-03-25,59.21830749511719,62.28872452137452,58.92404875377308,60.47975865918552,303602000,63.98156509399414,71.26859741210937,-0.005508940360674064,1.0738259279803244,38.79644273887096,-4.104930516911949,-3.650486968585731,101.0500030517578,-0.001087392312865032,2475.56005859375,0.03230055368130991
2020-03-26,62.334571838378906,62.39245640873891,59.420929465556426,59.45952163269751,252087200,63.799703979492186,71.01052047729492,0.05262332672237657,1.0698093873447996,43.065698507520906,-3.6686842958947565,-3.6541264340475363,99.41999816894533,-0.03250295735550168,2630.070068359375,0.09159172471878985
2020-03-27,59.75376892089844,61.71468565033882,59.58734345256695,60.96215693824958,204216800,63.49073257446289,70.70727569580077,-0.04140243273302613,1.0795326462108377,45.5784116164211,-3.4909635942598527,-3.62149386609,98.37000274658205,-0.04327948805144932,2541.469970703125,0.10262831544954354
2020-03-30,61.459022521972656,61.630272940074015,60.15415403133552,60.47735878660068,167976400,62.960100936889646,70.41936721801758,0.028538009097495154,1.0265573159745394,42.224048189641664,-3.175909041106806,-3.532376901093361,99.18000030517578,-0.032295810592106844,2626.64990234375,0.17397426342615274
2020-03-31,61.333595275878906,63.31139742053906,60.78125926146835,61.64956443734396,197002000,62.53764724731445,70.11215454101563,-0.00204082722026544,1.02205394866157,44.34519301892562,-2.9028843248934493,-3.406478385853379,99.0500030517578,-0.026439894520281393,2584.590087890625,0.05608561386651423
2020-04-01,58.10641479492188,59.99015125579327,57.67708705496906,59.454696896013616,176218400,61.7919921875,69.75079345703125,-0.05261684834292113,1.0171426026379156,47.88563852872195,-2.9133336673679437,-3.307849442156292,99.66999816894533,-0.013656653549091291,2470.5,-0.0020440055882241515
2020-04-02,59.07600784301758,59.12907114366829,57.13920841031964,57.968921460111474,165934000,61.21324405670166,69.40338615417481,0.01668650615457401,1.0173356176642319,38.79089252472194,-2.81097363649711,-3.2084742810244555,100.18000030517578,0.0076443587832195625,2526.89990234375,-0.03922715491758055
2020-04-03,58.22699737548828,59.26172428830562,57.638479859243176,58.56225892051635,129880000,60.638957023620605,69.03163536071777,-0.014371493581376904,1.0174331008774564,49.65257922409337,-2.766470474261645,-3.1200735196718936,100.58000183105467,0.02246618911016962,2488.64990234375,-0.020783274627778403
2020-04-06,63.30657196044922,63.46093322552853,60.14932430825039,60.5159387534273,201820400,60.59433460235596,68.76590339660645,0.08723744678442369,1.0323234158701282,53.82713887643167,-2.294868366310915,-2.955032488999698,100.69000244140624,0.01522486521056865,2663.679931640625,0.014097816866965429
2020-04-07,62.5733528137207,65.53282659406987,62.46964050531926,65.31574473463938,202887200,60.281866455078124,68.53055206298828,-0.011582038389104321,0.9984744805112175,55.21240814512264,-1.9577176055038024,-2.755569512300519,99.9800033569336,0.009389200166806999,2659.409912109375,0.028948429605645254
2020-04-08,64.17489624023438,64.4884474840079,63.00751076183749,63.3717110057614,168895200,60.168988418579104,68.28517028808594,0.025594655783931275,0.9958994845640984,58.3720259122526,-1.5434995269102032,-2.513155515222456,100.12000274658205,0.004514945178126117,2749.97998046875,0.1131268894834041
2020-04-09,64.63799285888672,65.13968372309436,63.84446480191953,64.80924699848376,161834800,60.407290649414065,68.01704788208008,0.0072161646653665645,0.9248193651002503,67.06597320415842,-1.1644377746505299,-2.243411967108071,99.5199966430664,-0.006588177880802792,2789.820068359375,0.10404850851898062
2020-04-13,65.90668487548828,66.01522581864997,64.1170106330232,64.71517825448223,131022800,60.35036964416504,67.77656143188477,0.01962765179561332,0.823311947769015,71.45367825754363,-0.7529759244087657,-1.9453247585682099,99.3499984741211,-0.012229104539087543,2761.6298828125,0.10968998902242699
2020-04-14,69.23516082763672,69.5245983530926,67.06440146882377,67.53473560751405,194994800,60.89112949371338,67.67175109863281,0.05050285807026467,0.6846866512656781,69.0903821300918,-0.15650515753048921,-1.5875608383606656,98.88999938964844,-0.017876680982357285,2846.06005859375,0.068469234905709
2020-04-15,68.60324096679688,69.0615109892011,67.68670092198845,68.11361434863234,131154400,61.27185688018799,67.55839309692382,-0.009127152349844736,0.6749985690171036,68.27280732610484,0.2621892168801452,-1.2176108273125035,99.45999908447266,-0.005201082766565834,2783.360107421875,0.04660815722619671
2020-04-16,69.14834594726562,69.51255354700056,68.10155824756667,69.31477144908467,157125200,61.75448913574219,67.40689804077148,0.00794576134868863,0.6648431999644651,64.7427523061782,0.6307223665910442,-0.847944188531794,100.02999877929688,-0.0008989608950868977,2799.550048828125,0.018025610626781985
2020-04-17,68.2100830078125,69.21105020012682,66.77738117936849,68.66594602627303,215250000,62.21300201416015,67.22412536621094,-0.01356884140321546,0.6670583509369105,69.69667028949709,0.8374242594669568,-0.5108704989320438,99.77999877929688,0.0026125617463892414,2874.56005859375,0.03037471527122837
2020-04-20,66.79425048828125,67.93992881208341,66.7749580920623,67.04027454445135,130015200,62.78813171386719,66.99494094848633,-0.02075693881458973,0.6219893729693242,62.59679079498059,0.8768829858377103,-0.23331980197809304,99.95999908447266,0.006139915648921246,2823.159912109375,0.022280331509960227
2020-04-21,64.7296142578125,66.87143078398917,64.02049912791077,66.6374709301005,180991600,63.31876125335693,66.74573760986328,-0.030910388474693407,0.6293739205518617,57.34555736384193,0.7331046478191467,-0.04003491201864509,100.26000213623048,0.013853804783473977,2736.56005859375,-0.03847424079100581
2020-04-22,66.59406280517578,67.02821165517099,65.65340205638569,65.99348115115153,116862400,63.671147155761716,66.5264909362793,0.02880364063251384,0.5372787445908319,69.50877558471456,0.760834271123386,0.12013892460976114,100.38999938964844,0.009350495814763882,2799.31005859375,0.00573046625528062
2020-04-23,66.33599090576172,67.95682478512697,66.29739874664567,66.53859422059466,124814400,64.02703132629395,66.31144104003906,-0.0038752989161972007,0.5368399015835019,67.25126246259748,0.7533023512959716,0.24677160994700326,100.43000030517578,0.003998815662903832,2797.800048828125,-0.0006251004516717451
2020-04-24,68.25106048583984,68.2607103625322,66.81112369869982,66.85936572146232,126161200,64.32285575866699,66.09807907104492,0.028869239065090868,0.515821176254195,72.67072225080778,0.8915857156391667,0.3757344310854359,100.37999725341795,0.006013213885161628,2836.739990234375,-0.013156819683175058
2020-04-27,68.29931640625,68.62975298338314,67.52266679021487,67.96887246841614,117087600,64.75013313293456,65.89692184448242,0.0007070354667992884,0.4863527259603625,64.61864709677303,0.9936163370161211,0.499310812271573,100.04000091552734,0.0008003384532555557,2878.47998046875,0.01959508851131342
2020-04-28,67.19223022460938,68.94089736729391,67.1005821297752,68.76000076632654,112004800,65.0367935180664,65.67323699951172,-0.016209330340227535,0.48618299584064856,63.234229080369346,0.9739170277416491,0.5942320553655882,99.87000274658205,-0.003889880125062417,2863.389892578125,0.04634644636651952
2020-04-29,69.39917755126953,69.86709736755677,68.47298779881385,68.67559111709774,137280800,65.44007263183593,65.52239303588867,0.03284527570052065,0.4952569769311845,64.4669641087744,1.1234371046220986,0.7000730652168903,99.56999969482422,-0.008168141247232308,2939.510009765625,0.05008375215223748
2020-04-30,70.86323547363281,71.0393108397726,69.54872440544703,69.93704563014794,183064000,66.07791366577149,65.37854400634765,0.021096185488389763,0.4448085770888215,66.33333613577594,1.3445707073281028,0.8289725936391328,99.0199966430664,-0.01403966601438622,2912.429931640625,0.04097143498889899
2020-05-01,69.7223892211914,72.11745891629081,68.94573936920324,69.04221610297073,240616800,66.61023273468018,65.22789367675782,-0.016099268468568573,0.4537356380530668,60.078982243102146,1.4114931086001263,0.9454766966313316,98.8000030517578,-0.015740129955087778,2830.7099609375,-0.002125689812120135
2020-05-04,70.7088851928711,70.83671853428713,69.05910858714758,69.74651734637497,133568000,67.23432712554931,65.13194671630859,0.014148912317822004,0.44572702037498524,54.44239812777356,1.5265346331654683,1.061688283938159,99.4800033569336,-0.005597736440112633,2842.739990234375,-0.012416271948000435
2020-05-05,71.77014923095703,72.5998625344933,71.02244153337789,71.16716033947453,147751200,67.6575059890747,65.12895629882813,0.015008920522380675,0.3415536057989275,59.30546980748943,1.683929715186025,1.1861365701877322,99.70999908447266,-0.0016021193322222071,2868.43994140625,0.0017636609115700974
2020-05-06,72.51060485839844,73.14012158473827,72.0860984199546,72.4695983843977,142333600,68.1543685913086,65.18949645996094,0.010317041769811741,0.33494875474363817,59.76734681574627,1.847122553542917,1.3183337668587694,100.08999633789062,0.005222422864920695,2848.419921875,-0.03098818768706557
2020-05-07,73.26070404052734,73.60561913010429,72.8337907414733,73.13528505567275,115215200,68.60865898132325,65.24299362182617,0.010344682458431231,0.3283967109413391,64.83420300065477,2.0137673325559717,1.45742047999821,99.88999938964844,0.008786131852923651,2881.18994140625,-0.010726434958995501
2020-05-08,75.00444793701172,75.05765488198482,73.59205412028582,73.91855094713767,133838400,69.12698173522949,65.42364669799805,0.02380189924901277,0.33387736146125324,73.65849518949406,2.2604826430970775,1.6180329126179838,99.7300033569336,0.009412958263661286,2929.800048828125,0.03500538354618543
2020-05-11,76.18467712402344,76.67804261253256,74.3055100788998,74.51350356888688,145946400,69.64088134765625,65.62867630004882,0.0157354559559304,0.33231125204688816,84.78172437374094,2.5221669652131595,1.798859723137019,100.23999786376952,0.0076396711016291086,2930.18994140625,0.03076255706546882
2020-05-12,75.31401062011719,77.31651506334359,75.19308642093533,76.86667320446085,162301200,69.94482383728027,65.69352340698242,-0.011428367708231746,0.29677911552269487,78.17742090561926,2.628992773223686,1.9648863331543525,99.93000030517578,0.0022064108186055087,2870.1201171875,0.0005857454977518106
2020-05-13,74.40464782714844,76.41199367992591,73.33084049882564,75.49296546688427,200622400,70.23489418029786,65.78596298217774,-0.012074284525299905,0.2987363619394474,75.01974231138108,2.6101864139840103,2.093946349320284,100.23999786376952,0.0014986665138092548,2820.0,-0.00997743403517981
2020-05-14,74.86176300048828,74.92222510630167,72.92455476842612,73.64526572674791,158929200,70.52056503295898,65.82280792236328,0.006143637349131481,0.29850787153418895,72.53654836910836,2.6021714008976033,2.195591359635748,100.47000122070312,0.0058064053919175684,2852.5,-0.00995767095877309
2020-05-15,74.41917419433594,74.46512598393333,72.60531107010586,72.63917339112623,166348400,70.83101959228516,65.8981719970703,-0.005912080993196178,0.29367986582258665,70.31695937834019,2.5309312277505427,2.262659333258707,100.4000015258789,0.006718120388980564,2863.699951171875,-0.022561299936727397
2020-05-18,76.17256164550781,76.54501020724649,75.05038903047435,75.73965837102512,135178400,71.29993515014648,66.02736846923828,0.023560963557498482,0.2850802095646364,78.58656234608618,2.5861451197914818,2.327356490565262,99.66999816894533,-0.005686349830123172,2953.909912109375,0.008095028369301316
2020-05-19,75.7323989868164,77.03353696378241,75.70095751911882,76.18948854925284,101729600,71.85007438659667,66.25803604125977,-0.005778493583290967,0.25323249659871083,72.7152275112932,2.5648194371383113,2.374849079879872,99.37000274658205,-0.005603898297643961,2922.93994140625,0.01840334970736679
2020-05-20,77.20525360107422,77.27538431049794,76.54983924007178,76.58853586283631,111504800,72.3806339263916,66.4256867980957,0.019448144175575388,0.24508531940699774,72.7324338382123,2.636375245460357,2.427154312995969,99.12000274658205,-0.011173135884436025,2971.610107421875,0.05376244944038122
2020-05-21,76.62968444824219,77.60675427308676,76.3926703052991,77.06742956137252,102688800,72.89531860351562,66.62963134765624,-0.0074550516446204584,0.24761166609954194,75.8043102902808,2.6164789777322284,2.465019245943221,99.37000274658205,-0.010948526532857383,2948.510009765625,0.03365819798970193
2020-05-22,77.12305450439453,77.20528209037693,76.26690893879248,76.36848115298238,81803200,73.33891830444335,66.97465347290039,0.00643836732076819,0.23419889372477415,74.87873098994338,2.610430465014545,2.4941014897574862,99.86000061035156,-0.005378495092832836,2955.449951171875,0.03203897110884624
2020-05-26,76.60064697265625,78.41692345166804,76.54501918320653,78.23795799610525,125522000,73.75398483276368,67.16576431274414,-0.006773688297168179,0.23801382701789484,69.55348445926289,2.534269571151057,2.5021351060362007,98.91000366210938,-0.007625108064592601,2991.77001953125,0.01281694721517046
2020-05-27,76.93440246582031,77.07951300360745,75.72032597361274,76.45796813210207,112945200,74.24109344482422,67.53605308532715,0.00435708452022876,0.22347543022331154,68.51687683943754,2.472343160072782,2.496176716843517,99.05999755859376,-0.0031197059416298023,3036.1298828125,0.03872468941383489
2020-05-28,76.96826171875,78.22345564249268,76.33462002234297,76.610323390573,133560800,74.61954765319824,67.85564445495605,0.00044010549044992686,0.2021345267002845,66.50874395390187,2.3983514888340807,2.47661167124163,98.37999725341795,-0.007465753356121763,3029.72998046875,0.01955837776352798
2020-05-29,76.8932876586914,77.66961902448975,76.53777018415474,77.21010850014466,153532400,74.92105026245117,68.20359619140625,-0.0009740905976616254,0.19423728254643252,59.878556015220006,2.307068328641435,2.442703002721591,98.33999633789062,-0.010365365605535803,3044.31005859375,0.032491003425740406
2020-06-01,77.83890533447266,77.95982952875313,76.71672526884876,76.84732546524727,80791200,75.32687606811524,68.57957778930664,0.012297792233550986,0.18062698707013097,58.86919891977417,2.2846926948930815,2.411100941155889,97.83000183105467,-0.020328447495387425,3055.72998046875,0.03393054558650621
2020-06-02,78.19925689697266,78.22344321190015,77.13270462012565,77.57287045767401,87642800,75.7013946533203,69.03772979736328,0.004629453111545834,0.1777771794275242,66.36485037418355,2.2698715373136906,2.3828550603874494,97.66999816894533,-0.012536704552151057,3080.820068359375,0.02976500474527688
2020-06-03,78.6297607421875,78.89096118094021,77.94774639510123,78.51851253045199,104491200,76.04437522888183,69.52798454284668,0.005505216574909877,0.17391477189791868,75.3409952008083,2.2667342244430984,2.359630893198579,97.27999877929688,-0.017968895852677802,3122.8701171875,0.028569342459963787
2020-06-04,77.95259094238281,78.75068784203134,77.58014227825346,78.45321898447096,87560400,76.31647453308105,69.89610946655273,-0.008612130997384115,0.17862282014406172,68.06113450679297,2.184425243441069,2.3245897632470776,96.68000030517578,-0.01727990440844529,3112.35009765625,0.02726979556597886
2020-06-05,80.1727294921875,80.23319158079397,78.17264625811065,78.20166687974158,137250400,76.66207580566406,70.31519790649413,0.02848062550538777,0.1981271724124394,77.83765985438319,2.2721494845955164,2.3141017075167656,96.94000244140624,-0.014236261425860652,3193.929931640625,0.04914738320576606
2020-06-08,80.64676666259766,80.68062898183005,79.16182130122834,79.87043535299438,95654400,76.94419174194336,70.68144180297851,0.0059126984126984805,0.18485314954426815,74.70633883455633,2.352800792716806,2.321841524556774,96.62000274658205,-0.01236838456327749,3232.389892578125,0.05781267102739074
2020-06-09,83.19342803955078,83.58522126328481,80.29608895604107,80.32753042867137,147712400,77.29462928771973,71.15023498535156,0.03157797246364025,0.20589355884676955,83.42374549705045,2.5923290694039167,2.375939033526203,96.31999969482422,-0.013822038491143829,3207.179931640625,0.04101500914610057
2020-06-10,85.33378601074219,85.800551637391,83.70130935970825,84.13905436012791,166651600,77.79561805725098,71.62773025512695,0.025727488596501535,0.20999692529160116,84.35915148208132,2.9211922688475056,2.4849896805904637,95.95999908447266,-0.013569075980551348,3190.139892578125,0.021541009669402866
2020-06-11,81.23688507080078,84.90330810607846,81.1353128647156,84.4800733592576,201662400,78.1372299194336,72.0257960510254,-0.04801030320423927,0.27916016228817836,65.00706521820167,2.8187403727028766,2.5517398190129463,96.7300033569336,0.0005172016094330267,3002.10009765625,-0.03542339278702089
2020-06-12,81.93822479248047,84.11486012218111,80.83056250550848,83.36997039015924,200146000,78.49105300903321,72.50243225097657,0.008633267032191583,0.2794883305514709,65.47482674816156,2.762296723917828,2.5938511999939227,97.31999969482422,0.003919922053309932,3041.31005859375,-0.04778435229118472
2020-06-15,82.95158386230469,83.60215667626827,80.43394102615576,80.59598270848474,138808800,78.91767349243165,72.9799437713623,0.012367354459907887,0.27783177643814094,69.78605024391774,2.767433087574574,2.628567577510053,96.68000030517578,0.000620964157402204,3066.590087890625,-0.051293256753522254
2020-06-16,85.14997863769531,85.420855036557,83.36997801465319,85.00003381550317,165428800,79.36654434204101,73.51840339660644,0.026502143455631177,0.28053817852899077,72.93103007691718,2.9152901285040542,2.6859120877088536,96.95999908447266,0.006644511956771071,3124.739990234375,-0.02570480707768652
2020-06-17,85.03148651123047,85.95292841624997,84.91056229922657,85.89246631024803,114406400,79.83149871826171,73.95290168762207,-0.0013915696558071122,0.27857541846471845,72.39996388411889,2.988457496596851,2.746421169486453,97.16000366210938,0.012505258327278224,3113.489990234375,-0.024027128879857695
2020-06-18,85.06536102294922,85.48134066707664,84.45831902990098,84.9879677448257,96820400,80.22450408935546,74.40274185180664,0.0003983760970034389,0.27451482349853035,72.75430962328875,3.0144281022015775,2.8000225560294782,97.41999816894533,0.007133203639677843,3115.340087890625,0.037720258002983176
2020-06-19,84.5792007446289,86.23344248469422,83.47395207274757,85.76909781061914,264476000,80.62197990417481,74.81082794189453,-0.005715138012394427,0.27353531790126084,69.26047236843482,2.9616409692657584,2.8323462386767346,97.62000274658205,0.0030826454243586543,3097.739990234375,0.018554481638980658
2020-06-22,86.79212951660156,86.93481917934642,84.92505967255737,84.97101145656654,135445200,81.10543365478516,75.25391067504883,0.02616398301816747,0.28360182345708174,72.20343928225732,3.063062565222509,2.8784895039858895,97.04000091552734,0.0037236306290360233,3117.860107421875,0.016718902123145085
2020-06-23,88.64470672607422,90.05952154919635,87.61443002953723,88.03283047977783,212155600,81.70763664245605,75.70867111206054,0.021344990839501143,0.2842675636856177,74.10638565912471,3.2554011706140926,2.9538718373115307,96.69000244140624,-0.0027846188698000818,3131.2900390625,0.002096190034561518
2020-06-24,87.0799331665039,89.19127232771852,86.70748456883423,88.27466483721669,192623200,82.21491317749023,76.06556655883789,-0.01765219399287654,0.2978856495827635,71.0695842472347,3.2441699801077277,3.01193146587077,97.1500015258789,-0.00010294499643348498,3050.330078125,-0.020285888924480022
2020-06-25,88.23596954345703,88.27466617320825,86.47773432903298,87.2347210034187,137522400,82.77829856872559,76.4582211303711,0.013275577218722523,0.29797459027774115,69.57487280263896,3.2906194423441946,3.0676690611654553,97.43000030517578,0.00010267025681010011,3083.760009765625,-0.01013696008591558
2020-06-26,85.52484893798828,88.35205726047579,85.37731757939976,88.13197433577965,205256800,83.20987663269042,76.78575119018555,-0.03072579832801059,0.32596520275303487,60.68209855504811,3.07323980528588,3.0687832099895402,97.5,-0.0012292844007960602,3009.050048828125,-0.028630531189139496
2020-06-29,87.49591827392578,87.59024269738883,84.9565099457261,85.43295161300391,130646000,83.69272727966309,77.17146789550782,0.02304674443057686,0.33111516563829624,59.66530925644085,3.0251417482889167,3.060054917649416,97.54000091552734,0.005152514378428785,3053.239990234375,-0.020725791074999056
2020-06-30,88.22630310058594,88.51168985334573,87.06543360477359,87.08477823143156,140223200,84.19407958984375,77.60010894775391,0.008347644565241508,0.33116321726780074,56.93735288262229,3.011247852218176,3.050293504563168,97.38999938964844,0.007239600067922236,3100.2900390625,-0.009900073009295962
2020-07-01,88.05940246582031,88.84540963268662,88.01103722238888,88.30367167024684,110737200,84.66556167602539,78.06670471191406,-0.0018917332915484586,0.3324249638539497,70.1641878615441,2.9527320955180016,3.0307812227541353,97.1999969482422,0.0005146209117656841,3115.860107421875,0.02148293057423989
2020-07-02,88.05940246582031,89.59756186721356,87.94574082247463,88.96392034743998,114041600,85.17090225219727,78.49601150512696,0.0,0.3288284166176797,68.87379891440635,2.873237048581757,2.9992723879196594,97.31999969482422,-0.0011290219645593291,3130.010009765625,0.01499792456401794
2020-07-06,90.41502380371094,90.8817894339713,89.45246453610925,89.48390600830983,118655600,85.68301696777344,78.97759216308594,0.026750367046891377,0.32733578573426264,71.25326865403149,2.966123975530863,2.9926427054419005,96.79000091552734,-0.007282041892027191,3179.719970703125,0.05671887110733409
2020-07-07,90.13446044921876,91.5686193662758,90.02321227689559,90.79228824401676,112424400,86.15740165710449,79.41526016235352,-0.0031030612246618627,0.3290129451893608,65.93453175365073,2.9827155284741735,2.9906572700483554,96.87999725341795,-0.0067664922689611995,3145.320068359375,0.030158152788353654
2020-07-08,92.23372650146484,92.26516797551552,91.02206361133544,91.10913287644716,117092000,86.60941658020019,79.89394836425781,0.023290382410718458,0.3216271736180258,70.43620348657984,3.1291863672445714,3.0183630894875986,96.43000030517578,-0.00985726553536348,3169.93994140625,0.022465608528939862
2020-07-09,92.63035583496094,93.17692818708905,91.58556900054664,93.12372124513384,125642800,86.97424507141113,80.40271087646484,0.004300263564541051,0.312501118788092,71.03253304870225,3.239922425736779,3.062674956737435,96.6999969482422,-0.005144033083316235,3152.050048828125,0.011614751676446211
2020-07-10,92.79239654541016,92.85044518286722,91.6170168108506,92.22647214944136,90257200,87.5520206451416,80.87057525634765,0.001749326222366232,0.24456676302680636,73.25378447501214,3.302685577517366,3.110677080893421,96.6500015258789,-0.006884485933480122,3185.0400390625,0.017581422783052192
2020-07-13,92.36433410644533,96.69584034150664,92.15150630871288,94.09354889207896,191649200,88.07332611083984,81.30059722900391,-0.004613119769520613,0.24773813452109267,67.55020006978182,3.280074113524705,3.144556487419678,96.45999908447266,-0.003409462009848485,3155.219970703125,-0.007705081021516014
2020-07-14,93.89280700683594,94.08386192882044,90.8164950630273,91.74760549870196,170989200,88.62038726806641,81.7840055847168,0.01654830206028568,0.24957374076898892,66.87389889481057,3.3469082792194627,3.1850268457796354,96.26000213623048,-0.006399619475274121,3197.52001953125,0.016596069728160634
2020-07-15,94.53851318359376,96.01136866598644,93.3437818118211,95.76226517482236,153198000,89.08981399536133,82.26059814453124,0.006877056905017387,0.2379901061703099,75.48743918253413,3.412639149300375,3.2305493064837836,96.08000183105467,-0.0036295600229540037,3226.56005859375,0.017861574109944156
2020-07-16,93.37523651123048,94.22896096414982,92.7778707406749,93.41393313619832,110577600,89.50700149536132,82.69269989013672,-0.012304791277013227,0.24513575201148335,67.5532031324104,3.3324502200948984,3.2509294892060066,96.3499984741211,-0.0036194259065844836,3215.570068359375,0.02015197047866213
2020-07-17,93.18659973144533,93.97986213133798,92.71499243301174,93.82508300436297,92186800,89.91306343078614,83.10621978759765,-0.002020201359944851,0.24586156844577053,81.61667247006126,3.2165995470297446,3.2440635007707543,95.94000244140624,-0.007346084565581279,3224.72998046875,0.012461363411284676
2020-07-20,95.1504135131836,95.2882688714802,92.9302469895083,93.27367496235873,90318000,90.44162406921387,83.54401397705078,0.021073993335928076,0.24920071683440803,81.60565776209693,3.2458344547438145,3.2444176915653666,95.83000183105467,-0.006531176232608904,3251.840087890625,0.030622307821526862
2020-07-21,93.83718872070312,96.01382454154418,93.58808513865422,95.93885212038768,103433200,90.79387702941895,83.92066879272461,-0.013801566845513702,0.24672642499829375,72.10365028967414,3.126991057629681,3.2209323647782293,95.12000274658205,-0.011842918806869274,3257.300048828125,0.018695748246054356
2020-07-22,94.10076904296876,94.78036228299364,93.45261726781612,93.53967912688488,89001600,91.06668014526367,84.27899063110351,0.0028089111135900513,0.2380898768398489,73.6195806632123,3.0192712587309103,3.180600143568766,94.97000122070312,-0.011552878738526173,3276.02001953125,0.01532900675620974
2020-07-23,89.81765747070312,93.9121489972856,89.00988472288186,93.83475574009108,197004400,91.20356636047363,84.56906356811524,-0.04551622283033485,0.28601823122642916,55.14952660410732,2.5587950372052006,3.056239122296053,94.69000244140624,-0.01722881223667816,3235.659912109375,0.006247677184111344
2020-07-24,89.59516906738281,89.93859709219083,86.23831161228436,88.02074077604965,185438800,91.27152633666992,84.87287399291992,-0.00247711206889234,0.28301594864685686,47.25596863847424,2.1511146487112995,2.875214227579103,94.44000244140624,-0.01563477133447122,3215.6298828125,-0.0028219719825742784
2020-07-27,91.71857452392578,91.81047808647506,90.43194679011566,90.6544431599045,121214000,91.58121261596679,85.21001022338868,0.023699999437982955,0.26783982267564677,54.71976206723634,1.9765812793452966,2.695487637932342,93.66999816894533,-0.02253995221577232,3239.409912109375,-0.003822505241736218
2020-07-28,90.21187591552734,91.46706972799262,90.20703422382545,91.29051773530752,103625600,91.71701049804688,85.5258642578125,-0.016427409782796,0.2665499987917356,43.755537375161644,1.6971209866724024,2.4958143076803543,93.76000213623048,-0.01429773518799049,3218.43994140625,-0.011930158978094685
2020-07-29,91.94107818603516,92.12488531095718,90.65686391836,90.69313969811392,90329200,91.90274925231934,85.84123458862305,0.019168233150666403,0.27284139193405743,48.03307662129394,1.5967722662806096,2.3160058994004054,93.26000213623048,-0.018005676134495663,3258.43994140625,-0.005366291420745184
2020-07-30,93.05360412597656,93.15759717934402,90.71009225292192,91.11639584326105,158130000,92.15245933532715,86.18765869140626,0.012100423030609875,0.27456965983457343,50.70702865410341,1.5887031470370232,2.170545348927729,93.0199966430664,-0.01763655882650572,3246.219970703125,0.0032636491104114373
2020-07-31,102.7952651977539,102.94521005285304,97.53747498112892,99.53031118808212,374336800,92.88925247192383,86.69945892333985,0.10468870242348727,0.45322544127975617,68.77025190688148,2.341388872477552,2.204714053637694,93.48999786376952,-0.010059345119417307,3271.1201171875,0.01725641208635187
2020-08-03,105.38543701171876,107.9973966979683,104.37451250261265,104.67198130172932,308151200,93.63777313232421,87.27457397460938,0.025197384422151803,0.45241244555027293,69.91962656369839,3.111040809221848,2.385979404754525,93.5,-0.0018148625202139002,3294.610107421875,0.01704020078044266
2020-08-04,106.08921813964844,107.17753592025956,104.85336899973936,105.57407987592546,173071600,94.43551101684571,87.85389724731445,0.006678163016503147,0.45053924802934553,69.98006182576027,3.7347330911301952,2.6557301420296593,93.37999725341795,-0.004052953009326843,3306.510009765625,0.027364210599777117
2020-08-05,106.47374725341795,106.79298888024712,105.34673293855268,105.81108506672476,121776800,95.14751205444335,88.45135925292969,0.0036245824082079547,0.44740321744971995,73.28472538680202,4.2114945166168525,2.966883016947098,92.83000183105467,-0.004610768768240847,3327.77001953125,0.021277077181627968
2020-08-06,110.18855285644533,110.68192568980469,106.21740601381944,106.80509589113738,202428800,96.02542190551758,89.11644226074219,0.03488940418510644,0.4575020341370603,76.85678006913767,4.83336907737791,3.3401802290332605,92.79000091552734,-0.002472540699196113,3349.159912109375,0.03171071040634166
2020-08-07,107.68331909179688,110.16673452744944,106.88862644814542,109.7112386108564,198045600,96.76996803283691,89.73074340820312,-0.02273588044950814,0.4707808339026948,69.46440661578413,5.065663899285667,3.6852769630837416,93.44000244140624,-0.000534767606221731,3351.280029296875,0.024505340445369006
2020-08-10,109.24850463867188,110.2636772838524,106.60517985987404,109.12493717777473,212403600,97.61417655944824,90.37784774780273,0.014535078971151805,0.46894815028577647,73.7488983759451,5.314791009656005,4.011179772398195,93.58000183105467,0.0008556345567345414,3360.469970703125,0.019990184311304393
2020-08-11,105.99942779541016,109.01102119228776,105.7401817060294,108.5143411167626,187902400,98.21950759887696,90.94105819702149,-0.029740240875677948,0.48727086853444357,66.79089525329515,5.190223031598734,4.246988424238302,93.62999725341795,0.002677232890910597,3333.68994140625,0.008220126828695662
2020-08-12,109.52225494384766,109.77907584610772,106.89346742029056,107.0872920051885,165598000,98.96869468688965,91.56751815795899,0.033234397785966596,0.49642595406655704,78.41605465977916,5.31450244488677,4.460491228367996,93.44000244140624,0.006571158012705025,3380.35009765625,0.01580039420284418
2020-08-13,111.4605484008789,112.46118443380264,110.41145251692376,110.8984466622293,210082000,99.87296028137207,92.22413391113281,0.017697713200162113,0.49168405560897444,80.04526384936872,5.505929925432454,4.669578967780888,93.33999633789062,0.005927313470596607,3373.429931640625,0.007246599197457959
2020-08-14,111.3611831665039,111.4508272140598,109.55616137687676,111.28607559185257,165565200,100.781689453125,92.89230575561524,-0.0008914834513250591,0.4913545689293254,78.58074711916365,5.585236509152779,4.852710476055266,93.0999984741211,-0.0036387409931667447,3372.85009765625,0.006436367051040115
2020-08-17,111.07044982910156,112.50477691266524,110.44535925101356,112.4805469908002,119561600,101.5776912689209,93.51026016235352,-0.002610724214088589,0.4910774089304082,81.46337084651509,5.560529475076493,4.994274275859512,92.8499984741211,-0.007800847859048998,3381.989990234375,0.006403871993757804
2020-08-18,111.99597930908205,112.4199770674182,110.48896983798126,110.82332353901296,105633600,102.48563079833984,94.1372444152832,0.008332814726190074,0.48415749426341453,81.00277494978009,5.55163566643877,5.105746553975363,92.2699966430664,-0.01452526594303516,3389.780029296875,0.016825226363722523
2020-08-19,112.13651275634766,113.54661008039471,112.0420256623096,112.40302713967982,145538000,103.38741798400879,94.71610610961915,0.001254807968398275,0.4844657192865802,80.41418254820393,5.492611724792937,5.183119588138878,92.88999938964844,-0.005886162643271464,3374.85009765625,-0.0016270504063509161
2020-08-20,114.6248016357422,114.73867564968558,112.16076494847184,112.17772663849108,126907200,104.62777519226074,95.30192642211914,0.02218981862581315,0.440606183659746,74.52392905191346,5.582270009041579,5.262949672319419,92.79000091552734,-0.005892387443131031,3385.510009765625,0.003580948284028773
2020-08-21,120.53167724609376,121.01382096112869,115.56968878487616,115.58180005044522,338054800,106.17460060119629,96.087822265625,0.05153226462386895,0.4574476718660417,77.60380515065759,6.060103243292431,5.422380386514021,93.25,0.0016111872001867145,3397.159912109375,0.007207499221509206
2020-08-24,121.97325897216795,124.81041520723647,120.11251616944286,124.72560677695704,345937600,107.6873348236084,96.88852294921875,0.011960189711214708,0.4564926907353558,78.19032446144023,6.4804109776966925,5.633986504750556,93.3000030517578,0.004846576036962702,3431.280029296875,0.014574271125824323
2020-08-25,120.97262573242188,121.31667291273054,119.25482982936344,120.84906568793242,211495600,109.22537231445312,97.64894378662109,-0.008203709962151695,0.4499333677838313,75.18131396208275,6.656038477233707,5.838396899247186,93.0199966430664,0.008128319359339109,3443.6201171875,0.015883062448094343
2020-08-26,122.61772918701172,123.07322510919757,121.22216847119704,122.28580069310276,163022400,110.75920486450195,98.39829879760742,0.013598972863734016,0.44970712645093586,73.25883236768757,6.8490194037073735,6.040521400139224,93.01000213623048,0.001291880152551883,3478.72998046875,0.030780591672691537
2020-08-27,121.15190887451172,123.55052326117902,120.01074388155708,123.21859477393856,155552400,112.16412010192872,99.12070724487305,-0.011954391279456744,0.45966549630125614,76.2240452727629,6.805232248195779,6.193463569750536,93.01000213623048,0.002370958277103874,3484.550048828125,0.02925409724880912
2020-08-28,120.9556655883789,122.54020052783068,120.73276064666275,122.12347098857094,187630000,113.07214012145997,99.83851333618163,-0.0016198117549768298,0.3114542450183306,74.07800271082913,6.67771883289609,6.290314622379648,92.37000274658205,-0.009436967865071866,3508.010009765625,0.03263022657871306
2020-08-31,125.05754852294922,126.95706531989478,122.11137580386828,123.64261546547716,225702700,114.05574569702148,100.64808029174804,0.033912284427662254,0.31914846846554007,87.86826257982248,6.82893153269373,6.398038004442465,92.13999938964844,-0.012433050634155451,3500.31005859375,0.020117865259461354
2020-09-01,130.03890991210938,130.6397854362347,126.50156266667052,128.66273593650766,151948100,115.25323028564453,101.5130158996582,0.03983255267670649,0.33742205229534306,88.53291553837865,7.266953997679664,6.571821203089906,92.33999633789062,-0.007310259403524366,3526.64990234375,0.02411119180708665
2020-09-02,127.34473419189452,133.7216643523171,123.0805326757577,133.3437011033317,200119000,116.29677963256836,102.28701644897461,-0.02071822750618102,0.35457324637780036,79.00889673864276,7.312399700569685,6.719936902585862,92.8499984741211,-0.0017202844687073116,3580.840087890625,0.029352697103589565
2020-09-03,117.14936065673828,124.86369573915265,116.78109099839352,122.99326710598548,257599600,116.644820022583,102.8884049987793,-0.08006121022478185,0.4625550162919415,57.72289644754176,6.451366966974533,6.666222915463597,92.73999786376952,-0.0029029595340240855,3455.06005859375,-0.008463069785521582
2020-09-04,117.2269058227539,119.88234128870778,107.46768860387866,116.36437378387907,332607200,117.12199935913085,103.46822372436523,0.0006619341802713841,0.4523115291455481,58.261271242644405,5.709434759116604,6.474865284194199,92.72000122070312,0.0037890923862078374,3426.9599609375,-0.023104280946319222
2020-09-08,109.3381118774414,115.3176895401304,109.20243319485355,110.43323478516716,231366600,117.12647972106933,103.9444889831543,-0.06729507948661795,0.5171984789569499,46.99500876037425,4.433778557788557,6.066647938913071,93.4800033569336,0.014543129760815843,3331.840087890625,-0.04813001359394087
2020-09-09,113.6992645263672,115.46309530780265,111.7028427061534,113.64111861515656,176940500,117.51147155761718,104.46855590820313,0.03988684799874975,0.5221333309714989,51.61291897443071,3.7317036420436978,5.599659079539197,93.26000213623048,0.009963242742325518,3398.9599609375,-0.03620714982833695
2020-09-10,109.9874496459961,116.7811078668948,109.02800526992252,116.64542916296256,182274400,117.53473129272462,104.90377883911133,-0.03264590053271921,0.5256288172089564,45.33168380175451,2.8430192174043896,5.048331107112236,93.33999633789062,0.0052773061047071135,3339.18994140625,-0.06748420497792307
2020-09-11,108.54344177246094,111.67376035548035,106.60516602652416,111.03412581023233,180860300,117.38887596130371,105.31345962524414,-0.01312884222866173,0.5238272630144077,36.74028813331049,1.9991659008675953,4.438498065863308,93.33000183105467,0.00636191482505577,3340.969970703125,-0.03302115909876857
2020-09-14,111.79975128173828,112.35215960156188,109.3187605672934,111.17950360312706,140150100,117.41080436706542,105.7882666015625,0.03000005763686331,0.5351099887326731,39.18177313316787,1.5750073271031368,3.8657999181112737,93.06999969482422,0.003774789360582398,3383.5400390625,-0.01267009897107807
2020-09-15,111.97417449951172,115.16263852668574,110.10373838004288,114.67806966043923,184642000,117.45599060058593,106.21944961547851,0.0015601395868394263,0.5349677421763126,40.26015315931763,1.2386546575989286,3.3403708660088047,93.0500030517578,-0.004599917519621077,3401.199951171875,0.02081728457897314
2020-09-16,108.66941833496094,112.41998426492624,108.58219948246467,111.67375141580924,154679000,117.28966255187989,106.59014877319336,-0.029513556847567513,0.5448220548854177,35.4260774599328,0.6973874913553999,2.8117741910781238,93.20999908447266,-0.0005361682458979722,3385.489990234375,-0.00396296833676435
2020-09-17,106.93466186523438,108.73725877422822,105.35496990474392,106.33380115819288,178011000,117.02957000732422,106.88416748046875,-0.015963612360373358,0.5473255948247486,35.22809659890369,0.1269852069259656,2.274816394247692,92.97000122070312,-0.0039639504146552484,3357.010009765625,0.005336644117905465
2020-09-18,103.54268646240234,107.45800434374442,102.81583306003787,106.99282230683488,287104900,116.47546424865723,107.10241409301757,-0.03172007414309508,0.549436445092819,33.034347070853414,-0.5919432270486737,1.7014644699884192,92.93000030517578,-0.004285883617606401,3319.469970703125,-0.0064352568830408075
2020-09-21,106.68267059326172,106.78927632258578,99.91808677711632,101.31364731086168,195713800,115.78301391601562,107.38021957397461,0.030325503791130082,0.525385693541202,31.75518209880191,-0.8979773887887603,1.1815760982329833,93.54000091552734,0.005049975526423722,3281.06005859375,-0.03028779895778766
2020-09-22,108.35930633544922,109.37690408898602,105.791096813168,109.2024589710636,183055400,115.1023162841797,107.70011901855469,0.01571610208915608,0.5272123395612262,26.961935970213858,-0.9937656626979106,0.7465077460468045,93.98999786376952,0.010102039561340481,3315.570068359375,-0.02517637423315744
2020-09-23,103.81403350830078,108.65002858068,103.47482939677325,108.17515317604892,150718700,114.24438667297363,107.89854354858399,-0.04194630789788911,0.5429900876099996,25.941357186852386,-1.4200743573827737,0.31319132536088884,94.38999938964844,0.01265958927975519,3236.919921875,-0.043884362023793644
2020-09-24,104.8801040649414,106.8474528066048,101.75947886343312,101.924230530858,167743300,113.35750541687011,108.10537536621094,0.010269040905297011,0.5414366889164814,34.57609080962298,-1.652851046906619,-0.08001714909261276,94.3499984741211,0.014843468164983387,3246.590087890625,-0.03289234215977488
2020-09-25,108.81478881835938,108.96985441233768,104.34706305845842,105.08360984198644,149981400,112.7406494140625,108.41416641235351,0.037516026404604164,0.5637174165512606,40.359851051496356,-1.502512050712113,-0.36451612941651285,94.58000183105467,0.017755316049288705,3298.4599609375,-0.006329326654873957
2020-09-28,111.41209411621094,111.76098435804984,109.2993731601578,111.46055396966348,137672400,112.2634708404541,108.77867630004883,0.02386904690121816,0.5727804323424605,52.704783839971,-1.1604099980164193,-0.5236949031364941,94.26000213623048,0.0076972547964089255,3351.60009765625,0.0214991611865627
2020-09-29,110.56893157958984,111.7512809163313,110.06498316084728,111.01474148847176,99382200,111.53903999328614,109.08704666137696,-0.007567962377061255,0.5555378787876387,45.505128197824774,-0.9464181078227227,-0.6082395440737399,93.88999938964844,-0.0010639267623563375,3335.469970703125,0.006001954998223535
2020-09-30,112.23583221435548,113.641086284958,110.11342572568512,110.27817735653495,142675200,110.64888610839844,109.45501953125,0.015075669186201512,0.5352983286263091,53.42989650022535,-0.6350031220449637,-0.6135922596679847,93.88999938964844,-0.005297171344773144,3363.0,0.0389506324431923
2020-10-01,113.18561553955078,114.0869140768239,112.25524404848424,114.0093812707512,116120400,109.94093017578125,109.83671646118164,0.008462389474524823,0.5352452466490013,57.19002975230362,-0.30801432807764684,-0.5524766733499171,93.70999908447266,-0.006783247482764709,3380.800048828125,0.041338745361814144
2020-10-02,109.53194427490234,111.80942388224,108.7566385181768,109.40595903034216,144712000,109.56005935668945,110.23100219726562,-0.032280349823884835,0.4696051218488336,46.53021745586167,-0.3397773473278676,-0.5099368081455072,93.83999633789062,-0.007824122212282236,3348.419921875,0.015146450625188157
2020-10-05,112.90455627441406,113.04992842651572,110.04560265679896,110.394492864269,106243800,109.34394187927246,110.69718994140625,0.030791126934140545,0.48460534038752745,51.29660641205985,-0.09175052373292658,-0.4262995512629911,93.51000213623048,-0.007956715287530503,3408.60009765625,0.017006802225557838
2020-10-06,109.66764068603516,112.53628778325717,108.78572170928096,112.1292442741749,161498200,109.36041831970215,111.05617126464844,-0.0286694859374107,0.4314570648694048,51.39378646014095,-0.1545974123114604,-0.371959123472685,93.83000183105467,-0.0006390196930854408,3360.969970703125,0.007645099558376334
2020-10-07,111.52837371826172,111.9838696424586,110.60768842209468,111.08257124183804,96849000,109.25187377929687,111.48250122070313,0.016967019811738426,0.41088799152559996,56.39157014669338,-0.053640089825734094,-0.30829531674329486,93.62999725341795,-0.0027692207681401237,3419.43994140625,0.016782617129423194
2020-10-08,111.42176818847656,112.8076354653402,111.053491111729,112.66226332419956,83477200,109.3235897064209,111.87211502075195,-0.0009558601657230215,0.3931683218529999,62.065850458401535,0.01756466575515958,-0.243123320243604,93.61000061035156,-0.0010671056994777661,3446.830078125,0.019530888648609412
2020-10-09,113.36003875732422,113.38911170550134,111.37330350063716,111.72219366663036,100506900,109.56441955566406,112.27824371337891,0.017395797969827154,0.39361091221549926,60.616312238084404,0.22777157472798137,-0.14894434124928693,93.05999755859376,-0.008312007776388963,3477.139892578125,0.03844200360361194
2020-10-12,120.56075286865234,121.31667922649164,115.5987642975422,116.35469065538148,240226800,110.00246963500976,112.63355346679687,0.06352074496677851,0.4399654944533444,66.50061513559604,0.9642838504709914,0.07370129709476875,93.06999969482422,-0.00470540510484907,3534.219970703125,0.03685380198552801
2020-10-13,117.3625946044922,121.52019695499536,115.9573476502516,121.40389774875266,262330500,110.27189064025879,112.87309661865234,-0.02652735810006468,0.45324820031913166,69.01521078090093,1.2752106568270278,0.3140031690412206,93.52999877929688,-0.0031973041234505395,3511.929931640625,0.044915593490387096
2020-10-14,117.4498062133789,119.23301612314904,115.92826024261022,117.26566767493782,150712000,110.71091003417969,113.10030838012695,0.0007430954400813317,0.43713111800092286,68.13981101097153,1.5112390162840796,0.5534503384897924,93.37999725341795,-0.002670084452991661,3488.669921875,0.020245999828930827
2020-10-15,116.984619140625,117.45949457685695,114.50362881948811,115.0560370517392,112559200,111.21340789794922,113.3105258178711,-0.003960730866671369,0.4318132716623992,63.10223856235542,1.6418304828038544,0.7711263673526048,93.86000061035156,0.0026706548271548947,3483.340087890625,0.010592343961871586
2020-10-16,115.34677124023438,117.7986959477676,115.14325320090887,117.53702461582463,115393800,111.80361213684083,113.41369018554687,-0.014000540519107041,0.4162080564033712,56.510534490838,1.5947808820938576,0.9358572703008554,93.68000030517578,0.006662398053381091,3483.81005859375,0.0019182909579975593
2020-10-19,112.40062713623048,116.70359477640076,112.09050327573227,116.25779218905562,120639300,112.08950996398926,113.50803634643555,-0.025541626109914395,0.41966268658451183,52.83362123868073,1.3047244757242282,1.00963071138553,93.43000030517578,0.0038680628723757327,3426.919921875,-0.030360319877536623
2020-10-20,113.8833999633789,115.3080339002408,112.06141592703932,112.6138242501148,124423700,112.36571464538574,113.60073425292968,0.013191855463148716,0.41873838468688956,52.56338000081666,1.180887522748776,1.0438820736581793,93.06999969482422,-0.004918198337178659,3443.1201171875,-0.019593162674797382
2020-10-21,113.26313018798828,115.04634007817565,112.85608671832884,113.06929820388042,89946000,112.83816947937012,113.74600830078126,-0.005446533696658928,0.3857296698226875,50.12185111999889,1.0209266513237623,1.039290989191296,92.61000061035156,-0.00824584135483264,3435.56005859375,-0.015223527725634178
2020-10-22,112.17771911621094,114.39704593675428,111.0535155310543,113.82525069425265,101988000,113.20305023193359,113.79911758422851,-0.009583092661979542,0.3883171464285209,54.524416194050985,0.7973811919022751,0.9909090297334918,92.9499969482422,-0.00969532981239929,3453.489990234375,-0.008569389408751626
2020-10-23,111.48960876464844,112.95300885211658,110.753061996965,112.79794326147405,82572600,113.33679122924805,113.7996987915039,-0.006134108956607043,0.3682182393589197,47.33575212065281,0.5582597789328361,0.9043791795733607,92.7699966430664,-0.00971395878677317,3465.389892578125,-0.0052873623147698945
2020-10-26,111.49930572509766,112.95301241046305,109.39627110087882,110.4914015359722,111850700,113.34115180969238,113.80246124267578,8.697636090637673e-05,0.3585791490704162,53.92603974313941,0.3653255544606253,0.7965684545508137,93.0500030517578,-0.004067186687110924,3400.969970703125,-0.007572383295632035
2020-10-27,113.00146484375,113.66047883675716,111.00504336225823,111.92572130525396,92276800,113.4627784729004,113.84108154296875,0.01347236297915555,0.36024680991442515,53.2067556098833,0.32983336464458546,0.7032214365695681,92.94000244140624,-0.0013967686026028492,3390.679931640625,-0.015230425823688831
2020-10-28,107.76812744140624,111.86758385649746,107.67121513386326,111.49931413026005,143937800,113.23939323425293,113.75652450561523,-0.04631212002056817,0.3935449540718103,43.49777026839871,-0.1192069000950653,0.5387357692366415,93.41000366210938,0.008638408881172177,3271.030029296875,-0.0478903079820473
2020-10-29,111.760986328125,113.32129899442695,108.73727331019896,108.90203237848064,146129200,113.16816177368165,113.74901397705078,0.03705046177859672,0.4158262040794542,47.348161156737234,-0.15114193250218477,0.40076022888887625,93.95999908447266,0.010866080359237307,3310.110107421875,-0.041517387691275554
2020-10-30,105.50032043457033,108.533718481084,104.39550415468057,107.63242021128626,190272600,112.96658058166504,113.56652435302735,-0.05601834861383248,0.44737324647491455,24.220267978480834,-0.6738661809394557,0.18583494692320987,94.04000091552734,0.013689816949625344,3269.9599609375,-0.05639478895554584
2020-11-02,105.41312408447266,107.26418098664796,104.00787711431104,105.74263480892598,122866900,112.59200897216797,113.26415328979492,-0.0008265031777959786,0.4308817672258089,27.107302289999083,-1.0826844185440905,-0.0678689261702502,94.0500030517578,0.010746909910833269,3310.239990234375,-0.02667767761853901
2020-11-03,107.0315933227539,108.04918369356872,105.3743683811965,106.27566693473848,107624400,112.4602066040039,112.96531997680664,0.015353583838235263,0.4244910094155179,31.147005027700956,-1.2615366663937237,-0.3066024742149449,93.5500030517578,0.006563380614672765,3369.159912109375,-0.006346815377775039
2020-11-04,111.40238189697266,112.02262946819744,108.88262521463017,110.6173826820644,138235500,112.45390701293945,112.77391510009765,0.040836433790522264,0.4457232680365382,41.14934470010652,-1.0386196903679377,-0.4530059174455435,93.41000366210938,0.0,3443.43994140625,0.05270814103361676
2020-11-05,115.3564682006836,115.92826333290571,113.26313445106744,114.3097976289083,126387100,112.6506420135498,112.6286898803711,0.035493732148095036,0.462794054645796,50.0143225953309,-0.5367078280532098,-0.4697462995670768,92.52999877929688,-0.015219245626962752,3510.449951171875,0.06052361922970517
2020-11-06,115.22541046142578,115.7205180962264,112.74013248938302,114.8662081910592,114457900,112.74391059875488,112.51015991210937,-0.0011361108856923208,0.4593538236424497,54.55068821400634,-0.14781045839639262,-0.40535913133294,92.2300033569336,-0.01924710273258723,3509.43994140625,0.07323636476579076
2020-11-09,112.92459106445312,118.4290806298261,112.66247568801708,116.98257616030648,154515300,112.36210250854492,112.34953842163085,-0.01996798612180173,0.4010524466246311,48.495038307527935,-0.024975485820959875,-0.329282402230544,92.7300033569336,-0.014035084019059285,3550.5,0.0725808432241839
2020-11-10,112.5848159790039,114.15752314668202,110.7985220592238,112.17707763232374,138023400,112.1232135772705,112.10008377075195,-0.0030088670877301826,0.39129335732922965,48.925848925848925,0.04444279625582226,-0.25453736253327075,92.75,-0.00855160903966179,3545.530029296875,0.052348395976573814
2020-11-11,116.00206756591795,116.1379803531598,113.0411019505022,113.76920934216544,112295000,112.05082664489746,111.81934692382812,0.03035268616996567,0.40760670976881563,55.63958837693394,0.3709251347734295,-0.1294448630719307,93.04000091552734,-0.003961061257640397,3572.659912109375,0.037526419191836746
2020-11-12,115.730224609375,117.011693129965,115.10890698767624,116.12826014558,103162300,111.98810691833496,111.58705673217773,-0.0023434319943347326,0.4074547206769941,56.331166242406496,0.6008035956567426,0.016604828673803945,92.95999908447266,0.0046471448270675175,3537.010009765625,0.007565998365788973
2020-11-13,115.77877807617188,116.17680624012895,114.42935305539848,115.95352413531404,81581900,112.00970726013183,111.55964508056641,0.0004195400722737386,0.404190194252668,56.38177393425482,0.77793424930519,0.16887071280008115,92.76000213623048,0.005746489862369142,3585.14990234375,0.021573231684131056
2020-11-16,116.78843688964844,117.45829070105812,114.70119407046307,115.44871445344523,91183000,112.22909774780274,111.5508757019043,0.008720586192508373,0.3930593855800194,55.731521044806385,0.9883890627907874,0.3327743827982224,92.56999969482422,-0.0017254788775699081,3626.909912109375,0.02152088779309258
2020-11-17,115.90497589111328,117.1476111906652,115.4875274007928,116.0603090069026,74271000,112.33017654418946,111.68221298217773,-0.007564627304413096,0.3922724260582911,64.18237258294229,1.071536098398738,0.48052672591832557,92.41999816894533,-0.00355797122430912,3609.530029296875,0.018050897741991978
2020-11-18,114.5846710205078,116.32242132257836,114.5555479137358,115.14774244040136,76322100,112.39625358581543,111.69992111206055,-0.011391269964508122,0.39416578348896064,55.42725484779002,1.019145084215367,0.5882503975777339,92.31999969482422,-0.007738620094778659,3567.7900390625,-0.001363094491689143
2020-11-19,115.17686462402344,115.58460292894434,113.40028105826616,114.1575114550308,74113000,112.54621086120605,111.8037094116211,0.005168174750090682,0.3924489872018401,73.78059938801218,1.0137243197172268,0.6733451820056325,92.29000091552734,-0.0072073814064529396,3581.8701171875,0.012683059221776816
2020-11-20,113.9148406982422,115.30309928053715,113.8663046427462,115.17689664821668,73604300,112.66747245788574,111.91113739013672,-0.010957269325753138,0.39408176006740064,69.7527960188705,0.8972505948234044,0.7181262645691869,92.38999938964844,-0.003988817788497356,3557.5400390625,-0.007701174018748924
2020-11-23,110.52668762207033,114.18664449638574,110.42960812922888,113.75948583985478,127959300,112.61884155273438,111.88567611694336,-0.029742859274561217,0.40930244011192857,57.5034322491543,0.5254911564817775,0.6795992429517052,92.51000213623048,-0.000648131779102612,3577.590087890625,-0.013598304180118426
2020-11-24,111.80816650390624,112.46831748552104,109.30347536130688,110.58495144916895,113874200,112.55917663574219,111.88235595703125,0.011594293734900729,0.40852879591276137,51.00438449228981,0.33046437164284725,0.6097722686899336,92.2300033569336,-0.0020557759768012884,3635.409912109375,0.007169876023317423
2020-11-25,112.64306640625,113.3420506876384,111.80816933755736,112.17708182311868,76499200,112.80292358398438,111.96182891845703,0.0074672533183395284,0.3709118793152123,42.05747189583468,0.2405013344586564,0.5359180818436782,91.98999786376952,-0.0035745432424779677,3629.64990234375,0.017338425917435618
2020-11-27,113.1867218017578,114.060452186272,112.82752688184596,113.1673088628538,46691300,112.87421035766602,112.0868701171875,0.004826354722509807,0.3480010096195407,44.17320145853671,0.2106452390476221,0.47086351328446696,91.79000091552734,-0.0054177050063922705,3638.35009765625,0.015768293830011437
2020-11-30,115.5749053955078,117.4388583652438,113.4002861907918,113.5556193082818,169410200,113.3779396057129,112.32751449584961,0.02109950315490905,0.28227276405648444,57.537252097478145,0.3753635679102274,0.45176352420961907,91.87000274658205,-0.005628278455478086,3621.6298828125,0.01801521361566727
2020-12-01,119.13777160644533,119.86587890611962,116.50687811909168,117.47768785199077,127728200,114.06417198181153,112.57661651611328,0.03082733400252491,0.296050311879291,65.74886931674209,0.7843559897672918,0.5182820173211536,91.30999755859376,-0.012971619824087677,3662.449951171875,0.02371983966762503
2020-12-02,119.48727416992188,119.76880990592802,117.36119829848748,118.45821072635326,89004200,114.68695602416992,112.79917587280273,0.0029335999722328587,0.2942913974258001,59.82480175671408,1.1237336644936704,0.639372346755657,91.12000274658205,-0.01203513574704973,3669.010009765625,0.009242450911609579
2020-12-03,119.3513641357422,120.16684084637636,118.64266969338424,119.91442821402666,78967600,115.0844051361084,113.10992248535156,-0.0011374435907408609,0.2639395523463869,60.28683411805405,1.3659799463590758,0.7846938666763408,90.70999908447266,-0.013914542983166966,3666.719970703125,0.010213125055239525
2020-12-04,118.68148803710938,119.27368255768252,117.9727936839563,119.02126995710454,78260400,115.25065612792969,113.38595016479492,-0.005612638812162674,0.23697864978091568,57.96477665532303,1.4867699092246767,0.925109075186008,90.6999969482422,-0.011874975012673206,3699.1201171875,0.016702631110292687
2020-12-07,120.1377182006836,120.9337819765336,118.68150343461473,118.73974965511624,86712000,115.49627151489258,113.61240875244141,0.01227006998023894,0.23974206219958177,58.97029321003421,1.680629181963198,1.076213096541446,90.79000091552734,-0.011755761388554942,3691.9599609375,0.01941945488653385
2020-12-08,120.74932098388672,121.33181279274314,119.49697544555106,120.73961821864586,82225500,115.88750801086425,113.79915328979492,0.005090847340561977,0.22506544813121793,63.16621297250132,1.8621495842564428,1.2334003940844456,90.97000122070312,-0.003723539009761412,3702.25,0.01086705603045579
2020-12-09,118.2252197265625,122.27349493369556,117.46798924542291,120.89494675486756,115089200,116.16952819824219,113.95227905273437,-0.020903647629298416,0.24032365807558081,59.286793040364365,1.781792538924634,1.3430788230524833,91.08999633789062,-0.0003293064945890656,3672.820068359375,0.0010384432268129018
2020-12-10,119.6426010131836,120.25421594451468,116.6428022027754,116.98258416090866,81312200,116.35155487060547,114.10041442871093,0.011988823449846642,0.2201454682813598,60.931572178859064,1.811596864860391,1.436782431414065,90.79000091552734,0.0008819516245412995,3668.10009765625,0.00037639278814638466
2020-12-11,118.83683776855467,119.1766197360741,117.03113084780422,118.85625070668806,86939800,116.50688552856445,114.21343887329101,-0.006734751984705967,0.22174476617640496,62.32372196514471,1.750025444128994,1.499431033957051,90.9800033569336,0.003087171092752916,3663.4599609375,-0.00964017256003924
2020-12-14,118.2252197265625,119.74939086099992,117.99222744160214,119.021283489644,79184500,116.62920761108398,114.38730438232422,-0.005146704115295941,0.22295418014937196,72.38847497037978,1.633052373891303,1.5261553019439014,90.70999908447266,-0.0008811744712847736,3647.489990234375,-0.012045084771675763
2020-12-15,124.14715576171876,124.16657610565406,120.50661897640848,120.71048814758292,157243700,116.9971435546875,114.61215637207032,0.05009029417625799,0.2821204343858856,78.25697716513315,1.995201676379736,1.6199645768310684,90.47000122070312,-0.005496317393543282,3694.6201171875,-0.00206087725369708
2020-12-16,124.07918548583984,124.62283654813264,122.8656733598718,123.69086753088224,98208600,117.40585403442383,114.90038726806641,-0.0005474976487530592,0.27965534764191374,77.14277746853675,2.2507774135711713,1.746127144179089,90.4499969482422,-0.007026011805669641,3701.169921875,0.0077188244967003605
2020-12-17,124.9432144165039,125.79753175425049,124.302476413194,125.13737340779682,94359800,117.92378120422363,115.16868408203125,0.006963528389398288,0.2741767882713314,77.48517515311782,2.4942903142320034,1.8957597781896722,89.81999969482422,-0.01068400937241576,3722.47998046875,0.014825081476715019
2020-12-18,122.96277618408205,125.33155453096758,122.43853798895042,125.19564174778804,192541500,118.31307678222656,115.39950424194336,-0.015850706592356212,0.2834679251324317,67.60758734579275,2.4986681373573276,2.0163414500232033,90.0199966430664,-0.01055184302533907,3709.409912109375,0.012542774224865827
2020-12-21,124.4869613647461,124.56462794186098,119.84649077917256,121.37066217326294,121251600,118.84168281555176,115.6220426940918,0.012395500719520669,0.27984932680591557,64.12100339365375,2.5952106270115394,2.1321152854208707,90.04000091552734,-0.007386155613576695,3694.919921875,0.01300344394847186
2020-12-22,128.03042602539062,130.48657411125797,125.86550908536934,127.76830318074434,168904800,119.71686973571778,115.77143615722656,0.028464544573967077,0.2607476574033889,69.29826617409125,2.9239438254300865,2.290480993422714,90.6500015258789,0.001989613161789139,3687.260009765625,-0.0019921148016369683
2020-12-23,127.13722229003906,128.56429866772618,126.96246887206284,128.30219076082855,88223700,120.48332252502442,115.9669287109375,-0.006976495846185982,0.2651787736911008,67.00577975346557,3.0769243088304705,2.4477696565042653,90.41000366210938,-0.0004421590655853125,3690.010009765625,-0.003015239058173691
2020-12-24,128.11776733398438,129.56427923315684,127.27316756907928,127.4867469048868,54930100,121.25705757141114,116.1802879333496,0.007712493841562695,0.2651911418026775,70.33464487960978,3.2399362658967306,2.6062029783827585,90.33000183105467,0.005678046514843604,3703.06005859375,-0.005216931179453765
2020-12-28,132.69998168945312,133.33100207588342,129.61279910731304,130.07879843395568,124486200,122.2327205657959,116.49459518432617,0.035765643211090214,0.2845031731522365,73.85682033473364,3.6962626051638523,2.8242149037389774,90.33999633789062,0.0035547623501146486,3735.360107421875,0.006995774510599517
2020-12-29,130.93313598632812,134.73870929323533,130.41860788701317,134.0203193956025,121047300,123.00063209533691,116.80632247924805,-0.013314588899189128,0.28987796555475337,68.52701144782715,3.8707156341960456,3.033515049830391,90.01000213623047,-0.00033317169026925164,3727.0400390625,0.008693048257240932
2020-12-30,129.81671142578125,132.02045422329277,129.50604512243837,131.62241857715392,96452100,123.53457908630371,117.15464416503906,-0.008526677010649575,0.2793881704233624,72.22634438867166,3.87422512921529,3.2016570657073706,89.62999725341797,-0.011252115336917501,3732.0400390625,0.012144527149774209
2020-12-31,128.8167724609375,130.80693578751612,127.87508564026446,130.16619767612093,99116600,124.0010540008545,117.45331161499024,-0.007702698318740264,0.28268351350752835,67.87739721526523,3.753056808981114,3.3119370143621194,89.94000244140625,-0.0051985532758042075,3756.070068359375,0.01790240634007012
2021-01-04,125.63249206542967,129.70989001259753,123.05984477192808,129.62252069116946,143301900,124.31511039733887,117.70069885253906,-0.02471945488677285,0.30012850114779044,62.11904177499226,3.3613378164610594,3.3218171747819074,89.87999725341797,-0.00498178421913853,3700.64990234375,-0.0006508552958537361
2021-01-05,127.18577575683594,127.89447751624492,124.68108490808068,125.12766389601812,97664900,124.74032478332519,118.00085998535157,0.012363709943740586,0.30028006101806326,65.46055818596929,3.1400382983713655,3.285461399499799,89.44000244140625,-0.009962297243384932,3726.860107421875,-0.0022755503500482277
2021-01-06,122.90452575683594,127.2246340413711,122.6909464043688,123.99183545726343,155088000,124.87866516113282,118.22915832519531,-0.03366138999840074,0.32592688831179095,47.72729048664118,2.589347356296855,3.1462385908592108,89.52999877929688,-0.005332777975131098,3748.139892578125,0.0056612897351466795
2021-01-07,127.09842681884766,127.78770834669253,124.1277509770645,124.61315591365346,109578200,125.19612045288086,118.54114074707032,0.03412324351919516,0.34603342669919185,54.797929220062805,2.46294231709642,3.009579336106653,89.83000183105469,0.0022314468790090025,3803.7900390625,0.019225410030173196
2021-01-08,128.19544982910156,128.75852134682515,126.42856870658444,128.56434751676753,105158200,125.69463195800782,118.84502044677734,0.008631287087585093,0.3349150162664331,55.13019458723835,2.4233511183460053,2.8923336925545238,90.0999984741211,0.001778919594972006,3824.679931640625,0.018266396002356355
2021-01-11,125.21502685546876,126.37029273075628,124.74904236248368,125.41890340367594,100384500,125.97325325012207,119.19395843505859,-0.023249054296435867,0.34726753029177404,53.4441260958933,2.1269612967179086,2.739259213387201,90.54000091552734,0.007343165134378937,3799.610107421875,0.026741304281566958
2021-01-12,125.04029846191406,125.90431854480056,123.1569251813032,124.74905257493836,91951100,126.28342628479004,119.45954467773437,-0.0013954267146896182,0.3458980095911315,50.88258494060164,1.856569726478213,2.562721316005404,90.05000305175781,0.006820221307028529,3801.18994140625,0.01994435847923315
2021-01-13,127.0692901611328,127.61294126201366,124.73935263924878,125.00146061142824,88636800,126.72562980651855,119.89092407226562,0.016226702304591445,0.3477246119429289,48.38914266453687,1.785423877065952,2.4072618282175138,90.31999969482422,0.008823868270955826,3809.840087890625,0.016461550817427062
2021-01-14,125.14708709716795,127.1760758978846,125.00145674818756,126.9819169126251,90221800,126.77562637329102,120.28560333251953,-0.01512720391785738,0.3073948160461752,46.77575694949333,1.555997979950135,2.237009058564038,90.23999786376952,0.0045641325209579975,3795.5400390625,-0.0021688894274599635
2021-01-15,123.42876434326172,126.41886047356746,123.29285155612884,125.02089191255358,111598500,126.74310531616212,120.6135467529297,-0.013730425483831521,0.311568888641168,42.580651703476676,1.221441994947213,2.033895645840673,90.77999877929688,0.007547173326213796,3768.25,-0.014754157903199783
2021-01-19,124.09862518310548,124.9529425933155,123.23460500719132,124.0500817278194,90757300,126.70087585449218,120.86747161865235,0.005427104803389593,0.3111556476253261,34.46706344602852,0.9988421079387706,1.8268849382602927,90.5,-0.00044180378973779355,3798.909912109375,-0.0001842808321654843
2021-01-20,128.176025390625,128.62260444676102,124.79761120554318,124.9044008833116,104319500,126.96153831481934,121.12386276245117,0.03285612714486863,0.32624116703855754,45.40451415116653,1.138320365635252,1.6891720237352847,90.47000122070312,0.0046640550217851295,3851.85009765625,0.013327446676147492
2021-01-21,132.87472534179688,135.59299559628155,129.6904705564632,129.89434712123654,120150900,127.38092651367188,121.4768490600586,0.03665818109784791,0.34693250284827426,54.5532846310683,1.6094509583327152,1.6732278106547709,90.12999725341795,-0.0021036585700647814,3853.070068359375,0.011346927816249908
2021-01-22,135.01055908203125,135.76778972652718,131.0787754658343,132.3019907807772,114459400,127.72993316650391,121.91856842041015,0.01607404067809215,0.3377698898104498,58.920599465268616,2.130608946609172,1.764704037845651,90.23999786376952,0.0,3841.469970703125,0.012101026775617862
2021-01-25,138.74810791015625,140.85476298969073,132.55433784796116,138.8937382399215,157611700,128.31047744750975,122.4418342590332,0.027683381607612523,0.3466561648091122,68.59344039594711,2.81279520922196,1.9743222721209133,90.38999938964844,-0.004296093797011347,3855.360107421875,0.02311685992751933
2021-01-26,138.9811248779297,140.08784738058793,137.24336716103608,139.40828353042602,98390600,128.85364532470703,122.90141540527344,0.0016794244713183026,0.34660029187392527,67.37205575993475,3.3338052276814523,2.246218863233021,90.16999816894533,-0.003646429072427293,3849.6201171875,0.013348620065056549
2021-01-27,137.91322326660156,140.08784232197448,136.31139319096383,139.24322781199024,140843800,129.11430740356445,123.34507537841797,-0.007683788804170977,0.3281104203738276,74.41561729728122,3.618823145198377,2.5207397196260923,90.6500015258789,0.001989613161789139,3750.77001953125,-0.026241955310385645
2021-01-28,133.08828735351562,137.84526338322206,132.709672193958,135.44736243489726,142621100,129.22206497192383,123.69126556396485,-0.03498530306813874,0.34993177860829294,59.548062532699355,3.4159924590729247,2.699790267515459,90.45999908447266,0.003661398436825003,3787.3798828125,-0.01704879080354893
2021-01-29,128.10804748535156,132.7485164111063,126.40913060377332,131.8650760774745,177523800,129.13663177490236,123.91765777587891,-0.03742057221711259,0.3745787628835434,49.87602541998337,2.8208667473082585,2.724005563474019,90.58000183105467,0.0037677745493571724,3714.239990234375,-0.03312012886709159
2021-02-01,130.22442626953125,131.42823575703017,127.1081202867018,129.84581103922318,106239800,129.20701446533204,124.20404678344727,0.016520264149851194,0.37816460175809496,57.284054980530485,2.491281471617441,2.6774607451027035,91.0199966430664,0.006969767205132982,3773.860107421875,-0.021139400141404696
2021-02-02,131.0496063232422,132.33106742025004,130.6806938981219,131.76799601841705,83305400,129.47787017822264,124.53334548950195,0.006336599648387287,0.3662331813021178,58.575778704642076,2.2704950465532363,2.5960676053928102,91.1999969482422,0.011422854610322108,3826.31005859375,-0.006055158141364925
2021-02-03,130.03025817871094,131.80684177003687,129.70988918879502,131.7971241921303,89880900,129.6200942993164,124.8304133605957,-0.007778338089905912,0.3659194641091504,54.35092612730581,1.9903241202690651,2.4749189083680614,91.12000274658205,0.0051847899921873,3830.169921875,0.0211689604881915
2021-02-04,133.37954711914062,133.38924988354398,130.66127693474024,132.32136807732363,84183100,130.14384536743165,125.21970748901367,0.02575776582575484,0.35097657037188623,61.6100723452724,2.015314972470776,2.382998121188604,91.52999877929688,0.011828429202448199,3871.739990234375,0.02227400208907193
2021-02-05,132.96632385253906,133.60801926205087,132.09129544721642,133.53996875011137,75693800,130.4372402191162,125.66850021362305,-0.003098100687299876,0.3335040264254611,63.9646833226131,1.9789644681993934,2.302191390590762,91.04000091552734,0.005078373539124437,3886.830078125,0.046467134149760225
2021-02-08,133.11221313476562,133.16082913582426,131.1774090425887,132.25661898979965,71297200,130.6830783843994,126.09458114624023,0.0010971897093909888,0.3327290592655661,63.403150377749895,1.9395703182134127,2.229667176115292,90.93000030517578,-0.0009887534740694592,3915.590087890625,0.037555705944164686
2021-02-09,132.23715209960938,134.05528941674183,132.0816016865625,132.83023162868662,76774200,131.03418464660643,126.48646286010742,-0.006573859862658238,0.3209406083302333,56.67453450043435,1.8167971515371164,2.147093171199657,90.44000244140624,-0.008333273380121686,3911.22998046875,0.02219368545010436
2021-02-10,131.6343536376953,133.18997643259982,130.6718103643523,132.6941140635208,73046600,131.3638874053955,126.85541549682617,-0.0045584652447747676,0.3217010016240581,47.64426551705951,1.6518166205521538,2.0480378610701564,90.37000274658205,-0.008230904053919574,3909.8798828125,0.020811076940022266
2021-02-11,131.38156127929688,132.6066041234454,130.05928645451803,132.13019115518452,64280000,131.57950096130372,127.17154861450196,-0.001920413261527587,0.3180601489101036,42.57679457855994,1.4835684765685926,1.935143984169844,90.41999816894533,-0.012127178249265125,3916.3798828125,0.011529672108850253
2021-02-12,131.61488342285156,131.7704486448014,129.9814930989265,130.62318851283254,60145100,131.90289077758788,127.42109085083008,0.001775912398077617,0.311681388905091,32.966960896549764,1.3534559595252347,1.8188063792409221,90.4800033569336,-0.006151115476298763,3934.830078125,0.012349395017328568
2021-02-16,129.49537658691406,132.23714344471992,129.10646349095452,131.731578673249,80576300,132.20622138977052,127.62125289916992,-0.016103853764987686,0.31345025962352924,29.221493720235628,1.0670144853620513,1.668448000465148,90.51000213623048,-0.004618917491869712,3932.590087890625,0.004341618917816259
2021-02-17,127.21058654785156,128.5523110624879,125.87859413495782,127.6092169957538,97918500,132.3618194580078,127.77843734741211,-0.017643796244177112,0.3212781027695524,27.74249111169499,0.6481723644786541,1.4643928732678493,90.9499969482422,0.005639036853922974,3931.330078125,0.005139073323896293
2021-02-18,126.1119384765625,126.39388754422444,123.87573596059904,125.61607603838664,96856700,132.25861511230468,127.92704635620117,-0.008636451580826487,0.30054479779808185,32.83080227719947,0.22499168443039252,1.216512635500358,90.58999633789062,0.0024343652165805807,3913.969970703125,0.001046090420476764
2021-02-19,126.26747131347656,127.08418144033098,125.22716025236213,126.62721780066286,87668800,131.92825241088866,128.04964141845704,0.0012332919372495255,0.2666260664323911,44.05949956070712,-0.09671696034851607,0.9538667163305832,90.36000061035156,-0.0006635430193402403,3906.7099609375,-0.0024690970141679758
2021-02-22,122.50480651855467,126.1216162788009,122.11590088732514,124.45904451985068,103916400,131.30296478271484,128.0847511291504,-0.02979916169842789,0.2740607329512413,27.478121975606285,-0.6478213014614198,0.6335291127721826,90.01000213623047,-0.005194531424242088,3876.5,-0.014824039911984
2021-02-23,122.36872100830078,123.19514104352083,115.10593306236852,120.32697521018063,158273000,130.48399543762207,128.16762115478517,-0.0011108585378916125,0.24661090870738994,23.612648811663476,-1.083071452137517,0.2902089997902426,90.16999816894533,-0.0037565347393694326,3881.3701171875,-0.013024487566309917
2021-02-24,121.87287139892578,122.07704524597304,118.83942290821224,121.47424838833642,111039900,129.6285827636719,128.2122265625,-0.004052094401978512,0.24503298599200699,24.38883941168382,-1.4512916649291867,-0.058091133153643254,90.18000030517578,-0.008466153588818859,3925.429931640625,-0.0015008016033060123
2021-02-25,117.6337890625,122.9520548789216,117.19627482972936,121.22143247515002,148199500,128.6146110534668,128.1881655883789,-0.03478282153991441,0.2649410451857547,3.1801154986733167,-2.0614047625870597,-0.4587538590403266,90.12999725341795,-0.00507781325828649,3829.340087890625,-0.021622517149076814
2021-02-26,117.89631652832033,121.38672834698384,117.83797585116562,119.18941742406,164560400,127.85501251220703,128.18158752441406,0.002231735183509498,0.24656695503824091,4.784237745026303,-2.4949794456713903,-0.8659989763665394,90.93000030517578,0.006308097509673205,3811.14990234375,-0.02446049477674006
2021-03-01,124.24518585205078,124.38130174579383,119.38388273905603,120.31725204661986,116307900,127.661869430542,128.1835481262207,0.05385129502502628,0.2991809833622794,30.612189065266563,-2.299779385845312,-1.152755058262294,91.04000091552734,0.011443159147335402,3901.820068359375,0.006531682796175664
2021-03-02,121.64923858642578,125.14937496490816,121.54228933610958,124.84797657824924,102260900,127.23311004638671,128.1349491882324,-0.02089374528133603,0.2989962924245764,28.469713015145274,-2.3277206663067176,-1.3877481798711788,90.79000091552734,0.00687593167541567,3870.2900390625,-0.0028546821845036874
2021-03-03,118.67411041259766,122.2228626062094,118.46021192268417,121.34782670099902,112966300,126.6143352508545,128.0095671081543,-0.02445661155301393,0.305825610833336,25.96460636272748,-2.5604174136823588,-1.6222820266334148,90.9499969482422,0.008538441344651648,3819.719970703125,-0.026929524352334755
2021-03-04,116.7976531982422,120.1713983779594,115.3295451588436,118.37271790565526,178155000,125.95270500183105,127.8862646484375,-0.015811849845189685,0.30819295188786405,24.489752886337982,-2.863240028712326,-1.870473627049197,91.62999725341795,0.016642627823259204,3768.469970703125,-0.015895719834335797
2021-03-05,118.05184936523438,118.5574288988168,114.30864851877308,117.62405985730818,153766600,125.18632011413574,127.75756240844727,0.010738196638792052,0.29240615149041116,27.093559879023502,-2.9678148615972617,-2.0899418739588103,91.9800033569336,0.011547377633716494,3841.93994140625,0.008078936764876365
2021-03-08,113.1322250366211,117.6435128706364,112.98638448752727,117.5754549367604,154376600,124.19461517333984,127.45959838867188,-0.04167342023920961,0.3183668604994547,24.752433288655425,-3.4083741231304145,-2.3536283237931315,92.30999755859376,0.013949875113081323,3821.35009765625,-0.020623701065990097
2021-03-09,117.73101043701172,118.67410422916818,115.4948159266102,115.72815634992205,129525800,123.42555503845215,127.27147415161133,0.04064965043250934,0.361193568389383,36.3483001999015,-3.3478450895639043,-2.5524716769472864,91.95999908447266,0.012886861517204862,3875.43994140625,0.001330624395529112
2021-03-10,116.65181732177734,118.7810627593394,116.13651302909358,118.31438187621302,111943300,122.64628829956055,127.04215515136718,-0.00916660029696903,0.36137713154625983,36.368679327671146,-3.348359456052563,-2.711649232768342,91.79000091552734,0.009235887800668863,3898.81005859375,0.020705729345930735
2021-03-11,118.57688903808594,119.79221465640563,117.89630965893046,119.14080190524842,103026500,121.99341506958008,126.75969329833984,0.016502715178439153,0.3701235447107412,39.45614008662528,-3.157037532700798,-2.8007268927548337,91.41999816894533,-0.002291815898366134,3939.340087890625,0.04534204027519917
2021-03-12,117.67266845703124,117.80878431201305,115.85454635787848,117.06014710961324,88105100,121.3079704284668,126.4944839477539,-0.007625605532324831,0.37005749080817457,42.81167985407219,-3.04329535952985,-2.849240586109837,91.68000030517578,-0.0032616116635006964,3943.340087890625,0.026392954609087305
2021-03-15,120.55056762695312,120.56029230814386,117.07959821769512,118.0421413761026,92403800,120.75475463867187,126.30916107177734,0.024456819137850694,0.3842454461460792,47.4992974581943,-2.689923690532865,-2.817377206994443,91.83000183105467,-0.00519982385693829,3968.93994140625,0.038622434474276934
2021-03-16,122.08675384521484,123.69098519524891,121.26033388239702,122.21314504308984,115227900,120.38432350158692,126.17456069946289,0.01274308573158689,0.3859375348489685,50.28599118583204,-2.259866374727636,-2.705875040541082,91.87000274658205,-0.0009786465722769755,3962.7099609375,0.02251873873694521
2021-03-17,121.29922485351562,122.36870994462072,118.94634875177348,120.6089207727318,111932600,120.08875541687011,126.0878953552246,-0.006450568689029712,0.38220175956870694,55.399615806336904,-1.9599962448764359,-2.556699281408153,91.4000015258789,-0.004248822156645904,3974.1201171875,0.01931616505085998
2021-03-18,117.1865463256836,119.76303790222612,116.98237252920022,119.471356811388,121229700,119.64248580932617,125.88791076660156,-0.03390523338297191,0.3981242953721662,49.06094647260642,-2.0307960400066776,-2.451518633127858,91.8499984741211,0.004703569391689477,3915.4599609375,-0.00606196124740066
2021-03-19,116.66153717041016,118.0615946863235,116.36013878430732,116.5740372845451,185549500,119.16218910217285,125.76305099487304,-0.004480114584265782,0.3977652504611653,38.13866017517482,-2.105004062366916,-2.3822157189756696,91.91999816894533,0.0026177777374636335,3913.10009765625,-0.00766862344113739
2021-03-22,119.96721649169922,120.43390477213391,116.92404394954326,116.99210188442348,111912300,119.03530960083008,125.62042678833008,0.028335640018701147,0.4005981595354096,47.426342349022654,-1.8754546860236303,-2.280863512385262,91.8000030517578,-0.00032667732438973474,3940.590087890625,-0.007142928321958952
2021-03-23,119.14081573486328,120.7936558005327,118.75191000830584,119.9089025049303,95467100,118.8739143371582,125.43933410644532,-0.0068885548986052925,0.4011926777420028,50.76436565597598,-1.7401593126701016,-2.1727226724422297,92.33999633789062,0.005115854764966343,3910.52001953125,-0.013170265278234727
2021-03-24,116.75873565673828,119.49079213890562,116.73929371458648,119.41300953478355,88530500,118.61820755004882,125.2702082824707,-0.019993820450466715,0.40673582260743724,49.93729965944408,-1.8043512706888833,-2.099048392091561,92.52999877929688,0.012363208255505631,3889.139892578125,-0.021383406163756224
2021-03-25,117.24488067626952,118.28520644839448,115.69899016650164,116.22401168427892,98844700,118.5987621307373,125.11429992675781,0.004163671495728272,0.38794756390693486,48.6668947094987,-1.7953009083684748,-2.038298895346944,92.87999725341795,0.011213922660946674,3909.52001953125,-0.0015170481796543678
2021-03-26,117.8477020263672,118.11021653249011,115.62122444554402,117.0115573482324,94071200,118.59633140563965,124.9298681640625,0.005141557965009591,0.38829534970588153,59.08580272303449,-1.719662586219414,-1.9745716335214378,92.7699966430664,0.009247155037566568,3974.5400390625,0.0157010911739901
2021-03-29,118.02268981933594,119.1796820734962,117.3810018100868,118.27547960128656,80819200,118.2852066040039,124.78738021850586,0.0014848638535995828,0.332994033451132,50.67750792768098,-1.6268453579031785,-1.905026378397786,92.94000244140624,0.012418293592056706,3971.090087890625,0.007739957549435461
2021-03-30,116.57404327392578,117.06017355662124,115.56289139578809,116.77821710252674,85671900,118.03144683837891,124.65028579711914,-0.012274305454550105,0.3279980894658651,49.82239601263891,-1.6511473067718612,-1.854250564072601,93.3000030517578,0.010396434393979304,3958.550048828125,0.012282261452949195
2021-03-31,118.76161193847656,120.09360396821516,117.7893515172328,118.27548172785468,118323800,118.03582191467285,124.54354553222656,0.018765486750857763,0.32448270132519375,50.41683394886295,-1.4768638996618222,-1.7787732311904454,93.2300033569336,0.007565163588798551,3972.889892578125,0.021534324378463587
2021-04-01,119.58802795410156,120.73529551085936,119.0921730782952,120.22972337194014,75089100,118.17534065246582,124.37178558349609,0.006958612317026436,0.31957649295183393,54.33730834988442,-1.2575617885752024,-1.6745309426673969,92.93000030517578,0.0005383618996175343,4019.8701171875,0.02822599631283662
2021-04-05,122.40760803222656,122.66039785902176,119.65610882120376,120.43392024929994,88651200,118.39312858581543,124.16244323730469,0.0235774443843757,0.3277123761167292,54.216382024589535,-0.8464889398839688,-1.5089225421107115,92.5999984741211,-0.0018324692799049913,4077.909912109375,0.02600800898492328
2021-04-06,122.70899963378906,123.60347753407522,122.16453611496428,122.99095607539736,80171300,118.87196731567383,123.91641204833985,0.002462196642901038,0.2842356538686746,51.49672335419889,-0.4907340852019928,-1.3052848507289678,92.33999633789062,-0.006455843423222252,4073.93994140625,0.025899652548617258
2021-04-07,124.35212707519533,124.37156902257613,121.66868585332092,122.33954801322936,83466700,119.20302314758301,123.62849243164062,0.013390439546487887,0.25261194184595365,57.05301526757925,-0.07534066714578103,-1.0592960140123306,92.45999908447266,-0.009003257661408193,4079.949951171875,0.030667769977971826
2021-04-08,126.74388122558594,126.77304785417073,124.9549254399674,125.3729903400282,88844600,119.70762634277344,123.38374755859375,0.019233721261111336,0.25478511444829166,73.98735813324704,0.4417638024980164,-0.7590840507102613,92.05999755859376,-0.012549670237170685,4097.169921875,0.031282022068884086
2021-04-09,129.31065368652344,129.34953758105655,125.87857511762488,126.19942288071834,106686700,120.24431457519532,123.21169616699218,0.02025164793848333,0.2575034822668988,78.7959356436383,1.0466250641740942,-0.3979422277333903,92.16000366210938,-0.00828577037057776,4128.7998046875,0.02709781269654865
2021-04-12,127.59949493408205,129.1648351971554,127.00641533538912,128.84398739764742,91420000,120.74065589904785,123.10192031860352,-0.013232929411907568,0.2617306622636468,68.73517203251501,1.372089171398784,-0.04393594790695543,92.13999938964844,-0.00496759278674519,4127.990234375,0.012280879996125371
2021-04-13,130.70098876953125,130.9246193949784,128.27033720569543,128.7661996194506,91266500,121.24817695617676,123.15377914428711,0.024306474230571418,0.26157673121273534,75.52597096954943,1.8588586876203692,0.33662297919850953,91.8499984741211,-0.0053064531427587935,4141.58984375,0.01660552274130933
2021-04-14,128.36753845214844,131.255153005102,128.0078068542404,131.19681975522676,87222800,121.56221618652344,123.11664138793945,-0.01785334861924759,0.2706796030479718,75.68851838508276,2.0329030560640433,0.6758789945716164,91.69000244140624,-0.008327889365031704,4124.66015625,0.010958518024291708
2021-04-15,130.76907348632812,131.25520387103566,129.93292863121027,130.10794328417643,89347100,122.03570861816407,123.11103073120117,0.018708273626941274,0.27417077597028966,77.58834015476864,2.3376710619181296,1.008237408040919,91.66999816894533,-0.004236361068771677,4170.419921875,0.0178781943138151
2021-04-16,130.43846130371094,130.9343087763494,129.5828673880838,130.57457716887737,84922400,122.69830436706543,123.11919479370117,-0.002528213849062322,0.2368592214824528,75.97265082524707,2.52343566661591,1.3112770597559174,91.55999755859376,-0.00651048263534626,4185.47021484375,0.013725637676089475
2021-04-19,131.09962463378906,131.71215360069297,129.6412336348906,129.80651616783663,94264200,123.42020874023437,123.07359634399414,0.005068775907580481,0.23394275318897914,76.44511453038717,2.6929630081190794,1.5876142494285497,91.06999969482422,-0.011612759951292406,4163.259765625,0.008543995806070459
2021-04-20,129.41758728027344,131.77045575605666,128.15364574587304,131.27460827428777,94812300,123.89272727966309,123.00262161254882,-0.012830222498456334,0.22724683684591981,75.73025182931697,2.6609149197500273,1.8022743834928452,91.23999786376952,-0.006641269684108275,4134.93994140625,-0.0016056400065267429
2021-04-21,129.7967987060547,130.0398638721709,127.65782821133617,128.6884221419856,68847100,124.42552642822265,122.93631332397462,0.002930138273710803,0.22371204497095806,73.83440146222597,2.635732685964797,1.9689660439872356,91.16000366210938,-0.0057803333535251245,4173.419921875,0.011821523174731174
2021-04-22,128.2800750732422,130.42876284437168,127.76477810538648,129.34955290809418,84566500,125.00159339904785,122.85717178344727,-0.011685370116464533,0.21340949994213992,68.22995572777158,2.4649739772652453,2.068167630642838,91.33000183105467,-0.0037089161632145595,4134.97998046875,-0.008497931160446837
2021-04-23,130.59397888183594,131.37177506441438,128.49389358364715,128.49389358364715,78657500,125.66904830932617,122.83636428833007,0.018037905008027266,0.21848143632338599,67.54146997297352,2.487682711849814,2.152070646884233,90.86000061035156,-0.0076452268120064115,4180.169921875,-0.0012663554383812725
2021-04-26,130.98292541503906,131.31349039844014,129.85509976347652,131.08987465502372,66905100,126.32580947875977,122.82839157104492,0.002978288406045415,0.21866280472634478,67.66280537102513,2.508151868810046,2.223286891269396,90.80999755859376,-0.0028549702108457975,4187.6201171875,0.0058512687014240505
2021-04-27,130.66207885742188,131.6537886519638,130.38984712331498,131.26487557787047,66015800,126.95777893066406,122.80933547973633,-0.0024495296360234065,0.22003581779688686,64.27616134555899,2.470011433127823,2.2726317996410814,90.91000366210938,-0.0036167712558790033,4186.72021484375,0.01252261802377963
2021-04-28,129.87454223632812,131.27459954530588,129.3884120504617,130.5842881537486,107760100,127.62280387878418,122.8169187927246,-0.006027277600206493,0.21450718214184455,57.63747537571119,2.3491576127980522,2.2879369622724757,90.61000061035156,-0.0060333811941960525,4183.18017578125,0.0023386704642616163
2021-04-29,129.77731323242188,133.26773932174638,128.77588621347985,132.68437715116124,151101000,128.17358894348143,122.86825332641601,-0.0007486378949411732,0.2096337870835085,51.294417704610524,2.2199443844469187,2.274338446707364,90.61000061035156,-0.007883512605583842,4211.47021484375,0.018498332455367583
2021-04-30,127.81340026855467,129.85513887109062,127.43421918268936,128.12451598324157,109839500,128.5848575592041,122.90228256225586,-0.015132945157756317,0.22061480497111757,50.58512496593006,1.9367450160063697,2.2068197605671656,91.27999877929688,0.004622475964384476,4181.169921875,0.00023922472499671166
2021-05-03,128.86337280273438,130.35094470080776,128.17307630207762,128.3772426558717,75135100,128.9076457977295,122.95420059204102,0.008214886169787716,0.20840189894754257,44.337811178250575,1.7765524934190609,2.120766307137545,90.9499969482422,0.0015416737519247103,4192.66015625,0.001203556894240121
2021-05-04,124.30349731445312,127.84253218435018,123.18539631101322,127.55085108162372,137564700,128.98737068176268,122.99017440795899,-0.03538534953032435,0.24834116273783013,38.988431157074494,1.267049167615454,1.9500228792331267,91.29000091552734,0.004179927819938589,4164.66015625,-0.00526905488347118
2021-05-05,124.54657745361328,126.83138075425876,124.4201788397563,125.6160551149203,84000900,128.9970932006836,123.03373153686523,0.0019555374097417477,0.2439066241592247,30.906792457247235,0.8728173517466047,1.7345817737358225,91.30999755859376,0.007725382888500221,4167.58984375,-0.0037269090443464714
2021-05-06,126.14108276367188,126.15080002789722,123.60347484441658,124.34239490228468,78128300,128.9669532775879,123.11909576416015,0.01280248195220346,0.23824962834320093,37.762993127049235,0.6811966392415485,1.5239047468369677,90.9499969482422,0.0037523047743119875,4201.6201171875,-0.0023388738739104076
2021-05-07,126.81310272216795,127.83569855183693,126.1021361802418,127.43640587981206,78973300,128.84207572937012,123.30268203735352,0.005327526478864364,0.22693647755401752,37.8014502527021,0.5769119564553051,1.3345061887606353,90.2300033569336,-0.011503017489099987,4232.60009765625,0.0123004270915128
2021-05-10,123.54073333740234,126.16055151436144,123.50177596650867,126.03395306208488,88071200,128.63913764953614,123.41557037353516,-0.02580466303970952,0.2400249863803508,34.663849066460884,0.22758922606934107,1.1131227962223766,90.20999908447266,-0.008136315432651031,4188.43017578125,-0.0010089013445185868
2021-05-11,122.6252670288086,122.97586852300611,119.56717642454036,120.2781354744355,126142800,128.2353515625,123.3831719970703,-0.007410238581743833,0.2203869687184648,31.794805250140897,-0.12171893461737682,0.8661544500544259,90.13999938964844,-0.01259723424631165,4152.10009765625,-0.0030158663906587613
2021-05-12,119.56716918945312,121.38838724678816,119.0607382348264,120.18073848547932,112172300,127.79533309936524,123.34153060913086,-0.02493856212061929,0.22798537319539727,29.487231991079426,-0.6379571339117831,0.5653321332611843,90.70999908447266,-0.006571005258609097,4063.0400390625,-0.025086394920625366
2021-05-13,121.70975494384766,122.858971128322,121.01827847959676,121.32992994841908,105861300,127.34236717224121,123.40224349975585,0.01791951560716165,0.2269837920638876,28.9138029878811,-0.8642285730777957,0.2794199919933883,90.75,-0.002198976964848276,4112.5,-0.02121089358434325
2021-05-14,124.12509155273438,124.55361524540388,122.56683371169912,122.95640002954782,81918000,127.02669868469238,123.54879226684571,0.019845053586715844,0.24165418960997892,35.15159784645557,-0.8389815828484757,0.055739677025015505,90.31999969482422,0.0009974103351699792,4173.85009765625,-0.013880356906983082
2021-05-17,122.9758529663086,123.61863839013512,121.90455135695586,123.51150748616402,74244600,126.62051010131836,123.64727233886718,-0.009258712900425348,0.24115838826109312,33.93429807906671,-0.9013172859124836,-0.1356717155624843,90.22000122070312,0.00011087613714644284,4163.2900390625,-0.006002281442846424
2021-05-18,121.5928955078125,123.67706631560182,121.52472197411316,123.25828391420352,63342900,126.22927551269531,123.81648574829102,-0.011245764311754614,0.24037330719501313,33.11015651110988,-1.0502057703479153,-0.3185785265195705,89.75,-0.004326596320048615,4127.830078125,-0.005845239507821565
2021-05-19,121.43708038330078,121.66107596519278,119.65481977612976,119.94699632595916,92612000,125.81128959655761,123.8906071472168,-0.0012814492480089923,0.23945749805784963,33.03122356319609,-1.1673178319566944,-0.4883263876069953,90.19000244140624,-0.00573251734444602,4115.68017578125,0.012955849859381585
2021-05-20,123.98873138427734,124.38803886132332,121.83638680726904,121.96300011967811,76857100,125.59672241210937,124.0373454284668,0.02101212408040931,0.2519198421551582,42.400204235026756,-1.0422190216639393,-0.5991049144183842,89.80999755859375,-0.01035815362431125,4159.1201171875,0.01133619870820679
2021-05-21,122.15777587890624,124.66072928690556,121.94351406158702,124.48542483913153,79295400,125.17491226196289,124.1089631652832,-0.014767112179706388,0.2448516984261446,37.07676400650954,-1.0783891220435038,-0.6949617559434081,90.0199966430664,-0.0033215572716062125,4155.85986328125,-0.004310225320526495
2021-05-24,123.78421020507812,124.60230012567476,122.65447618088876,122.72264972174192,63092900,124.81497650146484,124.23119400024414,0.013314210368271295,0.2509935588464398,48.8716307574782,-0.9646941362412207,-0.7489082320029707,89.83000183105469,-0.00432275974696994,4197.0498046875,0.008108915138807404
2021-05-25,123.5894546508789,124.972415565833,123.02458381451456,124.48545205523332,72009500,124.46134529113769,124.29197174072266,-0.0015733473104247997,0.25102455936557033,47.915872013821975,-0.8801592583978817,-0.775158437281953,89.63999938964844,-0.001225633541521609,4188.1298828125,0.014608112142758145
2021-05-26,123.54073333740234,124.06664669892854,123.12195088824402,123.6478642497702,56575900,124.1446548461914,124.3210513305664,-0.0003942190182341099,0.25081838501897863,43.9290710561218,-0.8077845243147692,-0.7816836546885163,90.04000091552734,-0.0016631724339550846,4195.990234375,0.01951319227046233
2021-05-27,122.01168823242188,124.31012103497812,121.816908814046,123.1414296640058,94625600,123.75637359619141,124.33530059814453,-0.012376849834657255,0.25320180083673577,39.22165441595826,-0.8638502592701656,-0.7981169756048463,89.97000122070312,0.0017815796287599106,4200.8798828125,0.010040528873505927
2021-05-28,121.35916137695312,122.51811890538758,121.30072904118605,122.29411590101697,71311100,123.43366165161133,124.41875289916992,-0.005348068409853801,0.24931439397402141,44.44993953886497,-0.9499853818592783,-0.8284906568557328,90.02999877929688,0.00011111016000286966,4204.10986328125,0.011610112368395376
2021-06-01,121.03778076171876,122.07986629236984,120.70665425214682,121.8169133247897,67637100,123.04238204956054,124.50627777099609,-0.0026481776207740726,0.24610103625662358,45.835446549410065,-1.0322813203525243,-0.8692487895550911,89.83000183105469,0.0,4202.0400390625,0.0011889862182303812
2021-06-02,121.79742431640624,121.97272876206888,120.81377861108228,121.03777419532103,59278900,122.91707839965821,124.54288192749023,0.006276086275763371,0.21600818758451928,56.653089984814955,-1.0243959593068865,-0.9002782235054503,89.9000015258789,0.0029005147032663547,4208.1201171875,0.004773069349409909
2021-06-03,120.31710815429688,121.59293069575016,119.91780060538888,121.42736741319028,76229200,122.70560493469239,124.5664077758789,-0.012153920088357362,0.21928982999972443,45.674681614464525,-1.1246318408290819,-0.9451489469701766,90.5,0.0051088302953730125,4192.85009765625,-0.000748366069354689
2021-06-04,122.60578155517578,122.86874195718396,120.61900017592296,120.83326200560104,75169300,122.52883987426758,124.68334869384766,0.019022011382985315,0.22573740597443911,45.24386707981907,-1.0077756722555051,-0.9576742920272424,90.13999938964844,0.0018894983509925023,4229.89013671875,0.006905756583267975
2021-06-07,122.6155242919922,123.02456555539771,121.5734387321586,122.87847726693604,71057600,122.31896095275879,124.7907615661621,7.94639265200292e-05,0.22445134266115888,48.78535044526096,-0.9039598726041618,-0.9469314081426263,89.94999694824219,-0.0008886130416463356,4226.52001953125,0.005330535352020771
2021-06-08,123.43360137939452,125.10873859219603,122.91742922255408,123.29725429760116,74403800,122.3136043548584,124.90247955322266,0.006671888344694343,0.20689255320435182,56.45058742816561,-0.7470614599494496,-0.906957418503991,90.08000183105467,0.002783034564222353,4227.259765625,0.0060017815937152275
2021-06-09,123.81342315673828,124.41725123885396,123.21933627459374,123.89133789579034,56877900,122.37301216125488,125.0182942199707,0.0030771343710236376,0.20522798856989563,58.1989531772681,-0.5853226591361533,-0.8426304666304235,90.12000274658205,0.002447177051935867,4219.5498046875,0.002716102958496114
2021-06-10,122.82003784179688,124.84577650141728,122.654474591921,123.70629386140668,71186400,122.53565559387206,125.14321411132812,-0.008023244084640613,0.1851534647623411,45.481905856300386,-0.5311782943445849,-0.7803400321732558,90.08000183105467,-0.004640863745252188,4239.18017578125,0.011049781663050151
2021-06-11,124.02769470214844,124.11535064804696,122.81030467281764,123.2290871401218,53522400,122.65155258178712,125.24853576660156,0.009832734801035636,0.17766182882535006,57.595009668302914,-0.3863668824217825,-0.7015454022229611,90.55999755859376,0.004659398400146397,4247.43994140625,0.0041489977565030145
2021-06-14,127.07599639892578,127.13442872410552,123.7549613149082,124.48539510108188,96906500,122.79909782409668,125.39829513549805,0.024577588933647476,0.18496296109158453,61.98578021842487,-0.025338240489546138,-0.5663039698762782,90.5199966430664,0.006336850629936164,4255.14990234375,0.006773866604250722
2021-06-15,126.25796508789062,127.19292725029604,126.01448706088831,126.55014169243728,62746300,122.96320343017578,125.47530227661133,-0.006437339341941017,0.18310077257750051,59.29449755285585,0.19255165348295122,-0.4145328452044323,90.54000091552734,0.00510656166876422,4246.58984375,0.0045727206740846515
2021-06-16,126.75463104248048,127.47533121654288,125.10873237290744,126.96889285474992,91815000,123.22129020690917,125.55621490478515,0.003933739580264328,0.17704527900816144,60.85536521784851,0.400688864186705,-0.2514885033262048,91.12999725341795,0.011207217887864607,4223.7001953125,0.0009836098202677945
2021-06-17,128.3518524169922,129.0920350275276,126.2676813886482,126.41377710106734,96721700,123.56702880859375,125.6362094116211,0.012600891670588421,0.18031494577024917,71.31657115886794,0.686606744452007,-0.06386945377056247,91.88999938964844,0.020093222932970445,4221.85986328125,-0.004085769366197756
2021-06-18,127.05657196044922,128.07916771937423,126.8423101216394,127.3000499717587,108953300,123.72042083740234,125.64246322631836,-0.010091638197280095,0.17235109586777986,68.36192393619407,0.7994646855116656,0.10879737408588315,92.2300033569336,0.01844087724559973,4166.4501953125,-0.019067896712139487
2021-06-21,128.84854125976562,128.95567215813708,125.8391571973974,126.90071755171388,79663300,124.05495910644531,125.6332209777832,0.014103712005343771,0.167089561408004,72.99340140057409,1.0217245585322416,0.29138281097515484,91.86000061035156,0.014803402750543482,4224.7900390625,-0.007134851645185902
2021-06-22,130.48471069335938,130.5821078265205,128.18627804148716,128.68298261560656,74783600,124.38998413085938,125.69092529296876,0.01269839314901633,0.16658533674948575,74.31872293493969,1.3147368405469138,0.4960536168895066,91.7300033569336,0.013143388881964979,4246.43994140625,-3.529946363212133e-05
2021-06-23,130.2120361328125,130.815871699919,129.75429628741554,130.2802171084206,60214200,124.72111320495605,125.68114624023437,-0.0020897050627460834,0.16677064382658044,79.70794793914322,1.5075702949529983,0.698356952502205,91.8000030517578,0.007352198162331458,4241.83984375,0.004294729170794653
2021-06-24,129.92959594726562,131.12750347675475,129.46210751467535,130.94245782977737,68711000,125.04055633544922,125.71238739013671,-0.002169078941817615,0.16732063074772485,75.00032554304487,1.6189395074502926,0.8824734634918225,91.81999969482422,-0.0007617770735571794,4266.490234375,0.010571258293510244
2021-06-25,129.63742065429688,130.39707078875628,129.3452440962624,129.97829578212327,70783700,125.42184295654297,125.6897543334961,-0.002248720092128509,0.15896923318757503,73.51626664377315,1.6644377046121974,1.0388663117158976,91.80999755859376,-0.0045538955117934155,4280.7001953125,0.027421424628701452
2021-06-28,131.2638702392578,131.72161011019884,129.87118308436172,129.929615432019,62111300,125.91707839965821,125.70626251220703,0.012546142747611233,0.15907145909643408,74.87656598199672,1.8108617552674247,1.193265400426203,91.87999725341795,0.00021768607591465816,4290.60986328125,0.015579430838024821
2021-06-29,132.77342224121094,132.92925172484664,130.84508067855094,131.28333809814853,64556100,126.50386047363281,125.73973846435547,0.011500133275071267,0.15918274750277076,76.55920456606506,2.025364954594508,1.3596853112598641,92.0500030517578,0.0034884954007801117,4291.7998046875,0.010681856780536236
2021-06-30,133.38697814941406,133.82523552499876,132.32540290188453,132.61757943917965,63261400,127.08333816528321,125.81912628173828,0.004621074744074027,0.1590717518063159,82.04405649996716,2.2192865654955085,1.531605562106993,92.44000244140624,0.006971670679440045,4297.5,0.013121701502240901
2021-07-01,133.6889190673828,133.7473514160783,132.218302275189,133.03639973908412,52485800,127.7519287109375,125.89696868896485,0.0022636461381599915,0.14667823539606764,81.00038189990306,2.3700148915323354,1.6992874279920618,92.5999984741211,0.008494868023189994,4319.93994140625,0.012527793126211106
2021-07-02,136.30874633789062,136.34769628382654,134.1563940221222,134.30247489528134,78852600,128.43707695007325,126.05754211425781,0.01959644291227569,0.14740215417096278,80.46317222477029,2.670087238165422,1.8934473900267341,92.2300033569336,0.004574728346679047,4352.33984375,0.016735497738418426
2021-07-06,138.31500244140625,139.4155130237445,136.415876793308,136.415876793308,108181800,129.22205085754393,126.21196258544921,0.014718469338294682,0.1495997743224087,86.88932129848618,3.034801532381607,2.121718218497709,92.5500030517578,0.0072921834824599685,4343.5400390625,0.012336282595680093
2021-07-07,140.7984619140625,141.11010601971827,138.93828646790567,139.7953189039971,104911600,130.09029388427734,126.40827331542968,0.017955098353906296,0.15543529569824083,88.31047092196809,3.4840724441032194,2.394189063618811,92.63999938964844,0.006409520025316029,4358.1298828125,0.015455072730222508
2021-07-08,139.50314331054688,140.3017433261173,137.00018264096806,137.88644602005195,105575500,130.87477989196776,126.58509460449218,-0.00919980648869756,0.1649916024751938,80.9292953745571,3.6930305354097754,2.653957357977004,92.36000061035156,-0.0008654460075916415,4320.81982421875,0.00542636980075617
2021-07-09,141.32437133789062,141.85027728075062,138.92854127199598,139.02593841657492,99890800,131.79999656677245,126.81409118652344,0.013055103878838903,0.1579882578329297,88.45142716387701,3.959941469122839,2.915154180206171,92.12999725341795,-0.00507560721865985,4369.5498046875,0.01148392430314682
2021-07-12,140.73028564453125,142.50281263838897,140.24332963884083,142.39568172270836,76299700,132.6351261138916,127.03315063476562,-0.004203703067880538,0.1625451598243129,84.23121086420969,4.076540732600165,3.14743149068497,92.2300033569336,0.0,4384.6298828125,0.007419006838096154
2021-07-13,141.8405303955078,143.61305721006948,139.88297280050324,140.27253162136344,100827100,133.37335281372071,127.31369323730469,0.007889167181688972,0.14790945888659898,83.73842503393269,4.21000366010216,3.3599459245684082,92.75,0.0021609610118582534,4369.2099609375,0.005909907965425454
2021-07-14,145.25892639160156,145.66798238945225,143.82727498126442,144.2363309791151,127050800,134.32340087890626,127.64160430908203,0.02410027646231927,0.15464551652961406,87.66443837910222,4.5392839401969525,3.595813527694117,92.41000366210938,-0.002482682740224229,4374.2998046875,0.0037102891170752716
2021-07-15,144.6064453125,146.08679566961968,143.25270826705687,145.3466279214185,106820300,135.21599159240722,128.04766326904297,-0.0044918484206784015,0.1597268843148653,86.06996927987711,4.693487561423268,3.8153483344399475,92.62000274658205,0.002815094570293164,4360.02978515625,0.009074657711419354
2021-07-16,142.57095336914062,145.85303150774294,142.07426368162248,144.5869580069263,93251400,135.92694664001465,128.40815078735352,-0.014076080350088116,0.17399412397258038,79.27690252269653,4.598439900960244,3.971966647744007,92.69000244140624,0.006078424016967121,4327.16015625,-0.00970114779147857
2021-07-19,138.73374938964844,140.31149679803218,137.97409928442224,139.99983785193092,121434600,136.51080551147462,128.66000411987304,-0.02691434607691101,0.20178919021840835,65.37072784154347,4.1654667452424405,4.010666667243694,92.88999938964844,0.0071559797104270295,4258.490234375,-0.028768596622478992
2021-07-20,142.3372039794922,143.26243208036362,139.2304378127707,139.71739371398104,96350000,137.18523864746095,128.97048614501952,0.02597388599167072,0.21336262923932922,68.11806522332351,4.066228123340011,4.021778958462957,92.97000122070312,0.002371980816206154,4323.06005859375,-0.010562527952730272
2021-07-21,141.60678100585938,142.31774737595725,140.85687956010295,141.73339430532917,74993500,137.74134216308593,129.33180709838868,-0.005131637781349507,0.2142994626186773,65.50332201914759,3.883870924541611,3.9941973516786886,92.75,0.003679215717097062,4358.68994140625,-0.0035685398756899467
2021-07-22,142.97027587890625,144.33374665171397,142.00609770767423,142.13271101540525,77338200,138.37925415039064,129.73870727539062,0.009628739975315659,0.2137852362070572,66.83151467388927,3.8055066598053884,3.956459213304029,92.81999969482422,0.002159327815929535,4367.47998046875,0.0017087487195304174
2021-07-23,144.68434143066406,144.84017089255985,143.0871265980212,143.70069581628857,71447400,139.11699142456055,130.24105072021484,0.011988964427889881,0.21359660749219228,65.70486685126723,3.8374771327613075,3.9326627971954844,92.91000366210938,0.002373516181987556,4411.7900390625,0.01955783464364358
2021-07-26,145.1031494140625,145.92123190033908,143.84679465375743,144.40193160847764,72434100,139.89027786254883,130.70891860961913,0.002894632406362563,0.21190226095719725,63.533983725195036,3.8522024748325236,3.9165707327228927,92.6500015258789,-0.002583678171455328,4422.2998046875,0.038466583530052834
2021-07-27,142.94105529785156,145.3174027377309,141.7528815779119,145.22973937162135,104818600,140.47413711547853,131.0852378845215,-0.014900394133012584,0.22234193686064155,54.32728429219562,3.647364936132675,3.8627295734048492,92.43000030517578,-0.0058083350375076614,4401.4599609375,0.01813527947359872
2021-07-28,141.19776916503906,143.13585955365372,138.82142131266863,141.03220589476328,118931200,140.8953544616699,131.4496762084961,-0.01219583925122103,0.2280896886574561,53.3617182027813,3.3062487121846686,3.7514334011608135,92.31999969482422,-0.004636121888687672,4400.64013671875,0.009624496322618858
2021-07-29,141.8405303955078,142.72679380278865,140.80818614558353,140.91531705042755,56699500,141.31803207397462,131.85462890625,0.0045522052810724745,0.228084042909966,51.07415468310103,3.052588763519992,3.6116644736326493,91.86000061035156,-0.01034258874842664,4419.14990234375,0.011830603026474318
2021-07-30,142.0547637939453,142.51250349030116,140.3504182873009,140.61337861218294,70440600,141.73632431030273,132.2669825744629,0.0015103821019291086,0.22813963483259211,52.80058695496463,2.836154843917086,3.456562547689537,92.16999816894533,-0.007964755828180459,4395.259765625,-0.003746840464106227
2021-08-02,141.72364807128906,143.1163348001012,141.46068772656318,142.54173040964227,62880000,142.00706939697267,132.62168090820313,-0.0023309019269254216,0.2203009292482128,49.74443359010084,2.607849466421783,3.2868199314359865,92.0500030517578,-0.006475968313433,4387.16015625,-0.007946012253681412
2021-08-03,143.51564025878906,144.1778931349551,141.3925048543154,142.00607403013316,64786600,142.2671012878418,133.04883819580078,0.012644270817800285,0.2188359884492253,45.89639407949749,2.5422095934107176,3.137897863830933,92.08000183105467,-0.003786632835286352,4423.14990234375,0.004927897015705174
2021-08-04,143.1163787841797,143.93446137395492,142.46385946656952,143.42803778640976,56368300,142.38299713134765,133.43548156738282,-0.0027820067129228354,0.21094203440760198,46.45014100849977,2.42996137477607,2.996310566019961,92.2699966430664,-0.0005416275121653547,4402.66015625,0.00045902856595692043
2021-08-05,143.22348022460938,143.9831303102646,142.35669923658142,143.1455654900914,46397700,142.5690139770508,133.82816207885742,0.000748352084782633,0.20755275961486358,51.71183360420153,2.3228694508683816,2.8616223429896452,92.23999786376952,0.004136699879089045,4429.10009765625,0.002251608461442567
2021-08-06,142.5407257080078,143.48683682415765,142.04329182669468,142.74556017853746,54126800,142.62983169555665,134.20816192626953,-0.004767057158022059,0.20388548606627885,61.96797590037799,2.1580293273842415,2.7209037398685645,92.8000030517578,0.006835248945732841,4436.52001953125,0.009387443770432657
2021-08-09,142.49191284179688,143.0868896094232,141.9359592396086,142.59920422228612,48908700,142.71791305541993,134.61776641845702,-0.0003424485596553728,0.20316168536020998,50.626341299483684,2.00039425182419,2.57680184225969,92.9499969482422,0.009777228317725983,4432.35009765625,0.010300499593540513
2021-08-10,142.01405334472656,144.0720871817776,141.7214390067462,142.83336158468475,69023100,142.72658920288086,135.0308642578125,-0.0033535903023553804,0.20180005581212285,51.683271718689106,1.8159746258860423,2.4246363989849606,93.05999755859376,0.010642872589611274,4436.75,0.003074753955104148
2021-08-11,142.2676239013672,143.10644361120174,141.94574966449076,142.4529467846883,48493500,142.57702407836913,135.45546112060546,0.001785531436280463,0.18114450639266466,46.80255689905859,1.671019298106586,2.273912978809286,92.91000366210938,0.006936241923999997,4442.41015625,0.009028632369811884
2021-08-12,145.22305297851562,145.37911598069522,142.24816711253547,142.58955306942994,72282600,142.60785446166992,135.92397369384764,0.0207737290896024,0.1962180338190433,52.20258408250099,1.7741680782444291,2.1739639986963146,93.04000091552734,0.008673060172218916,4460.830078125,0.007163979085851091
2021-08-13,145.42782592773438,145.7594485046543,144.61826619020815,145.30102293180235,59375000,142.7506980895996,136.4261880493164,0.001410058148612503,0.1887425033404458,51.351124815536345,1.851099373979622,2.109391073752976,92.5199966430664,-0.00301731033925956,4468.0,0.007095647113089409
2021-08-16,147.39805603027344,147.46633914191412,142.86258697892168,144.88159714502063,103296000,143.18391342163085,136.92203353881837,0.01354782064553528,0.16194900920257468,68.84856822792717,2.0474473845276293,2.097002335907907,92.62999725341795,-0.0034427079648258196,4479.7099609375,0.010685045684070138
2021-08-17,146.49099731445312,147.94429082183916,145.4180830822368,146.53000561245062,92229700,143.3916030883789,137.39954299926757,-0.00615380378988184,0.14044410843523658,74.088697726935,2.1055906019624615,2.098719989118818,93.12999725341795,0.0007521996202515258,4448.080078125,0.002553688651603103
2021-08-18,142.75531005859375,147.0079285089272,142.55047558587256,146.11058891263426,86326000,143.44902954101562,137.78597717285157,-0.025501138802683343,0.16888746606269703,53.24853506787943,1.8291455285227585,2.044805096999606,93.13999938964844,0.0024754678557057375,4400.27001953125,-0.009485872586407429
2021-08-19,143.0869598388672,144.35494544436725,140.94114605885855,141.45809163231115,86960300,143.45486373901366,138.17144790649414,0.002323204510832566,0.16558453046689364,53.63518530062314,1.6181689374619168,1.9594778650920681,93.56999969482422,0.0056964614583148165,4405.7998046875,-0.01233633034070436
2021-08-20,144.5402374267578,144.84260006919433,143.1649606824682,143.80870914358007,60549600,143.44765853881836,138.60585189819335,0.010156603994711855,0.16395825612266124,59.19284923145573,1.550364191505679,1.8776551303747904,93.5,0.010592341034277863,4441.669921875,-0.005893034495299876
2021-08-23,146.02284240722656,146.49101645929602,144.24765951519495,144.65731367112883,60131800,143.49364318847657,139.04575485229492,0.01025738581078528,0.16772151667274698,58.35173325200773,1.5978433298222967,1.8216927702642918,92.95999908447266,0.0035625805985062264,4479.52978515625,-4.0220412218849866e-05
2021-08-24,145.93507385253906,147.14453982719516,145.4766480732816,145.7692624894228,48606400,143.64334411621093,139.4229364013672,-0.0006010604453426938,0.15784480697954512,59.58832579317046,1.6098315639719658,1.7793205290058267,92.88999938964844,-0.002577019981182316,4486.22998046875,0.008576712126062036
2021-08-25,144.70606994628906,146.61780402195117,144.15986446266652,146.12035519130814,58991300,143.81875915527343,139.79189849853515,-0.00842158004793181,0.15415875517190378,54.68566595068917,1.5028381986165869,1.7240240629279788,92.83000183105467,-0.003328296764281702,4496.18994140625,0.02179864450346125
2021-08-26,143.90628051757812,145.44736901605114,143.87702056810593,144.69634380228402,48597200,143.92204666137695,140.1349314880371,-0.005526992952042731,0.155461131151301,54.284089418572485,1.3380842605223222,1.6468361024468476,93.05999755859376,-0.005450487740662702,4470.0,0.014571745916415635
2021-08-27,144.94015502929688,145.08645474475415,143.21374397198983,143.84772924961433,55802400,144.06631622314453,140.4666975402832,0.007184359904239601,0.1571159368692754,57.233656556402934,1.2762290363345983,1.572714689224398,92.69000244140624,-0.008663075492981398,4509.3701171875,0.015242059068612868
2021-08-30,149.34881591796875,149.70971334019745,144.9498976782118,145.33029180641267,90956700,144.44757461547852,140.9125424194336,0.030417111722977896,0.1877736036947382,67.58650917171735,1.5649110935592319,1.5711539700913648,92.6500015258789,-0.0033347414118631846,4528.7900390625,0.010996746593689988
2021-08-31,148.0906219482422,149.03673327230263,147.56391312712373,148.90018188960238,86453100,144.67632369995118,141.29738403320312,-0.008424532608398039,0.18785297817698868,63.320060370572556,1.6728840001410106,1.591499976101294,92.62999725341795,-0.0027990325970381758,4522.68017578125,0.008124905649329106
2021-09-01,148.75381469726562,151.1629820772436,148.58800342565723,149.06594053769027,80313700,144.95819549560548,141.66276611328124,0.004478289984191086,0.1873551614553649,59.02280501176826,1.79131821746887,1.6314636243748093,92.4499969482422,-0.004093556773854812,4524.08984375,0.006205232142622474
2021-09-02,149.86573791503906,150.90939195726816,148.6465242486851,150.0803207109557,71115500,145.29030838012696,142.05584014892577,0.007474922374504089,0.18827856927611372,60.838495266871526,1.9523951034886409,1.6956499201975757,92.2300033569336,-0.00891891493052721,4536.9501953125,0.014977672329418379
2021-09-03,150.49978637695312,150.8216606743961,149.3195806196622,149.9730775691431,57808700,145.68826141357422,142.46724395751954,0.004230776632037969,0.18647684350359708,58.104126715810374,2.1069247905971054,1.7779048942774818,92.04000091552734,-0.007012638998362242,4535.43017578125,0.005779090630512185
2021-09-07,152.8308868408203,153.386840580654,150.5875305279746,151.15324750307346,82278300,146.2052101135254,142.93111328125,0.015489061612542931,0.19135817482205483,65.41743755524237,2.3899412515108622,1.900312165724158,92.5199966430664,-0.001403182737953701,4520.02978515625,-0.0019343475477311411
2021-09-08,151.2898406982422,153.17230013553674,150.1876663830064,153.1137802396808,74420200,146.66899948120118,143.3316326904297,-0.010083342277423246,0.19602518327266058,73.23442249903003,2.461509541405576,2.012551640860442,92.6500015258789,0.00021595890158798703,4514.06982421875,-0.0019038161505666729
2021-09-09,150.2754364013672,152.2651869482361,150.15838174591684,151.66046161317462,57305700,147.06939010620118,143.6816729736328,-0.006705039097095078,0.19915312984105055,68.86849280832561,2.408609032126151,2.0917631191135837,92.4800033569336,0.00032456906091837823,4493.27978515625,-0.0068102225326744925
2021-09-10,145.30108642578125,151.65074922176754,145.03773196644917,151.18257509194504,140893200,147.07329177856445,143.91995513916015,-0.03310155069056042,0.22487962183398724,51.68553454867507,1.942899985126843,2.0619904923162355,92.58000183105467,0.0037948439919988086,4458.580078125,-0.017273744214444053
2021-09-13,145.8667755126953,147.69071501388157,145.08647552487224,146.92017826380882,102404300,147.0952392578125,144.1635122680664,0.0038932199395702582,0.22524063930559612,49.63961907016928,1.6010131092530173,1.9697950157035922,92.62000274658205,0.006301627827959511,4468.72998046875,-0.014706476062330887
2021-09-14,144.47195434570312,147.34931083330153,143.29176371635268,146.64704249063803,109296300,146.94893417358398,144.32677642822264,-0.00956229519772167,0.2220557969793649,46.81377777689167,1.2036400722783753,1.816564027018549,92.6500015258789,0.0014051544263888882,4443.0498046875,-0.01703085690310091
2021-09-15,145.35951232910156,145.75941793780808,142.76502237214694,144.90108685238485,83281300,146.8923599243164,144.46766662597656,0.00614346215096262,0.22249328936644241,51.44447682576689,0.9493935710761718,1.6431299358300735,92.48999786376952,-0.0017269688016647855,4480.7001953125,-0.007392359933649284
2021-09-16,145.12545776367188,145.301032298818,143.59413289330473,144.78408681235825,68034100,147.0108673095703,144.55420654296876,-0.0016101771509784424,0.20179268559287286,52.76420851611474,0.7207072749310157,1.458645403650262,92.86000061035156,0.004108966691440674,4473.75,-0.00434644315289856
2021-09-17,142.4626922607422,145.15472586644688,142.17007797103764,145.15472586644688,129868800,146.97965393066406,144.61339752197264,-0.018348024832871457,0.2128948115981494,44.76927032089335,0.32090956945617677,1.2310982368114451,93.1999969482422,0.006696857905867493,4432.990234375,-0.005739460389093565
2021-09-20,139.41957092285156,141.27277037212733,137.79070269716544,140.2583908056045,123478900,146.72362060546874,144.5753015136719,-0.02136082990991739,0.2218961102045976,27.75334884538252,-0.23873545830548437,0.9371314977880593,93.23999786376952,0.006693965653227663,4357.72998046875,-0.024839272116494393
2021-09-21,139.8974609375,141.03865814980705,139.2634757155347,140.38514645685206,75834000,146.41735153198243,144.55864501953124,0.003427711127535149,0.2183065024341652,30.977957050576705,-0.6363608725251026,0.622433023725427,93.1999969482422,0.00593626997631147,4354.18994140625,-0.019999745037181715
2021-09-22,142.2578887939453,142.82359096635926,140.16083188261564,140.89236024826914,76404300,146.23349227905274,144.5669921875,0.0168725568043,0.22842198410195808,36.02016536068634,-0.752342540444829,0.3474779108913758,93.45999908447266,0.010487633723722967,4395.64013671875,-0.018983653198385353
2021-09-23,143.21377563476562,143.45761846975984,142.05308135891542,143.0382010544173,64838200,146.15887756347655,144.52608917236327,0.006719394255912725,0.22837540848025473,35.587565335546174,-0.7583845831034637,0.1263054120924079,93.0999984741211,0.002584512838596398,4448.97998046875,-0.005536746472478371
2021-09-24,143.301513671875,143.8379707289355,141.97500844122595,142.0725514999574,53477900,146.1286392211914,144.4999905395508,0.0006126368550825045,0.2275928057176982,34.02574323674541,-0.7474767721622868,-0.04845102475853105,93.33000183105467,0.0013949022217745188,4455.47998046875,0.00507326768269345
2021-09-27,141.7896728515625,142.3651530337308,140.2778597575895,141.88721590155166,74150700,145.9711151123047,144.48436492919922,-0.010550068743685692,0.2287544578155653,24.572999618382582,-0.8510151991459907,-0.20896385963602299,93.37999725341795,0.001501494989875285,4443.10986328125,0.01959274282600587
2021-09-28,138.4149169921875,141.18496735666514,138.2003341585889,139.7219107001194,108972300,145.42442016601564,144.47798828125,-0.02380114003724365,0.21020070263853052,22.659252850657623,-1.1916481640645884,-0.4055007205217361,93.7699966430664,0.006115876754167138,4352.6298828125,-0.00035828905370305364
2021-09-29,139.31227111816406,140.89236770909372,138.53197117688373,138.9611368887371,74602000,144.98550262451172,144.41748962402343,0.006483073829587349,0.21241535580074644,26.602683089812786,-1.3733620021529305,-0.599072976847975,94.33999633789062,0.009415763557012236,4359.4599609375,-0.008230923063746953
2021-09-30,138.01499938964844,140.8240726910163,137.80041657451724,140.12180436567434,89056700,144.44856185913085,144.3456539916992,-0.009311970281607795,0.21164521854819196,31.555307309181842,-1.603565608603418,-0.7999715031990636,94.25,0.01235232593691804,4307.5400390625,-0.03179154368578385
2021-10-01,139.13668823242188,139.40004260947205,135.68388091891475,138.40515987182454,94639600,143.912109375,144.26898223876952,0.008127296654232952,0.2121123630345195,33.42928697502575,-1.6761708557310726,-0.9752113737054655,94.04000091552734,0.0076074045916971755,4357.0400390625,-0.02209412719567272
2021-10-04,135.71310424804688,138.70750000671873,134.86453634124737,138.26857120239484,98322000,143.1727752685547,144.0895574951172,-0.024605903934238005,0.22240185941012508,30.392920383001055,-1.9870600611432963,-1.1775811111930317,93.80999755859376,0.004604843840473327,4300.4599609375,-0.032105868802083326
2021-10-05,137.63462829589844,138.73680249578317,135.92772872481194,136.0545317412187,80861100,142.4129623413086,143.9401870727539,0.014158721506653649,0.22081576803332006,33.47258042400935,-2.0547056961972885,-1.3530060281938832,93.9800033569336,0.002239593914741933,4345.72021484375,-0.001587469680349951
2021-10-06,138.502685546875,138.6489852474294,134.96208396365105,136.03499804431914,83221100,141.77360458374022,143.85141967773438,0.006306968396865509,0.22358657903112955,36.20480319365338,-2.015042231318972,-1.485413268818901,94.2699966430664,-0.0007419938259644043,4363.5498046875,0.0009381537591002242
2021-10-07,139.7609100341797,140.66801284222436,139.2049562794912,139.53657886179528,61732700,141.24787826538085,143.8226824951172,0.00908447718783667,0.22831856535770914,44.022437801808415,-1.860632238694052,-1.5604570627939314,94.22000122070312,-0.0003182894355105992,4399.759765625,0.02140890757281766
2021-10-08,139.38052368164062,140.62899749402928,139.04890108087716,140.48269778280476,58773200,140.95185012817382,143.77348236083984,-0.002721693443796469,0.19980116374720086,49.9020716120949,-1.7487961730087704,-1.5981248848368994,94.06999969482422,0.0003190002020929672,4391.33984375,0.007872272088387922
2021-10-11,139.29273986816406,141.24348200456123,138.31736879996546,138.76604603984862,64452200,140.62314834594727,143.7182418823242,-0.000629814059797007,0.19867298042682158,48.45312376805327,-1.6482487200795788,-1.6081496518854355,94.31999969482422,0.005436543540169092,4361.18994140625,0.01412174070224581
2021-10-12,138.0247344970703,139.72188526761755,137.56630897082442,139.7023736818469,73035900,140.30078735351563,143.64426361083986,-0.009103169140716738,0.19845475251877667,38.530586865640046,-1.6518401900362107,-1.6168877595155906,94.5199966430664,0.005745831739140561,4350.64990234375,0.0011343775614365281
2021-10-13,137.43955993652344,137.9174823014052,135.77166862906188,137.76143421982243,78762700,139.90478973388673,143.52274200439453,-0.0042396354731570884,0.19606940428180222,34.03447603730615,-1.682510221868796,-1.6300122519862317,94.08000183105467,-0.0020154324682020164,4363.7998046875,5.7292803151032246e-05
2021-10-14,140.2193603515625,140.33641501765865,138.02477512030043,138.61000380183043,69907100,139.65948486328125,143.4648016357422,0.02022562074793388,0.21235900555014822,42.58222307093438,-1.4656150829668206,-1.5971328181823496,93.95999908447266,-0.0027595216818288026,4438.259765625,0.008750477764899234
2021-10-15,141.27273559570312,141.33125547588753,139.97549034735292,140.22909633879294,67940300,139.5999870300293,143.42578674316405,0.007512338107231287,0.20507636260947287,48.72782002772825,-1.194950893890308,-1.5166964333239412,93.94000244140624,-0.0013819204192592194,4471.3701171875,0.01822456841991027
2021-10-18,142.94064331054688,143.22349439217342,139.63413574665708,139.91698682828363,85589200,139.77604064941406,143.43378509521483,0.011806295870259165,0.19344921377287963,62.15930352876355,-0.836221915009304,-1.380601529661014,93.9499969482422,-0.003922845078235482,4486.4599609375,0.02872381648455713
2021-10-19,145.09619140625,145.4960971069184,142.94062972963636,143.38929207620686,76378900,140.03597717285157,143.4858706665039,0.015080022348997524,0.1994624411715988,64.55562629647237,-0.37368429810902626,-1.1792180833506163,93.79000091552734,-0.007723188250796542,4519.6298828125,0.03884016968998538
2021-10-20,145.58389282226562,146.0618300447265,144.47197030405582,145.03768735830047,58418800,140.20227737426757,143.5572674560547,0.0033612282396173754,0.19162381472536158,69.85672939509301,0.03186619046206829,-0.9370012285880794,93.55999755859376,-0.005527256189840624,4536.18994140625,0.03950459334398704
2021-10-21,145.79847717285156,145.95454013073487,144.2281290062348,145.14498028007085,61421000,140.33151245117188,143.62788452148436,0.0014739566749180089,0.19053076105031158,68.35036025107874,0.36635986969741907,-0.6763290089309798,93.7699966430664,-0.0020221630827755854,4549.77978515625,0.025126969898199736
2021-10-22,145.0279541015625,146.48124774454206,144.97918256227808,146.00332535531382,58883400,140.41783447265624,143.62398254394532,-0.005284849925939694,0.1918204523093663,80.05062438713183,0.5627862979448253,-0.4285059475558188,93.61000061035156,-0.003512899962510696,4544.89990234375,0.016444575874765777
2021-10-25,144.97918701171875,145.6912038815736,143.98430413512364,145.0181953145529,50720600,140.57731018066406,143.615009765625,-0.00033625993103092444,0.18726990739899135,76.95084900832379,0.7063778764651261,-0.20152918275162982,93.80999755859376,-0.0014901478892603848,4566.47998046875,0.017835892937408282
2021-10-26,145.64242553710938,147.12497895180522,145.34004798248478,145.6521738906202,60893400,140.93868560791014,143.57989715576173,0.00457471544061705,0.16251913297765266,76.59909500204648,0.8637364271721424,0.011523939233124642,93.9499969482422,0.0017058964831331291,4574.7900390625,0.012204573754980741
2021-10-27,145.1840057373047,146.04232225315448,144.83287151805337,145.68143968000115,56094900,141.23227233886718,143.55375732421874,-0.0031475704837660157,0.16306019022155094,71.4840463087443,0.9406107899676215,0.197341309380024,93.86000061035156,0.003206531205496299,4551.68017578125,0.003414811675676477
2021-10-28,148.8124237060547,149.3976376243805,146.03260922430047,146.1301523188481,100077900,141.7721435546875,143.67489959716798,0.024991857404149886,0.17611442001324093,79.71754036270909,1.27956722795588,0.4137864930951952,93.3499984741211,-0.004479025103776291,4596.419921875,0.01025107563907035
2021-10-29,146.110595703125,146.2471470636249,142.804088225394,143.59413644564216,124953200,142.12083892822267,143.73537231445312,-0.01815593036954055,0.19163927870369804,68.44329455198086,1.3150189870809754,0.5940329918923513,94.12000274658205,0.005448158667932912,4605.3798828125,0.013307219469797626
2021-11-01,145.29127502441406,146.0130400607468,144.15984105888933,145.32053496464482,74588300,142.59974746704103,143.75039306640625,-0.005607537733784085,0.1661456474635878,70.1461017534241,1.2624496959333271,0.7277163327005465,93.87999725341795,0.0007461858719319814,4613.669921875,0.01033398626690274
2021-11-02,146.32516479492188,147.83699285465968,144.98889637520205,144.9986596105235,69122000,143.03427429199218,143.75643951416015,0.007115979747125856,0.1619630324696446,74.03681759530696,1.2893515754914233,0.8400433812587218,94.08999633789062,0.0014901478892601627,4630.64990234375,0.012210366553280672
2021-11-03,147.75900268554688,148.2271767394299,146.1301344105293,146.68608830895576,54511500,143.4970901489258,143.7929180908203,0.009798983603637623,0.1633441489516761,71.99767788488079,1.4101153119985668,0.9540577674066908,93.86000061035156,0.0,4660.56982421875,0.023922956849403487
2021-11-04,147.2420196533203,148.67580139860405,146.92989377476803,147.84674493928904,60394600,143.87114562988282,143.84363708496093,-0.0034988259451559367,0.16353055258622268,67.9787235020373,1.4474202732211552,1.0527302685695836,94.3499984741211,0.010712372965675288,4680.06005859375,0.018196800584014294
2021-11-05,147.76950073242188,148.66815006608644,146.57781000839395,148.36534609443586,65463900,144.29059448242188,143.9209014892578,0.0035824086109625952,0.16230497272384878,65.6167157839052,1.502231251734429,1.1426304652025527,94.31999969482422,0.0021249143902031253,4697.52978515625,0.020009185927887918
2021-11-08,146.94898986816406,148.0527725947036,146.67548855791236,147.8964818732159,55020900,144.67340698242188,143.96107818603517,-0.005552640160458977,0.16467883074442155,56.55834482877819,1.4626010234865419,1.2066245768593507,94.0500030517578,0.0018108841426671685,4701.7001953125,0.019080314571295665
2021-11-09,147.31039428710938,147.9160021821263,146.57779832196186,146.71454897260128,56787900,145.13768997192383,143.92030975341797,0.0024593868883995285,0.15866416234916947,56.16642614545502,1.4437138635673534,1.2540424342009513,93.95999908447266,-0.001381626724175078,4685.25,0.011791022601085555
2021-11-10,144.48748779296875,146.64621090035791,144.4191199061072,146.53876287411308,65187100,145.4900863647461,143.8482470703125,-0.019162982407329388,0.17597790828049117,46.05302689934041,1.1872745294705283,1.2406888532548668,94.8499984741211,0.010547601292689057,4646.7099609375,-0.0029738559455170233
2021-11-11,144.43862915039062,145.96242651484354,144.25303577054234,145.5033467129879,41000000,145.7010498046875,143.761943359375,-0.00033815137438153453,0.16328225526847945,48.14512782682865,0.9689327716736784,1.1863376369386291,95.18000030517578,0.008797051875759632,4649.27001953125,-0.006578983747433265
2021-11-12,146.5093994140625,146.90987379593676,144.05763589771334,144.98558760939255,63804000,145.96288299560547,143.69481658935547,0.014336679016219156,0.16831575200116253,54.27245848280092,0.952014973673613,1.1394731042856259,95.12999725341795,0.00858776040303777,4682.85009765625,-0.003124980185625681
2021-11-15,146.5192108154297,148.35558969382197,145.96243066007273,146.88062009926887,59222800,146.1418113708496,143.615205078125,6.696772634673387e-05,0.16423749357956952,52.54075259089466,0.9286937910342203,1.097317241635345,95.41000366210938,0.014460399428197102,4682.7998046875,-0.004019905532012258
2021-11-16,147.49600219726562,147.97463697406295,145.87451939068316,146.4606021824879,59256200,146.26180191040038,143.5085073852539,0.006666643755448565,0.15744131738703548,56.504306899538875,0.9777594842007034,1.0734056901484166,95.91999816894533,0.020859930859626452,4700.89990234375,0.003340249152926633
2021-11-17,149.9281768798828,151.40313104892564,147.48619089522273,147.4959534734695,88807000,146.47901611328126,143.4812741088867,0.016489766816624174,0.1668173688155515,53.36545276804602,1.1990783411729353,1.0985402203533203,95.83000183105467,0.01033213887927431,4688.669921875,0.00903003658292345
2021-11-18,154.2065887451172,154.9880275581461,149.49844560723523,150.14313374583702,137827700,146.89942169189453,143.55989715576172,0.0285364095947227,0.19240664722249892,72.29913800711952,1.700109408207794,1.218854057924215,95.54000091552734,0.0037823136078722897,4704.5400390625,0.011887891926918526
2021-11-19,156.82437133789062,157.28346597858675,152.89765298958213,153.9916581394781,117305600,147.48924255371094,143.79036285400392,0.016975815456888643,0.19607323685648298,78.90266445081599,2.2821066116249256,1.4315045686643573,96.06999969482422,0.009881241128412821,4697.9599609375,0.0032266382579302366
2021-11-22,157.28350830078125,161.85490096838612,157.26396823078883,157.9281815634673,117467900,148.10445861816407,144.01869750976562,0.0029277143531560856,0.19545944434117948,78.27687926909744,2.7487067240299154,1.694944999737469,96.5,0.011424340174546188,4682.93994140625,2.9925840222766453e-05
2021-11-23,157.66444396972656,158.04539332554327,155.36897034832776,157.38116514595987,96041900,148.70555953979493,144.2825473022461,0.002421968285554854,0.19554719150162267,77.02865984000053,3.113340350086105,1.9786240698071964,96.48999786376952,0.005942448975241321,4690.7001953125,-0.002169734996093964
2021-11-24,158.18214416503906,158.37750013405517,155.9355132595911,157.01975602804134,69463600,149.35546646118163,144.53899993896485,0.0032835570422706795,0.1937337428288475,79.85079846718283,3.404840325111337,2.263867320868025,96.83999633789062,0.010539439502636583,4701.4599609375,0.0027278608380658653
2021-11-26,153.17115783691406,156.72668956141257,152.73160325073675,155.86712045424656,76959800,149.57340316772462,144.6999139404297,-0.03167858391713796,0.21677990243969164,61.84148995455449,3.1946850961768405,2.450030875929788,96.08999633789062,0.005756703130551211,4594.6201171875,-0.023364647970326224
2021-11-29,156.5215606689453,157.4495124904144,155.1051966783485,155.67173929364688,88748200,150.0939514160156,144.98109130859376,0.021873588209070816,0.2151196843165525,68.88969718576188,3.260895497758554,2.6122038002955414,96.33999633789062,0.0028104157793700235,4655.27001953125,-0.009086910437978934
2021-11-30,161.46414184570312,161.67903783874624,156.20898240534294,156.27736517799391,174048100,150.90259475708007,145.4219827270508,0.03157763796651469,0.23383977534582087,73.65324553189839,3.6698885216706856,2.8237407445705704,95.98999786376952,-0.005284996230367711,4567.0,-0.024757938999199314
2021-12-01,160.9464569091797,166.34813007275002,160.71202083002768,163.59356203535145,152052500,151.63365936279297,145.84296264648438,-0.003206191359925281,0.23569487355590354,79.80182493025137,3.907205756048171,3.0404337468660905,96.0500030517578,-0.004560004370949722,4513.0400390625,-0.03787497577174914
2021-12-02,159.95986938476562,160.38966136948252,154.13818224096923,155.05637149837315,136739200,152.24370269775392,146.19700225830078,-0.006129911421229872,0.23805416085602285,77.18088381160858,3.969909362162184,3.2263288699253097,96.12999725341795,-0.00733167194673745,4577.10009765625,-0.02645132880307499
2021-12-03,158.0844268798828,161.1320360204304,156.01362719703414,160.21384675586103,118023100,152.78582305908202,146.49441528320312,-0.011724456340806655,0.24326183435192306,70.40988136358426,3.8241870376493523,3.3459005034701184,96.12000274658205,0.0003122740122281087,4538.43017578125,-0.012229507548633944
2021-12-06,161.48367309570312,163.98426461858526,160.46779847409405,160.47756105335333,107497000,153.4715316772461,146.8580584716797,0.021502726631024593,0.2513580814812465,73.5691519862802,3.9376015865135514,3.464240720078805,96.29000091552734,-0.0005189477295383105,4591.669921875,-0.013661956747818005
2021-12-07,167.2076873779297,167.59841414884357,164.43359437560147,165.15642772326544,120405400,154.48446655273438,147.36641876220702,0.035446396360047094,0.27084239882563355,77.00742302991583,4.43820271042793,3.65903311814863,96.37000274658205,0.003958796658708463,4686.75,0.02622071381650981
2021-12-08,171.0172119140625,171.87679598965886,166.7388465074218,168.13567063026588,116998900,155.66980743408203,148.01846466064453,0.022783190150357013,0.2762591059029728,77.84366429117962,5.083727454719849,3.9439719854628743,95.88999938964844,-0.0016658371371747194,4701.2099609375,0.041694715811581684
2021-12-09,170.50929260253906,172.64847553279014,169.8841445461616,170.85117673379307,108923700,156.97089767456055,148.64240509033203,-0.002969989428775577,0.26098517261510557,73.9042963628537,5.491028463662104,4.253383281102721,96.2699966430664,0.0014563548699515483,4667.4501953125,0.019739594006806804
2021-12-10,175.28582763671875,175.4616584549351,170.63628965473916,171.14422713494562,115402700,158.51325759887695,149.38782165527343,0.028013341450626283,0.26765268007532383,75.45796948974224,6.128597251586626,4.628426075199503,96.0500030517578,-0.0007282531504789747,4712.02001953125,0.03824887395565546
2021-12-13,171.66189575195312,177.9036129181879,171.45676231906222,176.91704079075097,153237000,159.7708824157715,150.03832580566407,-0.020674414661042917,0.2879667869953583,68.23581139609036,6.269186809704735,4.95657822210055,96.31999969482422,0.00031154615236927974,4668.97021484375,0.01683489760457002
2021-12-14,170.28460693359375,173.6154801461527,168.21380712036787,171.1832561903654,139380400,160.9591522216797,150.729755859375,-0.008023264640800165,0.2923618305569497,65.61134485108278,6.198022406085357,5.204867058897511,96.56999969482422,0.0020753029214712893,4634.08984375,-0.011235964420974076
2021-12-15,175.1392822265625,175.33463817394934,168.31148231582245,171.0465102933484,131063300,162.34131622314453,151.4798489379883,0.028509184596244408,0.30147216215403216,68.94363563405352,6.4589016299698585,5.45567397311198,96.51000213623048,0.006465770680242455,4709.85009765625,0.0018378538271086597
2021-12-16,168.2626190185547,176.93655914468357,166.78766465581225,175.11972073731067,150185800,163.25803833007814,152.07504760742188,-0.03926396820053235,0.34449200586216083,66.18474124286686,6.041122741719505,5.572763726833486,96.04000091552734,-0.002389069653672027,4668.669921875,0.0002613261012887058
2021-12-17,167.16864013671875,169.44457351876034,165.75229083845704,165.98671202152144,195432700,163.9061408996582,152.62320220947265,-0.006501615678021211,0.3364605317292141,61.99912298049062,5.557689425687812,5.5697488666043515,96.56999969482422,0.005413811832845061,4620.64013671875,-0.019392931785886303
2021-12-20,165.8109130859375,166.6216545378973,163.5740596088574,164.37502357405398,107499100,164.35546798706054,153.1518099975586,-0.008121900433423646,0.335670837045413,55.329378688771165,5.007286927017361,5.457256478686953,96.5500030517578,0.0023879086136038286,4568.02001953125,-0.021621511953868522
2021-12-21,168.9757080078125,169.1808265329912,165.1955026634982,167.57888393978646,91185900,164.9400779724121,153.74546936035156,0.019086770966846522,0.3404893714454866,59.24425507155533,4.771459072231181,5.320096997395799,96.48999786376952,-0.0008284335850421432,4649.22998046875,0.0032671219655289185
2021-12-22,171.5641632080078,171.77905916260718,168.15514547795348,169.02449187439666,92135300,165.63506393432618,154.41625793457033,0.015318504835474034,0.3428611095752148,62.88501334587555,4.738804511690887,5.203838500254816,96.08000183105467,-0.004455499903200044,4696.56005859375,-0.0028217541507560284
2021-12-23,172.18936157226562,172.74614168304623,171.2028043307869,171.76934702247985,68356600,166.3354248046875,155.11125396728517,0.0036441081433762346,0.3428471588710839,66.10889656669907,4.709090357855757,5.104888871775005,96.0199966430664,-0.00020829104821162847,4725.7900390625,0.0122347731031196
2021-12-27,176.1453857421875,176.2332936859138,172.96104046356876,172.9805656257053,74919600,167.48413619995117,155.82977447509765,0.022974846609565835,0.32057658957181207,66.53449896959444,4.947725466179776,5.07345619065596,96.08999633789062,-0.004970522506476893,4791.18994140625,0.03691042791499721
2021-12-28,175.1295166015625,177.12218615208815,174.38715798933583,175.9793381325386,79144300,168.41453399658204,156.50691009521483,-0.005767219710835159,0.31881236830368964,59.99509452662374,4.997267964717878,5.0582185454683435,96.1999969482422,-0.0036251278348273797,4786.35009765625,0.047795341787360224
2021-12-29,175.21742248535156,176.43841575185178,174.0061917992903,175.16857977375096,62348900,169.10219802856446,157.15244567871093,0.0005019478469130423,0.30426886166347983,55.84874037427349,4.986146825074599,5.0438042013895945,95.93000030517578,-0.005803685055360552,4793.06005859375,0.03093632251560474
2021-12-30,174.06483459472656,176.37984846199373,173.95738656793606,175.30536819408863,59773000,169.75811691284179,157.73181854248048,-0.006578043862740635,0.30560019239580843,54.863724864826956,4.828667162283438,5.000776793568363,95.97000122070312,-0.001144885597993306,4778.72998046875,0.017495767295607312
2021-12-31,173.44944763183594,175.07091555859822,173.14662874511,173.9573701608435,64062300,170.4325958251953,158.28912963867188,-0.0035353893526134383,0.30458521048673187,47.16524798338753,4.601167416193277,4.9208549180933465,95.66999816894533,-0.0036450581791012127,4766.18017578125,0.008546748032581375
2022-01-03,177.78639221191406,178.6362137085352,173.58618706197944,173.70339765267045,104487900,171.41769409179688,158.92888793945312,0.025004084125328063,0.30695987548050035,59.25052697178253,4.716459007083927,4.879975735891463,96.23999786376952,0.0015610524674329884,4796.56005859375,0.0011208316207818037
2022-01-04,175.53001403808594,178.69483440178558,174.9634712930882,178.3920304132724,99310400,172.12001113891603,159.5389291381836,-0.01269151224542886,0.3081498883659723,57.717786000791165,4.573042376313026,4.818589063975776,96.29000091552734,0.0009355922052010079,4793.5400390625,0.0015021762427638308
2022-01-05,170.86093139648438,175.9891036993743,170.58743006603996,175.44210103848545,94537600,172.30267333984375,160.0565640258789,-0.0265999103753759,0.30380187267877784,43.67051631661639,4.036102043173145,4.66209165981525,96.19000244140624,0.002710331860766413,4700.580078125,-0.01929455907879507
2022-01-06,168.00868225097656,171.23210762394186,167.65703557565843,168.69243553501073,96904000,172.15224685668946,160.50388916015626,-0.01669339574703088,0.2989786721661387,49.57353923992505,3.3418969837418615,4.398052724600572,96.25,0.0029175656531770233,4696.0498046875,-0.01730170487120508
2022-01-07,168.1747283935547,170.09901499255682,167.06118311991872,168.8780217142409,86709100,172.03551864624023,160.96370361328124,0.0009883188199171222,0.29891344822371724,51.743977214958186,2.773165680931612,4.07307531586678,95.73999786376952,0.0007316786470568104,4677.02978515625,-0.018704788181950538
2022-01-10,168.19422912597656,168.4970330034337,164.267511487885,165.1563979637557,106765600,171.68093872070312,161.3513397216797,0.00011595518903551039,0.2793562747451942,54.33228987591122,2.29753106415464,3.7179664655243525,95.98999786376952,-0.002597672543113383,4670.2900390625,-0.0263251200837189
2022-01-11,171.0172119140625,171.1148824378415,166.85607200254188,168.32126400156088,76138300,171.6487045288086,161.84947204589844,0.016784064487560535,0.27763246725770524,53.7576533764731,2.1238953781037253,3.3991522480402274,95.62000274658205,-0.006958128181274725,4713.06982421875,-0.01678722075710215
2022-01-12,171.45675659179688,173.06846173538992,170.7632407657719,172.0330618342014,74805200,171.70731201171876,162.37278167724608,0.002570178011995994,0.27613604439890843,49.78532159672667,1.9987154800984115,3.1190648944518644,95.0,-0.012371373440094424,4726.35009765625,0.005482306247940549
2022-01-13,168.19422912597656,172.52142113812778,167.80350242546766,171.70091742410852,84505800,171.36005935668945,162.81016296386719,-0.019028281711800488,0.26341838087317654,42.77632073384249,1.6176040757826797,2.8187727307180275,94.79000091552734,-0.015168821656858733,4659.02978515625,-0.007883225491837287
2022-01-14,169.05386352539062,169.74737940608347,167.11979931497876,167.36399798657283,80440800,171.39962158203124,163.23606018066405,0.005110962509719652,0.2240688910223926,35.560886920384945,1.3691531090979083,2.528848806394004,95.16999816894533,-0.005953621344709559,4662.85009765625,-0.003031771904682512
2022-01-18,165.85971069335938,168.5361181103695,165.478761430844,167.53002095796475,90956700,171.33417510986328,163.60841400146484,-0.018894290644540734,0.23321114538295742,32.663489526853496,0.9040906943640152,2.203897183988006,95.7300033569336,-0.0027085583146372327,4577.10986328125,-0.01995168929592961
2022-01-19,162.37255859375,167.11001826086033,162.08929472408371,166.0550783276264,94815000,171.1622573852539,163.9004751586914,-0.021024708683210047,0.24323963501708873,28.687211785264168,0.25124515129184033,1.813366777448773,95.51000213623048,-0.001150393298388508,4532.759765625,-0.038257455399281826
2022-01-20,160.69247436523438,165.74250066133902,160.3701303584997,163.10515822088573,91420500,170.748095703125,164.17534484863282,-0.010347094626494968,0.23334226894726265,28.193683523245,-0.39713052776357927,1.3712673164063025,95.73999786376952,0.0077894511975737935,4482.72998046875,-0.05154508492891985
2022-01-21,158.64125061035156,162.4702845238386,158.5338025837486,160.60460283678086,122848900,170.1019500732422,164.40196197509766,-0.012764902419889479,0.2262323920787547,26.9324786479186,-1.0642218518829338,0.8841694827484552,95.63999938964844,0.008967174447846782,4397.93994140625,-0.05603953093020286
2022-01-24,157.86956787109375,158.53379607319022,151.11014976934194,156.30670516297684,162294600,169.3859603881836,164.66960357666017,-0.004864325869147312,0.22452291209897604,15.097687616751585,-1.636302602380141,0.380075065722736,95.91999816894533,0.007880634805399467,4410.1298828125,-0.05419865737712182
2022-01-25,156.07225036621094,158.98309429431202,153.37630245676536,155.29081165334586,115798400,168.38230361938477,164.90227600097657,-0.011384825645119778,0.20120673497343325,15.344569312818095,-2.2092424488585607,-0.1377884371935233,95.9499969482422,0.0022980631316635858,4356.4501953125,-0.04820938857922952
2022-01-26,155.98435974121094,160.57529219502064,154.15775828454986,159.70594544292626,108275300,167.4250457763672,165.09177520751953,-0.000563140627457881,0.20211704519068374,18.336926325580308,-2.6399616097877185,-0.6382230717123624,96.48999786376952,0.010260660722645865,4349.93017578125,-0.04033515987991931
2022-01-27,155.52523803710938,160.03802433796417,154.60704872462142,158.68028043462846,121954600,166.44043655395507,165.27189575195314,-0.0029433829446957605,0.20108341738636615,20.416782680701644,-2.9839597024692353,-1.107370397863737,97.26000213623048,0.015876376711683404,4326.509765625,-0.03484934750127744
2022-01-28,166.37741088867188,166.39695095221313,159.02214941138433,161.8646250162313,179935700,166.05606536865236,165.64952392578124,0.06977756786312139,0.3353425020330079,47.17269441461388,-2.353768240457214,-1.3566499663824325,97.2699966430664,0.017043049600796945,4431.85009765625,0.007710463694771796
2022-01-31,170.7241668701172,170.93906288440527,165.576454917367,166.21138037947398,115541600,165.9198013305664,166.06544372558594,0.026125878256116453,0.3498151210636795,53.50288086292366,-1.4864551564241708,-1.3826110043907802,96.54000091552734,0.006463748523952262,4515.5498046875,0.02390404017030212
2022-02-01,170.55807495117188,170.78273349534996,168.31144479529078,169.9719923349594,86213900,165.5583854675293,166.39247344970704,-0.0009728670638157189,0.33653139398041554,49.31380642454152,-0.8032461962979482,-1.266738042772214,96.38999938964844,0.004585747320487998,4546.5400390625,0.04363411383757687
2022-02-02,171.7595672607422,171.79864739328102,169.30781806090394,170.69486467196293,84914300,165.3698631286621,166.69117736816406,0.007044476257804133,0.3354001479256138,50.44248182245877,-0.16296917781397724,-1.0459842697805666,95.94000244140624,-0.005700025231006878,4589.3798828125,0.05504679324841
2022-02-03,168.88780212402344,172.15030783567607,168.125903430298,170.4311395793071,89418100,165.27120666503907,166.9232632446289,-0.01671968078703423,0.3270809559164188,51.02519063033413,0.11144288191889018,-0.8144988394406752,95.37999725341795,-0.019329681693603495,4477.43994140625,0.03488497286667913
2022-02-04,168.60415649414062,170.27660988825676,166.93170310002452,167.90974218054592,82465400,165.30098037719728,167.1420574951172,-0.0016794915104320074,0.32144492758662135,49.32375999720986,0.30254107924693585,-0.5910908557031531,95.4800033569336,-0.018402316725693146,4500.52978515625,0.015496843527338822
2022-02-07,167.89022827148438,170.12993168140494,167.19581380846196,169.06387243592252,77251200,165.28675537109376,167.3362191772461,-0.004234345329921063,0.32184527202687885,53.299473758333484,0.39186258840319965,-0.3945001668818826,95.4000015258789,-0.011808570321497514,4483.8701171875,-0.007015687761236511
2022-02-08,170.99058532714844,171.49916986063508,167.66524328351184,167.95865801143464,74829200,165.42657318115235,167.69260772705078,0.018466572400215542,0.3283786111327024,64.18206974133884,0.7047000876138725,-0.1746601159827316,95.63999938964844,-0.007780890183100686,4521.5400390625,-0.0054986868663219335
2022-02-09,172.4087677001953,172.7706374679008,171.05906868207904,172.18382283840776,71285000,165.49615097045898,168.01035186767578,0.008293920804666177,0.3243318505572609,69.44830705994931,1.0549012795734143,0.07125216312849758,95.48999786376952,-0.004690479113876989,4587.18017578125,-0.00047930375942251136
2022-02-10,168.34007263183594,171.62628436106874,167.78259814649985,170.31571564595043,90865900,165.34031677246094,168.14787048339844,-0.02359911924801006,0.33533756496208816,65.08882060592478,0.9926854982529392,0.2555388301533859,95.5500030517578,0.0017824051502974836,4504.080078125,0.0059498590863025225
2022-02-11,164.93653869628906,169.2790353586412,164.34970917619486,168.54550592037077,98670700,165.17743225097655,168.22767211914064,-0.020218204033869536,0.33622510944707096,60.162176703094545,0.661121304374177,0.33665532499754414,96.08000183105467,0.006284022340029782,4418.64013671875,-0.018195557489162795
2022-02-14,165.1712646484375,165.8558891027738,162.9022065441299,163.69441590726865,86185500,164.9833023071289,168.33190002441407,0.0014231288834105627,0.3356239363827445,63.69988554193893,0.412539219263067,0.3518321038506487,96.37000274658205,0.010167727517698344,4401.669921875,-0.018332421137135846
2022-02-15,168.99537658691406,169.1518664311418,166.5111637354937,167.2153531108256,62527400,165.14008560180665,168.55011901855468,0.023152404545766947,0.33898321104493057,67.60883033206674,0.5181372363420564,0.3850931303489303,95.98999786376952,0.003659540739802347,4471.06982421875,-0.01116217359743088
2022-02-16,168.76063537597656,169.5332796330186,166.31553783336227,168.07601104878276,61177400,165.45948944091796,168.69565826416016,-0.0013890392487558856,0.3289658673173597,68.02195724487274,0.5762402330517773,0.4233225508894997,95.6999969482422,0.0021991736220612346,4475.009765625,-0.024453020343188525
2022-02-17,165.1712646484375,168.1347222265384,164.7702649952927,167.27404295611913,69589300,165.6834289550781,168.65492980957032,-0.02126900458476244,0.3366548121941918,47.95272776246814,0.32886411564970786,0.40443086384154137,95.8000030517578,0.0026164311042939925,4380.259765625,-0.027490699621740555
2022-02-18,163.62596130371094,166.79479876362558,162.54033719370844,166.0906242687398,82772700,165.9326644897461,168.50710479736327,-0.009355763837103903,0.3349407365179988,36.685511218576195,0.008031117357631956,0.32515091454475953,96.04000091552734,-0.00041632925442347535,4348.8701171875,-0.015789930243801376
2022-02-22,160.71144104003906,163.02938963767718,158.5890824135614,161.3569357006986,91162800,166.07475814819335,168.3111477661133,-0.01781208947803914,0.3414248237664858,33.25651450796427,-0.47592263302001925,0.16493620503180378,96.02999877929688,-0.0035281099677796357,4304.759765625,-0.022016679571629227
2022-02-23,156.5547332763672,162.50119815168253,156.241753586249,161.90459367562613,90009200,166.09888229370117,167.93652587890625,-0.025864417223639302,0.35215146435887823,26.506447344720044,-1.1812542803265558,-0.10430189203986812,96.19000244140624,0.002083598104883455,4225.5,-0.054924175616438586
2022-02-24,159.16607666015625,159.27366155009665,148.66193213542687,149.2291965620497,141147500,166.25796813964843,167.68660949707032,0.01668006663956456,0.3568250940601124,34.85673241426453,-1.512090665346193,-0.3858596467011331,97.13999938964844,0.015047047934442892,4288.7001953125,-0.04163333267865599
2022-02-25,161.2297821044922,161.4938419663862,157.33717500506495,160.24195287546036,91974200,166.54319534301757,167.5055130004883,0.012965736717518439,0.35881127143073316,39.11667249918818,-1.5894350835160367,-0.6265747340641139,96.62000274658205,0.008559495497940883,4384.64990234375,0.0010022548783983343
2022-02-28,161.49380493164062,161.78721963459702,158.86287747049465,159.47904685433394,95056600,166.29901504516602,167.23260345458985,0.0016375561865942245,0.2545852162203402,40.43291473892928,-1.6108576917852417,-0.8234313256083395,96.70999908447266,0.006976240759666519,4373.93994140625,0.005764675316392909
2022-03-01,159.61598205566406,162.94132403155473,158.41299811175085,161.08304074169718,83474400,165.74360580444335,167.05967071533203,-0.011627832267444793,0.23503304185749865,32.341294658085644,-1.7590822702303228,-1.0105615145327362,97.41000366210938,0.014370560245284603,4306.259765625,0.00034845150058737673
2022-03-02,162.9022216796875,163.68465609606667,159.37149924746353,160.77987821220702,79724800,165.36081314086914,166.9743423461914,0.020588412148336177,0.24980541603141726,36.05049238087007,-1.5930159469221508,-1.127052401010619,97.38999938964844,0.012475277240721283,4386.5400390625,0.03811147534315462
2022-03-03,162.5794677734375,165.20062084345977,161.9144082164394,164.7702811660162,76678400,164.9018081665039,166.9097134399414,-0.0019812738151885334,0.24743012796742536,40.50311048054598,-1.470499726630294,-1.1957418661345542,97.79000091552734,0.006691389025766936,4363.490234375,0.017438859247900895
2022-03-04,159.58665466308594,161.91439273743828,158.54016047816123,160.87767357199544,83737200,164.43675079345704,166.72193237304688,-0.018408309187739502,0.24877468902889657,41.05914262020342,-1.5964963294880192,-1.2758927588052473,98.6500015258789,0.021010129596261917,4328.8701171875,-0.012721605236129307
2022-03-07,155.8016357421875,161.3960207362876,155.54733601828758,159.7724722055909,96418800,163.79662475585937,166.40668182373048,-0.023717640606535917,0.25962488213066226,36.00230693127989,-1.978956757559473,-1.4165055585560926,99.29000091552734,0.026677715391157708,4201.08984375,-0.03951816896705662
2022-03-08,153.98248291015625,159.30301816152476,152.37849933499598,155.33218168421902,131148300,163.10123748779296,166.04254425048828,-0.011676083010075056,0.26112438371484686,26.142377786927497,-2.4011706321642805,-1.61343857327773,99.05999755859376,0.016938649363034575,4170.7001953125,-0.031479654663337575
2022-03-09,159.3714599609375,159.82136448965088,155.9092082958325,157.93374136581392,91454900,162.52028121948243,165.70706573486328,0.03499733832662999,0.28559072209954867,37.17947596051473,-2.274711303291866,-1.7456931192805574,97.97000122070312,0.005955455741755822,4277.8798828125,-0.024771267395799934
2022-03-10,155.0387725830078,156.86770104560523,152.55454474714313,156.68187121650195,105342000,161.65178146362305,165.3052508544922,-0.027186093287917656,0.2940342369459365,36.43977218658809,-2.4953383287304973,-1.8956221611705455,98.51000213623048,0.007362728438105703,4259.52001953125,-0.023827305496111006
2022-03-11,151.33200073242188,155.78208206231224,151.10705589580672,155.4397623739769,96970100,160.80137786865234,164.8275424194336,-0.02390867644802419,0.29429402426947376,34.44689861471289,-2.9354542560726884,-2.103588580150974,99.12000274658205,0.004764330597398336,4204.31005859375,-0.028774265621690165
2022-03-14,147.312255859375,150.7353929741164,146.8036862331013,148.12403016599976,108732100,159.92016372680663,164.29249084472656,-0.026562424692675557,0.29941973226592655,33.50981622718709,-3.567485365588709,-2.396367937238521,99.05999755859376,-0.0023164805601044725,4173.10986328125,-0.0066601718862013826
2022-03-15,151.68406677246094,152.15353624322603,147.07751138372214,147.58608092484786,92964300,159.2458038330078,163.85718322753905,0.0296771703588552,0.32384201457586204,44.03731042732821,-3.673262881509345,-2.6517469260926863,99.06999969482422,0.00010097048735069336,4262.4501953125,0.021998704223122667
2022-03-16,156.08523559570312,156.48623515497343,151.06790582915622,153.60102317904168,102300200,158.60029678344728,163.42316009521485,0.029015366721702573,0.33096499350996145,46.38676209101295,-3.363186067553073,-2.7940347543847635,98.37999725341795,0.004184914030890052,4357.85986328125,0.018696172557366664
2022-03-17,157.0926513671875,157.46431103838808,154.16832371335292,155.12679794973494,75615400,158.01689758300782,163.05441284179688,0.006454266911534168,0.33287565774992667,45.02466463908078,-3.001557834761769,-2.835539370460165,98.01000213623048,-0.0050756267298476265,4411.669921875,0.03571996413823486
2022-03-18,160.37887573242188,160.8678953686917,156.25154880840884,156.9850782628136,123511700,157.77727813720702,162.84477172851564,0.020919020314662307,0.3364503159272109,48.750040200984394,-2.421876132245501,-2.7528067228172324,98.2300033569336,-0.008979008928438947,4463.1201171875,0.06155827115194179
2022-03-21,161.7481231689453,162.69682236043158,159.4301601813594,159.9191797677464,95811400,157.68338623046876,162.719560546875,0.008537579717218469,0.3367336554130309,52.41794036582311,-1.8308821124631436,-2.568421800746415,98.5,-0.005653115005000098,4461.18017578125,0.06903012907345185
2022-03-22,165.11257934570312,165.6993938917205,161.28844262082922,161.87525716684658,81532000,157.90344314575196,162.65831756591797,0.020800588661196606,0.33808837573212835,52.50220236923109,-1.0785981898442856,-2.270457078565989,98.48999786376952,-0.005854464851532626,4511.60986328125,0.05845456405396976
2022-03-23,166.47203063964844,168.84865833026834,163.9682381752626,164.30078278901993,98062700,158.39930801391603,162.6238735961914,0.008233481054759517,0.32271015935090663,54.30546174563746,-0.36846397984419355,-1.8900584588216303,98.62000274658205,0.002439576131983978,4456.240234375,0.022575386584293256
2022-03-24,170.24729919433594,170.31575418142768,166.47206709718986,167.30339150441574,90131400,158.953369140625,162.60847534179686,0.02267809517419539,0.3266932220055261,61.59083292687378,0.4932690207274959,-1.4133929629118052,98.79000091552734,0.007958358966390966,4520.16015625,0.02459164812785697
2022-03-25,170.88304138183594,171.4307410459289,168.95630261256107,170.06149188569648,80546200,159.4360321044922,162.59700103759766,0.003734227741106766,0.3248105271768227,67.60278673908854,1.2135091356115595,-0.8880125432071323,98.80999755859376,0.00590445059390543,4543.06005859375,0.01791122338348039
2022-03-28,171.74366760253906,171.87080253422522,168.22272096176945,168.38898581373743,90371900,159.94852523803712,162.66798980712892,0.005036346578008777,0.324830198341323,71.20505891341647,1.832624603504314,-0.343885113864843,99.08999633789062,0.0059898105369606824,4575.52001953125,0.025629954237384345
2022-03-29,175.0298614501953,175.07875145997002,172.46738918878967,172.80970879935504,100589400,160.71921920776367,162.787509765625,0.019134294111276207,0.32445819423234207,69.68282726839247,2.558948486669152,0.236681606241956,98.4000015258789,-0.0009137611924319167,4631.60009765625,0.02659587996550128
2022-03-30,173.86598205566406,175.66557007713848,172.819473253499,174.62885121528234,92633200,161.2674072265625,162.9476351928711,-0.006649604729661696,0.32128940340115864,75.71460963961283,3.0059987740673932,0.7905450398070435,97.79000091552734,-0.008416161102606234,4602.4501953125,0.032810161312590624
2022-03-31,170.77542114257812,174.1203133341303,170.5700263491638,173.93448350287292,103049300,161.67720489501954,163.11569244384765,-0.01777553536663934,0.32961832571745414,77.01090997889568,3.075454980254989,1.2475270278966326,98.30999755859376,-0.004858825311116477,4530.41015625,0.0022676187669650183
2022-04-01,170.4820098876953,171.0394993928561,168.1640617684755,170.20816010667752,78751300,162.22197265625,163.31148315429687,-0.0017181117336425578,0.32066745463741303,85.90489035723456,3.0714182897816045,1.612305280273627,98.62999725341795,-0.0018216811013386236,4545.85986328125,0.000616281680495101
2022-04-04,174.52130126953125,174.5702062097959,170.60914482743888,170.7362946873885,76468400,163.1579559326172,163.62908416748047,0.023693358522091534,0.3113173266385103,85.7581171631489,3.35547639705257,1.9609395036294157,98.98999786376952,-0.0010091682088686493,4582.64013671875,0.0015561328891813275
2022-04-05,171.21554565429688,174.38439814013864,170.58960114244232,173.60196376939686,73401800,164.0196090698242,163.89600372314453,-0.018941846016429564,0.31775101463745514,74.53230333186869,3.2760829972939973,2.2239682023623324,99.47000122070312,0.010873980469835676,4525.1201171875,-0.022989890798782997
2022-04-06,168.0564422607422,169.81691543605135,166.39377895438548,168.57480173407063,89058800,164.45385818481446,164.13568756103516,-0.018451031309582477,0.30846631883005954,66.61723669171931,2.9245376641249834,2.364082094714863,99.5999984741211,0.01850902486602135,4481.14990234375,-0.026355590570494747
2022-04-07,168.35964965820312,169.55285855113002,166.11994669119974,167.4011755212215,77594700,165.11990203857422,164.383193359375,0.001804199787774241,0.2874957375820071,63.29854369672604,2.6399698289424407,2.4192596415603784,99.75,0.01464756868240169,4500.2099609375,-0.0066661062179628194
2022-04-08,166.35467529296875,168.00756384278074,165.48422104719532,168.00756384278074,76575500,165.87103576660155,164.5997821044922,-0.011908877033807053,0.2747610321190613,57.51674801023231,2.226991720060596,2.380806057260422,99.8000030517578,0.011862575594863367,4488.27978515625,-0.012666487717779784
2022-04-11,162.11000061035156,165.31796805598518,161.8654908055094,165.00500326610816,72246700,166.61092300415038,164.51443389892577,-0.025515812375828006,0.2731928705701543,45.23734954630936,1.5394480222371385,2.2125344502557653,99.93000030517578,0.00949593354572964,4412.52978515625,-0.03712060002256734
2022-04-12,163.97802734375,166.13948524268093,162.98042335456353,164.33012199148104,79265200,167.22562103271486,164.37951110839845,0.011523204776788809,0.258599058379073,46.106856774003,1.1322469952991412,1.9964769592644405,100.29000091552734,0.00824368839611056,4397.4501953125,-0.028213598439095322
2022-04-13,166.65785217285156,167.28379658301122,163.10758048377514,163.71395993382896,70618900,167.75425186157227,164.30150665283202,0.016342584872568233,0.24596329652006738,44.198455736336754,1.0140869520675153,1.7999989578250555,99.87999725341795,0.0028112327669322923,4446.58984375,-0.007712319236558907
2022-04-14,161.66009521484375,167.50878046321276,161.4155854111937,166.87304601950618,75329400,167.98262405395508,164.09951721191408,-0.029988127729045244,0.27253528347424827,36.93533277740385,0.5112734064231006,1.5422538475446645,100.31999969482422,0.005714282654879277,4392.58984375,-0.023914465796409212
2022-04-18,161.4449462890625,162.94134514885508,159.97788741289764,160.32019219645267,69023900,168.03592758178712,163.95066009521486,-0.001330872195116073,0.2628609244877051,35.13970640364501,0.09434181497073268,1.2526714410298783,100.77999877929688,0.0098195961680565,4391.68994140625,-0.021520459591098606
2022-04-19,163.72373962402344,164.13452917950872,160.31039271090148,161.3960167105301,67723800,168.13470840454102,163.8530517578125,0.014114987104525634,0.26586199419139495,33.197621682419324,-0.051605026996128345,0.991816147424677,100.95999908447266,0.010307202803476079,4462.2099609375,0.01125888735037539
2022-04-20,163.55747985839844,165.17125338034182,162.45230578739907,165.05387853639598,67929800,168.05695343017578,163.76639678955078,-0.0010154896657430523,0.2550898735928674,34.2120736233022,-0.17862563916256136,0.7577277901072295,100.38999938964844,0.0009970931619127654,4459.4501953125,0.014099079522512659
2022-04-21,162.76528930664062,167.76307044383682,162.26649466439048,165.2006123983915,87227800,167.8716163635254,163.60189086914062,-0.0048434993767552115,0.2534719998211831,36.80304930228255,-0.3393022808672299,0.5383217759123377,100.58000183105467,0.007008456116199602,4393.66015625,-0.01190343372335012
2022-04-22,158.23695373535156,164.18343379206294,157.95332893712188,162.80440987833427,84882400,167.27109909057617,163.31845458984375,-0.027821260851003227,0.25427725113941313,32.296309565515116,-0.8225565923812042,0.2661461022536293,101.22000122070312,0.008971307103436299,4271.77978515625,-0.027503150280612898
2022-04-25,159.30299377441406,159.58661851207708,154.9800632753819,157.58163561913904,96046400,166.69209671020508,163.13771301269531,0.006736985349486968,0.2556345983028962,25.928087433909752,-1.1067605473756998,-0.008435227672236534,101.75,0.00962493780960827,4296.1201171875,-0.021761514472523946
2022-04-26,153.3565673828125,158.77489861463468,153.27832244686795,158.68687865808295,95623200,165.77274169921876,162.9061135864258,-0.037327775522048134,0.2801891720570295,23.92907961925603,-1.791173608341012,-0.36498290380599163,102.3000030517578,0.013272622617240382,4175.2001953125,-0.06432009433386232
2022-04-27,153.13162231445312,156.2808951707583,151.9677531448404,152.4861127865459,88063200,164.67782974243164,162.6653207397461,-0.0014668107939443953,0.2653172289575373,26.1710758076658,-2.3249267685864936,-0.7569716767620921,102.9499969482422,0.025500523699153677,4183.9599609375,-0.06177672634724751
2022-04-28,160.04632568359375,160.9070049099631,155.43975472715812,155.7527344180899,130216800,163.98684692382812,162.48633972167968,0.045155293626690574,0.3225522005641864,39.04067980444599,-2.1650142832794472,-1.0385801980655631,103.62000274658205,0.030224705311038713,4287.5,-0.024162122803009
2022-04-29,154.1878662109375,162.55010393809633,153.79665651995063,158.28585264208988,131747600,163.1574691772461,162.1948843383789,-0.03660477332193324,0.3397340212083204,35.4399864436392,-2.4823956925154107,-1.3273432969555328,102.95999908447266,0.017190257288928423,4131.93017578125,-0.032738019375660454
2022-05-02,154.4910888671875,154.75514872367953,149.9040823265059,153.26853978592672,123055300,162.3579231262207,161.98128082275392,0.0019665792367551393,0.3404396336679944,39.932763173865304,-2.678578229252821,-1.5975902834149904,103.73999786376952,0.019557718562845272,4155.3798828125,-0.03275984621843797
2022-05-03,155.97767639160156,157.18067526746918,152.88708408047324,154.67688255687574,88966500,161.4307418823242,161.82831512451173,0.009622480722444982,0.3283265018098286,39.32110279348224,-2.6831692093159916,-1.8147060685951906,103.47000122070312,0.011436931906574577,4175.47998046875,6.701119543062184e-05
2022-05-04,162.37405395507812,162.8239435793619,155.76250015329012,156.16349976201118,108256500,160.9886672973633,161.8615673828125,0.041008288566997564,0.36268986102106177,44.79809046712182,-2.145936362885152,-1.880952127453183,102.58999633789062,-0.0034968491600108065,4300.169921875,0.027775113056163425
2022-05-05,153.3271942138672,160.47665766238154,151.5471558846843,160.25171284753384,130525300,160.25220489501953,161.7970166015625,-0.05571616598125839,0.4060886585498021,40.78715226921446,-2.422259139334926,-1.9892135298295317,103.75,0.0012545575175855195,4146.8701171875,-0.032799972667638455
2022-05-06,154.05201721191406,156.16768941381943,151.01563498071906,152.80807823964273,116124600,159.53682327270508,161.69473541259765,0.004727295779220153,0.4067998554944778,41.91747366313841,-2.5533266123293856,-2.1020361463295028,103.66000366210938,0.006798801319553238,4123.33984375,-0.0020790119062517043
2022-05-09,148.9391632080078,152.6317930294346,148.3808694909006,151.7502553954864,131577900,158.66604766845703,161.44892303466796,-0.033189140242629867,0.41903507103641036,34.779535262482256,-3.034780061712638,-2.28858492940613,103.6500015258789,-0.0008675182161541617,3991.239990234375,-0.039500574485870965
2022-05-10,151.33885192871094,153.52309446613708,149.79127784510368,152.328132388233,115366700,158.127490234375,161.24582397460938,0.016111871914787912,0.41829451207394086,37.974149738325565,-3.185974631951524,-2.468062869915209,103.91999816894533,0.004349057146354474,4001.050048828125,-0.04177482168673774
2022-05-11,143.49322509765625,152.2595317646696,142.8173843082867,150.3495566722883,142689800,157.1032501220703,160.92336883544922,-0.05184145862789036,0.4483097728166045,33.344498417810826,-3.8939864825424593,-2.753247592440659,103.8499984741211,0.012281920081959274,3935.179931640625,-0.08487803897647572
2022-05-12,139.6341094970703,143.19940187956024,135.95128476595931,139.83980605277625,182602000,155.75206298828124,160.45800659179687,-0.026894061360454913,0.44565004552359083,33.7347147228558,-4.712170385103008,-3.1450321509731287,104.8499984741211,0.010602394931287673,3930.080078125,-0.05227799109597675
2022-05-13,144.09075927734375,145.06044619602298,140.1728540722722,141.62247481337442,113990900,154.87359619140625,160.088232421875,0.031916626935390324,0.4598788952727813,37.443749022338174,-4.943981489992126,-3.5048220187769283,104.55999755859376,0.00868217118164516,4023.889892578125,-0.02411878596973216
2022-05-16,142.55299377441406,144.4923678765716,141.2209052249836,142.56279810396367,86643800,153.92899856567382,159.74755920410155,-0.010672200706291046,0.4599956580193104,40.38274873302263,-5.191928959982334,-3.84224340701801,104.19000244140624,0.005209849566596425,4008.010009765625,0.004201706630591495
2022-05-17,146.177001953125,146.6961230315545,143.66953086740642,145.80479629477273,78336300,153.0516616821289,159.5550665283203,0.025422182184723807,0.46816738263066826,44.162329401916,-5.037927847171716,-4.081380295048751,103.36000061035156,-0.005388737186882597,4088.85009765625,0.02194425157311919
2022-05-18,137.9298095703125,144.3355756662519,137.02867854993576,143.83604831537036,109742900,151.7702781677246,159.23401306152343,-0.056419219662592,0.5016515225346109,31.84171149149155,-5.517755110155065,-4.368655258070014,103.80999755859376,-0.000385179741117625,3923.679931640625,-0.002922356842576579
2022-05-19,134.53103637695312,138.7525756020971,133.79642936713128,137.00910949443605,136095600,150.35856552124022,158.73720458984374,-0.02464132448197709,0.5049077236509961,33.1819105176279,-6.101934957146085,-4.715311197885228,102.72000122070312,-0.020314709436487943,3900.7900390625,-0.0074527842894422935
2022-05-20,134.76609802246094,137.8122689524701,129.88831177177445,136.2353120090451,137426100,149.1850227355957,158.33175109863282,0.001747267038433975,0.5011813425344414,33.10388618054925,-6.471336643812009,-5.066516287070584,103.1500015258789,-0.01348504270884976,3901.360107421875,-0.03045058101173459
2022-05-23,140.1728057861328,140.31972120246527,134.8248604473741,134.96198648449013,117726300,148.22851333618163,158.10856719970704,0.04011919795118479,0.5271115933049544,37.31378308889812,-6.255702170521602,-5.304353463760789,102.08000183105467,-0.020251469055662774,3973.75,-0.008547885280263623
2022-05-24,137.47926330566406,139.05622039365426,134.51145197634384,137.92002455292192,104132700,147.4346481323242,157.9119073486328,-0.019215870477604535,0.5165811848319387,28.75460293822354,-6.230337215012128,-5.489550214011057,101.86000061035156,-0.014512383815231678,3941.47998046875,-0.036041946676395265
2022-05-25,137.635986328125,138.87991021944293,135.50072064953915,135.58886991195646,92482700,146.6598663330078,157.6309457397461,0.0011399757221020046,0.5168966322700768,34.21361032077256,-6.126961271268357,-5.617032425462518,102.05999755859376,-0.016857721232603318,3978.72998046875,0.014030208831306679
2022-05-26,140.8290557861328,141.37755994588284,134.32533585009304,134.57020484609697,90601500,145.69900283813476,157.3258221435547,0.023199379342518034,0.4941196059341516,37.326262240398826,-5.721428010758871,-5.637911542521788,101.83000183105467,-0.008664324173207616,4057.840087890625,0.04026108743496226
2022-05-27,146.56881713867188,146.6079896103765,142.27870662441157,142.4060433122878,90978500,145.31805038452148,157.11534545898436,0.04075693982678996,0.5065323747122433,47.75508564297042,-4.880628362456207,-5.486454906508673,101.66999816894533,-0.014348069171499445,4158.240234375,0.06584373651241293
2022-05-31,145.7852325439453,147.56788638378129,143.82628016379354,146.01052282850958,103718400,144.88275756835938,156.82347259521484,-0.0053461889781453165,0.5064298115021781,44.57416783791407,-4.228770675616573,-5.234918060330253,101.75,-0.0032327765001497477,4132.14990234375,0.03986156712016364
2022-06-01,145.65789794921875,148.62570934761555,144.649023812494,146.82346195823692,74286600,144.36676864624025,156.50166809082032,-0.0008734395967587849,0.5044895080570663,52.49046046764423,-3.680022590342986,-4.9239389663328,102.5500030517578,0.006774027461925236,4101.22998046875,0.04053046083999168
2022-06-02,148.1066131591797,148.16537934399943,143.84588541228797,144.79597858853165,72348100,143.6533966064453,156.16154876708984,0.01681141389816454,0.4834076244104273,60.07458678615648,-3.0128150698572256,-4.541714187037686,101.7699966430664,-0.002841474842882108,4176.81982421875,0.0497872046412815
2022-06-03,142.39625549316406,144.93309527765794,141.49513917786348,143.88504856420633,88570300,143.10684967041016,155.68003326416016,-0.038555723773646355,0.4625116681754302,48.043415522649134,-2.911267167394044,-4.215624783108957,102.13999938964844,0.0030442654720568285,4108.5400390625,0.01249431965620662
2022-06-06,143.14064025878906,145.52077501341512,141.92608448379778,144.01237341190438,71598400,142.5612808227539,155.13790008544922,0.005227558569198099,0.46263000158836376,50.69119891567632,-2.7391488902303536,-3.920329604533237,102.44000244140624,0.0075735643388268326,4121.43017578125,-0.008852316489425416
2022-06-07,145.65789794921875,145.94193944320352,141.1425125135875,141.3873815394989,67808200,142.39721755981446,154.63339721679688,0.017585904924545925,0.4540920411842101,49.37310013592044,-2.372276134922771,-3.6107189106111437,102.31999969482422,0.005601962602695076,4160.68017578125,0.006904462352955276
2022-06-08,144.92330932617188,146.7940975636926,144.43357121198528,145.53057980516448,53950200,142.0764404296875,154.09699005126953,-0.005043246081328001,0.4498805204832872,60.31798203156587,-2.1164053918915045,-3.311856206867216,102.54000091552734,-9.753423630232128e-05,4115.77001953125,0.0035452874215160524
2022-06-09,139.71249389648438,144.91351047437155,139.60475090946733,144.0613709060868,69473000,141.8874038696289,153.39064270019531,-0.035955675135459164,0.42950696358222457,57.25655622798919,-2.307495865196586,-3.11098413853309,103.22000122070312,0.014247859147743291,4017.820068359375,-0.038067180905777986
2022-06-10,134.31556701660156,137.87105521943323,134.24699651333503,137.40091085996173,91437900,141.62147674560546,152.59963439941407,-0.03862880641069577,0.44076798209661694,49.4487402764999,-2.861438455894131,-3.061075002005299,104.1500015258789,0.019678893168606937,3900.860107421875,-0.05054835286161996
2022-06-13,129.17333984375,132.4251934035628,128.7423678783914,130.14301182018457,122207100,140.87560577392577,151.7675927734375,-0.038284670102431084,0.4404673374016281,36.45362242855773,-3.6730362321280268,-3.1834672480298445,105.08000183105467,0.025771176559259423,3749.6298828125,-0.09021147444243005
2022-06-14,130.03524780273438,131.1420606306549,128.7815195311164,130.39766413988795,84784300,140.2497184753418,150.95865753173828,0.006672491088540067,0.44184808368649364,40.39919281356898,-4.198289282510473,-3.3864316549259703,105.5199966430664,0.031274403418553254,3735.47998046875,-0.10219487616172285
2022-06-15,132.65045166015625,134.52125474775525,129.4475753177957,131.5338494146611,91533000,139.57339096069336,150.12124053955077,0.02011149977880744,0.43750445148483014,43.9534294965275,-4.353348324440162,-3.579814988828809,105.16000366210938,0.025551031043391514,3789.989990234375,-0.07915408969667803
2022-06-16,127.39067840576172,129.67285985675707,126.39160844816745,129.36922461121898,108123900,139.04643440246582,149.24474319458008,-0.039651378405177296,0.4145486763947865,34.47967646016488,-4.844805573317501,-3.8328131057265473,103.62999725341795,0.003972059948325057,3666.77001953125,-0.08737326282793734
2022-06-17,128.85987854003906,130.34868645706888,127.14579529566508,127.40046865716874,134520300,138.76287651062012,148.460811920166,0.011533027005301566,0.4101068836399285,27.309194154606075,-5.057437816588816,-4.077738047899001,104.6999969482422,0.005280800905477001,3674.840087890625,-0.05794107281653571
2022-06-21,133.08143615722656,134.24701531100777,130.58378362269173,130.68172228241795,81000500,138.6786434173584,147.7552476501465,0.03276083809031216,0.42807927048189665,35.040365835032844,-4.829632979984865,-4.228117034316174,104.44000244140624,-0.00609059172531623,3764.7900390625,0.004043107379608557
2022-06-22,132.5720977783203,134.93262385029735,131.16164978530637,132.0235786011109,73409200,138.29860801696776,147.07959609985352,-0.0038272684276152713,0.40061093659251995,34.727927741825184,-4.636745836461614,-4.309842794745262,104.1999969482422,-0.012509474382275232,3759.889892578125,0.00653461194732774
2022-06-23,135.4321746826172,135.74559928638683,132.84635818263115,134.0119372202921,72433800,138.19625358581544,146.54603958129883,0.021573747057086923,0.4041581661687651,35.34869503282394,-4.2046287392107615,-4.288799983638362,104.43000030517578,-0.006941834647316791,3795.72998046875,0.0015145132966485342
2022-06-24,138.7526092529297,138.99747831559026,136.90139973704072,137.02872148660157,89116800,138.25208473205566,146.0415312194824,0.024517324469564672,0.4137744524868751,45.54170713465018,-3.5532814894398825,-4.141696284798666,104.19000244140624,0.005403890792536004,3911.739990234375,0.0668081088800987
2022-06-27,138.7526092529297,140.5450525850796,138.0767682486871,139.77125797752416,70207900,138.1482624053955,145.48342636108399,0.0,0.40517000793075897,44.531272879545156,-3.0024734562639708,-3.913851719091727,103.94000244140624,-0.007258782511824324,3900.110107421875,0.0613006319032936
2022-06-28,134.61920166015625,140.47646473111445,134.50166930718802,139.212947099847,67083400,137.55078163146973,144.94260848999022,-0.029789764783728967,0.38703292391576943,36.775398283473635,-2.866442999424123,-3.7043699751582064,104.51000213623048,0.0006702383491759001,3821.550048828125,0.015076540571106856
2022-06-29,136.37246704101562,137.7829151592785,133.8650103621575,134.63880492913648,66242400,137.08014335632325,144.44115890502928,0.013023887820145186,0.3916249262572591,39.99998215518918,-2.587338787763997,-3.4809637376793647,105.11000061035156,0.008733240775058437,3818.830078125,0.015676040317888162
2022-06-30,133.91397094726562,135.5301005021527,131.02451949836083,134.43309207438057,98964500,136.4929470062256,143.84496353149413,-0.018027803904218986,0.3950850696439782,42.75217532773437,-2.5353014010614743,-3.291831270355787,104.69000244140624,0.002489726471996967,3785.3798828125,-0.002726773956394979
2022-07-01,136.07858276367188,136.18632571299105,132.87570725736074,133.2478979449589,71051600,135.89154548645018,143.29538558959962,0.0161641970669264,0.39464155477284973,52.39738874876231,-2.2929634585918848,-3.092057708003007,105.13999938964844,0.009117928073535175,3825.330078125,-0.022089891538061512
2022-07-05,138.65463256835938,138.70360936186282,134.1196535002059,134.94242477245444,73353800,135.70446434020997,142.813172454834,0.01893060430502369,0.3802363044388586,63.86019221529398,-1.8714700610285036,-2.8479401786081064,106.5,0.02462956992941101,3831.389892578125,-0.01762007044697944
2022-07-06,139.9867401123047,141.16210859174285,138.1845074474581,138.44897021265854,74064300,135.54676933288573,142.44816818237305,0.009607378558293522,0.3815118677917487,64.35027574807557,-1.4136479077392892,-2.561081724434343,107.0999984741211,0.02478228193426424,3845.080078125,0.006157195116178071
2022-07-07,143.3463134765625,143.5422056804672,140.33931508968487,140.3491044689141,66253700,135.43119010925292,142.12903457641602,0.023999225652105327,0.38626879833293165,65.09951760918202,-0.7708452354181645,-2.2030344266311075,107.12999725341795,0.019217930085973833,3902.6201171875,0.02194128498737502
2022-07-08,144.022216796875,144.52175937295792,142.02409132941895,142.27874983689492,64547800,135.3861354827881,141.94234756469726,0.0047151775579008515,0.38630489210283975,76.96945943277669,-0.2045221334275027,-1.8033319679903865,107.01000213623048,0.02216066138810846,3899.3798828125,0.03011586776735853
2022-07-11,141.896728515625,143.63040577238007,140.82910292265402,142.68031255423233,63141600,135.4953472137451,141.7176496887207,-0.014758058364340632,0.36700284292291246,70.69977986664077,0.07195441844186234,-1.428274690703937,108.0199966430664,0.027392022732896537,3854.429931640625,0.007607148382313911
2022-07-12,142.86636352539062,145.4032026642234,142.0729903924104,142.76840995155382,77588800,135.92288703918456,141.37405044555663,0.006833385236636014,0.3360120159119216,67.32557705993253,0.3650969095066898,-1.0696003706618116,108.06999969482422,0.014741781172058488,3818.800048828125,-0.00328597300274458
2022-07-13,142.50399780273438,143.44428658574307,139.20315284375937,140.05530730128564,71185600,136.58941993713378,141.14037307739258,-0.002536396347708858,0.2992786139021984,67.67782057459021,0.5616996364879014,-0.743340369231869,107.95999908447266,0.008029884431411727,3801.780029296875,-0.011261156581487852
2022-07-14,145.4228515625,145.89299601499977,140.30998393649415,141.12295108192205,78140700,137.35880012512206,140.95900833129883,0.020482609644440597,0.304219517382778,67.74530842870237,0.9421750115515408,-0.40623729307518697,108.54000091552734,0.013161613910751768,3790.3798828125,-0.02876022543948964
2022-07-15,147.087890625,147.76373137128786,145.15832195206238,146.70589563087415,76259900,138.08067207336427,140.7812126159668,0.01144963837945645,0.30033759493346757,65.73003456074565,1.3623548458714652,-0.052518865285856586,108.05999755859376,0.009812124113655951,3863.159912109375,-0.009288648911272679
2022-07-18,144.0515594482422,148.45920196700573,143.6891431225671,147.64623499784832,81420900,138.9137161254883,140.4147627258301,-0.020642971789560316,0.2684484265124396,58.971804612287585,1.4338157065702433,0.2447480490853634,107.37000274658205,-0.0060173478678411385,3830.85009765625,-0.006117593107818786
2022-07-19,147.90087890625,148.1261542059037,143.89482557447934,144.88409097349603,82982400,139.86576614379882,140.30623641967773,0.026721817332292508,0.27763211836847673,72.70601971895944,1.780531999134638,0.5519048390952184,106.68000030517578,-0.012862028255516078,3936.68994140625,0.030870925701989016
2022-07-20,149.89906311035156,150.5651148404318,147.2838628908706,148.01847019788067,64823400,140.70664749145507,140.2231773376465,0.013510292967009008,0.2619634551144657,72.93268521848006,2.191284164871149,0.8797807042504046,107.08000183105467,-0.008151141727311795,3959.89990234375,0.04159101048150826
2022-07-21,152.16159057617188,152.37707647482438,148.82157409267467,151.3290300635948,65086600,141.68612213134764,140.28762588500976,0.01509367316161736,0.2610641345528525,81.14354496125404,2.668613161911111,1.237547195782546,106.91000366210938,-0.015017479635793807,3998.949951171875,0.05502616487205869
2022-07-22,150.927490234375,153.0725455912705,150.26145356507448,152.20081233549695,66675400,142.46088790893555,140.27939865112305,-0.00811045900035523,0.2604143209510526,76.17425872530877,2.913730574925438,1.5727838716111244,106.7300033569336,-0.012307923669339416,3961.6298828125,0.02548948864230627
2022-07-25,149.8108367919922,151.85793784801606,149.1545897286283,150.8490788607654,53623900,143.01379928588867,140.40575088500975,-0.007398608700434628,0.2541655521115562,70.7317515795515,2.9834914578101177,1.8549253888509232,106.4800033569336,-0.008289087891233948,3966.840087890625,0.03549864567072847
2022-07-26,148.48858642578125,149.94799628582763,147.70500253719806,149.13502930916428,55138700,143.50059814453124,140.58284042358397,-0.008826132972255207,0.2578945596098749,65.80490630412595,2.8986688558389915,2.0636740822485367,107.19000244140624,0.004780672429429256,3921.050048828125,-0.003972853542166033
2022-07-27,153.57200622558594,154.10093153443054,149.0370433720107,149.4484214202149,78620700,144.44823837280273,140.77246536254881,0.034234414389455514,0.24816091756446224,67.86454792884581,3.204694107773804,2.29187808735359,106.4499969482422,-0.005883497124014481,4023.610107421875,0.01608884230644736
2022-07-28,154.1205596923828,154.4046011657363,151.24089776552904,153.75814339733685,81378700,145.33564300537108,141.00381668090822,0.003571962627036962,0.24724440555774035,67.720916682331,3.451696002136458,2.523841670310164,106.3499984741211,-0.0052380990441098785,4072.429931640625,0.01837481873140656
2022-07-29,159.1746826171875,160.27170619819887,156.226464436767,157.93075852013737,101786900,146.5986785888672,141.26377029418944,0.032793307621594936,0.2468666052107014,77.49396619124624,4.0090583350017255,2.8208850032484762,105.9000015258789,-0.007776649535734981,4130.2900390625,0.042573425897691974
2022-08-01,158.1951904296875,160.2325026515257,157.58791998844677,157.7054523459462,67829400,147.70450897216796,141.66907791137695,-0.0061535677118682575,0.250707828619973,74.38472024529632,4.321914822032909,3.1210909670053626,105.4499969482422,-0.009673237943453983,4118.6298828125,0.03826466193715139
2022-08-02,156.7259521484375,159.07670355733856,156.35376142488207,156.81411634866453,59907000,148.6080749511719,142.11297622680664,-0.009287502845435891,0.25389542361718265,71.85431923226987,4.400573519384579,3.3769874774812063,106.23999786376952,-0.008862809553120576,4091.18994140625,0.04339141058119722
2022-08-03,162.72036743164062,163.1709180629882,157.45078129075776,157.53893055181024,82507500,149.74475631713867,142.67206161499024,0.03824775157547444,0.2780964132396592,74.28495408693149,4.890238692102145,3.679637720405394,106.51000213623048,0.0005636936562567474,4155.169921875,0.03269695893507474
2022-08-04,162.40696716308594,163.7586492750685,161.05528505110334,162.60285943908943,55474100,150.69778900146486,143.1167448425293,-0.0019260051676465162,0.2731212678469164,72.35577704590952,5.19314968984969,3.982340114294254,105.69000244140624,-0.006205886621384993,4151.93994140625,0.019523972444037474
2022-08-05,162.18133544921875,162.67175374212067,159.87636348602825,160.08234575425365,56697000,151.60574493408203,143.6107862854004,-0.001389298241377901,0.27447713796330414,78.82197348816922,5.353292817008963,4.256530654837196,106.62000274658205,0.006798878284502985,4145.18994140625,0.0036074711952025496
2022-08-08,161.71054077148438,164.59420304327227,161.05338198319762,163.18179581085533,60276900,152.596435546875,144.09227737426758,-0.0029028906219716877,0.2656137577566121,74.59617410361467,5.380198622491008,4.481264248367959,106.44000244140624,0.009388388068422238,4140.06005859375,0.005203229324072245
2022-08-09,161.75958251953125,162.6423445061743,160.1215870695177,160.8768354992681,63135500,153.54109649658204,144.51088790893556,0.00030326871589769766,0.26657611047726826,72.70073870980742,5.34387802694377,4.653787004083121,106.37000274658205,0.0012236905631271,4122.47021484375,0.007645764162870439
2022-08-10,165.99679565429688,166.0948703368816,163.70162657940335,164.46667794890814,70170500,154.71573638916016,144.89944747924804,0.026194510821354378,0.27328041438840117,74.61926783864038,5.592534129194917,4.84153642910548,105.1999969482422,-0.012299363080593428,4210.240234375,0.013253444151605231
2022-08-11,165.2611846923828,167.71327649760102,164.9669306824805,166.8010905635419,57149200,155.7076530456543,145.2889665222168,-0.004431476878903329,0.27225053385416725,75.96698995954739,5.664936364718272,5.006216416228038,105.08999633789062,-0.005677037464808965,4207.27001953125,0.013326319480974957
2022-08-12,168.80201721191406,168.87066800455992,166.15374591104305,166.56571053244468,68039400,156.793359375,145.7518489074707,0.021425675521582033,0.2768938722968707,81.62664777445627,5.939563657757958,5.192885864534023,105.62999725341795,-0.009285363605900154,4280.14990234375,0.03255820911591689
2022-08-15,169.87107849121094,170.06724280100903,168.0663428948643,168.23308330651162,54091700,158.08433532714844,146.18713821411131,0.0063332257336401465,0.25694731447716307,85.91181926141725,6.172321397858241,5.388772971198867,106.5500030517578,0.001033451783431838,4297.14013671875,0.037941497442516736
2022-08-16,169.71417236328125,170.38114909928225,168.3704308785935,169.46896318920653,56377100,159.175,146.73349655151367,-0.0009236777050180001,0.24943118622996546,82.48664013015625,6.271824877499569,5.565383352459007,106.5,0.0012221232496125722,4305.2001953125,0.044325360996131824
2022-08-17,171.20501708984375,172.77434653771422,169.26296497615442,169.45912928634104,79542000,160.24029769897462,147.29478408813478,0.008784444491596544,0.2483615133711434,83.12661136328805,6.397237440847476,5.731754170136701,106.56999969482422,0.013022840174187866,4274.0400390625,0.015153483206634899
2022-08-18,170.8126678466797,171.54829521030254,169.80240746461445,170.4203392392983,62290100,161.1728515625,147.79787948608399,-0.0022916924388854953,0.2483113791949463,77.54574603250275,6.391293641271091,5.863662064363579,107.4800033569336,0.02274247884982783,4283.740234375,0.01817573259827765
2022-08-19,168.2331085205078,170.41056710828244,168.02712623620275,169.71416649279175,70346300,162.03813247680665,148.2640754699707,-0.015101686301669748,0.254705610110395,72.08572623764604,6.108024750725775,5.912534601636018,108.16999816894533,0.02404620828904913,4228.47998046875,-0.01207198884476135
2022-08-22,164.3588104248047,166.6049198473659,163.9370428679026,166.43817940694694,69026800,162.76553115844726,148.7570018005371,-0.023029343806191704,0.27079053420481475,65.18677018939024,5.507422498353861,5.831512180979587,109.0500030517578,0.023463162162328688,4137.990234375,-0.037036237423077156
2022-08-23,164.02528381347656,165.4769326102334,163.45639684713305,163.87816432492966,54147100,163.54236602783203,149.3511961364746,-0.0020292590976175306,0.26731300422796417,53.35125497188314,4.94749641712059,5.654709028207788,108.62000274658205,0.019906129075887735,4128.72998046875,-0.04099001366670263
2022-08-24,164.31956481933594,164.88845187937156,163.06409508904346,164.11359750144874,53841500,164.07974395751953,150.05412063598632,0.0017941197784727692,0.24426115614464938,54.91671582964088,4.475901574261371,5.418947537418505,108.68000030517578,0.01979919880260672,4140.77001953125,-0.031181275400611885
2022-08-25,166.7716522216797,166.8795448504242,165.12385385508654,165.54560642521002,51218200,164.71229858398436,150.78884872436524,0.01492267463731256,0.24760617918112085,60.58827877247753,4.251019121789312,5.185361854292667,108.47000122070312,0.009210995839680214,4199.1201171875,-0.019753792844034557
2022-08-26,160.48448181152344,167.7721056277997,160.42563400937078,167.3013082441995,78961000,164.77778854370118,151.34552932739257,-0.03769927518496419,0.2649613787152151,47.77021668173521,3.5248438442926044,4.853258252292655,108.8000030517578,0.005824210903919047,4057.659912109375,-0.04039751143398784
2022-08-29,158.28741455078125,159.77827539995786,156.7573118566176,158.06181135805244,73314000,164.78239974975585,151.96346405029297,-0.013690216249833242,0.2688099706809512,44.14292627178848,2.7404693144078465,4.430700464715693,108.83999633789062,-0.00192578365878171,4030.610107421875,-0.025949826092169004
2022-08-30,155.86476135253906,159.44480926961938,154.6975633016655,159.02305667853338,77906200,164.73934020996094,152.50356170654297,-0.015305406340217709,0.2724409434604054,31.794106341175066,1.9014403613402635,3.9248484440406073,108.7699966430664,0.0013809049225887993,3986.159912109375,-0.034531216387076125
2022-08-31,154.20716857910156,157.50278094726974,154.1286998362425,157.23795081091825,87991100,164.31368026733398,152.92607635498047,-0.010634814175144558,0.23358287484522292,30.77444051200503,1.0901830359977964,3.357915362432045,108.6999969482422,0.00018399561106252627,3955.0,-0.04486364097861195
2022-09-01,154.9329833984375,155.38415993328115,151.70602203096658,153.6382716729597,74229900,163.93998107910156,153.3732940673828,0.004706751482591587,0.23501131305253223,23.26009276524087,0.5000585867905158,2.786344007303739,109.69000244140624,0.011247360624812686,3966.85009765625,-0.05531397365379975
2022-09-02,152.82415771484375,157.286967514474,152.00025851175562,156.6886565527691,76957800,163.4721221923828,153.72113372802735,-0.013611212004938533,0.23839878478456422,18.400000905130454,-0.13621371241117686,2.201832463360756,109.52999877929688,0.006709519366390193,3924.260009765625,-0.0328760677911033
2022-09-06,151.5686798095703,154.07961913097645,150.74478065092995,153.47150522336744,73714800,162.96502914428712,153.97745513916016,-0.008215179615882806,0.23915622180870685,17.679922291551264,-0.7333174411247967,1.6148024824636455,110.20999908447266,0.012587309745297093,3908.18994140625,-0.030372614257628938
2022-09-07,152.9712677001953,153.66765323664163,150.66629592998046,151.8531146846475,87449600,162.5256134033203,154.26182830810546,0.009253810829435105,0.24293836994008264,17.420292020395735,-1.0808895057807604,1.0756640848147643,109.83999633789062,0.009837268804332888,3979.8701171875,-0.001577908327954347
2022-09-08,151.5,153.3635832112232,149.75409740354615,151.67654337171803,84923800,161.80077362060547,154.59944427490234,-0.009617934938467076,0.21852100676176384,16.773573325086716,-1.4582520566717392,0.5688808565174637,109.70999908447266,0.009291648248264117,4006.179931640625,0.01294056425805934
2022-09-09,154.354248046875,154.79563648166842,151.7844609924952,152.49066452851048,68028800,161.25542678833008,154.95907989501953,0.018839921101485135,0.23366133870163405,26.34572664531737,-1.5095989169447535,0.15318490182502026,109.0,-0.0062904770357244955,4067.360107421875,0.025337486240029516
2022-09-12,160.29812622070312,161.11222243462,156.24728104104713,156.53171708379904,104956000,160.83023223876953,155.48676300048828,0.03850803103276479,0.26359134965683795,43.53527624128206,-1.0584690082271209,-0.08914588018540796,108.33000183105467,-0.010955874752269446,4110.41015625,0.04743573209245455
2022-09-13,150.8919219970703,157.46352522744408,150.43092752735453,156.83579030622826,122656600,159.8812744140625,155.78302978515626,-0.05867943965035549,0.328006839962894,33.777624147989215,-1.4433097983452399,-0.35997866381737437,109.81999969482422,-0.0035386933389729425,3932.68994140625,0.006268886714135613
2022-09-14,152.333740234375,154.08944624806267,150.66632089509483,151.82370097735972,87965400,159.0122528076172,156.05661193847655,0.009555304341160697,0.33211446701657077,35.6031989184937,-1.613358423543417,-0.610654615762583,109.66000366210938,-0.001638680642591761,3946.010009765625,-0.008507842322704517
2022-09-15,149.4500732421875,152.26508456095567,148.47905455230304,151.6863795720259,90481100,157.92450561523438,156.24587860107422,-0.018929929690893132,0.33123103096620693,29.407643711876403,-1.9582376657558882,-0.8801712257612441,109.73999786376952,0.0002734370572163858,3901.35009765625,-0.026167030880573705
2022-09-16,147.8120574951172,148.4496101996778,145.52670665510445,148.31229368839013,162278800,156.77447509765625,156.33519348144532,-0.01096028734904575,0.3311777581707334,33.06238589289474,-2.3367940243410317,-1.1714957854772017,109.76000213623048,0.006972496662664973,3873.330078125,-0.04770416785639919
2022-09-19,151.51966857910156,151.59813732109004,146.24277663621996,146.4487439883553,81474200,155.93880310058594,156.48514251708986,0.025083279042420914,0.3484041236937821,41.305492466789694,-2.3109897854862993,-1.3993945854790213,109.73999786376952,0.013015748258859983,3899.889892578125,-0.051216364223840904
2022-09-20,153.8932647705078,155.05065980282333,150.14647654096677,150.4603364872082,107689800,155.4155258178711,156.7250732421875,0.01566526784057154,0.3489009450798974,47.46402640471315,-2.075090018573519,-1.5345336720979208,110.22000122070312,0.003642337707070231,3855.929931640625,-0.019518449435191765
2022-09-21,150.7742462158203,155.69805153828966,150.65655057959955,154.32487092805448,101696800,154.7529739379883,156.8832308959961,-0.020267414297426956,0.354158335539238,45.74417372881356,-2.1154311113255346,-1.6507131599434435,110.63999938964844,0.00893667421860278,3789.929931640625,-0.03955389817530408
2022-09-22,149.81298828125,151.50983141556574,148.0180554999838,149.45988650515864,86652500,154.02764511108398,157.02941070556642,-0.006375478297496184,0.35358339974272607,43.68953182654225,-2.199611448161619,-1.7604928175870787,111.3499984741211,0.014671046488903938,3757.989990234375,-0.036746281116375346
2022-09-23,147.54727172851562,148.5673503753869,145.71311171309017,148.29271727039426,96029900,153.0664260864258,157.07189910888673,-0.01512363232806524,0.3478758339275805,43.521217634751544,-2.421238827973127,-1.8926420196642884,113.19000244140624,0.03125000217218066,3693.22998046875,-0.04649748253405572
2022-09-26,147.8807373046875,150.82324708343862,146.77238716545008,146.79200808789446,93339400,152.43623886108398,157.08775604248046,0.002260059249251656,0.3277249002157342,45.3671802849698,-2.5406848051909776,-2.0222505767696264,114.0999984741211,0.03973027788613637,3655.0400390625,-0.06278378627601733
2022-09-27,148.8517608642578,151.75504386028683,147.0764489671257,149.81299153282302,84442700,151.9644561767578,157.1837600708008,0.00656626128100557,0.32756790324243046,44.76832064441416,-2.527853593926494,-2.123371180201,114.11000061035156,0.03529304433465885,3647.2900390625,-0.05410883918457321
2022-09-28,146.9685516357422,147.75322390412563,142.06436866631904,144.81071412247172,146691400,151.51964569091797,157.16511352539064,-0.01265157508101622,0.32636428751560315,44.30475440903866,-2.639220719068959,-2.226541087974592,112.5999984741211,0.01771510389809383,3719.0400390625,-0.01870480295329302
2022-09-29,139.74961853027344,143.9083718149734,137.98410935439225,143.30025780798485,128138200,150.79676818847656,156.96212463378907,-0.04911889669676195,0.3650242130088996,33.45924731573025,-3.272266882861061,-2.435686246951886,112.25,0.008082636176129698,3640.469970703125,-0.031272041659674676
2022-09-30,135.55162048339844,140.35772899315157,135.35545614892226,138.5725991267457,124925300,149.82770004272462,156.62992523193358,-0.030039424014353222,0.37393239212083274,20.818856301597762,-4.065835466404877,-2.7617160908424845,112.12000274658205,-0.009453129002078509,3585.6201171875,-0.029137059931369835
2022-10-03,139.7201690673828,140.32829792951577,135.05139229305564,135.5614315097669,114311700,149.17250061035156,156.40577880859374,0.030752480635190205,0.3951321836370075,34.96960878183852,-4.308709136653789,-3.071114700004746,111.75,-0.02059595535099057,3678.429931640625,0.006399353311632883
2022-10-04,143.3002471923828,143.41794280659562,141.49549629829846,142.2507447443845,87830100,148.7590789794922,156.27556701660157,0.025623202068081108,0.40857088337374675,38.50763189107448,-4.164302399536524,-3.2897522399111017,110.06999969482422,-0.03540444215159222,3790.929931640625,0.03938263506322248
2022-10-05,143.59449768066406,144.55572849466822,140.26946161653336,141.30916116839794,79471000,148.2902404785156,156.1776852416992,0.002053384373344569,0.4066223339346292,42.0251412611362,-3.9802338070086876,-3.427848553330619,111.06999969482422,-0.013587911190323099,3783.280029296875,0.017273272016336882
2022-10-06,142.64306640625,144.71263233032042,142.43709909152813,143.0157891213956,68402200,147.84739379882814,155.9591064453125,-0.006625819859267357,0.4060994821022795,42.82605445383732,-3.866559383961402,-3.5155907194567755,112.26000213623048,8.91058906946629e-05,3744.52001953125,0.02858148801266691
2022-10-07,137.40538024902344,140.35770766147775,136.77764549427565,139.80842665549343,85925600,146.99995040893555,155.6248028564453,-0.036718827554572786,0.4148195417576834,31.209116867456174,-4.151255989455677,-3.6427237734565563,112.8000030517578,0.006064933004976014,3639.659912109375,0.015071254944950097
2022-10-10,137.72909545898438,139.1709266873786,135.91455644051044,137.72909545898438,74899000,145.87149887084962,155.19589111328125,0.002355913643077523,0.3825805257296014,27.237624643147683,-4.301177689382172,-3.7744145566416796,113.13999938964844,0.012438473285444562,3612.389892578125,-0.017953322556030105
2022-10-11,136.3166961669922,138.64128959242282,135.57126557653487,137.2190642395612,77033700,145.1427375793457,154.75832122802734,-0.010254908647191363,0.3314945533208592,28.612910128581206,-4.482291469718433,-3.9159899392570305,113.22000122070312,0.028618166027187142,3588.840087890625,-0.05330877842486004
2022-10-12,135.68894958496094,137.67024396939837,135.51240615749046,136.46381898254117,70433700,144.310498046875,154.33758117675782,-0.004605060126033567,0.32711060702682954,28.898055434856445,-4.623186136414972,-4.057429178688619,113.31999969482422,0.020257495328910524,3577.030029296875,-0.05451618659016677
2022-10-13,140.2498321533203,140.83832513907973,131.79501040391918,132.40313927882983,113224000,143.85048599243163,153.88817047119142,0.033612778213037986,0.3509413848132976,39.7970351463546,-4.317056725821857,-4.109354688115268,112.36000061035156,0.0008907756299498804,3669.909912109375,-0.01992514582181748
2022-10-14,135.72821044921875,141.75054821414383,135.5418490498613,141.54456588685852,88598000,143.2462936401367,153.35459533691406,-0.032239765528978004,0.3652306173144349,34.79014809031783,-4.388713685646536,-4.1652264876215215,113.30999755859376,0.004521227775162062,3583.070068359375,-0.01554811304257353
2022-10-17,139.68096923828125,140.16156968133146,137.5819791306435,138.36665154683308,85250900,142.65435867309571,152.9045880126953,0.029122603001837888,0.36975055318726846,39.31921424339347,-4.079521557770306,-4.148085501651279,112.04000091552734,-0.009722454304889605,3677.949951171875,0.018148666268955838
2022-10-18,140.9952850341797,143.88875049899616,137.91545818930572,142.70194639396894,99136600,142.00945968627929,152.4902828979492,0.009409412055670696,0.3660305291298587,42.94979576840785,-3.685941034459205,-4.055656608212864,112.12999725341795,-0.009627309269855888,3719.97998046875,0.03654102422133931
2022-10-19,141.1031494140625,142.17225768233465,138.78837451258266,138.97473585531196,61758300,141.5259048461914,152.07715423583986,0.0007650211839116405,0.3613025042035643,51.91983132408086,-3.3269706336469085,-3.909919413299673,112.9800033569336,-0.003000320674252155,3695.159912109375,0.03302457117915791
2022-10-20,140.6421661376953,143.0942577538532,139.91634163141595,140.2792613677454,64522000,141.06736373901367,151.57006164550782,-0.0032669949485992777,0.3610927846405586,58.076569248348925,-3.044585417066628,-3.7368526140530642,112.87999725341795,0.004627951586344992,3665.780029296875,-0.0011253362920089494
2022-10-21,144.4478302001953,145.0167173026428,139.9163543059083,140.1321395849877,86548600,140.91239166259766,151.15379455566406,0.027059196875381497,0.3730114707897823,57.58820066048245,-2.485061570975887,-3.486494405437629,112.01000213623048,-0.01147291016126839,3752.75,0.04735601827577951
2022-10-24,146.5860137939453,147.3510650763543,143.2021308192321,144.36932866368048,75981900,140.84765548706054,150.70947448730467,0.014802462527727878,0.37701034213011453,55.529824215399564,-1.8478010450959346,-3.15875573336929,111.98999786376952,-0.0004462964240381506,3797.340087890625,0.03246105528997467
2022-10-25,149.42063903808594,149.56777350297594,146.49775025875292,147.21375676214043,74732300,140.87609939575196,150.3004656982422,0.019337624175558954,0.38271924767655524,59.03281148865783,-1.1013413424369674,-2.7472728551828256,110.9499969482422,-0.010523502488891556,3859.110107421875,0.037400773037384205
2022-10-26,146.4879608154297,149.07736899312695,145.20305222207165,148.06710843299678,88194300,140.85206985473633,149.83594146728515,-0.019626995584651086,0.38667138081688757,55.61607955171036,-0.7379031846973874,-2.345398921085738,109.6999969482422,-0.029031742885765266,3830.60009765625,0.0366534030375858
2022-10-27,142.02517700195312,146.19373355952823,141.36801811707775,145.23251764978033,109180200,140.96584777832032,149.25234466552735,-0.030465191737493957,0.35990974917632984,56.90424142804824,-0.800754582589633,-2.0364700533865174,110.58999633789062,-0.02028703907908702,3807.300048828125,0.03860570421580767
2022-10-28,152.75550842285156,154.48177557471033,144.98728378991743,145.35999154749908,164762400,141.82604217529297,148.89120147705077,0.07555231859173017,0.4277064473160246,67.12886510969372,0.015109131641594331,-1.6261542163808953,110.66999816894533,-0.01196325276072574,3901.06005859375,0.039520367355605934
2022-10-31,150.40147399902344,151.2842358798015,149.0086878845991,150.22493060269468,97943200,142.360107421875,148.5345687866211,-0.015410471596950748,0.42412276731022064,65.71804845952704,0.4663601886781521,-1.2076513353690859,111.52999877929688,-0.004107501502341404,3871.97998046875,0.019655835624558637
2022-11-01,147.7630615234375,152.47108127109797,146.27220032701106,152.10817643552318,80379300,142.58324813842773,148.20265380859374,-0.017542464215497433,0.42264136894030513,62.89552054919091,0.604118167635221,-0.8452974347682246,111.4800033569336,0.004776984436859699,3856.10009765625,-0.0007799750931791749
2022-11-02,142.25071716308594,149.25388921211223,142.22129326523782,146.09559446780847,93604600,142.51605911254882,147.76716247558593,-0.03730529337656707,0.44491405609034895,52.09443936172388,0.2654324965606065,-0.6231514485024584,111.3499984741211,0.015041035294261595,3759.68994140625,-0.018511500663665248
2022-11-03,136.2186279296875,140.063506625589,136.09111434862288,139.3376819611652,97918500,142.1948371887207,147.20514373779298,-0.04240463144015538,0.46932876232393167,50.497612266219775,-0.484136700211252,-0.5953484988442171,112.93000030517578,0.02115927339517798,3719.889892578125,-0.02295856778530092
2022-11-04,135.953369140625,140.1681329812126,132.02351325557115,139.59830207893455,140814800,142.1222366333008,146.58877807617188,-0.001947301871219942,0.4509766846721904,45.911784019990904,-1.0870490318498582,-0.6936886054453454,110.87999725341795,0.0018975249656374427,3770.550048828125,-0.03345501166487319
2022-11-07,136.4838409423828,136.70980337190065,133.29083425573356,134.7055842324109,83374600,142.0599739074707,146.10876525878905,0.0039018658023040054,0.4511240997437332,44.96554951184925,-1.5047113812060218,-0.8558931605974808,110.12000274658205,-0.012642302951199946,3806.800048828125,-0.01683374706723928
2022-11-08,137.05369567871094,138.9498435557623,135.0789489012502,137.94774130575934,89908500,142.09682388305663,145.68409088134766,0.0041752542454362995,0.4497111311108464,45.527216588323924,-1.7693335120633549,-1.0385812308906557,109.62000274658205,-0.016684612076986127,3828.110107421875,-0.007258626468588658
2022-11-09,132.50489807128906,136.12037292800636,132.22980938548775,136.07124673599705,74917800,141.93762130737304,145.21689361572265,-0.033189893821509386,0.4653141447117625,41.75647784369084,-2.3193622441013417,-1.2947374335327928,110.5500030517578,-0.0071845121987067495,3748.570068359375,-0.0029576569398475083
2022-11-10,144.29444885253906,144.29444885253906,137.0536956773793,138.7631880310501,118854000,142.13985214233398,145.0186392211914,0.08897445266443738,0.5528533585080526,49.86625138778156,-1.7833879719048866,-1.3924675412072118,108.20999908447266,-0.04179581340607508,3956.3701171875,0.06357183450004733
2022-11-11,147.07481384277344,147.37937519314977,141.83828048896822,143.26286485614494,93979700,142.70718231201172,144.86147583007812,0.01926868990695385,0.5406604935404529,50.421513089090666,-1.1213461016250506,-1.3382432532907795,106.29000091552734,-0.0413960718938341,3992.929931640625,0.05897810132015491
2022-11-14,145.67971801757812,147.64464544159856,144.84461786588682,146.3576203774582,73374100,143.00711975097656,144.71858703613282,-0.009485620200659906,0.5347339196896486,46.691913542448994,-0.7011631511179814,-1.21082723285622,106.66000366210938,-0.03142025970009399,3957.25,0.039521369455217226
2022-11-15,147.40884399414062,150.8965930574009,145.95480194485347,149.55062261259357,89868300,143.32779769897462,144.6353903198242,0.011869366580966823,0.5352186357776094,50.83204541913852,-0.22603354616740035,-1.013868495518456,106.4000015258789,-0.029374212187780135,3991.72998046875,0.042741684135378266
2022-11-16,146.18077087402344,147.24183349471545,144.70707528826344,146.51481993344615,64218300,143.58167877197266,144.49958038330078,-0.008331068115329687,0.5366387846804962,53.987802645932625,0.05082892728788124,-0.8009290109571886,106.27999877929688,-0.038625094116567116,3958.7900390625,0.05608004302161307
2022-11-17,148.07693481445312,148.82360185357618,143.58706836561342,143.86215701114332,80389400,143.95341720581055,144.43111907958985,0.012971363669054492,0.5375001449408026,44.59369916412734,0.4184256646755671,-0.5570580758306376,106.69000244140624,-0.014046730024273035,3946.56005859375,-0.0024795603806460065
2022-11-18,148.63694763183594,150.0222252429551,147.3401031595605,149.6390649453273,74829600,144.1628730773926,144.31677307128905,0.0037819044409890257,0.5300433151421577,47.87281477889709,0.7463338100021417,-0.29637969866408176,106.93000030517578,0.006021256789310536,3965.340087890625,-0.006909673904210933
2022-11-21,145.41444396972656,147.73305885560603,145.12953609848137,147.52674987775407,58724100,144.10429458618165,144.01909942626952,-0.021680367589970384,0.5341112975944708,47.207995864208165,0.7376708532663656,-0.0895695882779923,107.83999633789062,0.011063122400777115,3949.93994140625,-0.001847257209868003
2022-11-22,147.54638671875,147.7821833963105,144.353379792247,145.5323481888436,51804100,144.01058197021484,143.95218872070313,0.0146611484445609,0.5321341588920415,56.845610869439156,0.8925466380448768,0.10685365698658152,107.22000122070312,0.007706763938577277,4003.580078125,0.0029686621375273337
2022-11-23,148.4208221435547,149.16748927839564,146.72114887646376,146.82922050043365,58301400,144.1072250366211,143.87393035888672,0.005926511954992941,0.527414486927034,68.200466571835,1.0734721256700652,0.3001773507232783,106.08000183105467,-0.001881792910606972,4027.260009765625,0.01729568126309111
2022-11-25,145.51271057128906,146.2692118769101,144.54006603549058,145.7092003283938,35195900,144.2816017150879,143.79518310546874,-0.01959368995714672,0.5201282437112953,63.21646933833795,0.9710034549316049,0.4343425715649436,105.95999908447266,-0.006842284564896328,4026.1201171875,0.020159343177992506
2022-11-28,141.69091796875,144.06847835661756,140.86565204725017,142.59478278627932,69246000,143.7283721923828,143.6727603149414,-0.026264321429616322,0.44912915546091264,56.598616199308765,0.574783822043031,0.4624308216605611,106.68000030517578,-0.0023379781098522567,3963.93994140625,-0.00035309619183754304
2022-11-29,138.6944122314453,142.27057984792378,137.8887997144492,141.7596944766532,83763800,143.1430191040039,143.41625518798827,-0.021148184938469816,0.45162225691889785,51.958714810861224,0.01876759703714015,0.3736981767358769,106.81999969482422,-0.009458426165654621,3957.6298828125,0.0019468502104647012
2022-11-30,145.43414306640625,146.11204561728894,138.0853166275374,138.92040202331182,111380900,143.02657318115234,143.24707275390625,0.04859410502936523,0.48449462479219213,64.66785186929073,0.12057081958457161,0.3230727053056159,105.9499969482422,-0.011844844786437991,4080.110107421875,0.0191153986690622
2022-12-01,145.70919799804688,146.51482547786148,144.03901260255705,145.61096061666942,71250400,143.1994972229004,143.1457717895508,0.0018912679364091467,0.4644148281004128,52.17259878122451,0.22089885664476583,0.30263793557344587,104.7300033569336,-0.012726229739994932,4076.570068359375,0.012244071272820456
2022-12-02,145.21792602539062,145.4045964870408,143.09580128958288,143.4003775640245,65447400,143.64946212768555,143.0538705444336,-0.00337159204364601,0.43510597671280804,46.93277372347403,0.257796291204869,0.2936696066997305,104.5500030517578,-0.013306870940898996,4071.699951171875,0.011321031826595274
2022-12-05,144.0586700439453,148.27343309869434,143.21375058654476,145.17867816271277,68826400,144.05472717285156,142.9840985107422,-0.007982871076416709,0.43664214401291523,47.30131021227888,0.19129042755457704,0.27319377087069985,105.29000091552734,-0.013029615538733719,3998.840087890625,0.008804408492625537
2022-12-06,140.40391540527344,144.71693119940028,139.431270776129,144.49096870660432,64727200,144.2507308959961,142.8345620727539,-0.025369904064482807,0.448269022367061,39.040966720060354,-0.15454263255043088,0.1876464901864737,105.58000183105467,-0.011608293084741761,3941.260009765625,-0.004136281949448373
2022-12-07,138.46844482421875,140.85582456681212,137.54492649061714,139.69652452502783,69721100,144.32146835327148,142.62689575195313,-0.013785018569232865,0.45152039742652866,38.1955424559699,-0.5781298042547007,0.034491231298238806,105.0999984741211,-0.00802263802363623,3933.919921875,-0.03582996088290591
2022-12-08,140.1484375,141.00319109284194,138.62563079391435,139.86352962985669,62128300,144.70364532470703,142.4904934692383,0.012132675267018111,0.4344932288971586,37.7838320250454,-0.7693952118894174,-0.12628605733929243,104.7699966430664,0.0003818703795559486,3963.510009765625,-0.02773411389915137
2022-12-09,139.66705322265625,143.01725827820258,138.42913927736055,139.84388950557997,76097000,144.4722755432129,142.48884216308593,-0.0034348172975082747,0.2932735801374919,36.14568628051727,-0.9488800153584123,-0.2908048489431164,104.80999755859376,0.0024867957842837907,3934.3798828125,-0.03372548812685794
2022-12-12,141.95620727539062,141.9660265170688,138.58634846990296,140.1975885864345,70462700,144.21634521484376,142.6169338989258,0.01639007911969781,0.2907411329353196,44.50005994048662,-0.8960779852045277,-0.4118594761953987,105.12999725341795,-0.0015196472667690086,3990.56005859375,-0.002070607754970921
2022-12-13,142.9190216064453,147.34010905974955,141.71059523341404,146.87834983755218,93886200,144.07831039428712,142.68091094970703,0.006782474324541932,0.29063215097997913,42.356447891551234,-0.7676914567068707,-0.4830258722976931,103.9800033569336,-0.015154370585078625,4019.64990234375,0.019889551154679275
2022-12-14,140.6986083984375,144.08810457077118,138.68455516840615,142.8010797480732,82291200,143.74279861450196,142.62887817382813,-0.015536162947729526,0.29106982109885055,37.78737788777524,-0.8354820796713511,-0.5535171137724247,103.7699966430664,-0.012654632258459753,3995.320068359375,0.015607879088476828
2022-12-15,134.10630798339844,139.3133690938159,133.64454880056925,138.63546667684503,98931900,143.1390754699707,142.43911437988282,-0.04685405555945976,0.331236836476041,33.843574907042154,-1.4049547423996955,-0.723804639497879,104.55999755859376,-0.0020043818955923776,3895.75,-0.017095960297481838
2022-12-16,132.1511688232422,135.23610381983994,131.38484844130548,134.29294719185827,160156900,142.34278717041016,142.22927642822265,-0.014579024578010746,0.32681746260321254,35.73313811766886,-1.991077419793072,-0.9772591955569176,104.6999969482422,-0.0010495240236034764,3852.360107421875,-0.02084693848424035
2022-12-19,130.0487060546875,132.82907992971283,129.01713123497163,132.74066180080095,79592600,141.41337509155272,142.08214294433594,-0.015909528362680003,0.3268969937902915,36.71493733379164,-2.5953178304014273,-1.3008709225258195,104.72000122070312,-0.003899895780711593,3817.659912109375,-0.043327288387010054
2022-12-20,129.97991943359375,130.91325672721703,127.6121788847663,129.08587408244605,77432800,140.6416488647461,141.92715942382813,-0.0005289296847353908,0.322423726034848,20.128979969350596,-3.0446365397641557,-1.6496240459734868,103.97000122070312,-9.619288235773737e-05,3821.6201171875,-0.04926543106174097
2022-12-21,133.07470703125,134.41085828161889,130.42205800232537,130.64802045895354,85928000,139.9180648803711,141.8623196411133,0.023809736235737233,0.3314812186946655,27.979475516143864,-3.1150925117906922,-1.942717739136928,104.16000366210938,0.003758379412735824,3878.43994140625,-0.029254258721034154
2022-12-22,129.9111785888672,132.20032094511618,128.0150307307424,131.99401195090732,77852100,138.99258270263672,141.7467642211914,-0.023772574916433364,0.33530806715379224,25.5952997846951,-3.387154673177747,-2.2316051259450917,104.43000030517578,-0.0012432790402958638,3822.389892578125,-0.01883080470304177
2022-12-23,129.54769897460938,130.09787639620362,127.36662777385332,128.6241804492717,63814900,138.19433212280273,141.53272155761718,-0.002797908680423289,0.33184268087883756,26.261698899640706,-3.590704259753096,-2.503424952706693,104.30999755859376,-0.0037249226458070384,3844.820068359375,-0.001957251879951105
2022-12-27,127.7497787475586,129.1055837164495,126.4627534469259,129.07611099897005,69007800,137.49727516174318,141.37315292358397,-0.01387844200461763,0.3244362362938632,27.960328130867524,-3.852684560683656,-2.773276874302086,104.18000030517578,-0.005156616780296441,3829.25,0.003035914187605293
2022-12-28,123.82972717285156,128.73221899747332,123.66271014073897,127.39606774936588,85438400,136.75404090881347,141.0561280822754,-0.03068538836731216,0.332413090798053,26.152392931449782,-4.326745211979869,-3.0839705418376426,104.45999908447266,0.0047128773493940734,3783.219970703125,-0.010048132809347687
2022-12-29,127.3371353149414,128.19187403447657,125.49010604619004,125.74554124055932,75703700,135.84919052124025,140.78296508789063,0.028324443751651884,0.29431267817722645,30.30220206254063,-4.3690593723218,-3.340988307934474,103.83999633789062,-0.003072266829567738,3849.280029296875,-0.007518464266537572
2022-12-30,127.65153503417967,127.67118851090429,125.1953826315712,126.1582006097372,77034200,134.94630737304686,140.51393280029296,0.002469034021070682,0.2945371217666039,31.43039330498148,-4.327341322367602,-3.5382589108211,103.5199966430664,-0.008714006123241136,3839.5,0.004476285230634813
2023-01-03,122.87674713134766,128.6045053870652,121.99252821247748,127.99538262842437,112117500,133.82924842834473,140.158624420166,-0.0374048608311176,0.3139843576584493,22.617103520710188,-4.626236570950027,-3.7558544428468856,104.5199966430664,0.0020132210659356,3824.139892578125,-0.00537871094448239
2023-01-04,124.14413452148438,126.40380440814197,122.88658197418444,124.66483917038782,89113600,132.8335216522217,139.7525505065918,0.010314298024035162,0.32074314248945834,23.287758963702302,-4.706590987339013,-3.946001751745311,104.25,0.0006719110637278813,3852.969970703125,0.006194416844845563
2023-01-05,122.82762145996094,125.52939692056384,122.57218626779334,124.90062068574456,80962700,131.95470695495607,139.27738265991212,-0.010604714162275597,0.31386734678627964,23.90255022095613,-4.820931347111866,-4.120987670818622,105.04000091552734,0.0055523821188785405,3808.10009765625,0.00657644206411323
2023-01-06,127.346923828125,128.00517262460522,122.69987531467848,123.80023721738742,87754700,131.39863090515138,138.8359083557129,0.03679386048876032,0.3477670844002642,39.49295265527781,-4.495060712469382,-4.195802279148775,103.87999725341795,0.0003852168426237146,3895.080078125,0.011898341632601728
2023-01-09,127.8676300048828,131.07047089671403,127.6121948687902,128.182025548878,70790800,130.78459053039552,138.46350173950196,0.004088879111525001,0.34398535368571986,43.03070822002349,-4.1469853839059,-4.1860389001002,103.0,-0.005023151660826786,3892.090087890625,0.013697118867202818
2023-01-10,128.43751525878906,128.95821998247737,125.87328360443998,127.97575597684494,63896200,130.22311363220214,138.19174850463867,0.004456837542734737,0.345401726423348,47.24101188242783,-3.781556768521412,-4.105142473784442,103.23999786376952,-0.012246448721846548,3919.25,0.024870980166406653
2023-01-11,131.14907836914062,131.1687168485226,128.17221470136022,128.94835439070522,69458900,129.68275718688966,137.75961990356444,0.02111192438508347,0.3494734651643749,51.83589158219438,-3.2358506050038613,-3.931284100028326,103.19000244140624,-0.010167842288669182,3969.610107421875,0.030272786345507008
2023-01-12,131.0705108642578,131.90559617413024,129.13505580606935,131.53227009080285,71379600,129.09033164978027,137.37300064086915,-0.0005990702020922667,0.34750798793822785,46.52357091283293,-2.777694743890976,-3.700566228800856,102.25,-0.026561318461631123,3983.169921875,0.04597301009143617
2023-01-13,132.39678955078125,132.55398732492168,129.3511613806362,129.71466811603167,57809700,128.67524070739745,137.065675201416,0.010118818319835299,0.3482308703737919,54.60498716007558,-2.2812860715141596,-3.4167101973435168,102.1999969482422,-0.01617251010391685,3999.090087890625,0.0267029194983055
2023-01-17,133.55613708496094,134.88245427698436,131.77787992946924,132.4656016206527,63646600,128.6477321624756,136.8917835998535,0.008756613646851319,0.3086324616928624,57.21354195270367,-1.7738807719508998,-3.0881443122649936,102.38999938964844,-0.005922336022830654,3990.969970703125,0.025405342779742712
2023-01-18,132.83892822265625,136.1792989256054,132.6620769549058,134.42069543585905,69672800,128.6821201324463,136.8241896057129,-0.005370092890964906,0.3045775508945781,59.52902642776472,-1.4133390844204996,-2.753183266696095,102.36000061035156,-0.008523801546171605,3928.860107421875,0.0024520271536327964
2023-01-19,132.89788818359375,133.86069855178562,131.42419241972087,131.7287538123279,58280400,128.8245792388916,136.76307998657228,0.00044384550316967086,0.2984076418809472,69.84947835462269,-1.1100536162871606,-2.424557336614308,102.05999755859376,-0.010950720574448236,3898.85009765625,-0.017825430672228193
2023-01-20,135.45230102539062,135.59967961374403,131.8663135769454,132.90772297331753,80223600,129.09819831848145,136.74244918823243,0.019220868568415872,0.30500595469243535,68.53681514995941,-0.6560157878765551,-2.0708490268667576,102.01000213623048,-0.002347167371829051,3972.610107421875,-0.002651108202824104
2023-01-23,138.6354522705078,140.806703627411,135.4817372209474,135.6978804326285,81760300,129.37623558044433,136.77408432006837,0.023500163681386965,0.3047174290151951,72.18249724969111,-0.03888558608824155,-1.6644563387110547,102.13999938964844,-0.0005870602777429124,4019.81005859375,0.005181171278402896
2023-01-24,140.0305633544922,140.64952034187644,137.83967329148908,137.84949253259393,66435100,129.8822048187256,136.92459762573242,0.010063162496575684,0.28973214934215524,90.11951355211379,0.5563550355291795,-1.220294063863008,101.91999816894533,-0.004590303970161247,4016.949951171875,0.006509690791828504
2023-01-25,139.372314453125,139.93231102042415,136.37579688239575,138.41932337339787,65799300,130.37343559265136,136.82615493774415,-0.004700751647344403,0.29039496145245697,86.66038758858423,0.9638615357126241,-0.7834629439478816,101.63999938964844,-0.007034009538979147,4016.219970703125,0.02223542220712349
2023-01-26,141.43551635742188,141.72042430582104,139.4116280346841,140.65936144448216,54105100,131.05772247314454,136.7133689880371,0.014803527604406508,0.2850061404102587,93.2421037552063,1.4367347400656456,-0.3394234071451762,101.83999633789062,-0.0021556067603943907,4060.429931640625,0.041442945980792345
2023-01-27,143.3708953857422,144.64810096985272,140.57088332682684,140.64948220797868,70555800,132.03478088378907,136.6671925354004,0.013683826228126472,0.2524539875119346,92.31975717501565,1.9452356090963576,0.11750839610313057,101.93000030517578,-0.0007842547728590388,4070.56005859375,0.024656321290850824
2023-01-30,140.49227905273438,142.99756395016712,140.34491552573374,142.4179140890271,64015300,132.69253807067872,136.52886123657225,-0.0200781080794874,0.25783916365784154,79.64934058743302,2.0918325869392334,0.5123732342703512,102.27999877929688,0.0013706617435385038,4017.77001953125,-0.0005074963823573642
2023-01-31,141.75970458984375,141.80883078137197,139.78495761656453,140.19759064122545,65874500,133.3979465484619,136.44043991088867,0.009021318079932561,0.2580170517282564,80.29495388873197,2.283954392061986,0.8666894658286782,102.0999984741211,0.0017660940778019274,4076.60009765625,0.01484961157332143
2023-02-01,142.87969970703125,144.03901475780756,138.84178798038548,141.44531098955775,77663600,134.3980941772461,136.33649520874025,0.007900659220672068,0.20252372004163563,78.75729613830231,2.497793543406061,1.192910281344155,101.22000122070312,-0.0041322134146735134,4119.2099609375,0.025643513299981047
2023-02-02,148.1751708984375,148.52884341135578,145.57163330132713,146.2888275489756,118339000,135.59964599609376,136.32725967407225,0.037062446255586856,0.22786778047397446,83.39083298134533,3.059297206669214,1.5661876664091667,101.75,-0.0008837032710805603,4179.759765625,0.029388472647811303
2023-02-03,151.79066467285156,154.62016535520215,145.23763259886508,145.4341223704264,154357300,137.04779815673828,136.45478408813477,0.024400132306189093,0.22175253153085925,84.75352827073581,3.7527734011258644,2.003504813352506,102.91999816894533,0.009712526840042424,4136.47998046875,0.01619431255800552
2023-02-06,149.06922912597656,150.41521473457135,148.13589150827315,149.8945101165513,69858300,138.13391342163087,136.4852409362793,-0.01792887298267254,0.22153437998096262,76.32540290839789,4.036233983913803,2.410050647464766,103.62000274658205,0.013101329519730198,4111.080078125,0.02322434040279786
2023-02-07,151.93800354003906,152.50783427872634,147.99832954313612,147.99832954313612,83322600,139.33743209838866,136.55558456420897,0.019244578045266136,0.22449978897282954,80.20507103160526,4.441169619027136,2.81627444177724,103.43000030517578,0.013026462790709958,4164.0,0.021439410354230803
2023-02-08,149.2559051513672,151.86926257026718,148.51905726950346,151.18154087876945,64120100,140.37835159301758,136.63044845581055,-0.01765258412102988,0.24306482476611665,73.88811765361261,4.493858696797076,3.1517912927812075,103.41000366210938,0.021636064167111613,4117.85986328125,-0.0003277564554982071
2023-02-09,148.2242889404297,151.62361983119905,147.78218328763404,151.08326181502397,56007100,141.23211212158202,136.76111587524414,-0.006911727947321644,0.24283447283887255,69.51947154882963,4.401633077689638,3.4017596497628935,103.22000122070312,0.014447186444256799,4081.5,-0.023508472049782347
2023-02-10,148.58836364746094,148.9130734935689,146.8270751036462,147.0632318137508,57450700,142.10800476074218,136.95899490356445,0.00245624188608895,0.24193221470949045,66.64536682512252,4.308258474360798,3.5830594146824746,103.62999725341795,0.006898553217103087,4090.4599609375,-0.011125406081630485
2023-02-13,151.38284301757812,151.78625678187208,148.49982115470684,148.52933886882354,62199000,143.05730743408202,137.07796890258788,0.018806852040899713,0.2456398193546252,68.13676997223354,4.408926202424624,3.7482327722309043,103.3499984741211,-0.002605715743139725,4137.2900390625,0.00637544402916479
2023-02-14,150.74325561523438,151.30412220458746,148.44078385852455,149.68057287811524,61707600,143.9166633605957,137.17865005493164,-0.004224966248450479,0.24859798232168734,68.1774231002648,4.386531539012196,3.875892525587163,103.2300033569336,-0.0019336454379975665,4136.1298828125,-0.0066931117164985565
2023-02-15,152.83909606933594,153.0063681105949,150.42838780610393,150.6546952720313,65573800,144.9166717529297,137.33107345581055,0.013903377935866601,0.2461154439240998,68.21059567211887,4.486186451036048,3.99795131067694,103.91999816894533,0.004931771480275238,4147.60009765625,0.007222255094252228
2023-02-16,151.24505615234375,153.8230360580732,150.89082864502956,151.0482514150965,68167900,145.8340301513672,137.47480117797852,-0.010429529864983245,0.252976234547136,62.712993470080775,4.385979149972343,4.075556878536021,103.86000061035156,0.00620034278317827,4090.409912109375,0.0021829994142779086
2023-02-17,150.10369873046875,150.5464794908576,148.4309630722788,149.90690894964015,59144100,146.56660003662108,137.66879684448242,-0.00754641143922985,0.253117402163085,66.44006873627154,4.1664380325794355,4.093733109344704,103.86000061035156,0.0022194669789592503,4079.090087890625,-0.0027796074660193515
2023-02-21,146.0989532470703,148.87373860585663,146.0300835825423,147.79137232815333,58867200,146.9397750854492,137.82140701293946,-0.02667985877276413,0.26744695194313495,56.786648599293315,3.6274852321562605,4.0004835339070155,104.18000030517578,0.008030980583541236,3997.340087890625,-0.03382647816578688
2023-02-22,146.5220489501953,147.54536466728035,144.80011234851025,146.4826819914061,51011300,147.26434936523438,137.94887924194336,0.0028959530080239215,0.2660574783171048,55.82363845111539,3.197641125724658,3.839915052270544,104.58999633789062,0.01317439636473372,3991.050048828125,-0.03507622780107744
2023-02-23,147.0042266845703,147.92915531660412,144.87887569494612,147.6831642980462,48394200,147.64594497680665,138.09562271118165,0.003290820308818443,0.26473711516471976,47.787232447426625,2.862892643647484,3.6445105705459317,104.5999984741211,0.006543498048087626,4012.320068359375,-0.03261645918402789
2023-02-24,144.3573455810547,144.8296440334222,143.38321594733068,144.75092512234477,55469600,147.7920364379883,138.1436454772949,-0.01800547619079751,0.27056023798895495,35.41926315424004,2.3568525466553467,3.386978965767815,105.20999908447266,0.01299825212967054,3970.0400390625,-0.02942733751219606
2023-02-27,145.5479278564453,146.7778826433076,145.08546365545735,145.3413038601465,44998500,147.90088806152343,138.19622360229494,0.008247465832780465,0.26789786657521314,42.65150936186473,2.028498890961515,3.115282950806555,104.66999816894533,0.007798936586112859,3982.239990234375,-0.023743064156333205
2023-02-28,145.04611206054688,146.68932985809187,144.47541123636594,144.69188448050687,50547000,148.12857971191406,138.2831736755371,-0.0034477701145521067,0.25691386025644414,34.04092633697482,1.7080940671301619,2.8338451740712762,104.87000274658205,0.006623175651612856,3970.14990234375,-0.006802069613552231
2023-03-01,142.97976684570312,144.8689754008769,142.68457472462396,144.47539591550134,55479000,148.18958282470703,138.4606428527832,-0.014246126183521501,0.2613804790035239,35.040171670697774,1.2727625319798506,2.521628645652991,104.4800033569336,-0.0010516587131496058,3951.389892578125,-0.009937273590854945
2023-03-02,143.5701446533203,144.35731860288683,141.59236804059648,142.06468141879296,52238100,148.22410507202147,138.68902236938476,0.004129100366027982,0.26031569481714356,38.66799721802813,0.9642820656522701,2.210159329652847,105.02999877929688,0.004110901639087228,3981.35009765625,-0.0077187188896893355
2023-03-03,148.6080322265625,148.68675112203792,144.96736964186593,145.66597544130724,70732300,148.24574813842773,139.06020889282226,0.035090077992240065,0.25669718815140474,50.039010696012554,1.11348889057561,1.9908252418373995,104.5199966430664,-0.00655833520968141,4045.639892578125,0.01904259220858573
2023-03-06,151.36312866210938,153.79352005595112,150.9990669195326,151.32376170858595,87558000,148.22437133789063,139.48787307739258,0.01853935076232327,0.25014952198672663,49.9608373294211,1.437479265182219,1.8801560465063634,104.3499984741211,-0.003057224614714582,4048.419921875,0.016618770290820706
2023-03-07,149.16893005371094,151.55995507278075,148.70646582947896,151.2352451910372,56182000,148.22935638427734,139.8097575378418,-0.01449625564556467,0.24716973306942616,47.05452112094635,1.4999005612532699,1.8041049494557448,105.62000274658205,0.00715171145568072,3986.3701171875,0.004085542169119272
2023-03-08,150.4185333251953,151.00891757952724,149.39521763366128,150.35949790258118,47204800,148.15338287353515,140.21990463256836,0.008377101525327335,0.2389057522497606,45.32316324617295,1.6313967030654908,1.769563300177694,105.66000366210938,0.011294030123109478,3992.010009765625,0.010279956747319963
2023-03-09,148.17510986328125,152.06176399701366,147.82088228318355,151.09748364556307,53833600,148.09934310913087,140.5924528503418,-0.014914541528362912,0.23646778528756635,44.213672381899,1.5368667750099405,1.7230239951441435,105.30999755859376,0.0026658933880905344,3918.320068359375,-0.0158313204694005
2023-03-10,146.11862182617188,148.5194958597798,145.242894659562,147.80120650188752,68572400,147.99405975341796,140.95982971191407,-0.013878768431532573,0.24032941890256815,42.73928181815149,1.2812403865359272,1.6346672734225005,104.58000183105467,0.0005741024676184647,3861.590087890625,-0.04549337300760414
2023-03-13,148.0570526123047,150.68423448355665,145.33146834316847,145.43970497520198,84457100,147.96749420166014,141.44437622070313,0.013266144738477204,0.2451711033754531,53.858110432044874,1.2209949268072364,1.5519328040994478,103.5999984741211,-0.007187350368634604,3855.760009765625,-0.0475889151390565
2023-03-14,150.14300537109375,150.94001350209345,147.69294556307145,148.85401542944305,73695900,147.90550231933594,141.90049362182617,0.014088844279855017,0.2408886797543112,56.695738539371185,1.326280385819956,1.5068023204435494,103.5999984741211,-0.01912520564222686,3919.2900390625,-0.01682735826153714
2023-03-15,150.53660583496094,150.7924309816341,147.51583019026037,148.7654682431246,77167900,147.89516983032226,142.3581950378418,0.002621503831592875,0.24063567357880744,56.55341289971917,1.425053014519392,1.490452459258718,104.6500015258789,-0.009558982597240528,3891.929931640625,-0.025070096988778823
2023-03-16,153.35076904296875,153.9509875803486,149.20827470890512,149.71994010489203,76161100,147.9207534790039,142.96767547607422,0.01869421189881937,0.24486015197679573,66.58203930558298,1.7106907087031118,1.534500109147597,104.41999816894533,-0.008451233598721242,3960.280029296875,0.01070866090708833
2023-03-17,152.51437377929688,154.22647602550626,151.80591871287191,153.5770563789343,98944600,147.98421936035157,143.53508026123046,-0.005454131524032402,0.24260048724133143,63.01469049727165,1.8482648844378389,1.5972530642056455,103.70999908447266,-0.008319016364022214,3916.639892578125,0.014255734926430508
2023-03-20,154.8759307861328,155.2892088870571,151.678047720229,152.58330783129233,73641400,148.22283096313475,144.17604644775392,0.015484160268417257,0.2461808186595933,67.17087688865598,2.123374385807381,1.7024773285259927,103.27999877929688,-0.003088800188584484,3951.570068359375,0.02484855342425063
2023-03-21,156.72576904296875,156.84383990664745,154.02970254755692,154.79720820376127,73938300,148.7541717529297,144.7636233520508,0.011944000900891316,0.2243781595677653,74.1947335796339,2.462283464225635,1.8544385556659213,103.26000213623048,-0.003281817981643509,4002.8701171875,0.0213253107812843
2023-03-22,155.2990264892578,159.5399085601911,155.27934300701256,156.7454546452784,75701800,149.19302062988282,145.31225128173827,-0.009103433101162683,0.22888307524738227,70.05391094362935,2.585936088739061,2.0007380622805493,102.3499984741211,-0.02197805081913018,3936.969970703125,0.011572674702166053
2023-03-23,156.38136291503906,158.9593583364734,155.15140813839363,156.28297554136526,67622100,149.66187744140626,145.87112823486328,0.006969370318983481,0.22931470887755145,65.3697089719616,2.7396857961695673,2.1485276090583527,102.52999877929688,-0.018099975318813355,3948.719970703125,-0.0029190003000374443
2023-03-24,157.68023681640625,157.76878997628896,155.31872913493615,156.31252740651905,59196500,150.32802200317383,146.4017514038086,0.008305810086032261,0.21566444060370454,63.25363612382414,2.932537350576979,2.305329557362078,103.12000274658205,-0.0056889050535046115,3970.989990234375,0.01387671553855152
2023-03-27,155.74180603027344,158.19188156427322,155.33837722493854,157.37518971960662,52390300,150.83771591186525,146.8951773071289,-0.01229342893738683,0.22313995245954218,63.93985758537176,2.8955799888903755,2.4233796436677375,102.86000061035156,-0.004066597346140788,3977.530029296875,0.0065695307152375815
2023-03-28,155.12191772460938,155.94845889069038,153.47869965551462,155.43679340961148,45992200,151.34150619506835,147.34967987060546,-0.003980230623135128,0.22336721582053037,60.248756979831725,2.7841769490671027,2.4955391047476105,102.43000030517578,-0.008037979991126543,3971.27001953125,-0.007894359979497168
2023-03-29,158.19186401367188,158.46737267599335,156.7946372221569,156.8143056879684,51305700,152.10211105346679,147.8423944091797,0.019790538526687218,0.22024133511524926,71.06781671463526,2.9100628531869575,2.5784438544354797,102.63999938964844,0.002833423740603802,4027.81005859375,0.02307360446399387
2023-03-30,159.7563934326172,159.86463007168524,158.68387629082392,158.93970152221254,49501700,152.91142349243165,148.3807437133789,0.009890075123017095,0.220832612447334,79.28988420571756,3.100334066721672,2.6828218968927184,102.13999938964844,-0.0038037588441597325,4050.830078125,0.025859039936856565
2023-03-31,162.255615234375,162.3540176143248,159.31357325147573,159.8350728342002,68749800,153.59380264282225,148.96789825439453,0.01564395482433034,0.19555269605708117,79.7770204323269,3.4134436334008456,2.828946244194344,102.51000213623048,-0.005915444085573207,4109.31005859375,0.03483264090303373
2023-04-03,163.50527954101562,163.62335040456196,161.58655293789977,161.63575413574327,56976200,154.20091018676757,149.52895782470702,0.007701824709336114,0.1888847665609175,79.04187128731259,3.719546074680352,3.007066210291546,102.08999633789062,-0.0074859446615971326,4124.509765625,0.03695251456193471
2023-04-04,162.9739227294922,164.16451047380076,162.46225736922722,163.92836877990578,46278300,154.89115982055665,150.0157272338867,-0.003249783817470875,0.17825049181598707,76.87064513917093,3.8745944972743303,3.180571867688103,101.58999633789062,-0.008200761151835212,4100.60009765625,0.03256642773947305
2023-04-05,161.1339111328125,162.40323287933546,159.20535043705326,162.0982064947886,51511700,155.4269287109375,150.43779418945311,-0.01129022094984966,0.18606920306055255,67.55427592862048,3.805134706725056,3.3054844354954938,101.8499984741211,-0.007696813330330343,4090.3798828125,0.01553445254580721
2023-04-06,162.01951599121094,162.3147081943001,159.40216814543908,159.82526545905753,45390100,156.119149017334,150.89073822021484,0.005496079950970012,0.17290015866369873,71.3906319643371,3.7779978258339213,3.399987113563179,101.81999969482422,-0.003132951798868411,4105.02001953125,0.013377490628126543
2023-04-10,159.43167114257812,159.43167114257812,157.51294452082058,158.8314525568901,47716900,156.7848014831543,151.25066131591797,-0.015972426733907752,0.17598918571126576,60.14899630092684,3.507244864836423,3.421438663817828,102.58000183105467,0.0006828572174952807,4109.10986328125,-4.871749993196062e-05
2023-04-11,158.2213592529297,159.7563401575787,157.93600138413825,159.7465059260698,47644200,157.29301681518555,151.54767059326173,-0.007591414434626742,0.1776613479712512,53.42950335095175,3.15859877753212,3.368870686560687,102.1999969482422,0.001077486671539285,4108.93994140625,-0.0037749514738730783
2023-04-12,157.5326385498047,159.46119953470492,157.21776287074414,158.6346733983191,50133100,157.6624984741211,151.88847778320311,-0.004352893353823495,0.17496411766825143,55.301275504660914,2.7945069005910455,3.2539979293667587,101.5,-0.0008858779519126392,4091.949951171875,-0.0021094830703728418
2023-04-13,162.905029296875,163.14118599216286,158.8314201412513,159.03805912639,68445600,158.2809196472168,152.31138427734376,0.034103350242380426,0.20792551804156145,62.863743340737024,2.9059702828041907,3.184392400054245,101.01000213623048,-0.008247386848062144,4146.22021484375,0.01365162494219363
2023-04-14,162.5606689453125,163.65286938363687,161.19295983913122,161.9506011686896,49386500,158.74141464233398,152.70500366210936,-0.0021138718248835398,0.20148988907284396,59.99994997586335,2.932712331617978,3.134056386366992,101.5500030517578,-0.0026517054004679963,4137.64013671875,0.00794639661494867
2023-04-17,162.58030700683594,162.73774479162446,161.3995536491091,162.44255269866937,41516200,159.24471130371094,152.99310638427735,0.00012080450733154002,0.19934919463011483,65.20782800964793,2.921809425122177,3.0916069941180293,102.0999984741211,-0.004679307353923856,4151.31982421875,0.010272288242932026
2023-04-18,163.80044555664062,164.72537387764507,162.99358808032773,163.4363837761115,49923000,159.69093704223633,153.23330200195312,0.007504836054672781,0.1948285049542664,68.79792387177291,2.9773032781355937,3.0687462509215426,101.75,-0.004403101386295516,4154.8701171875,0.011178108328721681
2023-04-19,164.94183349609375,165.46333303592274,162.88533803142178,163.14117819260926,47720200,160.10174026489258,153.55075408935548,0.006968161384264704,0.19254411751659006,65.95346596212131,3.077902875773276,3.07057757589189,101.97000122070312,0.004630553898552936,4154.52001953125,0.015291015067634417
2023-04-20,163.97755432128906,165.17799130758831,162.9050374280842,163.4265370188754,52456400,160.53566665649413,153.79154510498046,-0.005846177130239827,0.19024548435937566,60.26800030881427,3.0447218528465783,3.065406431282828,101.83999633789062,0.008216950639608367,4129.7900390625,-0.003962687684177735
2023-04-21,162.37368774414062,163.78074857435575,161.85218820428946,162.40320545287983,58337300,160.8352828979492,154.05390075683593,-0.009781012918426035,0.19460649447708006,50.300292608719275,2.8560838674438003,3.023541918515023,101.81999969482422,0.002658755637149568,4133.52001953125,-0.0009957649895496745
2023-04-24,162.67872619628906,162.94440060882783,161.26181601487568,162.3540163618739,41949600,161.08520736694337,154.34298950195313,0.001878619968458839,0.19315547712231698,47.79172982047333,2.7000761614740725,2.958848767106833,101.3499984741211,-0.007345739580888466,4137.0400390625,-0.0034398181207195844
2023-04-25,161.1437225341797,163.64298346512717,161.10435558239553,162.5409490406581,48714100,161.35530319213868,154.5940966796875,-0.009435798386183802,0.19067354197894987,45.3592028959713,2.424627368520703,2.852004487389607,101.86000061035156,0.0010810870796222893,4071.6298828125,-0.020034377014737315
2023-04-26,161.1339111328125,162.6295403559192,160.1893142654478,160.44513945575562,45498800,161.65590286254883,154.7891180419922,-6.0886029023654586e-05,0.18960929705655782,50.0,2.1804061526387954,2.717684820439445,101.47000122070312,-0.004903402902955767,4055.989990234375,-0.023716344808465295
2023-04-27,165.70938110351562,165.85696969810766,162.54101581741398,162.54101581741398,64902300,162.03177871704102,155.0884405517578,0.028395450334050665,0.20236664519630268,58.54995887997974,2.3292115663186053,2.639990169615277,101.5,-0.0033385344669747408,4135.35009765625,0.0013463296054179175
2023-04-28,166.95896911621094,167.12625617335198,165.1878463008649,165.78806481489534,55275900,162.39190750122071,155.37083801269532,0.007540840502655133,0.20138289084980693,68.59509864306882,2.518935517464314,2.6157792391850845,101.66999816894533,-0.0014732029692445803,4169.47998046875,0.008699597623232913
2023-05-01,166.8704071044922,167.71661652166532,165.93564455408003,166.56538074727197,52472900,162.62264709472657,155.68334503173827,-0.0005304417737337364,0.19524056177075283,72.61986664900147,2.6318090450058946,2.618985200349247,102.1500015258789,0.007893468809100135,4167.8701171875,0.0074522068517342
2023-05-02,165.83724975585938,167.6182368189597,164.85328597063295,167.3623966257795,48425700,162.73924560546874,155.9980160522461,-0.0061913754904778795,0.1955910545415559,71.3346927927483,2.6078334841289177,2.6167548571051813,101.95999908447266,0.0009817246566061755,4119.580078125,0.011776658658222194
2023-05-03,164.76473999023438,168.17909567440717,164.47939708632646,166.78186884038578,65136000,162.82878646850585,156.37133178710937,-0.006467242837202791,0.1967998801749059,56.13247325678518,2.47377397810277,2.588158681304699,101.33999633789062,-0.0012812149526807426,4090.75,0.008570043281496353
2023-05-04,163.13137817382812,164.36133312270948,161.6751157183002,162.24581661627295,81235400,162.92865982055665,156.70351837158202,-0.009913297083484318,0.19575267751299755,51.73448737045371,2.210253776025894,2.5125777002489382,101.4000015258789,-0.0009852066415870775,4061.219970703125,-0.017925961575814053
2023-05-05,170.78660583496094,171.504895212846,168.02165491497223,168.23812815446027,113453200,163.36701431274415,157.17916595458985,0.04692676385640304,0.2554047856869197,67.03442054691777,2.5892774336796833,2.5279176469350877,101.20999908447266,-0.004524432898172059,4136.25,-0.007969814131357
2023-05-08,170.71771240234375,171.06210572406735,169.35000337616833,169.7140651629481,55962800,163.93131637573242,157.70637329101564,-0.00040338896765568233,0.24606881662702204,65.0793935910332,2.8512300832716733,2.592580134202405,101.37000274658205,-0.007635817598096173,4138.1201171875,-0.007137938362646312
2023-05-09,169.0154571533203,170.75706217667226,168.84818511789587,170.27492954930042,45326900,164.47102127075195,158.17572387695313,-0.009971169511758693,0.2476363217688992,58.66838192844864,2.8881785486051683,2.651699817082958,101.63999938964844,-0.0031384827157472373,4119.169921875,-9.956263556520906e-05
2023-05-10,170.7767791748047,171.23924342814053,169.14339542958015,170.24544525293916,53724500,165.13322830200195,158.69033721923827,0.010421070659156317,0.24703911654271202,63.993590999763846,3.0247173815791086,2.7263033299821884,101.4800033569336,0.0013815573722357755,4137.64013671875,0.0114624791832183
2023-05-11,170.96372985839844,171.7902559418124,169.40906507439723,171.06213225532295,49514700,165.53616333007812,159.2500164794922,0.0010947078665910492,0.22030930010928537,68.77428253751641,3.1121359818130827,2.8034698603483674,102.05999755859376,0.006508836516599281,4130.6201171875,0.017088497295151273
2023-05-12,170.0374755859375,171.50559963616618,168.49050872766975,171.0720544011138,45533100,165.91000366210938,159.77936309814453,-0.005417840808855212,0.22153713022686514,65.65800145325713,3.071271171295109,2.857030122537716,102.68000030517578,0.01452426868886958,4124.080078125,-0.0029422597461469246
2023-05-15,169.54486083984375,170.66813061172948,168.95365989259247,170.61886136031444,37266700,166.25823135375975,160.19809967041016,-0.0028970951515024934,0.22219640601688775,68.70579441792515,2.964957437767339,2.8786155855836406,102.43000030517578,0.010456718258592401,4136.27978515625,-0.0004447265857765448
2023-05-16,169.54486083984375,170.5991506527755,169.2788189100942,169.4660330445526,42110300,166.54545211791992,160.56173431396485,0.0,0.22141138017822382,68.73582627706263,2.8478745133479606,2.872467371136505,102.55999755859376,0.00905153654535562,4109.89990234375,-0.0022504581522654332
2023-05-17,170.15574645996094,170.39221479568312,167.91905489711874,169.19013234108013,57951600,166.80614776611327,160.98147064208985,0.003603091341672915,0.22069376021249304,62.02917910946831,2.7724200834179555,2.8524579135927954,102.87999725341795,0.01379576123544446,4158.77001953125,0.005106747352189078
2023-05-18,172.48114013671875,172.66835428782517,170.04738624206732,170.4612209279976,65496700,167.23132705688477,161.42272277832032,0.013666265907187558,0.22276548169312266,64.11786413963188,2.867210323830477,2.855408395640332,103.58000183105467,0.01489324229689748,4198.0498046875,0.01632434975548236
2023-05-19,172.58949279785156,173.80143807257875,172.3727201425523,173.80143807257875,55809500,167.74211730957032,161.91101043701173,0.0006282000515935859,0.2180934596328102,64.6065112508866,2.9174449373058167,2.8678157039734296,103.1999969482422,0.00506424465836508,4191.97998046875,0.016464254102122267
2023-05-22,171.64361572265625,172.14614110589002,170.9046219565987,171.42684301515672,43570900,168.19036178588868,162.4215103149414,-0.005480502085391636,0.22021356586262048,64.89583414886204,2.84810072320613,2.86387270781997,103.1999969482422,0.0075172961121967585,4192.6298828125,0.013623376701564549
2023-05-23,169.04232788085938,170.83562631420236,168.7664381272472,170.5892951031298,50747300,168.58529205322264,162.8412158203125,-0.01515516805472139,0.22529708841041415,60.17568313151552,2.5538040812102736,2.8018589824980307,103.48999786376952,0.009067865905948658,4145.580078125,0.008681519411434468
2023-05-24,169.31822204589844,169.8897122746601,168.0176010356781,168.57922839342694,45143500,168.99450759887696,163.2247201538086,0.0016321010749065223,0.2251229935282494,65.73363021209654,2.3161352599778127,2.7047142379939872,103.88999938964844,0.009817283856866865,4115.240234375,-0.010466985419202435
2023-05-25,170.45135498046875,171.34798918728478,169.17042964019168,169.87986475065702,56058300,169.23160629272462,163.62301513671875,0.006692327151079702,0.2043276841169813,48.72422583136392,2.1939251610863835,2.6025564226124667,104.20999908447266,0.006082228637585452,4151.27978515625,-0.011140892011101688
2023-05-26,172.8555145263672,173.1905363695113,170.56956891324683,170.7764937271046,54835000,169.52643356323242,164.0131100463867,0.01410466667263477,0.20819795440343453,56.907553181104184,2.264959319051286,2.535037001900231,104.20999908447266,0.009786842694743392,4205.4501953125,0.0032133299554173433
2023-05-30,174.69808959960938,176.36329091292328,173.978806707213,174.36308277683443,55964400,169.91781768798828,164.45678436279297,0.010659625631793901,0.21030290334347682,68.19641853761024,2.4417874051337094,2.5163870825469266,104.16999816894533,0.009399236912667863,4205.52001953125,0.0030744752289231236
2023-05-31,174.64881896972656,176.7180070419873,174.16600441023556,174.72764675708407,99625300,170.35839614868163,164.85224212646483,-0.00028203302048546153,0.2081447879317738,63.92554690689742,2.5485708707046797,2.5228238401784773,104.31999969482422,0.008020116418857137,4179.830078125,0.0082618112193098
2023-06-01,177.4471893310547,177.4767478805457,174.33355848248115,175.0922630007751,68901800,170.99251861572264,165.26667053222656,0.01602284159627332,0.21034511750903878,69.63010941857178,2.8264214110647288,2.5835433543557276,103.55999755859376,-0.003176454259249506,4221.02001953125,0.02570440099041149
2023-06-02,178.29452514648438,179.11234656032465,176.62932377666553,178.37335293714096,61996900,171.75067596435548,165.7265805053711,0.004775143627937961,0.20401408817476788,75.12009165402462,3.079494390514242,2.6827335615874306,104.0199966430664,-0.001823264975295058,4282.3701171875,0.03157829363850406
2023-06-05,176.94459533691406,182.23578368352,175.42718701740114,179.94983840555687,121946500,172.05857543945314,166.1378451538086,-0.00757134751311761,0.13324981646252518,71.39583456501003,3.134990279741004,2.7731849052181454,104.0,-0.00201515292503196,4273.7900390625,0.01625030390947768
2023-06-06,176.58006286621094,177.4766970018392,174.82617090162998,177.328904296753,64848400,172.3516929626465,166.51584167480468,-0.0020601503538948407,0.1337430365324114,69.92185238284122,3.1136640667458835,2.841280737523693,104.12999725341795,-0.0003839965079244223,4283.85009765625,0.018625539234439437
2023-06-07,175.21046447753906,178.5507149734009,174.71780207381394,175.82136104700194,61944600,172.66144332885742,166.90521484375,-0.007756245900249703,0.13138463995457542,63.72392890167472,2.952216432206143,2.863467876460183,104.0999984741211,-0.002108907413216232,4267.52001953125,0.020979307715204065
2023-06-08,177.9200897216797,178.1861165677113,174.85572927872582,175.2892595209165,50214900,173.01860885620118,167.3611782836914,0.015464973808616334,0.1368627017447248,64.46533606369104,3.008235069267954,2.8924213150217377,103.33999633789062,-0.0021243841820164366,4293.93017578125,0.01727311311309454
2023-06-09,178.30438232421875,179.55573399442156,177.9792233362159,178.83645110058313,48900000,173.3856414794922,167.76342864990235,0.0021599168657131518,0.13681257588814458,64.97935859256077,3.048498253843462,2.923636702786083,103.55999755859376,-0.004422217836163589,4298.85986328125,0.003850612077542559
2023-06-12,181.0928192138672,181.1913576973854,178.31421139002148,178.60981180571443,54274900,173.93840866088868,168.19015716552735,0.015638633517027545,0.14171479719501393,72.58582066961313,3.267742173082894,2.992457796845445,103.62999725341795,-0.003557718717135061,4338.93017578125,0.015241772787939478
2023-06-13,180.6198883056641,181.4475575367352,179.76266053311636,180.11737806569877,54929100,174.49216003417968,168.55744262695313,-0.002611538713992667,0.14155559246063606,80.8076321211084,3.3645485653017886,3.066875950536714,103.33999633789062,-0.007586679500285909,4369.009765625,0.01987923620748111
2023-06-14,181.25048828125,181.68403358526143,179.34881869349235,180.67899811094972,57462900,175.07744140625,168.91234680175782,0.0034913097416977568,0.14104824518347522,81.16321942051843,3.452355867055047,3.1439719338403807,103.01000213623048,-0.010470666223511782,4372.58984375,0.02462081577540931
2023-06-15,183.28028869628903,183.7828140435399,181.0830182656412,181.26038457492544,65433200,175.7336685180664,169.31847412109374,0.011198868672228635,0.1437577908686209,82.00598886737627,3.6437290754169283,3.2439233621556904,102.12000274658205,-0.01180562835825505,4425.83984375,0.030720030966677303
2023-06-16,182.20626831054688,184.245897953939,181.56581317602516,183.98970387223915,101256200,176.2199249267578,169.73992126464844,-0.005859988509303915,0.14261760194790873,74.98689108797869,3.666464531818832,3.328431596088319,102.3000030517578,-0.012166807034956428,4409.58984375,0.025757987929439397
2023-06-20,182.29493713378903,183.3689525999345,181.7037512704965,181.7037512704965,49799100,176.7051971435547,170.1454296875,0.00048663980698537834,0.14264687255054287,72.39978368086278,3.6495674361892725,3.3926587641085098,102.54000091552734,-0.010518154653860745,4388.7099609375,0.011472824668649295
2023-06-21,181.26036071777344,182.68907870149724,179.91045548906328,182.1865534203878,49515700,177.18603439331054,170.5820034790039,-0.00567528880550483,0.14279802945966347,68.42402461446372,3.512208146470414,3.416568640580891,102.06999969482422,-0.012289497658911297,4365.68994140625,-0.000759857358266891
2023-06-22,184.2557373046875,184.3050065515812,180.97460392176268,181.0435838743865,51245300,177.94670486450195,171.10269104003908,0.01652527102479917,0.13407258836576982,68.76695505150147,3.603512725316648,3.4539574575280425,102.38999938964844,-0.006018859661434561,4381.89013671875,0.0021269529732004244
2023-06-23,183.9404296875,184.8075203379306,182.29493904669715,182.8270228675936,53117000,178.67781524658204,171.63084686279296,-0.001711249927952574,0.13548985880468972,66.03249048042457,3.608829235288738,3.484931813080182,102.9000015258789,0.007638060696418814,4348.330078125,-0.017513007330000052
2023-06-26,182.55113220214844,185.2903339778169,182.51171079012911,184.0882365039062,48088700,179.282804107666,172.02376892089845,-0.007552975100209691,0.14130393264992616,65.88518293705778,3.4610411831842214,3.48015368710099,102.69000244140624,0.003812310635524785,4328.81982421875,-0.018316900753418297
2023-06-27,185.30018615722656,185.6253451571229,182.94526040179292,183.1620330683905,50730800,179.905037689209,172.4785592651367,0.015059090140476128,0.14229357291284778,71.76593362228554,3.5251085099098987,3.489144651662772,102.48999786376952,-0.0004876443467073388,4378.41015625,-0.002346886620254063
2023-06-28,186.47268676757807,187.1131417649888,184.84690713731368,185.172051035478,51216800,180.49376754760743,172.95640686035156,0.006327573839330247,0.1402265705854929,78.39050430311288,3.628664344382173,3.5170485902066524,102.91000366210938,0.008229685214035998,4376.85986328125,0.002558569670525479
2023-06-29,186.80772399902344,187.2806907250245,186.1672688971672,186.3052137668684,46347300,181.10171279907226,173.4165524291992,0.0017967094122635086,0.13971481002311678,75.45156136934897,3.695172149461399,3.552673302057602,103.33999633789062,0.009278220079159682,4396.43994140625,0.003320440319938056
2023-06-30,191.1234588623047,191.62596911406445,188.45322195229383,188.8178023638345,85213200,181.78552627563477,173.94018493652345,0.023102550424006107,0.1500697479275034,79.96323568749074,4.049444326016442,3.6520275068493704,102.91000366210938,9.720248865052739e-05,4450.3798828125,0.02346873463007748
2023-07-03,189.63558959960935,191.0347488046626,188.9458503136462,190.93621032527895,31458200,182.35257949829102,174.45334564208986,-0.007784859438773939,0.1554698500082883,71.26043067771786,4.162170057905627,3.754056017060622,102.98999786376952,0.002921369317665068,4455.58984375,0.029285122661377727
2023-07-05,188.52218627929688,190.14796610334872,187.8225990912436,188.75866963191964,46920300,182.93145904541015,174.97631561279297,-0.005871278290447868,0.1540277378918672,69.0589065707475,4.11423730311688,3.826092274271874,103.37000274658205,0.008586251352861174,4446.81982421875,0.015624316938671834
2023-07-06,188.99514770507807,189.20207252866172,186.42344937265383,187.05405664400223,45094300,183.5522132873535,175.50264404296874,0.002508783900269984,0.15279995699718993,68.8218305555391,4.067526371898964,3.8743790937972924,103.16999816894533,0.002526425979826108,4411.58984375,0.007934908028495391
2023-07-07,187.88172912597656,189.84253092683244,187.4481988352347,188.60102706839623,46815000,184.1857765197754,176.0374041748047,-0.0058912548423675215,0.15112054838202735,61.704195439415955,3.895756195866568,3.878654514211148,102.2699966430664,-0.01035416811246681,4398.9501953125,0.000570974229082033
2023-07-10,185.84213256835935,187.20188576037836,184.29516523716504,186.4825877482977,59922200,184.58187866210938,176.53156860351564,-0.0108557472145131,0.1524486801768849,58.815155497152865,3.5540794813205423,3.813739507633027,101.97000122070312,-0.009134218326263155,4409.52978515625,-0.009179013641962164
2023-07-11,185.3199005126953,186.52199803845545,183.86162393721372,186.3840531601648,46638100,184.9326545715332,176.9237789916992,-0.0028100842820018013,0.15349360805357928,57.18301387731451,3.2042221822207466,3.691836042550571,101.7300033569336,-0.012234144411796044,4439.259765625,-0.0036650766111038235
2023-07-12,186.985107421875,188.88677723101011,185.7041820658704,186.8964167558296,60750200,185.2272689819336,177.3243017578125,0.008985580634205181,0.14733203996191124,63.198569738946475,3.0264391265959603,3.5587566593596494,100.5199966430664,-0.02757092026496899,4472.16015625,0.005698529068625335
2023-07-13,187.7437896728516,188.38425984411805,186.99494820191867,187.70438329432412,41342300,185.58346405029297,177.74176940917968,0.004057447469679287,0.14667819566702056,58.966576318256635,2.9131827340721657,3.429641874302153,99.7699966430664,-0.03295533184280253,4510.0400390625,0.02231626211851423
2023-07-14,187.89161682128903,188.3744164237048,186.847174781534,187.4383607296714,41616200,185.91552047729493,178.18285675048827,0.0007873876877366737,0.14662180555453322,60.24535517785204,2.8030429086473987,3.3043220811712026,99.91000366210938,-0.023076103045096108,4505.419921875,0.024203439874348476
2023-07-17,191.14317321777344,191.46833222271863,188.99515722491665,189.08383285312055,50520200,186.30866470336915,178.71042541503905,0.017305489470438085,0.15324371951747975,70.31687935319445,2.944190929944142,3.2322958509257904,99.83999633789062,-0.020888544251385643,4522.7900390625,0.02568533594840816
2023-07-18,190.88699340820312,191.4781943768324,189.5962201627232,190.5125801606121,48288200,186.74270095825196,179.26553771972655,-0.001340250898097417,0.1509341516100314,64.97626373230833,3.000788956920985,3.1859944721248294,99.94000244140624,-0.017595604604935478,4554.97998046875,0.026067457403555983
2023-07-19,192.2368927001953,195.3209493925712,189.8228346836756,190.26624291356023,80507300,187.23979873657225,179.69454345703124,0.00707171959644981,0.15165118314540446,65.30623159972694,3.1186193893048255,3.172519455560829,100.27999877929688,-0.0023875633882254332,4565.72021484375,0.020920551886541183
2023-07-20,190.2957763671875,193.58675746858663,189.6750169550875,192.2270044839344,59581200,187.69156951904296,180.08610473632814,-0.010097522414883708,0.15565076245630594,58.53421968485892,3.0205499705701016,3.1421255585626837,100.87999725341795,0.011125595346290762,4534.8701171875,0.005505511682810216
2023-07-21,189.12322998046875,192.10876269219432,188.42364281090323,191.25153499324207,71951700,187.93494415283203,180.48826019287108,-0.006161704737241536,0.14919875201048247,44.216482937594435,2.815756270107272,3.0768517008716016,101.06999969482422,0.011610409270305766,4536.33984375,0.006862827974119634
2023-07-24,189.9213714599609,192.04967681854123,189.42870901778204,190.57168949200457,45377800,188.23399124145507,180.87115203857422,0.004220219163846739,0.1490721121060549,50.86064522888505,2.6868863804151886,2.9988586367803194,101.3499984741211,0.015124220669241017,4554.64013671875,0.007042134916979803
2023-07-25,190.778564453125,191.5865379274597,190.0888401670233,190.49282690419068,37283200,188.6453628540039,181.26744873046874,0.004513409873647678,0.14530539307314408,56.90169216867924,2.6236802226419798,2.9238229539526515,101.3499984741211,0.014108425037727246,4567.4599609375,0.0027398540766947477
2023-07-26,191.64566040039065,192.7689299936308,190.4829844332044,190.82783906853456,47471900,188.9626365661621,181.69961242675782,0.004545038640746846,0.13759729122538636,57.9163772720895,2.6134302860187404,2.8617444203658695,100.88999938964844,0.006082973850987994,4566.75,0.00022554714432621026
2023-07-27,190.38449096679688,194.3060801182846,189.72432504433817,193.14340387615707,47460200,189.15822677612306,182.11640502929689,-0.006580735671023907,0.1394810433425953,57.40968792041205,2.475010918907344,2.784397720074165,101.7699966430664,0.008822357393732938,4537.41015625,0.0005601128581109727
2023-07-28,192.9561462402344,193.7444090416655,191.2909450188625,191.8131659299023,48291400,189.46564788818358,182.58463073730468,0.013507693091902251,0.1463119951781962,70.418509726979,2.5435037337933863,2.736218922818009,101.62000274658205,0.00544180323952248,4582.22998046875,0.010116115260186298
2023-07-31,193.5670623779297,193.60648379116893,192.39452340931743,193.1827862905988,38824100,189.58782806396485,183.05285705566405,0.0031660879925259344,0.12278373030709376,73.55095766208089,2.6169144489328744,2.7123580280409825,101.86000061035156,0.0050320882477437046,4588.9599609375,0.0075351341024880725
2023-08-01,192.7393951416016,193.842954166062,192.41423613585212,193.3601546102926,35175100,189.74301834106444,183.4580221557617,-0.004275868146989437,0.12018562641041262,67.25770712424486,2.5785828428087427,2.6856029909945347,102.3000030517578,0.009373503620518253,4576.72998046875,0.00202957871782794
2023-08-02,189.75387573242188,192.31571151477112,189.03459274742036,192.17776662675897,50389300,189.8046028137207,183.80130981445313,-0.015489928288849875,0.13161490403643045,55.318114766606485,2.2810043057363885,2.604683253942906,102.58999633789062,0.01685000454481722,4513.39013671875,-0.011684428374938438
2023-08-03,188.3645477294922,189.5469345297089,187.8915960163783,188.75868668614032,61235200,189.7730728149414,184.13572845458984,-0.007321737158553887,0.1340871237046318,51.174109436060846,1.9110347929162401,2.4659535617375727,102.54000091552734,0.007566122608429815,4501.89013671875,-0.007828258479635863
2023-08-04,179.31927490234375,184.6301752435833,179.25029494609427,182.79747042079737,115956800,189.34495010375977,184.34126739501954,-0.048020038463597925,0.21627985908887615,27.20360369053502,0.877834239191543,2.148329697228367,102.0199966430664,0.003936172856458864,4478.02978515625,-0.022740062318268972
2023-08-07,176.22537231445312,180.4425618735659,174.7473848978987,179.45723692919626,97576100,188.86411209106444,184.47941040039063,-0.01725359747063193,0.22080528089353732,24.520514816786957,-0.1884642271674295,1.6809709123492078,102.0500030517578,0.001865329278104566,4518.43994140625,-0.015367320728778666
2023-08-08,177.1614227294922,177.6245266423458,174.97400021533485,177.0530363874442,67823000,188.4561882019043,184.6136117553711,0.005311666548042826,0.22255815625707992,23.41897137494746,-0.9470648246573319,1.1553637649478998,102.52999877929688,0.00224824751395869,4499.3798828125,-0.016900734364129533
2023-08-09,175.5750274658203,178.27480777933516,174.41233639065635,178.2156906972674,60378500,187.88568420410155,184.66800201416015,-0.008954518648758736,0.21974188762051142,23.715626949724737,-1.6571673101100544,0.5928575499363089,102.48999786376952,-0.0009747390358778585,4467.7099609375,-0.01012103416667176
2023-08-10,175.35826110839844,178.09746293161143,174.99369573264087,176.8460961883882,54686900,187.26640777587892,184.68120544433594,-0.0012346081361944705,0.2182694848770376,24.553681489509287,-2.2119222168532247,0.03190159657840219,102.5199966430664,-0.0001950875003152719,4468.830078125,-0.0073435951544224
2023-08-11,175.41744995117188,176.2363757071569,174.1940069392339,174.95373578240464,52036700,186.64269943237304,184.69657806396484,0.00033753096317967746,0.2181631565332865,22.434516210794115,-2.6166305441732334,-0.49780483157192496,102.83999633789062,0.008037636951637284,4464.0498046875,-0.003121904306016665
2023-08-14,177.06520080566406,177.2921273528478,174.94388246971033,175.595078706152,43675600,185.93880081176758,184.68893829345703,0.009393312096093398,0.20988417785336136,24.697357285357256,-2.7724460538898086,-0.9527330760355017,103.19000244140624,0.011170988295514883,4489.72021484375,-0.006356115591869882
2023-08-15,175.08201599121094,177.0849254578291,174.68735981208974,176.49294118914725,43622600,185.14855194091797,184.62468811035157,-0.01120030816574591,0.21130658599646118,20.647207291397933,-3.0211316828390693,-1.3664127973962152,103.20999908447266,0.006632208263647188,4437.85986328125,-0.01367299964296298
2023-08-16,174.2137451171875,176.15744233651847,174.14467201512105,174.76626971305478,46964900,184.24739456176758,184.57007110595703,-0.0049592236478875895,0.20704749384747098,20.938785762783994,-3.2508057731591578,-1.7432913925488038,103.41999816894533,0.009074059172212712,4404.330078125,-0.014186212481707372
2023-08-17,171.6780242919922,175.14117901733323,171.16495931429398,174.77612136953763,66062900,183.3165069580078,184.47203033447266,-0.014555228254174879,0.2091462987734146,11.710623790828905,-3.5959833653268163,-2.1138297871044065,103.44000244140624,0.008973915611243388,4370.35986328125,-0.022034897976041523
2023-08-18,172.16151428222656,172.76337470680727,169.6652772069575,170.0007364455324,61172200,182.4684211730957,184.4110513305664,0.002816260218675648,0.2109340586196249,11.303863782309449,-3.786872780307533,-2.448438385745032,103.37999725341795,0.005250884235284303,4369.7099609375,-0.021133241759744292
2023-08-21,173.4934844970703,173.77962299820936,171.42151715942626,172.7337706675176,46311900,181.64702682495118,184.3225192260742,0.007736747788243958,0.2132414230119728,15.83098460294805,-3.7870207346746554,-2.7161548555309567,103.33000183105467,0.0013567146655311113,4399.77001953125,-0.020034699493101993
2023-08-22,174.86492919921875,175.30892111024494,173.89801113995804,174.6971995908385,42038900,180.85134506225586,184.25373016357423,0.00790487727031386,0.21545542201602272,21.959218299003737,-3.6345767257062676,-2.8998392295660187,103.55999755859376,0.00339112951483167,4387.5498046875,-0.011336558643956773
2023-08-23,178.70303344726562,179.1273031269572,175.95027131734813,176.13773826499084,52722800,180.2042137145996,184.20593444824217,0.021948965213454796,0.23302530803010282,33.340787978831614,-3.167547300308968,-2.9533808437146085,103.36000061035156,-0.0005801349802361244,4436.009765625,0.007192850430839393
2023-08-24,174.02627563476562,178.68329009610582,173.6612029173666,178.25902046647073,54945800,179.38630294799805,184.07406219482422,-0.02617055638218968,0.24656894722822112,39.254537862294825,-3.1386183475013354,-2.990428344471954,103.9800033569336,0.005220426361003172,4376.31005859375,0.0013614886413571003
2023-08-25,176.22653198242188,176.7593193055493,173.47376987845638,175.01294998434398,51449600,178.54982223510743,183.97358306884766,0.012643242174957603,0.2457555976578107,50.002442912980875,-2.904666458195095,-2.9732759672165825,104.08000183105467,0.006771180075781702,4405.7099609375,0.008238533065539233
2023-08-28,177.78543090820312,178.1800870283186,176.1673167274641,177.6867593505913,43820700,177.7607406616211,183.86368591308593,0.008845994460906503,0.24888471060994702,51.28089960841651,-2.563912596901986,-2.8914032931536635,104.05999755859376,0.00706470255108127,4433.31005859375,0.007623134598765624
2023-08-29,181.66297912597656,182.4325690983829,177.1046362040057,177.30196426395187,53003900,177.20691986083983,183.85282012939453,0.021810269817753136,0.2653549150044888,61.42232543865074,-1.9584017355320213,-2.704802981629335,103.5500030517578,-9.650933827332064e-05,4497.6298828125,0.025089191695874202
2023-08-30,185.1458740234375,185.3432171414265,182.27471834075723,182.47204640358007,60813900,176.9765197753906,183.9098388671875,0.01917228768468937,0.2718505832948334,66.35877546044688,-1.183842900922997,-2.4006109654880676,103.16000366210938,-0.001934954983177084,4514.8701171875,0.017777316942265475
2023-08-31,185.3629302978516,186.59624944883035,184.9781353249528,185.3333318426413,60794500,176.8264389038086,183.99189025878906,0.0011723527491982466,0.2709375020238661,66.53537214462324,-0.5461886935019891,-2.029726511090852,103.62000274658205,-0.003462210028170265,4507.66015625,0.03001389204549576
2023-09-01,186.9317169189453,187.3855699191495,185.76745585396847,186.96131537308187,45766500,177.20706100463866,184.04540985107423,0.008463324455288301,0.20652009670427712,66.44727203171166,0.08476768030257631,-1.6068276728121664,104.23999786376952,0.0015372408714457997,4515.77001953125,0.02498123107730188
2023-09-05,187.1685333251953,187.44479564304945,185.1064270757959,185.7674844117445,45280000,177.75421905517578,184.1099719238281,0.0012668604887029478,0.1934792834518913,71.39356827936835,0.5970320434080918,-1.1660557295681149,104.80999755859376,0.007207380526582208,4496.830078125,0.014327899175046399
2023-09-06,180.4691467285156,186.32988234003625,179.04836051297525,185.88587535630464,81755800,177.91960525512695,184.06833221435548,-0.03579333810902863,0.237272564843125,59.177759569447566,0.4571509806541485,-0.8414143875236623,104.86000061035156,0.012650869338352244,4465.47998046875,-0.0071481876413640455
2023-09-07,175.19052124023438,175.83185624974686,171.22416252451072,172.84227669356144,112488800,177.90037994384767,183.86613891601561,-0.029249462215400146,0.2585814669547488,54.769558203341745,-0.07873907590374074,-0.6888793251996781,105.05999755859376,0.018417931650212438,4451.14013671875,-0.014115573386294877
2023-09-08,175.80223083496094,177.83475336123297,175.4174358773743,175.96997548136457,65551300,177.92257843017578,183.6527297973633,0.003491682029347576,0.2588220582222547,54.926510547693816,-0.44890129982815097,-0.6408837201253728,105.08999633789062,0.014186388268138339,4457.490234375,-0.011129925534745122
2023-09-11,176.96649169921875,177.89395007164453,174.9734438173143,177.66702357259294,58953100,178.00003051757812,183.45590515136718,0.006622560241290598,0.2598086619454847,54.72099879655569,-0.6409232433628631,-0.6408916247728709,104.56999969482422,0.0031657889276435203,4487.4599609375,-0.006269154202119598
2023-09-12,173.94735717773438,177.72624932161176,172.4871113411862,177.09479044187466,90370200,177.84413833618163,183.1123831176758,-0.017060486945832953,0.2648115789343487,48.80618479419225,-1.024906457323425,-0.7176945912829817,104.70999908447266,-0.0009540928961973005,4461.89990234375,-0.007767733086284312
2023-09-13,171.88525390625,174.93401565723292,171.6583123112636,174.15454941477398,84267900,177.6843002319336,182.7573764038086,-0.011854754823192759,0.26516392289780333,40.69987494650675,-1.4785664277262924,-0.8698689585716439,104.7699966430664,-0.0008583250692473232,4467.43994140625,0.00043891383369154546
2023-09-14,173.39480590820312,173.75000241444866,171.2636268707299,171.67802028548886,60895800,177.6433532714844,182.45482879638672,0.008782324065893743,0.26677795344137906,49.05714283110499,-1.696728165889283,-1.0352408000351718,105.41000366210938,0.0033314878321828445,4505.10009765625,0.012122727948367329
2023-09-15,172.67453002929688,174.14465177290464,171.50042292713772,174.12491445244186,109259500,177.69317855834962,182.1284164428711,-0.0041539645615887855,0.26181177565259717,44.45121933778093,-1.9057745759765794,-1.2093475552234534,105.31999969482422,0.002188632267091206,4450.31982421875,-0.0016086204970128248
2023-09-18,175.5950469970703,176.9862345995646,173.81906442528663,174.12492516303394,67257600,177.8648551940918,181.88268280029297,0.016913420683860814,0.26822670322241876,46.71790324800661,-1.8148634345874939,-1.3304507310962614,105.1999969482422,0.006024646220297969,4453.52978515625,-0.007561109419717549
2023-09-19,176.68038940429688,177.23291401853146,174.7662755227223,175.15107052586188,51826900,178.02420043945312,181.6994479370117,0.006180939757626902,0.2677744973688195,41.852246091167096,-1.6363745313889808,-1.3916354911548054,105.1999969482422,0.0046795708915463585,4443.9501953125,-0.004022884292366413
2023-09-20,173.14816284179688,177.3019736755132,173.0593524132158,176.8678428874874,58436200,177.93836212158203,181.45601318359374,-0.019992182349209298,0.2764671415302062,30.41240760264104,-1.759657714422758,-1.465239935808396,105.16000366210938,0.003722506743716547,4402.2001953125,-0.014603385148858616
2023-09-21,171.60899353027344,173.94737743416857,171.5399354700809,172.22073021215786,63149100,177.58366012573242,181.14849090576172,-0.008889319333579948,0.26490971573880306,28.474431853460104,-1.9589767605744726,-1.5639873007616114,105.36000061035156,-0.00047436723290605887,4330.0,-0.03886708260874039
2023-09-22,172.4574737548828,174.71692282922322,171.72735846610487,172.33907993619778,56725400,177.50522003173828,180.84276458740234,0.00494426432528261,0.24967045156945916,26.82459888240203,-2.025128852769228,-1.6562156111631348,105.58000183105467,0.00246868721025284,4320.06005859375,-0.029269753808731536
2023-09-25,173.73028564453125,174.60840835340898,171.82603288281885,171.87536866413782,46172700,177.38040771484376,180.5595379638672,0.007380439142101292,0.24672379486571294,29.174286934474452,-1.9523441719495906,-1.715441323320426,106.0,0.007604591967349528,4337.43994140625,-0.02606692878465322
2023-09-26,169.665283203125,172.86203732750283,169.36928354767613,172.48711848209095,64588900,176.97440032958986,180.12998016357423,-0.02339835237319321,0.2567016108249217,31.76822297067642,-2.1973438997165147,-1.8118218385996439,106.2300033569336,0.009790935727860717,4273.52978515625,-0.03834885691023504
2023-09-27,168.15567016601562,170.73084132501634,166.7940959712009,170.3164478696235,66921800,176.2990348815918,179.67535369873048,-0.008897595363112965,0.2412704495631687,36.39830443469159,-2.4846792688791766,-1.9463933246555505,106.66999816894533,0.014359019154161823,4274.509765625,-0.029006047890204
2023-09-28,168.41220092773438,169.73431545858824,165.38316183381656,167.0802102082604,56294400,175.46235122680665,179.19885986328126,0.0015255552278758966,0.22673230259590085,35.5125973902436,-2.6610201467028105,-2.089318689065003,106.22000122070312,0.008162496254456864,4299.7001953125,-0.006997645424364873
2023-09-29,168.92527770996094,170.76045735672912,168.06687727418498,169.7244661753788,51861100,174.6404685974121,178.77144989013672,0.003046553512157546,0.22746456636429452,33.82299221338626,-2.7279247361966554,-2.2170398984913335,106.16999816894533,0.005588144796916605,4288.0498046875,-0.007409677984122731
2023-10-02,171.431396484375,171.97406003104268,168.64902069337074,168.9351592248721,52164500,173.8654525756836,178.41761322021483,0.014835664670132864,0.23334245436288592,44.831807923771315,-2.549337093696437,-2.2834993375323545,106.9000015258789,0.008490580432819916,4288.39013671875,-0.011308468901035096
2023-10-03,170.09939575195312,171.31299281082715,168.54049336939298,169.96126458937815,49594600,173.0119956970215,178.0211737060547,-0.007769876228846284,0.23273073605928654,46.218119729705975,-2.4866221946806775,-2.324123908962019,107.0,0.007248391402937315,4229.4501953125,-0.010314562448320075
2023-10-04,171.3425750732422,171.88523853747708,168.68846972057472,168.80686354725646,53020300,172.5556671142578,177.63245391845703,0.007308546369570346,0.20489872799024375,45.604436905800725,-2.3099780151816844,-2.321294730205952,106.8000030517578,0.001218757711109797,4263.75,-0.0025171928981256864
2023-10-05,172.57589721679688,173.10868450108188,170.3756448658088,171.47083294671847,48527900,172.42493591308593,177.25105865478517,0.007197990009356836,0.18130369308214414,49.793286677863634,-2.0468723700464295,-2.266410258174048,106.33000183105467,0.0010355922527527373,4258.18994140625,-0.009654220531818525
2023-10-06,175.1214599609375,175.61478762599208,170.86896284182788,171.48069938400815,57266700,172.39089736938476,176.94579803466797,0.014750395537233008,0.18898903708841583,48.99161438517945,-1.6143444534415323,-2.135997097227545,106.04000091552734,-0.0012244255030608997,4308.5,0.004769113290182592
2023-10-09,176.60145568847656,176.66065260372454,173.45402254968238,174.45053908507856,42390800,172.37264556884764,176.61870422363282,0.00845125279259995,0.18996413737478968,49.83470826151945,-1.1390098800762871,-1.9365996537972934,106.08000183105467,-0.007670717335076183,4335.66015625,0.011022788977734788
2023-10-10,176.0094451904297,177.3216985969386,175.5753144327677,175.7233217666065,43698000,172.47574996948242,176.2675518798828,-0.0033522401938247404,0.17961941725218258,56.83311724420405,-0.8008424918984076,-1.7094482214175164,105.83000183105467,-0.010934562326591846,4358.240234375,0.03045077565997545
2023-10-11,177.400634765625,177.4499705441094,175.22999600880442,175.82198018511957,47551100,172.75151901245118,175.9607766723633,0.007904062044455262,0.1750084980748755,63.92965170090596,-0.41579203656507957,-1.4507169844470291,105.81999969482422,-0.009176061132307733,4376.9501953125,0.02654944481090582
2023-10-12,178.2985076904297,179.90674578858014,176.6507798893927,177.6670488234186,56743100,172.9967041015625,175.73166931152343,0.005061272334176969,0.1734857041668098,64.0151487414858,-0.03775076802531885,-1.168123741162687,106.56999969482422,0.00225710391833589,4349.60986328125,0.021469197741989188
2023-10-13,176.46331787109375,179.50220314362676,175.7627859383901,178.9990143278533,51427100,173.18614349365234,175.49364471435547,-0.010292794051435794,0.1774402920212608,56.385390805368075,0.11246871054768803,-0.9120052508206121,106.6500015258789,0.005752551915173099,4327.77978515625,0.0044748253815132255
2023-10-16,176.33506774902344,176.6902643223361,174.15455252434904,174.3913552582801,52517000,173.22314453125,175.43396057128905,-0.000726780634171198,0.16741433859791577,69.09590525244317,0.2186495605402854,-0.6858742885484327,106.23999786376952,0.001508258200915824,4373.6298828125,0.008757542149092412
2023-10-17,174.78598022460938,176.03903666999224,172.46734930467605,174.29265257502803,57549400,173.12842407226563,175.4051727294922,-0.008784909004140196,0.16882080749607792,68.94007681967253,0.17577401872324572,-0.513544627094097,106.25,0.003968611562681579,4373.2001953125,0.003432569140981556
2023-10-18,173.4934844970703,175.21027033840411,172.77323025982977,173.23695950912395,54764400,173.14569015502929,175.33181396484375,-0.0073947334098428685,0.15485929836398302,63.70404816480726,0.037073875003358125,-0.403420926674606,106.56999969482422,0.007087507107946811,4314.60009765625,-0.014245101011892691
2023-10-19,173.1185760498047,175.466805839834,172.85217485644313,173.69082297603654,59302900,173.22116928100587,175.28268493652342,-0.002160936754209697,0.1514575381208684,61.39409920891587,-0.10192404963029844,-0.3431215512657445,106.25,-0.003002718361082679,4278.0,-0.016463514092555642
2023-10-20,170.57298278808594,173.07908076842247,170.33618008275127,172.97054807703984,64244000,173.126944732666,175.1869793701172,-0.01470433341010391,0.1596175504973186,47.6724971804519,-0.4127312986441325,-0.3570435007414221,106.16000366210938,-0.004594447789582401,4224.16015625,-0.023942906998561386
2023-10-23,170.69139099121094,171.68790756499885,167.6623515662161,168.62928473640696,55980100,172.975,175.09245819091797,0.000694179120219296,0.1569814800917952,51.71821260184962,-0.6420920923670224,-0.41405321906654213,105.54000091552734,-0.006588826829042049,4217.0400390625,-0.03580317675379141
2023-10-24,171.12550354003906,171.35243005141567,169.1620540054936,170.74070856198065,43816600,173.0480110168457,174.97366424560548,0.002543259776062623,0.13265057293849553,49.338922088905825,-0.7798433702506031,-0.48721124930335435,106.2699966430664,0.00018820369944849702,4247.68017578125,-0.0287020977603063
2023-10-25,168.81675720214844,170.7505934954682,168.37275019582236,169.58634726553433,57157000,173.08106536865233,174.84835906982423,-0.01349153860839003,0.13784998905948187,39.25556217502915,-1.0630545537204625,-0.6023799101867761,106.52999877929688,-0.00037534874394196116,4186.77001953125,-0.029627329354217302
2023-10-26,164.6629180908203,169.0930062294273,163.459197305812,168.0964746462511,70625300,172.89360122680665,174.65734252929687,-0.024605608946475233,0.16343117864390913,22.624054498585693,-1.604189460719084,-0.8027418202932377,106.5999984741211,0.003294103285845562,4137.22998046875,-0.03290556791286814
2023-10-27,165.9751739501953,166.70530437202822,164.60372353518264,164.6826577744484,58499100,172.74609603881837,174.54328552246093,0.00796934655713577,0.165991694940788,21.938564990619383,-1.905192815474777,-1.0232320193295457,106.55999755859376,0.003767839889658564,4117.3701171875,-0.025280774192355193
2023-10-30,168.01756286621094,168.88582454657922,166.61651382617845,166.76452118815135,51131000,172.57540435791014,174.4604064941406,0.012305388013200691,0.16304158191659426,30.397003386460753,-1.9563844441000242,-1.2098625042836415,106.12000274658205,0.005495564013865417,4166.81982421875,-0.011908877880826285
2023-10-31,168.4911346435547,168.61938959873203,165.6594236135805,167.09008588386948,44846000,172.49499130249023,174.3603594970703,0.002818584969720428,0.16149635224817516,27.116073339180787,-1.9364190604246403,-1.3551738155118414,106.66000366210938,0.0036699635961494614,4193.7998046875,-0.012684658181413178
2023-11-01,171.6484375,171.90496247869652,167.849808268541,168.71806981976965,56934900,172.51028442382812,174.29602966308593,0.018738688318080454,0.17341335510952907,34.69570072585148,-1.6468445967981324,-1.4135079717690997,106.87999725341795,0.0032854452091581887,4237.85986328125,0.01220268691895332
2023-11-02,175.20040893554688,175.40759814141026,173.118565411641,173.17776232760195,77334800,172.64151000976562,174.22597717285157,0.020693293147785674,0.18679242628729617,47.3064185644473,-1.1178544085366013,-1.3543772591226002,106.12000274658205,-0.004502774243993812,4317.77978515625,0.043640263060030327
2023-11-03,174.29266357421875,174.46040823420765,171.03671292563865,171.91483559510309,79829200,172.60007019042968,174.23130493164064,-0.0051811828913143065,0.1803669754486747,45.78406378567771,-0.7630770601352594,-1.2361172193251322,105.0199966430664,-0.01445196087472278,4358.33984375,0.058525155549315144
2023-11-06,176.83824157714844,177.0355696443862,173.85855313497558,174.02628274488598,63841300,172.61190948486328,174.24353912353516,0.014605193074266776,0.1855201063356475,54.0688925770248,-0.27335551274791214,-1.0435648780096882,105.22000122070312,-0.008480979104647735,4365.97998046875,0.047796680598576335
2023-11-07,179.39369201660156,180.00541354681909,176.58171810512866,176.7889073081916,70530000,172.78112182617187,174.27570434570313,0.014450779518401013,0.19174426584924328,61.14008744373431,0.31729821912441025,-0.7713922585828686,105.54000091552734,-0.010500681681299362,4378.3798828125,0.04401261069226314
2023-11-08,180.44940185546875,181.00192645947115,179.16674685036813,179.91661457451394,49340300,172.93356018066407,174.25143280029297,0.005884877149245016,0.19091522862001914,63.494300706744944,0.8606613498272111,-0.4449815369008527,105.58999633789062,-0.012069619654542785,4382.77978515625,0.03419648750791704
2023-11-09,179.975830078125,181.66300252138785,179.38383076688,180.51849360423827,53763500,173.01742630004884,174.14803192138672,-0.002624402034444251,0.1906537017930534,68.73774965168417,1.2387872922156191,-0.10822777107755835,105.91000366210938,-0.0019788831420797237,4347.35009765625,0.006848499453737222
2023-11-10,184.1548614501953,184.3228271167955,181.31943456996743,181.75413731292957,66133400,173.4020034790039,174.1238705444336,0.023219958870345225,0.20217010869161853,73.09242077030743,1.854292601064401,0.28427630335083354,105.86000061035156,0.007998514512813193,4415.240234375,0.013055519455784648
2023-11-13,182.5741424560547,183.7893232540613,181.9912524470517,183.58186108306091,43627500,173.71395721435547,174.03671905517578,-0.008583639778459662,0.20557998569768646,68.89346404767925,2.1892973238370814,0.6652805074480832,105.66000366210938,0.004181737657304563,4411.5498046875,0.010437478967518565
2023-11-14,185.18235778808597,185.8442860799284,184.05608926427885,185.43922075842696,60108400,174.2337760925293,173.9969955444336,0.014285787116097515,0.20610630127067328,76.74349251057737,2.634878915757355,1.0592001891099376,104.11000061035156,-0.013549367943632373,4495.7001953125,0.02679537080840011
2023-11-15,185.74546813964844,187.2175269447368,185.5182426445681,185.5874067506803,53790500,174.84637527465821,174.10252197265626,0.0030408423258487804,0.20243999931065615,89.03218589009812,2.9988746763237373,1.4471350865526977,104.38999938964844,-0.01136468405967328,4502.8798828125,0.027402722368805588
2023-11-16,187.42498779296875,188.6599317940755,186.37774261703024,187.2866746678448,54412900,175.56169586181642,174.34721130371094,0.009042049155447485,0.20219437409423266,89.17933638986051,3.3838601057921665,1.8344800904005916,104.37000274658205,-0.014540655861371543,4508.240234375,0.03700878307580724
2023-11-17,187.4052276611328,188.08691917335904,186.29872264128755,187.95848017105547,50922700,176.40330810546874,174.57927124023436,-0.00010542954847492236,0.19053424890608453,88.23807345523709,3.6453480516305206,2.1966536826465775,103.81999969482422,-0.019270743470294893,4514.02001953125,0.022372459914456355
2023-11-20,189.14404296875,189.59850904887813,187.592960955599,187.6028350817968,46505100,177.3259407043457,174.822822265625,0.009278371416411746,0.19052627098294925,88.79718907849907,3.9473840103549946,2.546799748188261,103.47000122070312,-0.020726882126652857,4547.3798828125,0.030789650834424087
2023-11-21,188.34378051757807,189.2131859258528,187.45462685911556,189.10451024981845,38134500,178.18685455322264,175.11075073242188,-0.0042309683065416825,0.19328330765276086,84.40996359446173,4.075198836494593,2.852479565849528,103.58999633789062,-0.004994758134784116,4538.18994140625,0.009451196531755413
2023-11-22,189.00570678710935,190.60618938615343,188.53149251239265,189.1835465620032,39617700,179.1963020324707,175.45315979003905,0.003514457805361415,0.18087815874260918,82.30153391799567,4.181700880338752,3.1183238287473727,103.91999816894533,-0.004502358688103558,4556.6201171875,0.011934636449026037
2023-11-24,187.68186950683597,188.60066069963855,186.97054048498805,188.57102324664504,24048300,180.34724960327148,175.7389010620117,-0.007004218564492959,0.1498624567685087,80.72961719086527,4.111882688567022,3.3170356007113027,103.4000015258789,-0.009293869839769653,4559.33984375,0.01133471304066025
2023-11-27,187.5040435791016,188.3734491312053,186.62476390027032,187.63248260157212,40552600,181.4236930847168,176.03549133300783,-0.0009474859143381309,0.15211206747760564,77.4640449738402,3.9961372199970526,3.452855924568453,103.1999969482422,-0.005971900870781144,4550.43017578125,0.008066015678366734
2023-11-28,188.106689453125,188.77850691885152,187.11873411970524,187.4941619704054,38415400,182.4281494140625,176.28572418212892,0.003214042014881624,0.15065687375894507,74.9442373335966,3.90798773776325,3.5438822872074125,102.75,-0.006958550422429655,4554.89013671875,0.0016515563027044156
2023-11-29,187.0890655517578,189.77630481775705,186.69388951411068,188.60063575450744,43014200,183.35804595947266,176.49389770507813,-0.005409823033543759,0.1555015070176455,69.05008112341704,3.713211305274257,3.5777480908207817,102.7699966430664,-0.007915819324382789,4550.580078125,0.0027301935085843887
2023-11-30,187.66212463378903,188.02767838165897,185.92332856217536,187.55344893712552,48794400,184.15873031616212,176.78417694091797,0.0030630281910979384,0.14726288816527947,71.9278221358567,3.5640070036825193,3.5749998733931294,103.5,-0.004041552890161948,4567.7998046875,0.0024535043985409732
2023-12-01,188.9365692138672,189.25270705783996,186.95076949469112,188.0375263099119,45704800,184.8455383300781,177.13072845458984,0.006791165679090216,0.13473567627789088,66.3513355568264,3.5081586768726254,3.561631634089029,103.2699966430664,-0.001257300588916932,4594.6298828125,0.007740164206200939
2023-12-04,187.1483459472656,187.7608884211111,185.19219887595256,187.69172432124148,43389500,185.48832244873046,177.4245458984375,-0.009464675229586716,0.13930938291599942,65.42288889963572,3.281773559935175,3.5056600192582583,103.63999938964844,0.0042635896745899515,4569.77978515625,0.004252259374945444
2023-12-05,191.0903167724609,192.05850876803487,187.88933609882636,187.91898862751916,66628400,186.2009262084961,177.7717465209961,0.021063348464250176,0.14770837125060116,68.27615505163965,3.381466385313871,3.4808212924693813,104.0500030517578,0.01265209782732657,4567.18017578125,0.0026982075733121835
2023-12-06,190.0035552978516,192.4141533735728,189.79607806848605,192.10788966712872,41089700,186.7314193725586,178.17851196289064,-0.005687161406003449,0.14595965715707968,62.75894357787018,3.334344847276327,3.4515260034307707,104.1500015258789,0.013428091153933064,4549.33984375,-0.00027254423693412466
2023-12-07,191.9300842285156,192.65128739108167,191.25826677194576,191.29779342674496,47477700,187.30545349121093,178.65400024414063,0.010139436220780063,0.1478757751389151,63.30217361137391,3.4131112510061428,3.4438430529458453,103.54000091552734,0.0003864822756265429,4585.58984375,0.0038946625997584583
2023-12-08,193.35272216796875,193.62934842275143,191.33728508312288,191.86090014217592,53406400,187.97429809570312,179.1528106689453,0.007412271740366405,0.1469848479608885,66.21758251817215,3.5494137533604544,3.4649571930287673,104.01000213623048,0.0071657356174976705,4604.3701171875,0.0021199170822086
2023-12-11,190.8531646728516,191.1594434259829,189.11436907200368,190.7840156527889,60943700,188.30921325683593,179.59136840820312,-0.012927449208321784,0.1388728594290188,54.474771904845326,3.4163594037043765,3.4552376351638894,104.0999984741211,0.004438431948877497,4622.43994140625,0.011523565407036251
2023-12-12,192.36476135253903,192.3746354774224,189.41076991243543,190.75438957156285,52696900,188.79874420166016,180.0100357055664,0.007920207570456306,0.13476354401074203,60.1495633498926,3.3937648830804505,3.442943084747202,103.87000274658205,-0.0017299404122671502,4643.7001953125,0.0167543246787194
2023-12-13,195.5756378173828,195.6151493963814,192.5030962314396,192.74019585543425,70404200,189.318408203125,180.519560546875,0.016691604232852875,0.13775611206700736,64.69284281548202,3.5935255335411966,3.473059574506001,102.87000274658205,-0.012289954493940214,4707.08984375,0.03467536069364452
2023-12-14,195.7238311767578,197.21563829918105,193.7973212968068,195.6349188149913,66831600,189.81732635498048,181.0071856689453,0.0007577291375799877,0.1379347780512403,68.9830569522685,3.7209030002222505,3.522628259649251,101.95999908447266,-0.015259820524279544,4719.5498046875,0.029213245297130763
2023-12-15,195.1903381347656,196.01032777733312,194.6271963711933,195.1508114803035,128538400,190.20559387207032,181.45947448730467,-0.0027257439157238883,0.137030178936624,67.84388684573521,3.735738858229695,3.5652503793653403,102.5500030517578,-0.014037102725566797,4719.18994140625,0.024937140433203497
2023-12-18,193.53054809570312,194.2616403879697,192.0486152607036,193.72813612536964,55751900,190.51185989379883,181.82765625,-0.008503443638262942,0.14195028835749812,62.00247168702776,3.5723849677037265,3.566677297033018,102.51000213623048,-0.015273740261253499,4740.56005859375,0.02555362940022654
2023-12-19,194.56790161132807,194.57777573643529,193.5305456250714,193.797297752966,40714100,190.78305282592774,182.18698516845703,0.0053601538663134995,0.13982194421268404,66.53549815358727,3.4864420579374666,3.550630249213908,102.16999816894533,-0.016366655749343928,4768.3701171875,0.026847108260960928
2023-12-20,192.4833221435547,195.2989855460905,192.4833221435547,194.5283816611859,52242800,190.99002990722656,182.51646270751954,-0.010713891913875728,0.14510997725511768,59.99170209509464,3.213085096355883,3.4831212186423035,102.41000366210938,-0.0044716542450753405,4698.35009765625,-0.00185671962589673
2023-12-21,192.3351287841797,194.7062305271897,191.16934877699248,193.73803856316968,46482500,191.15650100708007,182.81515258789062,-0.0007699023360812074,0.1449719887883266,57.38825140382356,2.950478489852003,3.376592672884244,101.83999633789062,-0.0011769590786541162,4746.75,0.00576330295010008
2023-12-22,191.2681427001953,193.0563392932213,190.6457260678158,192.8290987313997,37149600,191.33581466674804,183.07454528808594,-0.005547536171520928,0.1440058703789389,59.246119126465445,2.6259931875741245,3.2264727758222205,101.6999969482422,-0.008288698958756613,4754.6298828125,0.007509751005209564
2023-12-26,190.72476196289065,191.5546407459069,190.5074106042434,191.27801448490152,28919300,191.4968505859375,183.35977416992188,-0.002840936967513641,0.14449901427216194,49.031895677333715,2.2984943513313,3.0408770909240364,101.47000122070312,-0.010145360392688763,4774.75,0.007212215641962061
2023-12-27,190.82357788085935,191.1693682979628,188.78839218591511,190.1715387793259,48087700,191.63269500732423,183.64954437255858,0.0005181074389697393,0.14424085132661368,52.29159222186486,2.0235960274880256,2.8374208782368346,100.98999786376952,-0.011549381680761028,4781.580078125,0.0027703304510455773
2023-12-28,191.24838256835935,192.31537606668743,190.84331729052167,191.80163510638116,34049900,191.8406608581543,183.9787924194336,0.0022261645663368412,0.1424469241751569,47.92040605054031,1.8190464778673743,2.6337459981629427,101.2300033569336,-0.01152231484210331,4783.35009765625,0.018091457263349042
2023-12-29,190.2110137939453,192.058485197286,189.42064661751613,191.56450759639276,42672100,191.9681053161621,184.3131430053711,-0.005424196327742714,0.14410197360964294,40.18522208440611,1.5553039202014816,2.4180575825706505,101.33000183105467,-0.005007801700462222,4769.830078125,0.004862290646231671
2024-01-02,183.40402221679688,186.17030008579115,181.6751004330507,184.89582930034305,82488700,191.69147796630858,184.51885192871094,-0.03578652698062179,0.19168572311867343,31.66358046717393,0.787935876899212,2.092033241436363,102.1999969482422,0.004916420993153592,4742.830078125,-0.002481750415559203
2024-01-03,182.03076171875,183.6411336613478,181.22063114701328,182.00112426612563,58414500,191.43559875488282,184.74800750732422,-0.007487624761160272,0.19071055751117422,24.38793793948983,0.0681944257281657,1.6872654782947236,102.45999908447266,0.009756557128803411,4704.81005859375,-0.01464787505235876
2024-01-04,179.71893310546875,180.88471299934187,178.70134046081682,179.95603270422265,71983600,190.8670295715332,184.92855834960938,-0.012700208423305881,0.17518716047717037,8.867257912189828,-0.6809020926388314,1.2136319641080129,102.41999816894533,0.014159821125105942,4688.68017578125,-0.019428703655670843
2024-01-05,178.99771118164062,180.5586821654936,177.99988188294327,179.79796753554595,62379700,190.31673736572264,185.0860025024414,-0.004013054781517478,0.17494776570686504,7.864614845286468,-1.3175748790991406,0.7073905954665822,102.41000366210938,0.011656626158700556,4697.240234375,-0.01800199891775478
2024-01-08,183.32498168945312,183.36450834315932,179.313885613353,179.89677561800764,59144500,189.88648223876953,185.3761669921875,0.02417500469277689,0.19481105021227632,24.906027654718542,-1.456182122806922,0.27467605181188137,102.20999908447266,0.00868446893828323,4763.5400390625,-0.0013187134467005368
2024-01-09,182.9100646972656,182.9199388244019,180.5290885321457,181.7047578864997,42841800,189.36434936523438,185.74110992431642,-0.002263286696465583,0.19146537318734827,26.290359502059943,-1.5812816649997217,-0.09651549155043926,102.56999969482422,0.003620379233175486,4756.5,0.0028822288907310867
2024-01-10,183.94741821289065,184.1548804047478,181.7047552354151,182.1295838961277,46792900,189.01906204223633,186.10055480957033,0.0056713856470500534,0.18966573727402938,26.290359502060312,-1.5785219755567255,-0.3929167883516965,102.36000061035156,-0.0009759757467755481,4783.4501953125,0.016714837738264654
2024-01-11,183.3546142578125,184.7970355796361,181.4083411771675,184.2931687458137,49128400,188.5685546875,186.40729583740233,-0.0032226815730138636,0.18620553397921483,28.16641521470494,-1.605660175679617,-0.6354654658172807,102.29000091552734,-0.0012692565489363927,4780.240234375,0.019527895945364637
2024-01-12,183.68063354492188,184.49076406507768,182.95943045197853,183.81894667336303,40477800,187.97380447387695,186.7110858154297,0.0017780806249629855,0.17306058632403878,29.475203318817364,-1.5826169400443462,-0.8248957606626939,102.4000015258789,-9.766757028417672e-05,4783.830078125,0.018434195278394405
2024-01-16,181.418212890625,182.04061439740985,178.75072186869164,179.9659175831278,65603000,187.2585235595703,186.9064813232422,-0.012317143133892539,0.17542648498762534,27.89360024821221,-1.7270056031794923,-1.0053177291660536,103.36000061035156,0.011251360299186386,4765.97998046875,0.0005122117975795426
2024-01-17,180.4796600341797,180.72664884969063,178.12833676151584,179.08665457169852,47317400,186.52298965454102,187.01206634521483,-0.005173421353296792,0.1754559115462615,27.407450776916107,-1.8953199619541579,-1.1833181757236746,103.4499969482422,0.008579479926257516,4739.2099609375,-0.0036350339666771925
2024-01-18,186.3580017089844,186.86185345428623,183.59172402252184,183.8485869578717,78005800,186.16436233520508,187.25337310791016,0.03257066017129828,0.21673435343355796,42.15275759288609,-1.5366635571697884,-1.2539872520128974,103.54000091552734,0.01152794351445574,4780.93994140625,-0.0005247789364901667
2024-01-19,189.2527008056641,189.6380027410588,186.5457131326349,187.0495648712278,68903000,185.8986022949219,187.50166229248046,0.015533001374419264,0.22407440770491663,46.77314856163593,-1.0072369467669091,-1.2046371909637,103.29000091552734,0.00977612661110272,4839.81005859375,0.012461680019840715
2024-01-22,191.55465698242188,192.97731505960863,189.944284981856,189.9838116367789,60133900,185.85216903686523,187.74488159179688,0.012163399343619208,0.22601892141711896,52.08720381483506,-0.3973337029005961,-1.0431764933510792,103.33000183105467,0.00908203409489916,4850.43017578125,0.013921919585060616
2024-01-23,192.82911682128903,193.392258603415,191.4953861517841,192.67105542323813,42355600,185.8768684387207,187.9924758911133,0.006653243825777144,0.22727936260639842,67.67971725412713,0.18670505027068884,-0.7972001846267256,103.62000274658205,0.002515500529171266,4864.60009765625,0.02069251603902056
2024-01-24,192.1573028564453,194.01466361551056,191.9992263929076,193.06621990928545,53631300,185.92132644653321,188.2361053466797,-0.003483986111217585,0.2267014538403021,69.5088891227521,0.588565579915695,-0.5200470317182415,103.23999786376952,-0.002029957377164049,4868.5498046875,0.02729143566460901
2024-01-25,191.83126831054688,193.90598035718745,190.78403816176663,192.8686243338672,54822100,185.976651763916,188.3896334838867,-0.0016967065058256514,0.22652557774292176,75.26786430500428,0.8706978193674217,-0.24189806150110885,103.56999969482422,0.0002897313022176551,4894.16015625,0.023681580658059476
2024-01-26,190.10232543945312,192.414136839442,189.6281111952244,191.930048470854,44594000,185.9405891418457,188.54019714355468,-0.009012831361229656,0.22896508326578666,72.23093841642223,0.9438977458093518,-0.004738900039016725,103.47000122070312,0.0017426692185140702,4890.97021484375,0.010570695054273438
2024-01-29,189.42063903808597,189.8849791703456,187.2965414692382,189.6972652775173,47145600,185.84920196533204,188.6249627685547,-0.0035858919652420607,0.22911452575974087,64.28892832948114,0.9361119040715096,0.18343126078308855,103.61000061035156,0.002709752969468626,4927.93017578125,0.015977964261183697
2024-01-30,185.77511596679688,189.48983770252025,185.21198926058483,188.640195504988,55859400,185.6274070739746,188.62555572509766,-0.01924564867799916,0.2382213742615167,55.832614730082724,0.6285329864353741,0.27245160591354567,103.4000015258789,-0.002123153974828429,4924.97021484375,0.012410088388680851
2024-01-31,182.17892456054688,184.84641553917143,182.129538862794,184.7871255668693,55467800,185.5661521911621,188.52063446044923,-0.01935776698367253,0.21218366746488246,46.73943622348501,0.0935139161485381,0.23666406796054415,103.2699966430664,0.0002905732266333949,4845.64990234375,-0.004703639330484344
2024-02-01,184.6093292236328,184.69824158324056,181.6059517240919,181.77390231724044,64885400,185.69508056640626,188.46471649169922,0.013340756451101887,0.21561469679199416,52.16651060293646,-0.13284782011089646,0.16276169034625604,103.0500030517578,-0.0050207265095937315,4906.18994140625,0.0024579876367323283
2024-02-02,183.6114654541016,185.0736348136651,177.09095561888776,177.69360884630905,102551700,185.88970718383788,188.35406494140625,-0.005405272711447973,0.21106784498373282,49.88327593692116,-0.38828449172851265,0.0525524539313023,103.91999816894533,0.004349057146354474,4958.60986328125,0.013829495062599007
2024-02-05,185.41943359375,186.9705305681493,183.60159955655652,185.8837737660224,69668800,186.21079330444337,188.2955780029297,0.009846706114876813,0.21229657432293508,56.857408251986456,-0.43976266499851135,-0.04591056985466044,104.4499969482422,0.008107290154834024,4942.81005859375,0.0030194995224623877
2024-02-06,187.01995849609372,187.02983262300089,184.5204325633345,184.6093449305071,43490800,186.3955421447754,188.25586303710938,0.008631915605191942,0.19725250889437987,60.960263562854706,-0.34740582660433006,-0.10620962120459437,104.18000030517578,0.007543508392518383,4954.22998046875,0.005941105092739818
2024-02-07,187.12860107421875,188.74884702540385,186.3382338864455,188.3437817688575,53439000,186.60646896362306,188.24479766845704,0.0005809143526640526,0.19687281048673794,51.60096523285033,-0.2624207951162134,-0.1374518559869182,104.04000091552734,0.0074562244358573615,4995.06005859375,0.03083387352803446
2024-02-08,186.05172729492188,187.25701874915856,185.09340956143063,187.1088315017113,40962000,186.7116844177246,188.21575134277344,-0.005754725750713896,0.19761765496564979,42.806440971591066,-0.2787509916422266,-0.1657116831179799,104.1500015258789,0.010674414765117657,4997.91015625,0.01869479493031223
2024-02-09,186.8134307861328,187.94113632063824,185.97259122428568,186.61557552858977,45155200,186.88462524414064,188.1898861694336,0.004094041492038958,0.1974263577923361,38.55253724502835,-0.22760598401876564,-0.17809054329813706,104.08000183105467,0.0015396811482735195,5026.60986328125,0.013713520900997533
2024-02-12,185.13177490234372,186.6353875018477,184.77565652599384,186.3880834931113,41781900,186.95718231201172,188.1507403564453,-0.009001793268891278,0.2005520976314312,31.773526986726083,-0.3190904960232217,-0.206290533843154,104.16999816894533,-0.0026806968643151574,5021.83984375,0.015988837163355196
2024-02-13,183.04449462890625,184.20189045877692,181.5309955827504,183.76663306878044,56529500,187.0384963989258,188.05838775634766,-0.011274565236240486,0.1997028543710277,29.777443077425218,-0.5536367252921366,-0.27575977213295055,104.95999908447266,0.007487029919485577,4953.169921875,-0.00021397040467019401
2024-02-14,182.16412353515625,183.5292464690896,180.47257259846705,183.32151955824492,54630500,187.12271957397462,187.92293884277345,-0.004809601597331903,0.19956938931838325,29.06242151043658,-0.8013177987188556,-0.38087137745013155,104.72000122070312,0.006535950588157924,5000.6201171875,0.0011131114598279535
2024-02-15,181.8772125244141,182.5004232912058,179.39428636951658,181.57055805003552,65434500,186.8986801147461,187.8175161743164,-0.0015750138126774393,0.15970574379800415,30.99874157081571,-1.00912558304438,-0.5065222185689813,104.3000030517578,0.001440245066550716,5029.72998046875,0.006366625894416833
2024-02-16,180.3439483642578,182.8565652037317,179.7108507918506,181.44197861733377,49752500,186.45324249267577,187.60258880615234,-0.008430215852084588,0.14874545862039754,29.825252807540593,-1.2827496139324523,-0.6617676976416755,104.27999877929688,0.00192156941510091,5005.56982421875,-0.004185731464101616
2024-02-20,179.60205078125,180.46266385305907,178.0588762686663,179.82956623009554,53665600,185.8556121826172,187.39455871582032,-0.004113792504472191,0.13852819850132597,34.2455948508978,-1.5416918998660947,-0.8377525380865594,104.08000183105467,-0.0008639372129458645,4975.509765625,-0.009225717977179415
2024-02-21,180.3538360595703,180.91768122956836,178.71173417109264,179.97792921674792,41371400,185.23184814453126,187.1630337524414,0.004185839053898022,0.13646674944190929,44.551046384599736,-1.6670262965592997,-1.0036072897811075,104.01000213623048,-0.009051038076682949,4981.7998046875,0.0057801131929797744
2024-02-22,182.38172912597656,182.9653779737103,180.49233824441416,181.50132758611664,52292200,184.74306945800782,186.94361389160156,0.011243969691536959,0.14589624860629616,43.185531226835884,-1.5844560630693536,-1.1197770444387567,103.95999908447266,-0.007257468748770535,5087.02978515625,0.017279790494733493
2024-02-23,180.55169677734372,183.0445100670012,180.2648157032703,183.0148347964746,45119700,184.17909088134766,186.7375845336914,-0.010034077192945023,0.14821974576654737,41.09331180004585,-1.6476932918434386,-1.225360293919693,103.94000244140624,-0.0034515877259649885,5088.7998046875,0.011744134267272388
2024-02-26,179.2063751220703,180.7891116738245,178.70186529911302,180.2747302189796,40867400,183.63429336547853,186.47441680908204,-0.007451171488753516,0.14747905187516339,31.41378463527235,-1.7857801040746608,-1.3374442559506867,103.83000183105467,-0.0043152757336965,5069.52978515625,0.01277775821406757
2024-02-27,180.6605224609375,181.9366044562996,177.6236221032545,179.1470231922399,54318900,183.1962875366211,186.17611450195312,0.008114372816685034,0.1525250036032637,30.8078203255523,-1.7576166495418875,-1.421478734668927,103.83000183105467,-0.0024019984204631806,5078.18017578125,0.020635153982730303
2024-02-28,179.46356201171875,181.145226165725,178.18748003378263,180.54180381169616,48953900,182.88070983886718,185.85090911865234,-0.006625467661190654,0.14001704152934222,28.293507099584303,-1.8110054700075295,-1.4993840817366475,103.9800033569336,-0.00028842206211665555,5069.759765625,0.017656261669675377
2024-02-29,178.80076599121094,180.6011460945577,177.59392143922238,179.31516246277232,136682600,182.7118019104004,185.52311767578124,-0.003693206649183378,0.12391557849321917,28.97299316001356,-1.8850686959968357,-1.576521004588685,104.16000366210938,0.0019238609022516062,5096.27001953125,0.0018164301695191565
2024-03-01,177.7225341796875,178.5831471920378,175.46712311031385,177.6137198257161,73563100,182.36746215820312,185.20695739746094,-0.006030353424640422,0.11296996750037665,24.11261848047782,-2.0076259697453622,-1.6627419976200206,103.86000061035156,-0.0007696924107710723,5137.080078125,0.009487556062438784
2024-03-04,173.2117156982422,174.99229230011673,171.9158301484072,174.25038035125658,81510100,181.84747467041015,184.7798336791992,-0.02538124105795514,0.14021669415294793,20.76655772010041,-2.440605069125212,-1.8183146119210591,103.83000183105467,0.0,5130.9501953125,0.01211560297684633
2024-03-05,168.28538513183594,170.18467763470022,167.7907772375202,168.9184826327907,95132400,180.99077224731445,184.29587493896486,-0.028441093297572162,0.15878383236417087,18.228222645151163,-3.1450041799865573,-2.0836525255341587,103.8000030517578,-0.0002889220723090169,5078.64990234375,9.249899496288627e-05
2024-03-06,167.2961883544922,169.39333632878757,166.86093094295472,169.21526961759642,68587700,180.00458374023438,183.7950961303711,-0.005878090819168902,0.1506642833103664,18.14321519157849,-3.73995360600523,-2.414912741628373,103.37000274658205,-0.0058665184714179475,5104.759765625,0.0069036801777697665
2024-03-07,167.17747497558594,168.88881413208614,166.67298033709926,167.32585131213037,71765100,179.00702743530275,183.31328277587892,-0.0007096000218169696,0.15004024135881905,18.274936804237356,-4.172931532901174,-2.7665164998829335,102.81999969482422,-0.012864860984760251,5157.35986328125,0.011987167774838436
2024-03-08,168.8887939453125,171.8267658116103,167.11810446583976,167.17745499336354,76267000,178.14888076782228,182.87656341552736,0.010236540359139124,0.16018523973285928,25.46597410270941,-4.32808900473151,-3.0788310008526487,102.73999786376952,-0.010783773733873958,5123.68994140625,-0.002606565697850116
2024-03-11,170.88702392578125,172.49945045781206,170.19457590701288,171.07497733678298,60139500,177.3525604248047,182.4778323364258,0.011831631535694331,0.16803217007561538,32.287809603907945,-4.24092521351011,-3.311249843384141,102.87000274658205,-0.009245873712250052,5117.93994140625,-0.0025356422126521228
2024-03-12,171.3618621826172,172.15323790323208,169.16580172767317,171.28272310113206,59825400,176.66406478881837,182.08010192871095,0.002778667718165373,0.16894631199987087,31.51688170262308,-4.086426026526283,-3.466285080012569,102.95999908447266,-0.008092523531683216,5175.27001953125,0.019024764267155048
2024-03-13,169.28453063964844,171.3223130850131,168.91851047344855,170.90684419661972,52488700,175.97606658935547,181.661572265625,-0.012122484644541132,0.16946967596674145,23.133144525576697,-4.084523754949231,-3.589932814999902,102.79000091552734,-0.005610929821455168,5165.31005859375,0.011861536242408599
2024-03-14,171.13433837890625,172.43020869953008,170.1945863604126,171.04531257693264,72913500,175.42457733154296,181.41617858886718,0.010927210727809777,0.17730695198753796,30.69742188594651,-3.8889230814372695,-3.6497308682873757,103.36000061035156,0.005251905437950732,5150.47998046875,-0.0013339931660543147
2024-03-15,170.7584228515625,170.7584228515625,168.45354827638914,169.32406299160928,121752700,174.8686378479004,181.19073181152345,-0.002196610749804262,0.17725169934229232,31.967805247280893,-3.7213440421896564,-3.664053503067832,103.43000030517578,0.006716005993315122,5117.08984375,-0.0012881532121825634
2024-03-18,171.8466033935547,175.79358063684148,171.6487632139381,173.67665901704393,75604200,174.44377059936522,181.03328521728517,0.006372631720416688,0.17911449574284533,30.88805848172248,-3.4608350190054864,-3.623409806255363,103.58000183105467,0.006901905954272092,5149.419921875,0.0061509085353002035
2024-03-19,174.18113708496094,174.70542030322298,171.16402557801365,172.45989598897214,55215200,174.17272491455077,180.93695373535155,0.013584985942723726,0.18761801479784232,39.0842043860064,-3.031062184786009,-3.5049402819614923,103.80999755859376,0.008255618508929308,5178.509765625,0.0006260052290070206
2024-03-20,176.7432098388672,176.7432098388672,173.2018149693641,173.82502584048726,53423100,173.99219360351563,180.80531829833984,0.014709243473686406,0.1953794026849971,46.057644854741795,-2.4554216854729702,-3.295036562663788,103.41000366210938,0.006031741813987912,5224.6201171875,0.011482381100254235
2024-03-21,169.5218963623047,175.5759069490651,168.99761322817335,175.14064960882752,106181300,173.34920196533204,180.5375549316406,-0.04085765718041445,0.23566981647078897,37.28133760635823,-2.5524984754751756,-3.146528945226066,104.0,0.006191944522728088,5241.52978515625,0.017677926141402844
2024-03-22,170.42210388183594,171.18380430580046,168.22604350725263,169.90770741812418,71160100,172.84272232055665,180.26704864501954,0.00531027282521257,0.23635773957533154,45.12782464645947,-2.5276560618051747,-3.0227543685418876,104.43000030517578,0.009668374717678008,5234.18017578125,0.022882211492585736
2024-03-25,169.00755310058594,170.085794876263,167.6226416976105,168.73057383883838,54288300,172.33278121948243,179.980107421875,-0.008300277657825372,0.2365995895765829,51.43765309693223,-2.5922290927696565,-2.9366493133874414,104.2300033569336,0.006275357350727928,5218.18994140625,0.013354906100998098
2024-03-26,167.87985229492188,169.57140318495337,167.75124938607289,168.16671829054096,57388400,171.69374771118163,179.664091796875,-0.006672487619490575,0.23333675432580606,51.15555440087053,-2.7032384651421353,-2.8899671437383803,104.29000091552734,0.0046238644467999634,5203.580078125,0.004841221439113141
2024-03-27,171.4409942626953,171.72787530814264,168.27550660374618,168.57227437363676,60273300,171.29261932373046,179.4645474243164,0.02121244401333766,0.24888787353884415,57.428473288612295,-2.475325782647019,-2.8070388715201084,104.3499984741211,0.009089979486734512,5248.490234375,0.004568775652984636
2024-03-28,169.63072204589844,170.37263389978352,168.67118150733492,169.89781453968297,65672700,170.83411712646483,179.24756866455078,-0.01055915607922242,0.2506338083524825,51.288244211869454,-2.4129620540247174,-2.7282235080210304,104.5500030517578,0.005288490882286556,5254.35009765625,0.0024459104546741273
2024-04-01,168.1963653564453,169.40320986933065,167.65229363436822,169.34385933496506,46240500,170.35780868530273,178.8843359375,-0.00845576008964355,0.25123288567990004,45.23477389531122,-2.4510250560687155,-2.6727838176305676,105.0199966430664,0.005649682430015179,5243.77001953125,0.0018321577454234461
2024-04-02,167.01919555664062,167.51380346702695,166.41577330219988,167.25661278755086,49329500,170.04818267822264,178.43966583251952,-0.006998782627139488,0.23723831486410035,42.4957086467801,-2.546819870121027,-2.6475910281286597,104.81999969482422,0.00566052306330822,5205.81005859375,-0.002372447716834869
2024-04-03,167.82046508789062,168.83935621904524,166.76201196368757,166.96973884210524,47691700,170.0249366760254,177.9649819946289,0.004797469707475965,0.21595152315191424,47.35331648485872,-2.5289302618843124,-2.62385887487979,104.25,-0.0003835546569775916,5211.490234375,0.0015201373153173048
2024-04-04,166.99942016601562,170.06598011820813,166.99942016601562,168.45355351894443,53704400,170.01009826660157,177.44838806152345,-0.004892400467636726,0.21562676890500868,42.236274686197504,-2.551590929975106,-2.6094052858988537,104.12000274658205,-0.002204079836149564,5147.2099609375,-0.01929702998667404
2024-04-05,167.75123596191406,168.5524984345705,167.12802510796487,167.7611226870966,42104800,170.03878631591797,176.9602667236328,0.00450190662429284,0.21619215726458949,44.43229646052951,-2.4802931457013244,-2.583582857859348,104.3000030517578,-0.0023912003127942727,5204.33984375,-0.00951787623145961
2024-04-08,166.63343811035156,167.37535013675048,166.4257111957336,167.2071852220754,37425500,169.92601852416993,176.4563101196289,-0.006663425429642045,0.2141622385036753,40.358576845232655,-2.4853366687374034,-2.563933620034959,104.13999938964844,-0.008379330427983445,5202.39013671875,-0.007891246690524989
2024-04-09,167.8402557373047,168.2458378687617,166.53449863101693,166.88071513080217,42373800,169.7736801147461,176.01106872558594,0.007242349678663551,0.21123286755119156,37.762474998174184,-2.3646948698919914,-2.5240858700063655,104.1500015258789,-0.006391892490898332,5209.91015625,0.0007876003177413882
2024-04-10,165.9706573486328,167.26652787853376,165.30788444762385,166.9796618833238,49709300,169.50411987304688,175.54206909179686,-0.011139153598515028,0.21385418106756723,28.63865163806949,-2.3923686041391647,-2.4977424168329256,105.25,0.00959232613908867,5160.64013671875,-0.009757304603747019
2024-04-11,173.15234375,173.5678277091418,166.34654865134516,166.5246002673459,91070300,169.69751052856446,175.28961364746092,0.04327081977075964,0.2623011258663277,57.21029858227514,-1.8138887843760472,-2.36097169034155,105.27999877929688,0.01114095276714644,5199.06005859375,0.010073437464129809
2024-04-12,174.64608764648438,176.43656618963917,172.33132583138607,172.38077455594663,101670900,169.87309799194335,175.13895690917968,0.008626761059850718,0.26130178781183305,58.19587338901406,-1.220833699834941,-2.132944092240228,106.04000091552734,0.01668262524312758,5123.41015625,-0.01555042328705536
2024-04-15,170.8276824951172,174.72519524382946,170.6397290741028,173.46888692512982,73531800,169.8765609741211,174.8633239746094,-0.021863674147091894,0.2736701364699108,53.230293110563956,-1.0468788884108449,-1.9157310514743515,106.20999908447266,0.01987708572072422,5061.81982421875,-0.027020332732804353
2024-04-16,167.5533905029297,171.88614579113815,166.45536027289515,169.8978273072319,73711200,169.66190032958986,174.54216247558594,-0.01916722128616999,0.2809022694848837,49.461629088486085,-1.1598563444962622,-1.764556110078734,106.26000213623048,0.020259247042135664,5051.41015625,-0.03042278950047872
2024-04-17,166.1882781982422,168.80969440593617,166.1882781982422,167.78091646807815,50901200,169.26225738525392,174.15753936767578,-0.008147327252465475,0.2763735962440194,40.66130105138425,-1.3440515569656384,-1.680455199456115,105.9499969482422,0.006650802358595831,5022.2099609375,-0.02682422569950149
2024-04-18,165.2386016845703,166.8213530127437,164.7538955996717,166.21793076697907,43122900,168.68702697753906,173.72191223144532,-0.005714461476874044,0.2692138168888465,41.94484338112737,-1.5488048891138817,-1.6541251373876684,106.1500015258789,0.008263703995721405,5011.1201171875,-0.03614883061325591
2024-04-19,163.2206268310547,164.60552308162335,162.31054999578998,164.41758473594675,68149400,168.37196350097656,173.24375274658203,-0.012212490501268047,0.23284888294645176,41.06574345924419,-1.8525520192641807,-1.693810513762971,106.1500015258789,0.0010373501452456413,4967.22998046875,-0.030483637073390857
2024-04-22,164.0515594482422,165.45624419964858,162.99310629576294,163.73501821268977,48116400,168.05343627929688,172.80374938964843,0.005090855447134057,0.23276141386015972,44.60433091728067,-2.003133613090455,-1.755675133628468,106.08000183105467,-0.0012239643587096394,5010.60009765625,-0.010118836375296203
2024-04-23,165.10011291503906,165.24850434331734,163.1414698344962,163.5668404824781,49537800,167.85806427001953,172.36948303222655,0.0063916092618898634,0.2331633847864275,45.09801441551821,-2.0146376210094274,-1.80746763110466,105.69000244140624,-0.005364198036562073,5070.5498046875,0.003788971365514371
2024-04-24,167.19728088378906,167.47426013692973,164.41758653276062,164.74401450706145,48251800,167.82393569946288,172.01079315185547,0.012702401783511785,0.2370958335664873,50.340862073225814,-1.8333964488404035,-1.8126533946518086,105.86000061035156,-0.0008494227511360863,5071.6298828125,0.009840273954969225
2024-04-25,168.0579071044922,168.7701438382538,166.33666581552853,167.7017887376114,50558300,167.65478134155273,171.71106140136717,0.005147369718897066,0.224465078780021,50.52634059982611,-1.6018510291209225,-1.7704929215456313,105.5999984741211,-0.005181375825262902,5048.419921875,0.007443406626707283
2024-04-26,167.4742431640625,169.49223681731962,167.35552700029277,168.04799015720317,44838400,167.54695739746094,171.41726379394532,-0.003472993032495597,0.2218153112877969,51.47002878538481,-1.4487461738294485,-1.7061435720023947,105.94000244140624,-0.0019783238949975246,5099.9599609375,0.026721126460954592
2024-04-29,171.6289520263672,174.1316669492416,171.2332717193323,171.50034913417457,68169400,167.71858673095704,171.21229858398436,0.02480804680057358,0.23699362953200356,56.00500723611401,-0.9808525326755841,-1.5610853641370328,105.58000183105467,-0.004713423749712176,5116.169921875,0.02106929752149478
2024-04-30,168.49314880371094,173.10289859543835,168.1667057400835,171.46079655206535,65934800,167.79228439331055,170.97528259277342,-0.018270828934354277,0.24534283617517866,53.843814377857036,-0.853240933776334,-1.4195164780648932,106.22000122070312,0.005014653865588858,5035.68994140625,-0.00687496713847946
2024-05-01,167.4742431640625,170.84747276952126,167.28628974114312,167.75122238913238,50383100,167.77497329711915,170.7327264404297,-0.00604716361990143,0.24587312619726925,39.34672998546812,-0.8248170149095415,-1.300576585433823,105.76000213623048,-0.0009446294496932017,5018.39013671875,-0.010497561400167776
2024-05-02,171.1640167236328,171.5498103000238,169.04709541575278,170.64962025703286,94214900,167.983203125,170.54893005371093,0.02203188675380785,0.2570730802712169,43.96429374347038,-0.4988070279694057,-1.1402226739409396,105.3000030517578,-0.002840865783126034,5064.2001953125,0.0031257846379069143
2024-05-03,181.40240478515625,184.9833612803204,180.6901681758964,184.6371297001228,163224100,168.6657615661621,170.52934356689454,0.05981624092203153,0.33053709512321106,64.99297973100147,0.5790358217259381,-0.796370974807564,105.02999877929688,-0.008589802162905058,5127.7900390625,0.005456920904901352
2024-05-06,179.75042724609375,182.21356516877452,178.47433028646978,180.3835248162661,78569700,169.3216110229492,170.51331817626954,-0.009106701430000474,0.33170614991108033,68.12701119579835,1.2851192100038986,-0.3800729378452716,105.0500030517578,-0.005019878481769324,5180.740234375,0.012620830325419607
2024-05-07,180.4329833984375,182.90602327557747,179.36464345444207,181.4716631656838,77305800,169.95124740600585,170.53785034179688,0.0037972435604243238,0.331484763535142,71.60861491968245,1.8781221365054535,0.07156607702487339,105.41000366210938,-0.0076256594735932826,5187.7001953125,0.03018657933172908
2024-05-08,180.76931762695312,181.09576068278213,179.4932206728727,180.8781319788961,45057100,170.69118041992186,170.5400262451172,0.0018640396128291048,0.3268797118723028,74.00615212765405,2.3481525485861994,0.5268833713371386,105.5500030517578,-0.0019856191398538448,5187.669921875,0.033731890216676774
2024-05-09,182.57958984375,182.66861565405213,180.14611203583203,180.5912561815798,48983000,171.16254272460938,170.60234680175782,0.0100142670258494,0.29421629303162594,80.116934631974,2.8340596004328518,0.9883186171562812,105.2300033569336,-0.0006647644140124198,5214.080078125,0.029595963238426393
2024-05-10,181.32159423828125,183.34232534295325,180.41028294678517,183.1541169572085,50759500,171.4963180541992,170.65276336669922,-0.006890121763036827,0.2953042009389462,76.51484589978976,3.0821061072789178,1.4070761151808087,105.30999755859376,0.0026658933880905344,5222.68017578125,0.018505074504980845
2024-05-13,184.5210723876953,185.3333368917867,182.87674310968825,183.6890076137796,72044800,172.1809875488281,170.78873413085938,0.017645323287911907,0.28604628256078296,77.9698636109519,3.4965498484104103,1.824970861826729,105.22000122070312,0.0016182595336200478,5221.419921875,0.007852099441327809
2024-05-14,185.66021728515625,186.52201273815805,184.5309821431948,185.7394637127145,52393600,173.08632888793946,171.03770416259766,0.006173521987057784,0.27263761780142587,77.34469739942354,3.8722817189130296,2.234433033243989,105.01000213623048,-0.003794720728414802,5246.68017578125,0.01136919603065012
2024-05-15,187.9286346435547,188.84984617983736,185.60081767330303,186.1357273712266,70400000,174.17334671020507,171.43056915283202,0.012218112159775973,0.2688919176965107,78.2516145044196,4.3034863444051155,2.6482436954762143,104.3499984741211,-0.011369062462729285,5308.14990234375,0.023224295740312817
2024-05-16,188.0474548339844,189.29556710780693,187.86916171755817,188.67151097089564,52845200,175.31378936767578,171.8455944824219,0.0006322622981596027,0.2660598095254109,79.64219696183565,4.60176068048699,3.0389470924783697,104.45999908447266,-0.007317345318797797,5297.10009765625,0.015922275509260064
2024-05-17,188.07716369628903,189.0082902438942,187.3936765447615,187.72056236134895,41282900,176.5566162109375,172.26358825683593,0.000157985984606146,0.2579483124474027,76.89587271424378,4.785379620216588,3.3882335980260136,104.4499969482422,-0.008166371952226692,5303.27001953125,0.015430744567456633
2024-05-20,189.23611450195312,190.10781001398533,187.22528381236825,187.5422694948197,44361300,177.81584396362305,172.67053466796875,0.006162102739573294,0.25785821293979305,86.26300898912012,4.967158288317393,3.7040185360842894,104.56999969482422,-0.006177547218570223,5308.1298828125,0.016606586375907284
2024-05-21,190.53372192382807,190.910123457804,189.1172169822704,189.285609926495,42309400,179.0875244140625,173.0634686279297,0.0068570812991488594,0.25784202715044036,89.9237151030147,5.156484523038017,3.9945117334750355,104.66000366210938,-0.0033330013046476425,5321.41015625,0.014243288701625945
2024-05-22,189.0974578857422,190.9993419606465,188.4734168160404,190.4545322055808,34648500,180.18253326416016,173.4181805419922,-0.007538109388636638,0.2622028211744882,83.67666577266147,5.1314799173104575,4.22190537024212,104.94000244140624,0.005654086975683592,5307.009765625,-0.00021478984951928126
2024-05-23,185.11541748046875,189.19651013997455,184.8677780692908,189.1766947549615,51005900,181.035408782959,173.7347982788086,-0.02105813822034297,0.2796503524201354,59.1141174884265,4.735755365766352,4.324675369346966,105.11000061035156,0.006222492165190108,5267.83984375,-0.005523824992319182
2024-05-24,188.1861114501953,188.78045200186543,186.2644274631312,187.03707622618555,36327000,182.0710021972656,174.07583374023437,0.016587996891455736,0.28066302077886396,69.3583030386221,4.616701684896412,4.383080632456855,104.72000122070312,0.0025850098645261443,5304.72021484375,0.00027345304070114373
2024-05-28,188.1960601806641,191.1776333738516,187.31446444482384,189.7016969806021,52280100,182.89935760498048,174.4245864868164,5.286644371427229e-05,0.2722828100094526,68.38225889320793,4.471607654908695,4.400786036947223,104.61000061035156,0.00038252764314883336,5306.0400390625,-0.0003937062197303387
2024-05-29,188.4932403564453,190.43474032834183,187.7206064683214,187.81966829591173,53068000,183.89936218261718,174.7575192260742,0.0015790988158621566,0.25880192033631766,68.3235223211087,4.33067818498165,4.386764466554109,105.0999984741211,0.004204039715421937,5266.9501953125,-0.010234122035028048
2024-05-30,189.4837646484375,190.3653603450464,188.83000809203267,188.9587703074631,49889100,184.99983825683594,175.06357177734375,0.005254959223572664,0.25505264562774044,67.0416436919796,4.2499270830042235,4.359396989844132,104.72000122070312,-0.002096447642317756,5235.47998046875,-0.013478359436903342
2024-05-31,190.4347381591797,190.75172391208795,188.11683652121016,189.63238875486044,75158300,185.96337432861327,175.33740234375,0.005018759852627008,0.24820320576097404,72.84024270571143,4.214089467405842,4.330335485356475,104.66999816894533,-0.004186113964905647,5277.509765625,0.0018356522145359655
2024-06-03,192.1978759765625,193.14881785405225,190.7021395503604,191.0785411330533,50080500,186.5031478881836,175.79092193603515,0.009258488416693522,0.14462493815627955,70.73308634750836,4.278636922470071,4.319995772779194,104.13999938964844,-0.005538596488671721,5283.39990234375,-0.004019121016098248
2024-06-04,192.51487731933597,193.4757194090645,191.2073340206378,192.80213237542048,47471400,187.1413703918457,176.23277740478517,0.001649348834698472,0.13761777282498142,69.37300276432529,4.305736751673578,4.317143968558071,104.11000061035156,-0.004779657748616106,5291.33984375,-0.0027704644526386213
2024-06-05,194.02052307128903,195.040796246884,193.02996541617088,193.5549597642067,54156800,187.82074737548828,176.73303680419923,0.00782093193481126,0.13848240399373618,67.99299818104143,4.398009079533864,4.33331699075323,104.2699966430664,-0.0078972582597997,5354.02978515625,0.016533209279489647
2024-06-06,192.6436309814453,194.6445614945768,192.3365605546928,193.8422122853953,41181800,188.4144630432129,177.22831237792968,-0.0070966311607035815,0.14359339591946546,62.6361824855795,4.310344906678637,4.328722573938311,104.0999984741211,-0.0059205761970470006,5352.9599609375,0.02243919963537544
2024-06-07,195.0308990478516,195.08042995429523,192.3068654552658,192.8120444256859,53103900,189.03702850341796,177.7001104736328,0.012392146339041066,0.14532222710926232,66.92389964200324,4.382978749121577,4.339573808974964,104.88999938964844,0.0021018555894880553,5346.990234375,0.013165388949644363
2024-06-10,191.2964782714844,195.4370168860641,190.3356361933404,195.04078477848907,97010200,189.53577270507813,178.13342559814453,-0.019147841673287536,0.1622939771599945,54.45588140177389,4.092034617888061,4.290065970757583,105.1500015258789,0.009698503381505352,5360.7900390625,0.014647790844758646
2024-06-11,205.19403076171875,205.20394601258087,191.8017009364241,191.82150120872504,172373300,190.5694206237793,178.87337890625,0.0726492856314438,0.29363342439395496,70.52141127661153,4.926090729471554,4.417270922500378,105.2300033569336,0.010757878590106129,5375.31982421875,0.01587121276437098
2024-06-12,211.05812072753903,218.1207863262847,204.9463668712596,205.4119301648784,198134300,191.83931579589844,179.75415740966798,0.028578267818277547,0.30488833027467743,77.35006449778763,5.991206361410406,4.732058010282383,104.6500015258789,0.0036444317161850037,5421.02978515625,0.012513938601117491
2024-06-13,212.21707153320312,214.70336573665497,209.60200000148347,212.71235034689784,97862700,193.05373764038086,180.64208953857423,0.005491145290543953,0.3041789333727833,86.30566243841182,6.84987472578689,5.155621353383285,105.1999969482422,0.010566748225213196,5433.740234375,0.015090767356188639
2024-06-14,210.48361206054688,213.13829945342,209.30484597389383,211.8307711431916,70122700,194.175545501709,181.51177337646484,-0.00816833188834687,0.3079215327745093,80.9798990606955,7.306277677541885,5.585752618215006,105.5500030517578,0.006292341175992977,5431.60009765625,0.015823829775731824
2024-06-17,214.62413024902344,216.88260054537645,210.71143044440285,211.35528688913016,93728300,195.5028938293457,182.44923126220704,0.019671451605864254,0.31093414299092675,82.93823702583502,7.910893661301998,6.050780826832405,105.31999969482422,0.0016167205561425924,5473.22998046875,0.020974509463518087
2024-06-18,212.26657104492188,216.56560230529576,210.9887584540523,215.5354139875743,79943300,196.65441665649413,183.36189392089844,-0.010984595261334995,0.3172932974504393,78.18214969591314,8.106375607666592,6.461899782999242,105.26000213623048,0.0002850781938601443,5487.02978515625,0.020782011971489656
2024-06-20,207.7001190185547,212.2170745602359,206.8779694770392,211.90998899500863,86172500,197.51273651123046,184.15909118652343,-0.021512817604241508,0.33185626138413,69.90687767235204,7.802875254621938,6.730094877323782,105.58999633789062,0.008982272320170681,5473.169921875,0.009618124006903539
2024-06-21,205.53082275390625,209.8892705909824,205.15440599094305,208.40343403997312,241805100,198.33440475463868,184.9502944946289,-0.010444366979176611,0.33341410936406085,66.06915406287675,7.3031191477389825,6.8446997314068225,105.8000030517578,0.005703480236893821,5464.6201171875,0.005682988416918944
2024-06-24,206.1746826171875,210.69162338847192,204.63931513285507,205.758650189802,80727000,199.38736801147462,185.61074127197264,0.0031326681548498048,0.31971113243330174,65.24089689918871,6.879707951693661,6.85170137546419,105.47000122070312,-0.0007579519539705482,5447.8701171875,0.002995437668224188
2024-06-25,207.09588623046875,209.38407188516825,206.64022308060072,207.1751175381149,55549700,200.33285675048828,186.25973724365235,0.0044680733909103765,0.31706459306728674,65.69295908155279,6.543060631045904,6.789973226580533,105.61000061035156,0.0027535218037186837,5469.2998046875,-0.0007180724718812703
2024-06-26,211.2364196777344,212.8312181049777,208.6510635966682,209.5029437835443,66213200,201.4848747253418,187.06791198730468,0.019993315766097863,0.3208303800678238,67.5342997553537,6.535039778684421,6.738986537001312,106.0500030517578,0.007505233702207903,5477.89990234375,-0.0016639025429019405
2024-06-27,212.0783843994141,213.70289822966825,210.3449086305272,212.6628097453943,49772700,202.66413192749025,187.95841186523438,0.003985888053604558,0.3205060707901162,70.01225551812561,6.521447524248202,6.69547873445069,105.91000366210938,0.0030306594878053428,5482.8701171875,0.0017723175876067643
2024-06-28,208.63124084472656,214.0297919592074,208.3142702663448,213.7326216506115,82542700,203.6215057373047,188.80727111816407,-0.016254101352429218,0.3302057451066427,63.70532336931447,6.161494021119438,6.58868179178444,105.87000274658205,0.000661622805341544,5460.47998046875,-0.00075762571413307
2024-07-01,214.7033843994141,215.45620282037203,209.91898882948183,210.08738182701012,60402900,204.8349380493164,189.79656677246095,0.029104670662466692,0.34108864594673843,72.52625256798646,6.2936502321916805,6.5296754798658885,105.9000015258789,0.004076991563468191,5475.08984375,0.00499639785402084
2024-07-02,218.1901397705078,218.29910171758144,213.068958487467,214.1090319376032,58046200,206.13455123901366,190.89595703125,0.016239871489903024,0.3428068728052612,65.64140536534069,6.603614641042753,6.544463312101262,105.72000122070312,0.0010415738066076319,5509.009765625,0.00726052005842992
2024-07-03,219.4580535888672,219.4580535888672,216.9618440422543,217.9226861859784,37369800,207.48171005249023,192.0040869140625,0.005811050030459564,0.3423311821234046,61.36731191108645,6.872353503675043,6.610041350416019,105.4000015258789,-0.006129198558925575,5537.02001953125,0.010792478548613982
2024-07-05,224.20278930664065,224.31175124030364,219.55707203955853,219.55707203955853,60412400,208.9908233642578,193.18614044189454,0.02162023967761173,0.34636481991871876,64.78493874806787,7.383083911956618,6.76464986272414,104.87999725341795,-0.009725298584423725,5567.18994140625,0.015378774695834485
2024-07-08,225.66883850097656,225.69855401964364,221.1419830377085,224.94572057418637,59085900,210.64208374023437,194.35557159423828,0.0065389427083835105,0.34211135527311615,68.85607952764825,7.816040903611935,6.974928070901699,105.01000213623048,-0.008123175479744948,5572.85009765625,0.02057879849196942
2024-07-09,226.52069091796875,227.23389355571192,224.23250541967136,225.777772763212,48076100,212.21657333374023,195.5248272705078,0.0037747897434607935,0.3420643620742419,66.08623169118843,8.134134569613508,7.206769370644061,105.12000274658205,-0.007365427460416574,5576.97998046875,0.018609765250712895
2024-07-10,230.7801055908203,230.8791673967792,227.0853299721382,227.13486087511765,62627700,214.19075469970704,196.79094451904297,0.018803645069200625,0.3287861958476053,73.80897529233766,8.63043893061581,7.491503282638411,105.0500030517578,-0.00633747787749861,5633.91015625,0.022672022003727532
2024-07-11,225.42120361328125,230.19568345608252,223.63819688403007,229.2051258414663,64710600,215.20211334228514,197.86678955078125,-0.023220814306413984,0.2522537825488681,72.3346291379495,8.493438042245685,7.6918902345598665,104.44000244140624,-0.009108150574712814,5584.5400390625,0.008582237261853587
2024-07-12,228.36314392089844,230.44332094014865,226.5207061684713,226.7584454352943,53046500,216.06736450195314,199.064189453125,0.013050858838746127,0.23851389707046955,78.22679315542155,8.523994544076231,7.85831109646314,104.08999633789062,-0.007532426928067881,5615.35009765625,0.008650711895386687
2024-07-15,232.1867218017578,234.99000194235265,230.88909361652625,234.2470836578572,62631300,217.06584701538085,200.3584390258789,0.01674341058373141,0.2427196892137687,79.81381982412427,8.755810044051003,8.037810885980713,104.19000244140624,-0.007808777051165561,5631.22021484375,0.010474015300007578
2024-07-16,232.60275268554688,234.03905824310996,230.1362587163494,232.781045805997,43234300,218.17180404663085,201.5872137451172,0.001791794468523733,0.23829536716191693,79.5773227396841,8.870838212321502,8.204416351248872,104.2699966430664,-0.008086054806950349,5667.2001953125,0.016177252771161443
2024-07-17,226.7188262939453,229.27446669281912,224.49997184852455,227.28343626123907,57345900,218.77653884887695,202.49354217529296,-0.025296030780667444,0.2547555757591346,67.25545636388429,8.39049477773537,8.241632036546171,103.75,-0.012375088186501904,5588.27001953125,-0.008100969921949974
2024-07-18,222.0631866455078,228.2640866473074,220.1712331922365,228.1055938101061,66034600,219.26636962890626,203.33979736328126,-0.020534861284088435,0.2637399713342022,60.25638614283489,7.547149097455048,8.102735448727946,104.16999816894533,-0.0025852572400348883,5544.58984375,-0.007153712755761155
2024-07-19,222.1919860839844,224.65848009632384,221.1717129043359,222.6971801635164,49151500,219.99096298217773,204.1749774169922,0.0005800125649921828,0.24839648997814903,64.94867556965193,6.810675381815287,7.844323435345415,104.4000015258789,0.0029782418954262813,5505.0,-0.01965150805152971
2024-07-22,221.8453063964844,225.62922890399747,220.98351093014816,224.86649525231948,48201800,220.80668716430665,204.9964971923828,-0.001560270888298243,0.24374257654738996,59.010247803808284,6.1283961664927915,7.501137981574891,104.30999755859376,0.0011516951183008217,5564.41015625,-0.011864224101490572
2024-07-23,222.88536071777344,224.7971447504236,220.57735968997056,222.25140445670337,39960300,221.64222106933593,205.80261260986327,0.0046881961948306294,0.24373689574943944,56.313238872543586,5.606974947451306,7.122305374750175,104.4499969482422,0.0017262905051389499,5555.740234375,-0.019667553129619764
2024-07-24,216.47645568847656,222.67735606492835,215.0797809310421,221.8849069457516,61777600,222.11124954223632,206.50570983886718,-0.028754266357637115,0.27003070275238433,46.47785977194646,4.623305215694813,6.622505342939103,104.38999938964844,0.006168668815888623,5427.1298828125,-0.028835424228886297
2024-07-25,215.43638610839844,218.76466037633443,212.59347540961957,216.86277641061952,51391200,222.32124786376954,207.12401611328124,-0.004804539028368304,0.2627975335195667,38.65097717572565,3.716968049489708,6.041397884249225,104.36000061035156,0.0018239651026785708,5399.22021484375,-0.026218283588661517
2024-07-26,215.9019470214844,217.417498981548,213.9703475571551,216.6349499920164,41601300,222.51242599487304,207.72885070800783,0.002161013380774568,0.26261293307311606,37.019484067063296,3.0016549801507892,5.433449303429539,104.31999969482422,-0.0007663010525421621,5459.10009765625,-0.008337856919845565
2024-07-29,216.17930603027344,217.22929471632008,213.7128120512828,214.91139345300465,36311800,222.88982925415038,208.29386413574218,0.0012846526518883739,0.25456411691561126,36.042832024178885,2.4291431233339438,4.832588067410421,104.55999755859376,0.002396702193953937,5463.5400390625,-0.018127728610048965
2024-07-30,216.73403930664065,218.2495914590453,214.07933666984096,217.12035622559256,41643800,222.99136199951172,208.8675958251953,0.0025660794576218837,0.23350913521125352,28.936489783365943,1.9971636322237316,4.265503180373083,104.5500030517578,0.0009574543459791585,5436.43994140625,-0.02147333891361658
2024-07-31,219.98301696777344,221.70659250258416,218.546711579452,219.349060756356,50036300,223.081005859375,209.505712890625,0.014990620169894164,0.2324371962623038,41.29395745728654,1.8951361676297154,3.79142977782441,104.0999984741211,-0.002778052660436181,5522.2998046875,0.017535958034908816
2024-08-01,216.2981719970703,222.36038006072013,214.9708283555684,222.25141811315143,62501000,222.92301177978516,210.04695404052734,-0.016750588393116495,0.23930999317012366,31.133835737505265,1.4996553795569412,3.3330748981709166,104.41999816894533,0.0005749095270493054,5446.68017578125,0.008790150993845502
2024-08-02,217.7840118408203,223.4698183577824,215.6543188775265,217.0807092384795,105568600,222.60207290649413,210.59195983886718,0.006869405460209421,0.22651714679690885,25.701816077490918,1.2912442040206145,2.9247087593408563,103.20999908447266,-0.010640343305202582,5346.56005859375,-0.020615126495082348
2024-08-05,207.29400634765625,211.4840610296135,194.14930192882557,197.21012147966275,119548600,221.68333129882814,210.95589080810547,-0.04816701375136423,0.27850473555955985,18.134151205405814,0.27643450630787925,2.395053908734261,102.69000244140624,-0.01788442196681972,5186.330078125,-0.050738158585009074
2024-08-06,205.27325439453125,208.00720313955475,199.17143085232243,203.36148541473497,69660500,220.62095947265624,211.3590475463867,-0.00974824110319894,0.2775754686133375,20.088373417487148,-0.6829941534748514,1.7794442962924386,102.97000122070312,-0.015112403490533555,5240.02978515625,-0.03612845140696874
2024-08-07,207.83880615234372,211.62272838414276,204.441185671316,204.9463646139573,63516400,219.47389450073243,211.7521014404297,0.012498227133290074,0.27130602153221084,28.931920611940157,-1.2222404657472055,1.1791073438845099,103.1999969482422,-0.00864554792575356,5199.5,-0.05845387177521533
2024-08-08,211.2958526611328,212.17744837655164,206.8581585633277,211.097744151489,47161100,218.767626953125,212.21409729003906,0.016633306227977096,0.2728418438935637,35.309791058850976,-1.3550224365899624,0.6722813877896154,103.20999908447266,-0.011587809861047571,5319.31005859375,-0.023384908435390317
2024-08-09,214.19818115234372,214.7330756065884,209.9684959625569,210.09727328743648,42201600,218.05937881469725,212.72819610595704,0.013735851672704413,0.27338952207049566,40.35477563337662,-1.2120872641725953,0.29540765739717323,103.13999938964844,-0.0006782259029662896,5344.16015625,-0.00044886849066483325
2024-08-12,215.72540283203125,217.6889728146819,213.81142108338884,214.27752324509848,38028100,217.23631286621094,213.2530288696289,0.0071299470026839895,0.26619139582085843,41.07886704738989,-0.9644584080394623,0.04343444430984614,103.13999938964844,0.004382091124196519,5344.39013671875,0.030476282113323094
2024-08-13,219.43438720703125,220.04923895369575,217.19312608520667,217.19312608520667,44155300,216.57789459228516,213.83302185058594,0.01719308123340446,0.27572179533274566,53.95136090404878,-0.46358281952447555,-0.05796900845701821,102.55999755859376,-0.003981777772640527,5434.43017578125,0.03709910030963748
2024-08-14,219.88067626953125,221.1798064675701,217.8774293678053,218.74022238953543,41960600,216.23598709106446,214.38667785644532,0.00203381552080506,0.2628670368695533,56.03261902917544,-0.03027452359935978,-0.05243011148548653,102.56999969482422,-0.006104624729145525,5455.2099609375,0.049179721307337276
2024-08-15,222.8557891845703,223.4805677293667,220.91204211865187,222.7367895121164,46414000,216.27561721801757,214.99349609375,0.013530579246500807,0.25773619913451323,58.836998166000036,0.5468879866425027,0.06743350814011133,102.9800033569336,-0.002228424857855349,5543.22021484375,0.04209383431000724
2024-08-16,224.17474365234372,224.94827173921567,221.7946444270254,222.0624088054674,44340200,216.37475509643554,215.5965805053711,0.0059184213818248566,0.25850706955189284,59.89861639373742,1.0980642358379669,0.27355965367968244,102.45999908447266,-0.006592983412835207,5554.25,0.03931204110795594
2024-08-19,224.0160369873047,224.1152134494971,221.18967426906008,223.84744910734045,40687800,216.48329162597656,216.22402862548827,-0.000707959614242526,0.2584315013699543,59.10463308309404,1.5047235662205765,0.5197924361878613,101.88999938964844,-0.01211944936394338,5608.25,0.04937137007801784
2024-08-20,224.6309051513672,225.2854335325348,223.57970115675508,223.8970537532744,30299000,216.57056884765626,216.8160287475586,0.0027447506541566913,0.25811712288937977,56.220988842396615,1.8552327690242691,0.7868805027551429,101.44000244140624,-0.01092038946810292,5597.1201171875,0.029936890555938067
2024-08-21,224.52182006835935,226.08871448701356,223.1830285060583,224.6408348597364,34765500,216.97283706665038,217.4805355834961,-0.0004856192113651403,0.23397271587896185,62.17209347495655,2.100004043584647,1.0495052109210437,101.04000091552734,-0.014916630436278333,5620.85009765625,0.030363659310059576
2024-08-22,222.66732788085935,226.44571820828537,222.04254943445835,225.90027790842765,43695300,217.33438415527343,217.8300015258789,-0.008259741467156134,0.23560776756604399,57.14992973684265,2.119908040962912,1.2635857769294174,101.51000213623048,-0.014274627818839924,5570.64013671875,0.004946569108254861
2024-08-23,224.95819091796875,226.3267476403601,222.4690186706249,223.7879871535285,38677300,217.78719635009764,218.1080029296875,0.01028827650159414,0.23755010104455082,84.03470149517015,2.2940907536530517,1.4696867722741445,100.72000122070312,-0.016982216272859785,5634.60986328125,0.014468175411846751
2024-08-26,225.2953643798828,225.39454085782168,222.0326640536948,224.87885041051024,30602200,218.2429992675781,218.3695687866211,0.0014988272289093718,0.23754079145252266,91.25432847420774,2.4313122348746106,1.6620118647942377,100.8499984741211,-0.010207095119808218,5616.83984375,0.0015316442294832644
2024-08-27,226.13829040527344,226.95149505120295,223.0243400581704,224.1251322421701,35934600,218.71321182250978,218.68266235351564,0.0037414264057795688,0.2376030469835209,90.58605824777472,2.57835664258792,1.8452808203529742,100.5500030517578,-0.008773653077961185,5625.7998046875,0.00512400786467504
2024-08-28,224.611083984375,227.95312221094204,223.80779089178384,226.0292136907944,38052200,218.94461517333986,218.88240142822266,-0.006753418088380592,0.23463772032637972,82.29624130163964,2.542350961008566,1.9846948484840927,101.08999633789062,0.0004948082136804199,5592.18017578125,-0.005100638048852191
2024-08-29,227.8836975097656,230.9877364442669,226.98125820388415,228.19113851748887,51906300,219.5238914489746,219.19474395751953,0.014570133705504196,0.2292279015659207,82.60863558360722,2.746231908109962,2.137002260409267,101.33999633789062,-0.0016747689366778395,5591.9599609375,0.003827176714974012
2024-08-30,227.10025024414065,228.4886300006117,225.59285569982603,228.28038060324323,52990800,219.9897033691406,219.58274658203126,-0.003437925898983507,0.22966867031472632,78.09891624249168,2.8121743849844165,2.272036685324297,101.6999969482422,0.00972990186320244,5648.39990234375,0.0024473813444236825
2024-09-03,220.9219665527344,227.1002799762046,219.3352336528565,226.65401607692849,50190600,220.67110137939454,219.8905694580078,-0.027205094158920473,0.1740091009416116,53.275160516124245,2.338936607893686,2.285416669838175,101.83000183105467,0.009717435515728345,5528.93017578125,-0.01565109036651091
2024-09-04,219.0178985595703,219.9401762860646,215.6758448114514,219.821176613538,43840200,221.35833358764648,220.14743377685548,-0.008618735487806672,0.17293326908927983,48.21502644487111,1.7896202576369546,2.186257387397931,101.36000061035156,0.00805566915971978,5520.06982421875,-0.018793768733230465
2024-09-05,220.53518676757807,223.6094607351492,219.6823205428289,219.79140861107143,36615400,221.9931526184082,220.41621978759767,0.006927690467247727,0.17011195387128472,44.8907863290243,1.459886902859381,2.040983290490221,101.11000061035156,0.00019788577688806264,5503.41015625,-0.01587395554880322
2024-09-06,218.98812866210935,223.37145940933704,217.946836225884,222.09215251756703,48423000,222.37776641845704,220.57125396728514,-0.007015017096111631,0.16567229430820143,38.69431306418668,1.061499874003573,1.8450866071928915,101.18000030517578,-0.0015788044059266149,5408.419921875,-0.03282213040590676
2024-09-09,219.07736206054688,219.43437615112032,214.91220775865924,218.9881123209545,67180000,222.6217254638672,220.71123352050782,0.00040748052866002027,0.159625658403101,39.20206416554957,0.7443947535616644,1.6249482364666463,101.5500030517578,-0.0014748662830417203,5471.0498046875,-0.03139828990908744
2024-09-10,218.2840118408203,219.6426417511051,214.9320468059923,217.10388142289187,51591000,222.74965591430663,220.9042889404297,-0.003621324505027168,0.15886627991310442,36.23059637953564,0.424180242769296,1.3847946377271765,101.62999725341795,-0.0019641026616943336,5495.52001953125,-0.006042788602458549
2024-09-11,220.8128662109375,221.2392917639212,216.0824328240824,219.6228241682371,44587100,222.81857986450194,221.02647857666017,0.01158515618615863,0.152223451107561,42.71807721528395,0.37019793771037257,1.1818752977238158,101.68000030517578,0.0031570609007232076,5554.1298828125,0.006170222420795346
2024-09-12,220.9219665527344,221.6954946800681,217.99644195502805,220.65420216028613,37455600,222.87064437866212,221.0811151123047,0.0004940850760601911,0.1520965728658096,46.32113520432788,0.33238849021253714,1.0119779362215602,101.37000274658205,0.002571477941459621,5595.759765625,0.016780433722556998
2024-09-13,220.65419006347656,222.18140791181287,220.0690882024533,221.725232442346,36766600,222.76056442260742,221.10503784179687,-0.0012120863010420813,0.14384047721952659,40.082206712258895,0.27761671322684833,0.8651056916226179,101.11000061035156,-0.0006918333130370158,5626.02001953125,0.04023358038012925
2024-09-16,214.5254669189453,215.4179946756504,212.14536768072225,214.74362792854853,59357400,222.2781005859375,220.91149139404297,-0.027775240265177747,0.1711613635324621,30.411194618057436,-0.25736036247357674,0.6406124808033791,100.76000213623048,-0.007779427787162785,5633.08984375,0.029617723261021522
2024-09-17,214.99156188964844,215.10064996456288,212.72056577105596,213.96019610771708,45519300,221.82687683105468,220.6979458618164,0.0021726789709271,0.17178569630165846,29.444015478781907,-0.63638769919163,0.3852124448043772,100.88999938964844,-0.0072812937495639884,5634.580078125,0.025304258395843604
2024-09-18,218.8592071533203,220.86245391858552,215.7353297749969,215.7452565018275,59894900,221.53829193115234,220.54471618652343,0.01798975378232326,0.1853550763395211,40.235677240506085,-0.6175640508095341,0.18465714568159497,100.5999984741211,-0.010621575804614869,5618.259765625,0.011546341941147675
2024-09-19,226.97134399414065,227.91347512552952,222.76652771175563,223.1235418425436,66781300,221.6607681274414,220.46854095458986,0.03706554979493015,0.22993592333986834,48.66976947001695,0.05134361600320858,0.15799443974591768,100.61000061035156,-0.0074973080362880085,5713.64013671875,0.021066017132810977
2024-09-20,226.3069000244141,231.15633305592988,225.7317097608303,228.06222073119503,318679900,221.84274673461914,220.4862548828125,-0.0029274354992747664,0.22796853664888184,48.8392507515747,0.5218273845421209,0.23076102870515833,100.72000122070312,-0.0038571791839996372,5702.5498046875,0.013602828445432147
2024-09-23,224.5912322998047,227.54650632766104,223.9367039516944,225.454010038184,54146000,221.82439880371095,220.41081665039061,-0.00758115516771396,0.22703974633457522,56.17483639067789,0.7476308902998596,0.3341350010240986,100.91999816894533,0.0015878923116587895,5718.56982421875,0.015174616922467798
2024-09-24,225.48377990722656,227.4473651253421,223.85738561877668,226.75316007712863,43556100,221.8338195800781,220.2767578125,0.003974098179533758,0.22742395752200187,61.2646327938335,0.9872228376787575,0.4647525683550304,100.37000274658205,-0.005154095016475346,5732.93017578125,0.017454734211351797
2024-09-25,224.4920654296875,225.40443143928672,222.1615697374452,223.06400902085235,42308700,221.75150833129882,220.1145440673828,-0.004398163264546562,0.22754919925188277,57.022130225071756,1.0845757972439856,0.5887172141328215,100.91999816894533,0.0031809115276135724,5722.259765625,0.018511070035657218
2024-09-26,225.632568359375,226.6044343440515,223.5400716645202,225.41439220107117,36636700,221.80258255004884,220.0928189086914,0.005080370780608856,0.22695217727613878,61.96429258321014,1.2394699360550874,0.7188677585172747,100.55999755859376,-0.000496998821731931,5745.3701171875,0.005553373980422327
2024-09-27,225.90028381347656,227.6159429044405,225.41435845997736,226.56473891662023,34026000,221.7034118652344,220.16956085205078,0.001186510688807818,0.22069547145763815,62.207211954002354,1.3680569478604525,0.8487055963859103,100.41999816894533,-0.0029785846715829623,5738.169921875,0.006246349160899944
2024-09-30,231.06704711914065,231.06704711914065,227.7448324488812,228.1315964288997,54541900,221.90175170898436,220.3470620727539,0.022871876114729517,0.2350957897794745,69.77592685530396,1.8653748196941535,1.0520394410475589,100.77999877929688,-0.0013872313930692881,5762.47998046875,0.007678520609127881
2024-10-01,224.3334045410156,227.74485413807125,221.88389405688537,227.615942887257,63285000,222.07232360839845,220.39682403564453,-0.02914150962708728,0.23825305918171952,54.81942357920975,1.6965968233636204,1.1809509175107713,101.19000244140624,0.008169768580106096,5708.75,-0.004217769105822944
2024-10-02,224.89866638183597,225.48376819979168,221.16986421787885,224.01605029183685,32880600,222.36636199951172,220.4370901489258,0.0025197399467853376,0.23563366810729944,55.376732521498276,1.5901210263796486,1.2627849392845467,101.68000030517578,0.007530738704118578,5709.5400390625,-0.0022228502520823534
2024-10-03,223.79788208007807,224.928424248049,221.4673863197881,223.27228007150777,34044200,222.5294967651367,220.58351867675782,-0.004894579054056991,0.23571220416645194,54.15682231337416,1.4007669274470516,1.2903813369170476,101.98999786376952,0.014220369330682603,5699.93994140625,-0.007907267043657296
2024-10-04,224.9185028076172,226.1085447535635,222.27065455992025,226.00936828631615,37245100,222.8260154724121,220.7731610107422,0.005007289242970447,0.23425771577587923,65.84036607465109,1.325843666634654,1.297473802860569,102.5199966430664,0.02091215407700031,5751.06982421875,0.002248086501337898
2024-10-07,219.8509063720703,223.81772316941647,219.4938922550209,222.63759275105315,39505400,222.86469268798828,220.8521401977539,-0.02253081170419058,0.2492683477503265,56.495226611538634,0.8477810695256665,1.2075352561935886,102.54000091552734,0.017463803905026776,5695.93994140625,-0.011547118478160368
2024-10-08,223.89707946777344,224.10532889247756,221.39798044587943,222.43927296601916,31855700,223.14534606933594,221.0064956665039,0.018404168363333806,0.2568270740007764,56.70187008161709,0.7863409219376365,1.1232963893423982,102.5500030517578,0.013440068954826412,5751.1298828125,0.00742367117363707
2024-10-09,227.63577270507807,227.84403724277385,222.9648544526125,223.3615300750172,33591100,223.48649139404296,221.22453033447266,0.016698267106439735,0.26013791753686033,51.00028025489398,1.0274862392313082,1.1041343593201802,102.93000030517578,0.01229346967199385,5792.0400390625,0.014449500211149546
2024-10-10,227.1399383544922,227.59612897487835,225.28545621996585,225.8903964273224,28183500,223.79738998413086,221.36766876220702,-0.002178191699370058,0.26046816197335887,51.26051700730528,1.165154773369295,1.116338442130003,102.98999786376952,0.00980488303701832,5780.0498046875,0.014054510065852677
2024-10-11,225.66229248046875,227.5068628874906,225.4540279414576,227.3977748208096,31759200,224.04779510498048,221.554951171875,-0.006505442788829585,0.2618775443702806,51.632440146031904,1.1418617344001234,1.1214431005840273,102.88999938964844,0.003609078801184884,5815.02978515625,0.011121402259480995
2024-10-14,229.38116455078125,229.80759005626183,226.703566469934,226.80272780199272,39882100,224.79057998657225,221.78689422607422,0.016479811622202467,0.24327235999073935,55.46896645935813,1.407261692561434,1.1786068189795087,103.3000030517578,0.0074117625262803966,5859.85009765625,0.02877666512219812
2024-10-15,231.9100341796875,235.51983687729248,230.44230106244424,231.67201972311165,64751400,225.63650360107422,222.27921478271483,0.011024748408871243,0.24467406266254652,59.97871018011364,1.800892152200987,1.3030638856238044,103.26000213623048,0.006923442840994776,5815.259765625,0.011150831944198414
2024-10-16,229.8571929931641,230.19436878170097,227.93328446814013,229.6786935047168,34082200,226.1864028930664,222.7708935546875,-0.00885188600736797,0.2427271719753381,55.546847233458244,1.925009686586776,1.4274530458163988,103.58999633789062,0.006412086182435051,5842.47021484375,0.008706807176942943
2024-10-17,230.22412109375,231.91003031839952,228.60765355789445,231.49350124327563,32993800,226.3490417480469,223.21859985351563,0.0015963307295623341,0.20568861257674007,55.6623593886817,2.0295859544675636,1.547879627546632,103.83000183105467,0.008156170353516012,5841.47021484375,0.010626276975405968
2024-10-18,233.05047607421875,234.2206797118992,232.0686835146529,234.2206797118992,46431500,226.68622055053712,223.65369232177736,0.012276537171870938,0.20909443594721508,52.76705134241985,2.3138539581782993,1.7010744936729656,103.48999786376952,0.0058314557068746,5864.669921875,0.008536523208438895
2024-10-21,234.5182037353516,234.88514457730523,232.5050454306036,232.5050454306036,36254500,227.18256912231445,224.0600927734375,0.006297896000287073,0.2068457640368145,66.65587003315355,2.6272860370941657,1.886316802357206,104.01000213623048,0.006873175832501577,5853.97998046875,-0.0010017521079332958
2024-10-22,233.9033660888672,234.2603802258017,230.67041566655348,231.949707496782,38846600,227.6035484313965,224.42365203857423,-0.002621705422826137,0.20743902840979894,64.7021365647546,2.7938650212876723,2.0678264461432994,104.08000183105467,0.007941116384467817,5851.2001953125,0.0061803653037049155
2024-10-23,228.8456573486328,233.18932661738796,225.87054472777703,232.13812257917172,52287000,227.82122802734375,224.61187744140625,-0.021623069495771197,0.22283265374707556,57.29854329626388,2.489072758727815,2.1520757086602025,104.43000030517578,0.008108929404198717,5797.419921875,-0.007710829719643653
2024-10-24,228.6572265625,228.9051525928802,226.5151420282862,228.0721096303277,31109500,227.9724609375,224.78740844726562,-0.0008233968182570495,0.2224030920040337,55.55555555555557,2.2068783847945213,2.1630362438870665,104.05999755859376,0.0022151182074843234,5809.85986328125,-0.005411369124535659
2024-10-25,229.49026489257807,231.2852470135028,227.665532857223,227.8341207497304,38802300,228.15195999145507,224.92009796142577,0.0036431751692325154,0.22263646855521763,66.38568885905441,2.027089515482146,2.1358468982060823,104.26000213623048,0.0074403738366539685,5808.1201171875,-0.009642453103212434
2024-10-28,231.4637756347656,232.78274415861915,230.62083606612688,231.38445260776976,36087100,228.17179641723632,225.06587860107422,0.008599540129126115,0.20930500431756052,63.83748763142226,2.020559611375063,2.1127894408398786,104.31999969482422,0.002980459111881384,5823.52001953125,-0.005203290930123949
2024-10-29,231.7315216064453,232.3860500186716,230.3927299983884,231.1662580738538,35417200,228.5417022705078,225.22018829345703,0.0011567510766876676,0.17837719096574112,58.57915693695931,2.0137759222926945,2.092986737130442,104.27999877929688,0.00192156941510091,5832.919921875,-0.0031241921020143115
2024-10-30,228.191162109375,231.5332007086612,227.64572172599728,230.68033441798144,47070900,228.70632705688476,225.29139343261718,-0.015277850300758788,0.18818834941574072,51.95286788937878,1.703090212592457,2.015007432222845,103.98999786376952,-0.004213372020687944,5813.669921875,0.002802971014517208
2024-10-31,224.0359039306641,227.92338265648337,223.5003751779276,227.43744214117888,64370100,228.71822814941407,225.28167510986327,-0.018209549135471126,0.19914275276044568,47.25202423669922,1.108793460393457,1.8337646378569674,103.9800033569336,-0.0007687315350466406,5705.4501953125,-0.017971116416873878
2024-11-01,221.0608062744141,223.48056715614828,218.4427075616965,219.13689753624155,65276700,228.5253433227539,225.24954467773438,-0.013279557446161605,0.2037267558896472,35.57932307184544,0.39321079637267076,1.545653869560108,104.27999877929688,0.00019179592035944992,5728.7998046875,-0.013656796157722972
2024-11-04,220.16824340820312,220.9417714715672,217.88733586004025,219.15671602208408,44944500,228.54121017456055,225.15374572753908,-0.004037635079929047,0.1874748517324756,28.425663006226344,-0.2431135228441974,1.1879003910792472,103.88999938964844,-0.004121935452776948,5712.68994140625,-0.0190314582509018
2024-11-05,221.59629821777344,222.09215031274817,219.3054639601429,219.9599923572388,28111300,228.42617111206056,225.07976440429687,0.006486197952366046,0.17652755235787113,34.464769639919936,-0.6249687907225336,0.825326554718891,103.41999816894533,-0.00824703318391573,5782.759765625,-0.008599493379274126
2024-11-06,220.8723602294922,224.19457534628128,219.35505401685137,220.7632721624041,54561100,228.08800048828124,224.97444580078124,-0.0032669227514342536,0.1646169155100703,32.646333790716426,-0.9747710333878388,0.46530703709754506,105.08999633789062,0.010577925730531845,5929.0400390625,0.019844628046975732
2024-11-07,225.5928955078125,225.98958631695007,222.70704742389805,222.76654726221693,42137700,228.01064834594726,224.99408203125,0.02137223178769654,0.18340020078917313,37.07023354744498,-0.8611572009275221,0.20001418949253166,104.51000213623048,0.005097122159897882,5973.10009765625,0.04691126785466415
2024-11-08,225.3248291015625,227.01257809039103,224.77878865400956,225.53330763226649,38328800,227.99377517700196,224.94290466308593,-0.0011882750369712758,0.1819712674808845,33.36892355408284,-0.7837139719950699,0.0032685571950113734,105.0,0.006904499703984213,5995.5400390625,0.04656127696358747
2024-11-11,222.61448669433597,224.07389700260043,219.90415975706796,223.3789433198207,42005600,227.6554412841797,224.85318939208983,-0.01202860074512635,0.17573330512893234,31.017298800732817,-0.9303175148951937,-0.18344865722302964,105.54000091552734,0.015882197859010683,6001.35009765625,0.05052963826336132
2024-11-12,222.61448669433597,223.96468891324545,221.75075962779928,222.93218846295187,40398300,227.1906639099121,224.88703979492186,0.0,0.16961442934466472,37.374507490595064,-1.0345759315275131,-0.3536741120839264,106.0199966430664,0.025140190680275953,5983.990234375,0.03479834489168865
2024-11-13,223.49806213378903,225.01703765642935,221.15506473467505,222.39605879884869,48566200,226.87270736694336,224.97664306640624,0.00396908329091028,0.16883774576711535,39.83299103612305,-1.0339851866360448,-0.4897363269943501,106.4800033569336,0.013226825268636944,5985.3798828125,0.009502355082579017
2024-11-14,226.57574462890625,227.22105551450989,223.3789425502784,223.398802697962,44923900,226.69028854370117,225.0974542236328,0.013770510874832054,0.17698714781108127,44.72327047500135,-0.7762259118355246,-0.547034243962585,106.66999816894533,0.02066784028861912,5949.169921875,-0.004006324252064708
2024-11-15,223.3789520263672,225.2851172657963,222.65421566813876,224.7688594461005,47923700,226.2067123413086,225.18527069091797,-0.0141091563343414,0.17603038404359755,35.983321155583,-0.8204466772304215,-0.6017167306161524,106.69000244140624,0.01609526134672601,5870.6201171875,-0.02083547454626511
2024-11-18,226.37716674804688,228.08477571151616,223.5476943559773,223.62711979019133,44633700,225.79966049194337,225.33126678466797,0.013422100401499604,0.18222345010351423,41.51999779603991,-0.6065689324088908,-0.6026871709747001,106.27999877929688,0.007011539296477798,5893.6201171875,-0.01795095748718656
2024-11-19,226.63531494140625,228.501774994788,225.02699136706505,225.34467799276683,36211800,225.4362579345703,225.49829284667967,0.0011403455439773502,0.18246085608420967,47.250013485085496,-0.4114954139769509,-0.5644488195751504,106.20999908447266,0.0017921377798748583,5916.97998046875,-0.011198255893084541
2024-11-20,227.35009765625,228.2733899080337,224.2625040209905,226.4168677573381,35169600,225.36147994995116,225.62903747558593,0.0031538893884588415,0.16676538965620452,56.66898997497577,-0.19695092611277687,-0.4909492408826757,106.68000030517578,0.0018782582826539773,5917.10986328125,-0.011406129747469018
2024-11-21,226.8735809326172,228.50176458087773,224.0838286281757,227.230987838277,42108300,225.27229766845704,225.7480697631836,-0.0020959600569572245,0.16688199345679025,63.004428277068364,-0.06462879048493164,-0.4056851508031269,106.97000122070312,0.0028124407697340814,5948.7099609375,-7.731514539677242e-05
2024-11-22,228.2138671875,229.0577493127743,226.41690998899296,226.41690998899296,38168300,225.20847778320314,225.89926330566405,0.005907634768990144,0.167789776686376,67.64628318228677,0.14669633087208922,-0.2952088544680837,107.48999786376952,0.0074983166562643255,5969.33984375,0.016815894163118683
2024-11-25,231.19224548339844,231.56951255942457,228.08480637706973,229.7924155701237,90152800,225.19490127563478,226.23259887695312,0.013050820848898859,0.17159580780360803,69.70642169636673,0.5481841238488698,-0.12653025880469299,106.81999969482422,0.005080927001596125,5987.3701171875,0.015907031355244294
2024-11-26,233.366455078125,233.87279036398945,231.6489234928732,231.6489234928732,45986200,225.27664794921876,226.60009674072265,0.00940433616266212,0.17480268291218956,74.2156793738803,1.029934195716578,0.10476263209956121,107.01000213623048,0.007532276232500079,6021.6298828125,0.017686370866419443
2024-11-27,233.2373809814453,233.99191506726265,232.12545514826604,232.78070364946956,33498400,225.52895889282226,226.88766021728514,-0.0005530961878666973,0.16480484522208924,68.02428619021549,1.3853400597442658,0.36087811762850214,106.08000183105467,-0.005624282643463707,5998.740234375,0.013795649055007297
2024-11-29,235.62013244628903,236.0966699932652,232.28433931974533,233.11828381416737,28481400,226.10817031860353,227.06063598632812,0.010215993057447692,0.15082258616176342,72.07326337112795,1.8380816363375914,0.65631882137032,105.73999786376952,-0.011498582246398548,6032.3798828125,0.014065221270564976
2024-12-02,237.8638153076172,239.0551666028684,235.45133007089743,235.5605381566453,48137100,226.94832077026368,227.2917742919922,0.009522458195882821,0.1404063128643952,83.36235433305333,2.3508301466937667,0.9952210864350095,106.4499969482422,-0.009675327343902196,6047.14990234375,0.0130349520433517
2024-12-03,240.9017639160156,241.01097200063165,237.1787816889052,238.08222901174216,38861000,227.9849967956543,227.6179849243164,0.01277179803270867,0.14078696028083665,85.31447183947297,2.968109579161876,1.3897987849803828,106.37000274658205,-0.0042126656948865415,6049.8798828125,0.010440270837033694
2024-12-04,241.25917053222656,242.35125137710352,239.51185632927687,241.12017980186528,44383900,228.96814041137696,227.93349273681642,0.0014836197560412767,0.14099289829896083,85.00984733917318,3.4464195246490874,1.8011229329141236,106.33999633789062,-0.0062611511537669085,6086.490234375,0.010771228525291887
2024-12-05,241.28895568847656,242.7781485930641,240.38552350615552,242.2321233137982,40033900,229.98897018432618,228.2694305419922,0.00012345709464356425,0.1390811333230905,82.9626884702977,3.78426437161599,2.197751220654497,105.70999908447266,-0.003487959466396795,6075.10986328125,0.012730944485414453
2024-12-06,241.0904083251953,242.86752040520184,240.3358893466864,241.1599112680226,36870600,230.76384582519532,228.5785873413086,-0.000822861380931128,0.12488945807682378,95.83773648686004,3.989993571779962,2.5561996908795903,105.97000122070312,0.0021751783769650146,6090.27001953125,0.009596566834872311
2024-12-09,244.97222900390625,245.45870413211117,240.0082527322972,240.0876781705053,44649200,231.7462158203125,228.96002624511718,0.016101099606894875,0.13145065237336176,96.0197757479725,4.415368314691335,2.928033415641939,106.1500015258789,-0.0028181815966529244,6052.85009765625,0.0009426251051409817
2024-12-10,245.98489379882807,246.42172615122828,243.5723933612922,245.11122909402772,36914800,232.91473617553712,229.25838317871094,0.0041337942632904134,0.11663555228523055,96.16307024275315,4.779103913835655,3.2982475152806825,106.4000015258789,0.00028202292490608905,6034.91015625,-0.0024743840956295005
2024-12-11,244.71409606933597,248.9930409884295,244.48574226451257,246.17350623578653,45205800,234.01971664428712,229.66599700927733,-0.005166161668981983,0.12095195011671994,90.3553573113052,4.908245046837266,3.6202470215919993,106.70999908447266,0.003479431628024221,6084.18994140625,-0.000377934224844112
2024-12-12,246.17352294921875,246.9479020514793,243.9099357862414,245.11122473397327,32777500,235.1534896850586,230.091494140625,0.005963803897382602,0.12098374772661745,92.89489801939736,5.069911098190033,3.910179836911606,106.95999908447266,0.011824803810670081,6051.25,-0.0039274784848686295
2024-12-13,246.34228515625,247.49391610940148,244.46590277835176,246.0345210589055,33155300,236.14181671142578,230.54238220214845,0.0006855416659332647,0.11706998732365968,92.5045722152422,5.152258282025144,4.158595525934314,107.0,0.009719720368330576,6051.08984375,-0.006433241162641545
2024-12-16,249.23130798339844,249.56886987487528,245.86573275817128,246.2032946496481,51694800,237.43443450927734,231.02863830566406,0.011727677306053952,0.09775834311504257,92.47303329127529,5.388523471730878,4.404581115093627,106.86000061035156,0.006688639418432452,6074.080078125,0.0035074353612309928
2024-12-17,251.6537322998047,252.0012166921119,247.98039295462075,248.2782345553336,51356400,238.69826278686523,231.66469482421874,0.009719582728216603,0.09461604696399413,92.55999539767204,5.7054656772623105,4.664758027527364,106.95999908447266,0.005263134873710884,6050.60986328125,0.002601481484358237
2024-12-18,246.2628631591797,252.44797328398425,245.95509905753715,250.34325221557475,56774100,239.6796401977539,232.11201049804689,-0.021421773050449566,0.13367769142455763,74.35041818327053,5.458721825053175,4.823550787032527,108.02999877929688,0.012369971944047098,5872.16015625,-0.03484930404839448
2024-12-19,247.9903259277344,250.184410158509,245.3097817058068,245.71683140567848,60882300,240.71165161132814,232.5191015625,0.007014710811017011,0.13398092198370165,73.70620659404949,5.340999633776278,4.927040556381277,108.41000366210938,0.013556512621990313,5867.080078125,-0.030435021173311316
2024-12-20,252.656494140625,253.1628143156686,243.91989202858784,246.2529520123801,147495300,242.00079727172852,233.02943267822266,0.018815928385248037,0.14093979144824184,75.94013812221235,5.560130997949159,5.0536586446948535,107.62000274658205,0.005794418192355488,5930.85009765625,-0.019870758689518042
2024-12-23,253.43084716796875,253.80809906094288,251.62395254537785,252.93444954402884,40858800,243.26164627075195,233.58480377197264,0.0030648451367838447,0.1411741079432566,73.86536440409996,5.730223550431674,5.188971625842218,108.04000091552734,0.011042488287815733,5974.06982421875,-0.016465086501974757
2024-12-24,256.3397827148437,256.34969006633503,253.4507293352449,253.64930053302467,23234700,244.5190231323242,234.1239761352539,0.011478222084571055,0.14013428917806456,76.18067236907993,6.0302370918660415,5.357224719046982,108.26000213623048,0.012154104926002551,6040.0400390625,-0.0017469022887913743
2024-12-26,257.15380859375,258.2260444048055,255.77383898408215,256.32980188696064,27237100,245.70839080810546,234.62885162353516,0.0031755737259551164,0.13940578770588027,76.81207034294185,6.261506323023809,5.538081039842348,108.12999725341795,0.0009256546815794575,6037.58984375,0.02817186232972979
2024-12-27,253.74855041503903,256.8361595932908,251.23677948504653,255.9724022209019,42355300,246.73394927978515,235.10667877197267,-0.013242106727225589,0.15263931431078478,69.3006603829775,6.09969944060893,5.650404719995665,108.0,-0.0037819725879474353,5970.83984375,0.01768507745647807
2024-12-30,250.3829803466797,251.67361731138075,248.9434301413362,250.41276299480816,35557500,247.4720916748047,235.50985595703125,-0.01326340608785559,0.16291075570766372,58.38207129933822,5.63493689832805,5.647311155662142,108.12999725341795,0.004738844952799415,5906.93994140625,-0.004031488885454904
2024-12-31,248.6157684326172,251.45516326793145,247.6328957457903,250.6212189481796,39480700,248.0096893310547,235.82116180419922,-0.007058035301024113,0.16485187988734207,53.98251837575477,5.065616726492408,5.530972269828196,108.48999786376952,0.004165095746287539,5881.6298828125,-0.015473528787946278
2025-01-02,242.0931396484375,247.3053149666319,240.0777664039773,247.1365264348607,55740700,248.0692581176758,235.97266052246093,-0.02623578072019006,0.18835009987603207,46.57678775633681,4.04151666917673,5.233081149697902,109.38999938964844,0.010437809265845033,5868.5498046875,-0.028392234698102703
2025-01-03,241.60667419433597,242.42075849453863,240.147263834766,241.60667419433597,40244100,248.08663330078124,236.12672668457031,-0.0020094144543210124,0.18847045391922188,43.87972154842376,3.1542955433836823,4.817324028435058,108.9499969482422,0.007583461718790874,5942.47021484375,-0.01575456951662857
2025-01-06,243.23486328125,245.5480782886853,241.44782860288203,242.5498320588044,45045600,248.1839286804199,236.41451080322267,0.0067390070756256915,0.18992047951568758,45.992345531101584,2.553116918503264,4.364482606448699,108.26000213623048,0.0024074271873193442,5975.3798828125,0.0007603685882233702
2025-01-07,240.46495056152344,243.78088314896328,239.61114601786815,241.22939201717415,40856000,248.15265579223632,236.65066528320312,-0.011387811279848226,0.19452121803331282,38.65915073914339,1.8320509764278654,3.8579962804445325,108.54000091552734,0.0037917661382020906,5909.02978515625,0.00035379465014551137
2025-01-08,240.95140075683597,241.95413364050103,238.32049944087447,240.177021684634,37628900,247.9516143798828,236.87988800048828,0.002022956751811744,0.18520579804309872,35.42452877239768,1.2850403425028105,3.3434050928561883,109.08999633789062,0.005530449681403038,5918.25,0.006226185244078808
2025-01-10,235.1435546875,238.42970445265777,231.3212870184269,238.28077607985776,61710900,247.4095474243164,236.95348358154297,-0.02410380703782311,0.20169457214735387,35.02670972880142,0.37852246318425387,2.750428566921802,109.6500015258789,0.0023768364355167826,5827.0400390625,-0.007073257790509713
2025-01-13,232.71121215820312,232.9792711307645,228.06493742769467,231.84748509521597,49630700,246.80940322875978,236.97307739257812,-0.010344074846233342,0.2035423531672488,29.808419013235266,-0.5300590111338579,2.09433105131067,109.95999908447266,0.009270327347602025,5836.22021484375,-0.017879769886704255
2025-01-14,231.59927368164065,234.41880854341963,230.7951119565212,233.0586839045808,39435300,246.08069076538087,237.04123962402343,-0.004778190385629322,0.20122326083179706,19.28744511823838,-1.3245716798993499,1.410550505068666,109.2699966430664,0.009329341279385783,5842.91015625,-0.022169256040696972
2025-01-15,236.1562042236328,237.2383625727966,232.74098609709984,232.94947976770305,39832000,245.57138671875,237.2836456298828,0.01967592760353898,0.2165092799763131,27.308248444705058,-1.5684424548712457,0.8147519130806835,109.08999633789062,0.005067214093643857,5949.91015625,0.006918288209757151
2025-01-16,226.61544799804688,236.29520209930607,226.3871093224655,235.6399687194268,71759100,244.44059371948242,237.39473846435547,-0.04040019298646558,0.24920674812912255,16.747975362270424,-2.5027212799829215,0.15125727446796244,108.95999908447266,-0.0011916514600964767,5937.33984375,0.003225589278925467
2025-01-17,228.32305908203125,230.6164138035219,226.833866130533,230.44764042021455,68488300,243.27406005859376,237.55783477783203,0.007535281019319884,0.24765472774583,18.379785576196994,-3.069965386633072,-0.4929872577522445,109.3499984741211,-0.002736005905909722,5996.66015625,0.029109138782370536
2025-01-21,221.03594970703125,222.80312416686704,217.79944241349196,222.38615194982364,98070400,242.01271438598633,237.5466278076172,-0.03191578373335435,0.2595480225584451,16.937574044709493,-4.060709917351801,-1.206531789672156,108.05999755859376,-0.017279024569828216,6049.240234375,0.036499654175052854
2025-01-22,222.21734619140625,222.50525012711904,218.20644519467228,218.20644519467228,64126500,240.72406539916992,237.57352752685546,0.005344816017217369,0.25856634243964166,20.218284232879924,-4.696415913692931,-1.904508614476311,108.16999816894533,-0.010066793336822921,6086.3701171875,0.041667585916425054
2025-01-23,222.048583984375,225.3942990498913,220.6983818704437,223.1208046468074,60234800,239.19366989135742,237.5026412963867,-0.0007594465955231833,0.24318575332165798,20.925640005730983,-5.154418270205497,-2.5544905456221487,108.0500030517578,-0.009533351554175451,6118.7099609375,0.028370143456735386
2025-01-24,221.1749420166016,224.0044147616684,219.8148172645265,223.16053267311037,54697900,237.58087463378905,237.4196435546875,-0.003934463134585342,0.24086006945835947,23.877952103243146,-5.524204452706357,-3.1484333270389904,107.44000244140624,-0.01395004272979139,6101.240234375,0.027605020924906576
2025-01-27,228.2039031982422,230.4773975200278,222.36626262781007,222.40598291880556,94863400,236.174080657959,237.53143188476562,0.031780097318226064,0.2701516896476409,35.61374062004954,-5.190254222766072,-3.556797506184407,107.33999633789062,-0.018381364099480657,6012.27978515625,0.0026047213781108525
2025-01-28,236.54339599609372,238.4594987479956,229.147074251248,229.1867945454765,75707600,235.14356002807617,237.8100100708008,0.036544041013211626,0.3079454242286083,43.72201957269897,-4.204205423721959,-3.6862790896919173,107.87000274658205,-0.0017582344651516646,6067.7001953125,0.0030516164381437783
2025-01-29,237.63548278808597,238.1318804363608,232.32402189200357,232.43322998057815,45486100,234.33790664672853,238.0927584838867,0.004616855978554879,0.3073529066112131,47.25908175277344,-3.296630860736798,-3.6083494439008934,108.0,-0.001571583357890205,6039.31005859375,-0.007732040228847659
2025-01-30,235.8782196044922,239.05516137192973,235.500967711044,236.95044029141235,55658300,233.61266860961913,238.27880798339845,-0.007394784495044604,0.30547841412530036,45.203675994952,-2.6881802649440942,-3.4243156081095334,107.8000030517578,-0.002313743571855764,6071.169921875,-0.007769618002160694
2025-01-31,234.2996826171875,245.40906406001392,231.7581291617668,245.40906406001392,100959800,232.89686431884766,238.49722259521485,-0.006692169331918407,0.30541357865023727,49.132832869309645,-2.30676260323969,-3.200805007135565,108.37000274658205,0.008655996686923073,6040.52978515625,-0.00995050954996024
2025-02-03,226.3672637939453,230.1597493274262,224.07390894412583,228.3330095070948,73063300,232.11057052612304,238.4970245361328,-0.03385586670299778,0.31424398972054185,44.14299226282229,-2.614428756143127,-3.083529756937078,108.98999786376952,0.01537173078229781,5994.56982421875,-0.00294563153584837
2025-02-04,231.1227569580078,231.4503812363357,225.01705656002383,225.6127398204117,45067300,231.58637466430665,238.58677337646483,0.021007866086110605,0.3257771981393852,49.58779158772239,-2.4463280963998955,-2.956089424829641,107.95999908447266,0.0008343036580988894,6037.8798828125,-0.004914598866146536
2025-02-05,230.79513549804688,230.9936915376493,226.62539807097704,226.8835194075747,39620300,230.9643882751465,238.65567413330078,-0.0014175214257263757,0.3241527576731576,44.996309998835045,-2.312881962678887,-2.8274479323994908,107.58000183105467,-0.003888871934678906,6061.47998046875,0.003670936193026275
2025-02-06,231.5397186279297,232.1155417136993,228.7698112868805,229.62361584180036,29925300,230.51812667846679,238.74899688720703,0.0032261647468263543,0.32294062167476656,55.49890896624253,-2.1225755744717105,-2.686473460813935,107.69000244140624,-0.001020413796266273,6083.56982421875,0.0020424238661269634
2025-02-07,225.98997497558597,232.3140755170278,225.6226304523949,230.92416830424463,39707200,229.7700553894043,238.70451904296874,-0.023968862384521672,0.33202630309031017,47.600552512718274,-2.3920008257844074,-2.6275789338080298,108.04000091552734,-0.0030451400082216473,6025.990234375,-0.002406999269663257
2025-02-10,226.25833129882807,229.1803610121675,225.81108525741095,228.1666073624245,33115600,229.3257942199707,238.60584075927736,0.0011874700338858624,0.3227030523566724,56.27714869469842,-2.554422374949894,-2.6129476220364025,108.31999969482422,-0.006147336288443217,6066.43994140625,0.011989203444947139
2025-02-11,231.19793701171875,233.7919821040532,226.7353950927951,226.8049592810601,53718400,229.2501304626465,238.56247039794923,0.02183170752005048,0.33140187856182757,59.89998950374233,-2.258522877969142,-2.5420626732229508,107.95999908447266,0.0,6068.5,0.0050713359294647375
2025-02-12,235.42198181152344,235.5114431570428,229.2698195612854,229.7866449882993,45243300,229.44126586914064,238.6061624145508,0.018270252989284197,0.33715238833014766,63.53258159101123,-1.663993796555701,-2.3664488978895006,107.94000244140624,0.003346352521139684,6051.97021484375,-0.0015688850999495685
2025-02-13,240.0534820556641,240.85852795215615,234.1299251101732,235.4617298072221,53614100,229.6361297607422,238.69482940673828,0.01967318518220873,0.3371503773164783,67.75309726132363,-0.809767359487779,-2.0551125902091565,107.30999755859376,-0.00352869230381192,6115.06982421875,0.0051778809005524895
2025-02-14,243.10472106933597,244.04891051069436,239.51678905976664,239.77519417214083,40896200,230.46059341430663,238.79964752197264,0.012710663421930057,0.3013936481620965,65.1455745714901,0.11213016761891481,-1.6216640386435424,106.56999969482422,-0.013606083008574466,6114.6298828125,0.014709557266100237
2025-02-18,242.97552490234372,243.6811760890431,240.3615975750387,242.65747382373945,48822500,231.19321670532227,238.84112274169922,-0.0005314424435031162,0.3013886385016105,57.84756435384036,0.8228304713456396,-1.1327651366457059,107.0500030517578,-0.011724488983054338,6129.580078125,0.010408103818483339
2025-02-19,243.373046875,244.5060771785356,241.67350900245088,243.16433914739287,32204200,232.3100715637207,238.88340026855468,0.0016360576762455281,0.2714577522987139,57.120840887837765,1.4019811177098518,-0.6258158857745943,107.16999816894533,-0.007317533551562949,6144.14990234375,0.012465996925723033
2025-02-20,244.3271942138672,245.271383642118,242.7966000469895,243.4426355672204,32316900,233.41556396484376,238.9441650390625,0.00392051359474177,0.2714783124947131,60.69923605593392,1.9158689489565859,-0.11747891882835826,106.33999633789062,-0.014823106052681001,6117.52001953125,0.010831151238438919
2025-02-21,244.0489196777344,247.16972378813352,243.7209351965304,244.44646835255205,53197400,234.5155807495117,239.00333526611328,-0.0011389421346573725,0.2715864225587848,62.76621337031105,2.2744558172907716,0.3609080283954677,106.61000061035156,-0.006523128917787835,6013.1298828125,-0.01667028248843805
2025-02-24,245.5894317626953,247.3386670527108,242.92580728065096,243.43268408373555,51326400,235.7363052368164,239.01567932128907,0.006312308560903146,0.2696072011987751,80.23129238640563,2.6523700734208546,0.8192004374005452,106.5999984741211,0.0002814936603432461,5983.25,-0.021486154571970673
2025-02-25,245.52981567382807,248.4717276014541,243.41284686721104,246.4839537806424,48013300,236.60260086059571,239.00657775878906,-0.00024274696365944592,0.2513729375201429,76.5852499294667,2.913474602349055,1.2380552703902472,106.30999755859376,-0.006912708753555541,5955.25,-0.028440786465477874
2025-02-26,238.890625,243.48237703128345,237.66814851741967,242.83635669602367,44433600,236.719962310791,238.89010833740235,-0.02704026252619296,0.24264372434786902,62.11626402898334,2.555219639895114,1.5014881442912205,106.41999816894533,-0.006998227235365695,5956.06005859375,-0.030612834442442782
2025-02-27,235.849365234375,240.97782529617328,235.61082691795045,237.9464672073869,41153600,236.63065643310546,238.68362518310548,-0.012730762312773924,0.24662102552969986,56.03520817672125,2.0028086237358593,1.6017522401801485,107.23999786376952,0.008463433861885639,5861.56982421875,-0.04183888152312287
2025-02-28,240.361572265625,240.61004395755492,228.7927308959873,235.5014665780957,56833400,236.8548240661621,238.56401092529296,0.01913173277683411,0.25430082277179344,70.72826228093915,1.9071320793946995,1.662828208023059,107.61000061035156,0.009379983062329122,5954.5,-0.009750310396601236
2025-03-03,236.5748748779297,242.5381957053339,234.66661403302143,240.3118838035197,47184000,236.9685836791992,238.3108822631836,-0.015754171317828636,0.2599387833850627,63.50862919496681,1.5083653988623382,1.631935646190915,106.75,0.0014071437901128636,5849.72021484375,-0.022317266561860172
2025-03-04,234.4877166748047,238.6024227827577,233.2453581153048,236.25684921580157,53798100,237.37460632324218,237.9675619506836,-0.008822400114137041,0.22929555765595036,54.655449773380454,1.0122550614567842,1.5079995292440889,105.73999786376952,-0.0053616753636936965,5778.14990234375,-0.029738482457705384
2025-03-05,234.29888916015625,235.1039350742086,227.82867612475383,233.98083809185871,47227600,237.5334129333496,237.72828247070314,-0.0008052767851814968,0.21793135572865527,48.20577026117168,0.5969657923897671,1.3257927818732247,105.73999786376952,-0.006389779335424173,5842.6298828125,-0.019044498320258896
2025-03-06,233.8914031982422,236.4059358119138,231.73467047090972,233.00684447444675,45170400,237.68822631835937,237.4463040161133,-0.0017391715486774206,0.2179772100030525,38.619652613626464,0.23228767530548566,1.107091760559677,104.05999755859376,-0.029653117945931062,5738.52001953125,-0.020992636508241236
2025-03-07,237.6085205078125,239.8944479764648,233.3248557337566,233.6727221740344,46273600,237.9916664123535,237.14534454345704,0.015892492236748712,0.22442238713711268,40.0930845577658,0.24044622735274856,0.9337626539182914,103.83999633789062,-0.035033958285270006,5770.2001953125,-0.03095134850743131
2025-03-10,226.08937072753903,234.71631625547707,222.84930513729452,234.10009611136832,72071200,237.99663619995118,236.59851501464843,-0.04847953160793628,0.2728051791294771,28.422547613077526,-0.6748084078155898,0.6120484415715152,103.91000366210938,-0.026604181151200224,5614.56005859375,-0.04020023994537003
2025-03-11,219.48997497558597,224.45940937640347,216.1206990584521,222.4418202229124,76137400,237.65821838378906,235.86151885986328,-0.02918932336675839,0.2919326664940402,23.65704360587918,-1.9106456502506717,0.1075096232070778,103.44000244140624,-0.02175142300765398,5572.06982421875,-0.035665408756773376
2025-03-12,215.65354919433597,220.39439337943787,213.5962114465992,218.79423505763876,62547500,236.88099899291993,235.031513671875,-0.017478820076756274,0.28375638546152854,20.2637712092383,-3.16316012587356,-0.5466243266090498,103.61000061035156,-0.02014372324994884,5599.2998046875,-0.04164735453135815
2025-03-13,208.39817810058597,215.5144112677834,207.14588618522245,214.6298526174969,61368300,235.52980880737306,234.12450622558595,-0.03364364333837988,0.2911071281054677,17.70205302299526,-4.687203518801795,-1.3747401650475988,103.83000183105467,-0.0022102223038165114,5521.52001953125,-0.037814628033261743
2025-03-14,212.1848907470703,212.64207016591416,208.29878985935505,209.95857893569573,60107600,234.13637924194336,233.36054443359376,0.01817056502603709,0.2893991211786231,20.920517320436957,-5.525765242102352,-2.20494518045855,103.72000122070312,-0.0011555770552711397,5638.93994140625,-0.022747954917210822
2025-03-17,212.6918029785156,213.90434624612,208.6864398646377,212.00601857046763,48073400,232.61573333740233,232.64206512451173,0.0023890119115481667,0.28279630892667096,21.634594093022727,-6.079348918623111,-2.9798259280914623,103.37000274658205,-0.005196813554961266,5675.1201171875,0.010786251809891345
2025-03-18,211.3897857666016,213.83473880015984,210.19712464056028,212.85080057479257,42432400,231.03644638061525,232.027998046875,-0.006121614437795353,0.2819244204482058,23.832020357156196,-6.547652614641038,-3.6933912654013774,103.23999786376952,-0.00193353222076742,5614.66015625,0.007643538823963292
2025-03-19,213.9241943359375,217.42266485537365,212.4432975855824,212.91042558181823,54385400,229.56400375366212,231.47434844970704,0.01198926693711777,0.28834895922807696,28.93426332786582,-6.637765053401608,-4.282266023001424,103.43000030517578,-0.0017372869811352887,5675.2900390625,0.013571381605854471
2025-03-20,212.79116821289065,216.16044383082547,210.9226561911479,212.6818400591608,48862900,227.9872024536133,230.86547454833985,-0.005296390745160862,0.2858745530526232,21.67077241090381,-6.7231057710394,-4.77043397260902,103.8499984741211,0.00019259022164863637,5662.89013671875,0.025603478152290027
2025-03-21,216.9356842041016,217.5021918152461,209.9884097524224,210.26669685360037,94127800,226.63154067993165,230.39488922119142,0.019476917327059695,0.30022809716140636,29.967582657375345,-6.382734906402192,-5.092894159367654,104.08999633789062,0.003567249448832799,5667.56005859375,0.005075442811040665
2025-03-24,219.38064575195312,220.1260609084734,217.2437950361324,219.64899945464327,44299500,225.32110137939452,229.96347412109375,0.011270444310818029,0.30335854972796616,34.70211163601644,-5.848285189192268,-5.243972365332578,104.26000213623048,0.008609841985109723,5767.56982421875,0.016290352472233982
2025-03-25,222.38217163085935,222.7300380772677,218.73460889257407,219.42039321145907,34493600,224.1637191772461,229.70824645996095,0.013681817138508912,0.31047269519358084,38.583119411974444,-5.1234716917595335,-5.219872230617969,104.18000030517578,0.009105021899038057,5776.64990234375,0.028851211219512507
2025-03-26,220.1757354736328,223.64440576884627,219.12221792138408,222.1436270366165,34466100,223.22797470092775,229.45753692626954,-0.009921821255028829,0.29994348622056144,37.297479251904036,-4.673222728344456,-5.110542330163266,104.5500030517578,0.010828606238783678,5712.2001953125,0.0065036599003664985
2025-03-27,222.4815826416016,223.61461307047796,219.21168633594712,220.03661426059983,37094800,222.55958557128906,229.27518310546876,0.010472757876831995,0.3021820872375129,35.614410794774955,-4.083265245279932,-4.9050869131866,104.06999969482422,0.0021184518433858823,5693.31005859375,0.005371801525470898
2025-03-28,216.5679168701172,222.44179120535847,216.3492605717641,220.31487416588556,39818600,221.36990280151366,228.88341735839845,-0.02658047331949631,0.3018663351004037,39.86458786098585,-4.046260324418682,-4.733321595433017,104.04000091552734,-0.0004803095794237988,5580.93994140625,-0.015283493477260546
2025-03-31,220.7720947265625,224.24075018814543,214.90815310911736,215.6833836525119,65299300,220.57976379394532,228.76655029296876,0.019412745512839225,0.31096087530396443,51.43812773141573,-3.6357806249457667,-4.513813401335567,104.20999908447266,-0.0004795995658286589,5611.85009765625,-0.026999192260943827
2025-04-01,221.8256072998047,222.31260214779184,217.5618242432653,218.46626491168396,36412700,219.9466583251953,228.63660125732423,0.004771946266791671,0.31148288394780366,57.38406514608508,-3.188705434331496,-4.248791807934753,104.26000213623048,0.0007679192822072078,5633.06982421875,-0.02485525011075118
2025-04-02,222.52133178710935,223.81338775742097,219.66888130946384,219.96705040499884,35905900,219.35778045654297,228.6663088989258,0.0031363578613552434,0.31209546007683314,70.04225530833128,-2.746594936323561,-3.9483524336125146,103.80999755859376,-0.007078005466893078,5670.97021484375,-0.007217880861840942
2025-04-03,201.9478759765625,206.2215925598656,200.01973301812973,204.2835010267849,103419000,217.76060409545897,228.2609194946289,-0.09245610587226705,0.4466895379600718,40.16053643162091,-4.0100991984256495,-3.9607017865751417,102.06999969482422,-0.01921783420644585,5396.52001953125,-0.05212961107124514
2025-04-04,187.22840881347656,198.65810753704545,186.19475800144227,192.70471987275084,125910900,215.2415985107422,227.56451599121092,-0.07288745718124923,0.4950833422209702,30.777336648674606,-6.128527562672929,-4.394266941794699,103.0199966430664,-0.009803962547915601,5074.080078125,-0.09081980250687571
2025-04-07,180.3507080078125,192.96311894309864,173.55251067175698,176.11674047268428,160466300,212.95466537475585,226.74803131103516,-0.036734280065990776,0.4850588619784569,28.38757961316489,-8.267072612461817,-5.168828075928123,103.26000213623048,-0.009116178453011048,5062.25,-0.09793563407650296
2025-04-08,171.365966796875,189.176417114886,168.175598539417,185.55866963100107,120859500,210.5484649658203,225.6112725830078,-0.04981816434315467,0.5007189081583412,22.809287848188006,-10.565090709750507,-6.2480806026926,102.95999908447266,-0.012468856945343165,4982.77001953125,-0.11544323521281574
2025-04-09,197.6344146728516,199.38365014436008,170.8392173737498,170.8988481608281,184395900,209.6475082397461,224.83309295654297,0.1532885926358607,0.7697195338071441,42.67040296834094,-10.149643625385949,-7.02839320723127,102.9000015258789,-0.008765976824161137,5456.89990234375,-0.03774844592547344
2025-04-10,189.2559509277344,193.58929863014052,181.88131158917145,187.9142126464653,121880000,208.6903968811035,223.86550231933595,-0.04239374887711855,0.7749082813398617,37.141031913582964,-10.376852919293356,-7.6980851496436875,100.87000274658205,-0.011756607738120928,5268.0498046875,-0.02380612216368816
2025-04-11,196.9386749267578,198.32017705332044,184.92258644836303,184.96235041538483,87435900,207.9280860900879,223.08671142578126,0.04059435891639129,0.7872940825937194,40.05812530021513,-9.823744293010463,-8.123216978317043,99.77999877929688,-0.03145018413265099,5363.35986328125,0.05701127705953479
2025-04-14,201.28196716308597,211.638266220138,199.9302804535287,210.14743595954587,101352900,207.35759429931642,222.42635711669922,0.02205403401817052,0.7920226498728345,40.76235120838972,-8.931972122021818,-8.284968007057998,99.63999938964844,-0.03505716319670604,5405.97021484375,0.06789870410267174
2025-04-15,200.9042816162109,202.26590170954893,198.57859009217825,200.6259945192588,51343900,206.83331909179688,221.91709747314454,-0.0018764003164229992,0.7918447556547078,41.425680094024806,-8.161630127157224,-8.260300431077843,100.22000122070312,-0.02661225610075546,5396.6298828125,0.08305819085749899
2025-04-16,193.0823974609375,199.47308245703653,191.19400339685228,197.1473909296092,59732400,205.79122924804688,221.15629028320313,-0.03893338704555649,0.8010104544642418,37.53161739876834,-8.089043766049713,-8.226049098072217,99.37999725341795,-0.03420800991509887,5275.7001953125,-0.033205613127230804
2025-04-17,195.7758026123047,197.61449911758032,193.2314550257992,195.9944589047864,52164700,204.9404609680176,220.45590362548828,0.01394951164262448,0.8034866542442282,40.93430485993943,-7.72513274437722,-8.125865827333218,99.37999725341795,-0.014771542109575098,5282.7001953125,0.002780989392310529
2025-04-21,191.97921752929688,192.6153046058889,188.64968999627652,192.08854570646952,46742500,203.69263763427733,219.66469360351562,-0.019392514459645405,0.8009234375446014,37.40106305470923,-7.654843058869432,-8.031661273640461,98.27999877929688,-0.015033072943985926,5158.2001953125,-0.03825207951704279
2025-04-22,198.5189666748047,200.3576482646354,194.77200897005903,194.921085932704,52976400,202.64955368041993,219.1152734375,0.03406488071819447,0.8110570735744741,40.268896354480304,-6.990848723187582,-7.823498763549885,98.91999816894533,-0.007226025944535586,5287.759765625,-0.021866648264943667
2025-04-23,203.3492584228516,206.72846769395252,201.56025903470572,204.7406939661261,52929200,201.69790802001953,218.65709197998046,0.024331638578189096,0.8149694249054766,42.262329758273,-6.00563503045089,-7.459926016930086,99.83999633789062,-0.00379170702638143,5375.85986328125,-0.003848701871773663
2025-04-24,207.0961761474609,207.55337072286264,201.69937840299403,203.6374545221256,47311000,201.04393005371094,218.1750567626953,0.01842602109134739,0.8180956280674155,52.40436903796304,-4.8664042557686855,-6.941221664697807,99.29000091552734,-0.0009055779872998437,5484.77001953125,0.03962882962995318
2025-04-25,208.0006256103516,208.46775361357265,204.9394524859384,205.1084114199,38222300,200.31988220214845,217.6266296386719,0.004367291949643137,0.8171645423166485,61.13835527848834,-3.846237118954946,-6.322224755549235,99.47000122070312,0.0009056547572210416,5525.2099609375,0.04590640328977713
2025-04-28,208.8553771972656,210.2070638884643,206.1917677806294,208.71623364812055,38743100,199.93425521850585,217.0026675415039,0.004109370269468338,0.8122337209334124,66.34003770289445,-2.9349437983475752,-5.644768564108903,99.01000213623048,0.00742779167684926,5528.75,0.07183703436408617
2025-04-29,209.9188690185547,210.9425713620398,207.0962185596575,207.41426966255176,36827600,199.39159393310547,216.3389505004883,0.005092001151996373,0.8091387877603836,74.3076054256712,-2.102683942631046,-4.936351639813331,99.23999786376952,0.0032349342978925666,5560.830078125,0.05164196646662966
2025-04-30,211.2009429931641,212.2743425468257,205.40658118436116,208.02050829648644,52286500,198.86036071777343,215.7034588623047,0.006107473714028533,0.8092859212371537,62.48857327627133,-1.3243925825693736,-4.2139598283645405,99.47000122070312,-0.003705880716735166,5569.06005859375,0.03593847314215082
2025-05-01,212.01596069335935,213.2483707428857,207.62296725165956,207.80187477964563,57365700,198.33509216308593,215.07631713867187,0.003858968092872672,0.8093419128394472,74.34104883875763,-0.63451169951324,-3.4980702025942807,100.25,0.00966863808662266,5604.14013671875,0.02176392387692161
2025-05-02,204.0946502685547,205.72462393265195,200.9241491081776,204.8301167579532,101010600,198.44243087768555,214.27166625976562,-0.037361858979387486,0.7482861671124892,57.61421303313811,-0.7186752387042361,-2.942191209816272,100.0,0.005328227332790814,5686.669921875,0.02922241183212959
2025-05-05,197.6741485595703,202.85230555245,196.99831280299983,201.85841873478097,69018500,198.96471786499023,213.34417083740234,-0.0314584517552815,0.7069392437892716,46.32366294661734,-1.2886020768075923,-2.6114733832145363,99.83000183105467,0.008281988457044198,5650.3798828125,0.02199952662220217
2025-05-06,197.2964782714844,199.42339557924856,195.81559653234876,196.99832434112832,51216500,199.81200637817383,212.3783117675781,-0.0019105699497782291,0.6912103171640533,46.323677351964314,-1.750568573210984,-2.439292421213826,99.23999786376952,0.0,5606.91015625,0.008286546698534902
2025-05-07,195.05029296875,198.2207944248892,192.0686324392914,197.9524407308952,68536700,200.99622268676757,211.36872131347656,-0.011384822083056134,0.6634265008639537,52.26234406125913,-2.271741509663002,-2.4057822389036616,99.61000061035156,0.0014074533822294732,5631.27978515625,0.011172392810971266
2025-05-08,196.28271484375,198.82706269335063,193.4898801219913,196.5113045675241,50478900,200.9286376953125,210.51656311035157,0.006318482562840622,0.37823101438845996,50.60301585981992,-2.555866236117822,-2.435799038346494,100.63999938964844,0.0038902682259196464,5663.93994140625,0.010670647633467922
2025-05-09,197.31634521484372,199.31405222350435,196.3323918231404,197.7834732241415,36453900,201.33165740966797,209.74590270996094,0.005266028503409181,0.34376460737260006,56.79569208913313,-2.666889553610673,-2.48201714139933,100.33999633789062,0.0033999633789063566,5659.91015625,-0.004705700522912859
2025-05-12,209.776123046875,210.2538252478288,205.75556156059076,209.95526516858175,63775800,201.97352981567383,209.13419372558593,0.06314620219863043,0.38403644490100913,62.45577791862362,-1.7295393393634129,-2.3315215809921463,101.79000091552734,0.019633367209485053,5844.18994140625,0.034300359022459315
2025-05-13,211.90582275390625,212.37356332026263,207.99473291206183,209.4178474798385,51909300,202.50472259521484,208.64081268310548,0.01015225029473621,0.37867103725772,60.069413145042496,-0.8055477209237552,-2.0263268089784683,101.0,0.017734806268804082,5886.5498046875,0.04987410902701672
2025-05-14,211.3087158203125,212.9109724892217,209.56713314477625,211.40822571910564,49325800,203.02494430541992,208.1772326660156,-0.0028177938946358783,0.3788413750451549,55.35427594614716,-0.12007509467312616,-1.6450764661174,101.04000091552734,0.01435599133032417,5892.580078125,0.04640158240006542
2025-05-15,210.43295288085935,211.93569971673276,208.53213606160296,209.93535780893237,45029500,203.89247207641603,207.6999139404297,-0.004144471448105591,0.34678652110569896,53.09382376471212,0.3484830543096109,-1.2463645620319979,100.87999725341795,0.0023847164668624465,5916.93017578125,0.04466682856672155
2025-05-16,210.24386596679688,211.54757782116647,208.7610423595207,211.33858120774948,54737900,204.61587524414062,207.22696319580078,-0.0008985613302187057,0.3454433337461161,51.796524933703374,0.6965318439371231,-0.8577852808381737,101.08999633789062,0.007474586679018902,5958.3798828125,0.052734004307985805
2025-05-19,207.7758026123047,208.4724326946764,203.2775387890809,206.90999202317107,46140500,205.40570449829102,206.63030883789062,-0.011739050474280921,0.3396497451778091,47.32439840494154,0.7643994104500393,-0.5333483425805311,100.43000030517578,-0.013360846823060601,5963.60009765625,0.020432285303387587
2025-05-20,205.8650360107422,207.46729276724128,204.0438362053752,206.67113760639387,42496600,205.77300796508788,206.2258221435547,-0.009196290316480504,0.3234876099720293,43.441125542424615,0.6564350751381198,-0.2953916590368009,100.12000274658205,-0.00871284409324713,5940.4599609375,0.009158192496234507
2025-05-21,201.11798095703125,206.0441693385156,199.74462882701684,204.1831685508297,59211800,205.66144409179688,205.8583822631836,-0.02305906406303615,0.3238607273739898,37.78500960151163,0.18568443691805214,-0.19917643984583033,99.55999755859376,-0.014647697382454639,5844.60986328125,-0.008140782850254324
2025-05-22,200.39149475097656,201.7748084903006,198.7394754118135,199.7446272097534,46742400,205.32621002197266,205.5531411743164,-0.003612238958434544,0.31626783989655705,45.05113830548235,-0.24320666572504024,-0.20798248502167233,99.95999908447266,-0.009119728330624355,5842.009765625,-0.01266204060729137
2025-05-23,194.33078002929688,196.74908474491085,192.52948833207407,192.738469754576,78432900,204.64271774291993,205.27179321289063,-0.03024437104584321,0.3313173443398534,45.488570865002,-1.0599366907135561,-0.3783733261600491,99.11000061035156,-0.019586465518516616,5802.81982421875,-0.026107777894873285
2025-05-27,199.24700927734372,199.77445879612063,196.48036693049403,197.34619261173145,56288500,204.16229934692382,205.0130355834961,0.025298253047230546,0.3457314593261249,52.34478351244638,-1.2955680045701854,-0.5618122618420764,99.5199966430664,-0.0090610739753475,5921.5400390625,-0.007052796616976331
2025-05-28,199.45602416992188,201.7549111726597,198.9385209981625,199.6252046868552,45339700,203.6391571044922,204.74832000732422,0.001049023989550646,0.34490830187659627,55.56900548927027,-1.4487415723767754,-0.7391981239490163,99.87999725341795,-0.0023971782518981133,5888.5498046875,-0.00873840688959171
2025-05-29,198.9882659912109,202.8297005493605,197.5551897560925,202.60081106845576,51396800,203.02852325439454,204.5002896118164,-0.0023451694711034143,0.34346731435261824,53.487330153169424,-1.5895535206992975,-0.9092692032990726,99.27999877929688,-0.002812362255554479,5912.169921875,0.011559378670969345
2025-05-30,199.88394165039065,200.9886032908641,195.83351057352263,198.4110493394953,70819900,202.4219223022461,204.21948455810548,0.004501148119052001,0.3436388291849933,53.321324692796765,-1.6103117920635839,-1.049477721051975,99.33000183105467,-0.00630249358931656,5911.68994140625,0.011927432266761295
2025-06-02,200.7298583984375,201.15779807678396,199.15745607510848,199.31669015009305,35423300,202.25368270874023,203.97825836181642,0.004232039557866996,0.3188527600245102,33.272029570271755,-1.5407437251450915,-1.1477309218705984,98.6999969482422,-0.004136854601800244,5935.93994140625,0.02294059116430036
2025-06-03,202.29229736328125,202.78989241693247,199.99341064507595,200.3815341795081,46381600,202.48459014892578,203.685390625,0.00778378950351466,0.2983159960874179,31.84213954442805,-1.344041490618622,-1.1869930356202032,99.25,-0.0027129888683051773,5970.3701171875,0.008246178832344908
2025-06-04,201.844482421875,205.248031062868,201.1279442674136,201.93404589483336,43604000,202.7119903564453,203.33466735839843,-0.0022137023863150196,0.298361469046982,32.02273504570779,-1.2103364703967543,-1.1916617225755135,98.79000091552734,-0.010913059349862086,5970.81005859375,0.013969526731482773
2025-06-05,199.66500854492188,203.76518718349973,199.18730633012683,202.52119947175677,55126100,202.9427261352539,202.8803240966797,-0.010797787736391062,0.29803743162916607,30.511562912517405,-1.2656499806875843,-1.2064593741979277,98.73999786376952,-0.005439171254703612,5939.2998046875,0.0045888198700310134
2025-06-06,202.9391632080078,204.71060036976428,201.0781625818177,202.023590138985,46607700,203.2755485534668,202.53559265136718,0.016398239666262304,0.30238923892267644,38.10756923615043,-1.0333772879264131,-1.1718429569436248,99.19000244140624,-0.0014094370992416838,6000.35986328125,0.014999081946761805
2025-06-09,200.4810485839844,205.0091667110405,199.05793398755327,203.4069099948636,72862600,203.43378372192382,202.09558197021485,-0.012112569033823739,0.30604628151163515,38.11991783549311,-1.035709794512229,-1.1446163244573457,98.94000244140624,0.002431666672592536,6005.8798828125,0.011782454353755023
2025-06-10,201.6951904296875,203.36711781582227,199.6053001787652,199.63515466910712,54672600,203.02973709106445,201.79812744140625,0.0060561427340823926,0.20142172915065307,43.051413059453104,-0.9288796761457547,-1.1014689947950276,99.0500030517578,-0.002015082601936502,6038.81005859375,0.011463266106271242
2025-06-11,197.82391357421875,203.5164029296752,197.4556980468273,202.5212126953003,60989900,202.32564163208008,201.33916381835937,-0.01919369939968052,0.20506332773032349,44.345766291673385,-1.1434151482191908,-1.1098582254798603,98.62999725341795,-0.001619634179841789,6022.240234375,0.008613601048525599
2025-06-12,198.2418670654297,198.71955406677787,196.410720905765,198.12244911144165,43904600,201.67229919433595,200.86748901367187,0.0021127551450150772,0.20597876657061126,46.270685178675045,-1.2651271039838718,-1.1409120011806628,97.91999816894533,-0.008304635533368465,6045.259765625,0.017840480262315328
2025-06-13,195.50511169433597,199.4062554549193,194.7587190445596,198.769334334526,51447300,200.92590713500977,200.3271646118164,-0.0138051331517699,0.20944984817493392,52.302907382793,-1.5643847387701157,-1.2256065486985535,98.18000030517578,-0.010182499358512342,5976.97021484375,-0.003898040945949144
2025-06-16,197.4656219482422,197.73432753277092,195.6145677161257,196.35101387226533,43020700,200.28699493408203,200.23751953125,0.01002792324413182,0.21483345668052004,46.04856195341747,-1.6246241219660362,-1.30541006335205,98.0,-0.009500731940682128,6033.10986328125,0.0045338869574591545
2025-06-17,194.6990203857422,197.43579358003367,194.27109586617132,196.2515147499311,38856200,199.6331558227539,200.38693176269533,-0.014010547938441476,0.21619991414345496,40.52336337234573,-1.8740035454447366,-1.4191287597705875,98.81999969482422,-0.002322093385634605,5982.72021484375,-0.009288227847169872
2025-06-18,195.6344757080078,196.6197193940347,194.13174409281177,194.9975546383106,45394700,199.1216278076172,200.6926071166992,0.004804622644799528,0.21672382122582445,43.44098997798885,-1.9734069022863423,-1.5299843882737385,98.91000366210938,0.0028389578879535193,5980.8701171875,-0.006869556108266672
2025-06-20,200.03323364257807,200.7298637574877,195.9131467510872,197.28651411005004,96813500,199.06739044189453,201.2659524536133,0.022484574452692918,0.2195777450158004,50.256785768651206,-1.6778999887659722,-1.5595675083721852,98.70999908447266,0.008067819958128553,5967.83984375,-0.012806715488924203
2025-06-23,200.53082275390625,201.3269779408771,198.00304635957568,200.6602023375907,55814300,199.07435684204103,201.32388061523437,0.0024875322078594664,0.21938034968783515,49.653502009815845,-1.3875623924971592,-1.52516648519718,98.41999816894533,0.0024444679468684782,6025.169921875,0.008064237447853895
2025-06-24,199.3365936279297,202.46149014710028,199.23706853700068,201.61557243039425,54064000,199.32464752197265,201.52549346923828,-0.0059553394813630645,0.18972041268546203,44.78763876174498,-1.2395433810539203,-1.4680418643685282,97.86000061035156,-0.0014285652004942806,6092.18017578125,0.009791022182359832
2025-06-25,200.59051513671875,202.6903668657116,199.65503400834336,200.4810436177515,39525700,199.3918228149414,201.5985302734375,0.006290473244112693,0.1687196187959239,47.849771842424744,-1.0094202929707308,-1.3763175500889688,97.68000030517578,-0.011536120149453377,6092.16015625,0.018292672476095007
2025-06-26,200.03323364257807,201.6653449912509,198.5006473897771,200.461158146952,50799100,199.42068328857422,201.57355560302733,-0.0027782046113239423,0.1690678445229215,50.66860684188818,-0.8620765648829263,-1.2734693530477603,97.1500015258789,-0.01779397503859048,6141.02001953125,0.026777023945649736
2025-06-27,200.1128387451172,202.24254507531293,199.03803155248616,200.91894034324127,73188600,199.47691192626954,201.55772674560546,0.00039795938449582735,0.1688006759586374,44.19459784741333,-0.730461823131435,-1.1648678470644953,97.4000015258789,-0.013271173850105122,6173.06982421875,0.034389324419234146
2025-06-30,204.1831512451172,206.39247448465787,198.30157410241037,201.03834688076608,91912800,199.69187240600587,201.77974182128906,0.020340086750677333,0.1827699159173996,57.131938855237635,-0.29432321551263385,-0.9907589207541231,96.87999725341795,-0.01564723576690019,6204.9501953125,0.029838208012157308
2025-07-01,206.8204345703125,209.17903048404247,205.14850713857425,205.6759567295316,78788900,199.99640121459962,202.00063446044922,0.012916263213262447,0.18727053528929358,59.360310420050205,0.26111650831268207,-0.7403838349407621,96.81999969482422,-0.010627436225637332,6198.009765625,0.017371382130893398
2025-07-02,211.418212890625,212.313878014992,207.13889190503232,207.90519262679368,67941800,200.45269699096679,202.38941436767578,0.022230773907156554,0.20021124030770665,74.18567226220063,1.0600887333481808,-0.38028932128297355,96.77999877929688,-0.009213774806174135,6227.419921875,0.02220226687347271
2025-07-03,212.5228576660156,213.6175577099725,210.7912213537831,211.1295823572572,34955800,200.98661575317382,202.6694921875,0.005224927220258246,0.19973545381298094,74.80137309740303,1.7621031511895069,0.048189173211522496,97.18000030517578,0.00030878825348112926,6279.35009765625,0.022525586577644585
2025-07-07,208.940185546875,215.18997897032483,207.7957228576545,211.65705062020388,50229000,201.45037460327148,202.78131072998048,-0.01685782018219817,0.20620297428402,72.66632239542754,2.006236293541832,0.4397985972775844,97.4800033569336,0.0008213740226012956,6229.97998046875,0.009219101333784563
2025-07-08,208.9998779296875,210.4130461204056,207.4473837253886,209.08945658408672,42848900,201.75341033935547,202.819384765625,0.0002856912501358888,0.19946868454022343,70.79306484311171,2.1794073923779536,0.7877203562976582,97.51000213623048,0.006502940758395859,6225.52001953125,0.003315066772701769
2025-07-09,210.12445068359372,210.31353924447487,206.22330706177223,208.52219391164948,48749400,202.23558044433594,202.86186126708984,0.005380734022651268,0.1931448042079107,79.55765889725811,2.379955710667957,1.1061674271717181,97.47000122070312,0.006713504729680908,6263.259765625,0.010527572957675035
2025-07-10,211.38833618164065,212.4531817093425,209.01977884626092,209.49746585002455,44443600,202.7202377319336,202.91252044677734,0.006014937785370433,0.1931345763853003,79.8117586727242,2.610781233837173,1.4070901885048093,97.6500015258789,0.008989489125392991,6280.4599609375,0.00851717721430445
2025-07-11,210.1443634033203,211.10969909895368,208.8506131239295,209.55720483784356,39765800,203.33626022338868,202.91703033447266,-0.0058847749161118346,0.17861233775079838,71.72806594725397,2.662640653048612,1.65820028141357,97.8499984741211,0.006894403857185649,6259.75,-0.0031213576805608767
2025-07-14,207.61656188964844,209.89555581124029,206.5417547175356,208.92025854176603,38840100,203.80499496459962,202.84534271240236,-0.012028880873765746,0.18651284788897013,64.00473609195203,2.4712797849236665,1.8208161821155893,98.08000183105467,0.006155092875039347,6268.56005859375,0.0061926488120267464
2025-07-15,208.10421752929688,210.87084499335575,207.9151289669034,208.2136890556617,42296300,204.43495025634766,202.7671078491211,0.0023488282206871602,0.17646625547562758,67.8268380324906,2.3320917508384866,1.9230712958601688,98.62000274658205,0.011383453861489867,6243.759765625,0.002929834943350418
2025-07-16,209.149169921875,211.37838618562168,207.63647661047767,209.28849593835915,47490500,205.0191276550293,202.8681982421875,0.00502129368152282,0.1747784749750058,67.55109499557537,2.2798227782328127,1.9944215923346977,98.38999938964844,0.009438782778530497,6263.7001953125,7.03195626527986e-05
2025-07-17,209.0098419189453,210.78127919114968,208.5819022531988,209.5571995447156,48068100,205.73466873168945,203.094912109375,-0.0006661656987771991,0.16368462859694324,68.7292384981997,2.2017759330432796,2.035892460476414,98.7300033569336,0.011059926412479104,6297.35986328125,0.0026908701669721147
2025-07-18,210.16424560546875,210.77131219576944,208.69136845628208,209.8557390930104,48974600,206.4611572265625,203.35226745605468,0.0055232025244587035,0.16377445029835666,70.07153769791091,2.207625839206713,2.0702391362224737,98.4800033569336,0.006438476163892037,6296.7900390625,0.005917175456288115
2025-07-21,211.4580078125,214.74213848423943,210.61210526026528,211.07984586548804,51377400,207.0323959350586,203.68042175292967,0.006155957704908399,0.1483870264204733,66.3388826098072,2.290257071785021,2.114242723334983,97.8499984741211,-0.0023450586525249895,6305.60009765625,0.005908859246186893
2025-07-22,213.36875915527344,213.91611676733493,211.20919838168209,212.1148250502387,46404100,207.67429275512694,204.02214263916017,0.009036079373582862,0.15000292129174492,65.2032946594633,2.4813214543193567,2.1876584695318577,97.38999938964844,-0.012472148881340739,6309.6201171875,0.010548187956412658
2025-07-23,213.11996459960935,214.1151547498488,211.38834345684663,213.96588230147148,46989300,208.36346130371095,204.33821502685547,-0.0011660308502944305,0.1470821091834394,54.95072623317581,2.582891744407874,2.266705124507061,97.20999908447266,-0.011993091904622277,6358.91015625,0.015200274273783343
2025-07-24,212.7318420410156,214.65256693634575,212.50295255730364,212.87116805528336,46022600,208.97052764892578,204.3973294067383,-0.0018211459415494735,0.14777668837692198,50.634425357744384,2.6020735995534494,2.333778819516339,97.37999725341795,-0.013673716779235123,6363.35009765625,0.010479031817726803
2025-07-25,212.8512725830078,214.2047317845148,212.3735703810196,213.6673206036272,40268800,209.61142959594727,204.4162384033203,0.0005614135657658892,0.146519777055565,65.0344014499638,2.5969760808714,2.386418271787351,97.6500015258789,-0.008428125535763886,6388.64013671875,0.01458681281834906
2025-07-28,213.0204620361328,213.8166172208377,212.03521828670327,213.00055398053095,37858000,210.25681076049804,204.45047332763673,0.000794871701126576,0.14642761984485192,65.32629293948062,2.576883723966688,2.424511362223219,98.66000366210938,0.008278029643531415,6389.77001953125,0.013348439572989257
2025-07-29,210.25384521484372,213.77681196541133,209.80601264614248,213.14983725799084,51411700,210.5603454589844,204.44689117431642,-0.012987563705592842,0.14232829749043194,50.43836794785902,2.3110768748477426,2.401824464748124,98.91000366210938,0.015607395851596095,6370.85986328125,0.009705773874869594
2025-07-30,208.0445098876953,211.36844143995228,206.7209051278188,210.88079278566187,45512500,210.6215492248535,204.40290405273439,-0.010507942553397043,0.14170343032413818,39.353663335551886,1.9002433131176417,2.3015082344220277,99.94000244140624,0.028083565298270274,6362.89990234375,0.0006274260833563083
2025-07-31,206.57162475585935,208.8306954413449,206.16359315375277,207.48719786288635,80698400,210.37921981811525,204.37882049560548,-0.007079663542340242,0.11780920057201638,38.78826302185333,1.4392148617795897,2.12904955989354,100.02999877929688,0.02721299651490705,6339.39013671875,-0.0037653060997421273
2025-08-01,201.40660095214844,212.5527283441607,200.530828701964,209.8557561748323,104434500,209.8234069824219,204.28965179443358,-0.025003549300710026,0.14245914413837196,33.27981462917623,0.6495842348024041,1.833156494875313,98.69000244140624,0.010650290827201925,6238.009765625,-0.023577845655760266
2025-08-04,202.37191772460935,206.8801277700508,200.70993685491413,203.5263267271778,75109300,209.4949935913086,204.31473052978515,0.004792875545773567,0.13430458497653944,34.9529449085333,0.10053041791059059,1.4866312794823686,98.77999877929688,0.0012162488620865997,6329.93994140625,-0.009363416514541312
2025-08-05,201.9439849853516,204.35234334482283,201.18764593221573,202.42167200915333,44155100,209.1421989440918,204.34578033447266,-0.0021145855811877112,0.13413688244300787,30.453510965843705,-0.3649226818504019,1.1163204872158146,98.77999877929688,-0.0013143754726429036,6299.18994140625,-0.011249646580373418
2025-08-06,212.22430419921875,214.3440641251077,204.60114383647723,204.6409599471833,108483100,209.24719161987304,204.7036508178711,0.05090678593181597,0.22942616389282555,55.62521929391234,0.09464719359519336,0.9119858284916903,98.18000030517578,-0.017610587284729418,6345.06005859375,-0.00280372849232291
2025-08-07,218.9716796875,219.78774287041324,215.5382768294147,217.8272171299369,90224800,209.62635879516603,205.09814422607423,0.031793604006576714,0.2543932524472254,62.889611027642374,0.9918826370283398,0.9279651901990202,98.4000015258789,-0.01629508420783199,6340.0,9.620220054262774e-05
2025-08-08,228.24688720703125,229.88894502591432,218.19545972697716,219.7678621255926,113854000,210.53148498535157,205.6739614868164,0.04235802334241634,0.28999891958144747,69.91738170232796,2.4234439673499253,1.2270609456292014,98.18000030517578,-0.005167718346478445,6389.4501953125,0.024277042739179855
2025-08-11,226.3438720703125,228.71511750604432,223.9327805410339,227.08115402328403,61806100,211.46785049438478,206.22107360839843,-0.008337529418276923,0.2875283910537774,65.39576976042453,3.365612531853941,1.6547712628741493,98.5199966430664,-0.002632133422185934,6373.4501953125,0.006873723022494227
2025-08-12,228.80479431152344,229.95057099439725,226.23430307406312,227.1708307452597,55626200,212.50287933349608,206.7994906616211,0.010872493338129674,0.2882811852567114,67.6827336166688,4.2617371126661965,2.176164432832559,98.0999984741211,-0.006883987786789669,6445.759765625,0.02326804328526566
2025-08-13,232.4712677001953,234.1351197052745,229.5819315694875,230.21959074533876,69878500,213.66898422241212,207.43431884765624,0.016024460500071003,0.29097248941377457,70.72204707028898,5.207744423650581,2.7824804309961637,97.83999633789062,-0.003463067490612315,6466.580078125,0.01915191005428918
2025-08-14,231.9232940673828,234.2546784716922,230.00040438081012,233.1985820425246,51916300,214.81465682983398,208.0269387817383,-0.0023571671382598414,0.2915058664647076,69.84288309707381,5.845857731648749,3.395155891126681,98.25,-0.0015244057271630584,6468.5400390625,0.02027445411080442
2025-08-15,230.7376708984375,233.41777326838445,228.4959516198378,233.1388049743693,56038700,215.84332809448242,208.60480255126953,-0.005112134913885957,0.29386777518626295,68.05151557080518,6.18460496823684,3.9530457065487132,97.8499984741211,-0.0033611919945908397,6449.7998046875,0.009445195991867106
2025-08-18,230.04022216796875,232.2620105258568,229.26309412883964,230.8472385776313,37476200,216.77243881225587,209.21230682373047,-0.0030226912135892237,0.29512624054654774,71.04716426825438,6.323888460361218,4.427214257311214,98.16999816894533,-0.0035525627897563528,6449.14990234375,0.011877351310743078
2025-08-19,229.71145629882807,232.0129522601839,228.50591803460907,230.42880766374827,39402600,217.5895736694336,209.74775268554689,-0.0014291668910866306,0.29527503072580596,74.00807841028785,6.334720261377782,4.808715458124528,98.2699966430664,0.0017329069479052883,6411.3701171875,-0.005335235827574336
2025-08-20,225.1781768798828,229.6217687789582,224.93906991665557,229.1335667246527,42263900,218.19248428344727,210.24169525146485,-0.019734668405253508,0.30660480782484395,69.30754052385966,5.909387043439295,5.028849775187481,98.22000122070312,0.0038839421201546376,6395.77978515625,-0.01094864551484509
2025-08-21,224.07228088378903,225.68632903786573,222.9564077521854,225.4372491279448,30621200,218.75950622558594,210.68923706054687,-0.004911204146944015,0.3074349469277309,75.68317027524613,5.420585701566154,5.107196960463217,98.62000274658205,0.0037659312629216846,6370.169921875,-0.015207468237571131
2025-08-22,226.92176818847656,228.24687520672327,224.5804260275464,225.3376235225593,42477800,219.46303100585936,211.27119415283204,0.012716821971234138,0.3092961270157983,76.6789827721552,5.2031581594290515,5.1263892002563844,97.72000122070312,-0.0013285360801753576,6466.91015625,0.0026528500233549135
2025-08-25,226.323974609375,228.456098045362,225.3973894325087,225.6464693442017,30983100,220.1282066345215,211.83283630371093,-0.0026343597790277062,0.3099156396378224,76.39693698010024,4.925826458744552,5.086276651954019,98.43000030517578,0.0026484887550166647,6439.31982421875,-0.0015242440125988743
2025-08-26,228.46603393554688,228.64537936019505,223.8630424721864,226.03501179732245,54575100,221.03881607055663,212.49205474853517,0.00946457099769904,0.3045513797816981,71.34748399166328,4.823285540253352,5.033678429613886,98.2300033569336,-0.0004069735168311661,6465.93994140625,0.008511413819716873
2025-08-27,229.6417236328125,230.050203138926,227.41991984776428,227.7686378094015,31259500,222.1186767578125,213.13557678222656,0.005146015261057624,0.2994595613776196,66.43080364485672,4.781768209134668,4.9832963855180425,98.2300033569336,0.00010183400637497897,6481.39990234375,0.013386970793805686
2025-08-28,231.7040863037109,232.55096405412047,228.4959359400532,229.9704999102399,38074700,223.37529983520508,213.87567810058593,0.008980783797791103,0.2961924925212673,56.84409830905567,4.859266260106125,4.958490360435659,97.80999755859376,-0.008213396526358885,6501.85986328125,0.020672908732627393
2025-08-29,231.2856292724609,232.52107103838583,230.51845893056876,231.65426265633036,39418400,224.8692512512207,214.588701171875,-0.0018059976322623017,0.27473939476348375,60.39396971764577,4.831226664954386,4.9330376213394045,97.7699966430664,0.000511619133634289,6460.259765625,-0.0010283722000641315
2025-09-02,228.87454223632807,230.00038826150748,226.1346633063032,228.4062708029861,44075600,226.1943824768066,215.16552734375,-0.010424716156024139,0.28164295684243906,50.14700859538758,4.561864179660148,4.858802933003553,98.4000015258789,-0.0003047727238023601,6415.5400390625,-0.0036929032577032173
2025-09-03,237.5923309326172,237.9709372370204,233.49745685978084,236.33697373754435,66427800,227.97679977416988,215.90675750732422,0.038089813795399774,0.30115634922062084,58.89885740891775,4.994274274593323,4.885897201321508,98.13999938964844,-0.000916257398038689,6448.259765625,-0.0027343550885819967
2025-09-04,238.8975067138672,239.0170601981439,235.8687018920251,237.5723998534893,47549400,229.3104598999023,216.69797576904296,0.005493341372285965,0.25571465247816105,61.808324954090665,5.3802588924942825,4.984769539556063,98.3499984741211,0.0012215729724804891,6502.080078125,0.0031906958516434436
2025-09-05,238.80784606933597,240.43185187342493,237.61226559630575,239.1167027112504,54870400,230.30226821899413,217.4623223876953,-0.0003753100891028538,0.23763126366669926,64.19059056738536,5.6142025856735245,5.110656148779555,97.7699966430664,-0.0004089655099254186,6481.5,-0.0031313906650358714
2025-09-08,237.0045166015625,239.2661511981365,235.4701758698508,238.41928864081729,48999500,230.7401496887207,218.201748046875,-0.0075513828270528105,0.19408181665680146,61.78757306346935,5.5896569451719245,5.206456308058029,97.4499969482422,-0.0032729846150291175,6495.14990234375,0.005400732785452389
2025-09-09,233.4875030517578,237.9011915581232,232.5011411802574,236.12774389612645,66313900,231.09733123779296,218.8692413330078,-0.014839436818485985,0.19993877645113392,55.768641724473525,5.226166750547577,5.210398396555939,97.79000091552734,-0.006199193098499478,6512.60986328125,0.015130421387399728
2025-09-10,225.95530700683597,231.5645910114476,225.1184022225352,231.3354417686907,83440800,230.9548568725586,219.3046844482422,-0.032259525441291625,0.22987164769707408,51.087564649557784,4.280964585927336,5.024511634430218,97.77999877929688,-0.003668235302531797,6532.0400390625,0.012992695158486667
2025-09-11,229.18341064453125,229.60186307827533,225.81584532196928,226.04500979013488,50208600,230.79046401977538,219.75194396972657,0.014286469658345347,0.2282892157281019,56.75178619588957,3.749148199150113,4.769438947374198,97.54000091552734,-0.008235867525782314,6587.47021484375,0.013132741475459397
2025-09-12,233.2085418701172,233.6469097348115,228.17712472443904,228.37638560886936,55824200,230.8547264099121,220.1877505493164,0.017562925755691072,0.23705415135471639,58.054627818758064,3.610850692472269,4.537721296393812,97.5500030517578,-0.002250113520119612,6584.2900390625,0.015858989286816394
2025-09-15,235.828857421875,237.31337916896248,234.16500543557729,236.12775635652343,42699500,231.109285736084,220.6538705444336,0.011235933001189746,0.23912252361548927,61.57766158416681,3.670376670657248,4.3642523712465,97.3000030517578,-0.001539188313818718,6615.27978515625,0.018495321065515657
2025-09-16,237.2735137939453,240.3322223551857,235.45026224943368,236.30708253667356,63421100,231.4709503173828,221.220537109375,0.006125867664642737,0.23918516489860311,60.913591946275226,3.790429422042422,4.249487781405684,96.62999725341795,-0.01186219093209151,6606.759765625,0.01445655494805198
2025-09-17,238.1104431152344,239.21635855568803,236.8550706028844,238.09051246512183,46508000,231.89089965820312,221.80274841308594,0.0035272766349130347,0.23898397988859513,60.58266977851001,3.90805566118442,4.181201357361432,96.87000274658205,-0.009306566210629863,6600.35009765625,0.010457691346845266
2025-09-18,237.0045166015625,240.31228984200703,235.77903252032195,239.08682096339743,44249600,232.48221664428712,222.34034973144531,-0.0046445947485667105,0.22654053529081414,56.78571972749995,3.8674546661316924,4.118452019115484,97.3499984741211,-0.001947943814054276,6631.9599609375,0.006753692182698501
2025-09-19,244.59646606445312,245.3935247988757,239.32594197772087,240.3421770415445,163741300,233.5084259033203,223.00451232910157,0.03203293157342535,0.2471822530211875,64.39654867954746,4.3971968104534085,4.174200977383069,97.63999938964844,0.0009225662232208443,6664.35986328125,0.012160737717160197
2025-09-22,255.13751220703125,255.69547916115812,247.2068166293636,247.38616206443075,105517400,234.91921310424806,223.9043753051758,0.043095660015793014,0.28167991500203776,74.15686686207331,5.603007620820506,4.459962306070556,97.33000183105467,0.00030831221331939496,6693.75,0.011861964632218003
2025-09-23,253.49359130859372,256.3928850249964,252.646728760892,254.9382669065294,60275200,236.27769393920897,224.8219158935547,-0.006443273998468557,0.28355125791894403,66.81414943981605,6.352740262448464,4.838517897346138,97.26000213623048,0.00651976509075447,6656.919921875,0.007592247641723393
2025-09-24,251.38140869140625,254.7987929994329,250.11607847800005,254.2807025242173,42303700,237.42346267700196,225.68745971679687,-0.008332291977418027,0.2875388035763596,62.97909023501316,6.699248530587056,5.2106640239943225,97.87000274658205,0.010323113158322794,6637.97021484375,0.0056997154137110595
2025-09-25,255.9246063232422,256.22352044118514,250.7836088309123,252.27808820484515,55202100,238.73760681152345,226.6229684448242,0.01807292613835698,0.2912953952504452,66.28743704350731,7.256804978755639,5.619892214946586,98.5500030517578,0.012326703610126,6604.72021484375,-0.0041073447750277214
2025-09-26,254.51980590820312,256.6519291955366,252.84598111295836,253.1648106749593,46076300,239.87839279174804,227.53316772460937,-0.005489118202509746,0.2935816775344394,66.79402960617756,7.498874470807607,5.99568866611879,98.1500015258789,0.005223291063278568,6643.7001953125,-0.0031000228667991125
2025-09-29,253.49359130859372,254.06150078407973,252.07881928540596,253.62311772285491,40127700,240.9887908935547,228.39975463867188,-0.004031963626357382,0.29435812105020925,70.14445226659058,7.521209523918742,6.300792837678781,97.91000366210938,0.005959126889378608,6661.2099609375,-0.004861257002801156
2025-09-30,253.69287109375,254.97811672142572,252.17846100632588,253.9220203508673,37704300,242.22970733642578,229.24445190429688,0.000786133425020985,0.2893365855847265,82.76839468108378,7.4688936706260165,6.534413004268228,97.7699966430664,0.005243620148409844,6688.4599609375,0.004737932772611142
2025-10-01,254.5098419189453,257.83756097799323,253.9917514638179,254.10134722927504,48713900,243.0755828857422,230.0672735595703,0.0032203144758191637,0.26214950374468127,81.7274258928847,7.4079613309321815,6.70912266960102,97.70999908447266,-0.0016348590744774683,6711.2001953125,0.01103198388944171
2025-10-02,256.18365478515625,257.229778167004,253.2146115335708,255.6356607808825,42630200,243.93989028930665,230.92854736328124,0.006576613515574703,0.26228288366688207,80.58356905294937,7.40932464008992,6.8491630636988,97.8499984741211,-0.007103039634296815,6715.35009765625,0.01675012403460574
2025-10-03,257.07037353515625,258.2858846694617,253.01536064819075,253.73271197999827,49155600,244.85301666259767,231.81531799316406,0.003461262002619314,0.2618594590061403,79.64406272918451,7.396691410625635,6.958668733084167,97.72000122070312,-0.004381052455331935,6715.7900390625,0.010850857448513995
2025-10-06,255.7452850341797,258.1165305885388,254.1113214696764,257.0404883747525,44664100,245.79005508422853,232.6731982421875,-0.005154574923412314,0.2606142881550658,75.86500421765663,7.196795736060011,7.0062941336793365,98.11000061035156,0.0020426610229979936,6740.27978515625,0.011870189452431124
2025-10-07,255.5360870361328,256.4526841311554,254.48993311029045,255.86485915808865,31955800,246.89248428344726,233.5235107421875,-0.0008179935673845451,0.2518181904791309,74.83678936661346,6.941479390205046,6.993331184984479,98.58000183105467,0.008284803270939944,6714.58984375,0.003906711405182284
2025-10-08,257.1102294921875,257.5685279874928,255.16739414069707,255.5758888188916,36496900,248.45023040771486,234.46063842773438,0.006160157159454727,0.21072455599597795,78.27925216379043,6.787912655443222,6.952247479076227,98.8499984741211,0.011667172247774582,6753.72021484375,0.006335680399006449
2025-10-09,253.10501098632807,257.0504430809132,252.20832947523732,256.86113993459566,38322000,249.64631042480465,235.36184844970703,-0.015577826342304757,0.22253732877448368,63.31049417372261,6.2707370974792696,6.815945402756836,99.54000091552734,0.01727135889381959,6735.10986328125,0.0029424773597279685
2025-10-10,244.3673095703125,255.436420799504,243.10197943699816,254.00171816056968,61999100,250.2042488098144,236.1177621459961,-0.0345220404051485,0.2577631963331629,32.143970241805604,5.0970565662016725,6.472167635445804,98.9800033569336,0.01289400450768241,6552.509765625,-0.024312891333376663
2025-10-13,246.7485198974609,248.7710475029622,244.6562426215344,248.46219085423505,38142900,250.7502319335937,237.02460052490235,0.009744389834039024,0.25714361080974873,39.08413889290852,4.3093742778655155,6.039608963929747,99.2699966430664,0.011823422948714635,6654.72021484375,-0.012693771332893844
2025-10-14,246.8581085205078,247.93413549962375,243.79940008876653,245.69241642712316,35478000,251.22946166992182,237.91432434082031,0.0004441308223144258,0.2568393694044012,42.17236384107871,3.6518767138809096,5.56206251391998,99.0500030517578,0.004767713653613059,6644.31005859375,-0.01046672794491943
2025-10-15,248.42233276367188,250.8932163906544,246.559219921403,248.5717898296712,33893600,251.7450561523437,238.84389129638672,0.0063365317531554055,0.2572389092854603,35.5247654875933,3.219907887263531,5.093631588588691,98.79000091552734,-0.0006069555844196994,6671.06005859375,-0.012239203523463194
2025-10-16,246.53929138183597,248.1234359576197,244.22783772705108,247.33635013275975,39777000,252.22179489135738,239.53019104003906,-0.00758000040047635,0.2584897581125493,34.881042613749756,2.694562538089059,4.613817778488764,98.38999938964844,-0.01155315968757964,6629.06982421875,-0.015744366642126084
2025-10-17,251.36148071289065,252.4474806979352,246.3599669580113,247.1072067041429,49147000,252.56004562377925,240.17798706054688,0.019559516473121263,0.24263763130841004,46.46865740745431,2.6369359856508936,4.218441419921191,98.43000030517578,-0.005556708760399154,6664.009765625,0.017016380591287072
2025-10-20,261.2748413085937,263.4069798400544,254.68918336894043,254.94822099113512,90483000,252.86691207885738,240.83854614257814,0.03943866246963368,0.23452950273878811,59.50062866914867,3.3525458170371394,4.0452622993443805,98.58999633789062,-0.006850008342609071,6735.1298828125,0.01208310272600066
2025-10-21,261.8028869628906,264.3136317818121,260.86634411857244,260.9161783410852,46695900,253.28237686157223,241.5477264404297,0.002021035212009803,0.23274428377126224,59.205242606928145,3.9171264400667667,4.019635127488858,98.93000030517578,-0.0012115370306380324,6735.35009765625,0.013701955245864594
2025-10-22,257.49884033203125,261.882640960004,254.48993535873984,261.68336485657886,45015300,253.58824844360348,242.12160736083985,-0.016440027383920586,0.23907988712689415,51.55666197577884,3.971479317299867,4.01000396545106,98.9000015258789,0.0011134791915390352,6699.39990234375,0.004248176976535012
2025-10-23,258.6246643066406,259.66084534801524,257.06046542540827,258.9833552231903,32754900,253.72325134277338,242.64467529296874,0.00437215163049931,0.2311543495833135,51.82931428460597,4.0586137767271,4.0197259277062685,98.94000244140624,0.005590030035264482,6738.43994140625,0.016498561651579813
2025-10-24,261.85272216796875,263.15789839957887,258.22610426270086,260.2287163700197,38253700,254.08989715576166,243.24326385498046,0.012481631904607271,0.23363799868788132,56.879937267757846,4.338138395965785,4.083408421358172,98.9499969482422,0.005282908071260861,6791.68994140625,0.01915966216614251
2025-10-27,267.8206787109375,268.1295353654346,263.67598537979285,263.90514984178776,44888200,254.8062515258789,243.98492401123048,0.022791271725411066,0.2443340269370411,62.24916524078769,4.983777996848687,4.263482336456275,98.77999877929688,0.0019271979761015245,6875.16015625,0.020791027919869087
2025-10-28,268.0099792480469,268.8967183092297,267.1631014853557,268.00000632210845,41534800,255.52210693359376,244.74431915283202,0.0007068182263614275,0.24434313973605687,61.17699153815343,5.447926695693326,4.500371208303685,98.69000244140624,-0.002425936147065655,6890.89013671875,0.023093088971963605
2025-10-29,268.7073974609375,270.4110953948544,266.1269030442272,268.28892986747474,51086700,256.2319847106934,245.52423797607423,0.0026022098686300232,0.24434093830823952,67.16359937423216,5.805125827774333,4.761322132197815,99.22000122070312,0.003235588370951392,6890.58984375,0.028538368240917045
2025-10-30,270.4011535644531,273.131090148023,267.4919171420092,270.98897852374654,69886500,256.9428596496582,246.4286975097656,0.0063033475055775945,0.24428728624561435,83.8911560409804,6.1539418645539,5.039846078669033,99.52999877929688,0.005963172865697475,6822.33984375,0.012450938655430122
2025-10-31,269.3749084472656,276.29934139392066,268.1693703205502,275.97053891965146,86167100,257.5580863952637,247.33475006103515,-0.003795269005547608,0.24538878570473743,80.5324198856077,6.275234683285817,5.28692379959239,99.8000030517578,0.008590259016988178,6840.2001953125,0.007142589594749005
2025-11-03,268.0597839355469,269.8531775103368,265.2701011373342,269.42476736726525,50194600,258.173811340332,248.15751037597656,-0.004882134417416251,0.24527863241226228,77.70838526471549,6.193841806049363,5.468307400883785,99.87000274658205,0.011034662692399388,6851.97021484375,-0.0033730038107067095
2025-11-04,269.0461730957031,270.49081837885313,266.6350661079627,267.3424445625432,49274800,258.84931564331055,249.01195434570312,0.0036797357129609853,0.24499904959909466,77.36654294121034,6.138173680750697,5.602280656857167,100.22000122070312,0.01550307773277515,6771.5498046875,-0.017318565477532966
2025-11-05,269.1457824707031,270.7000385630725,265.94757476828966,267.6213843438783,43683100,259.45109329223635,249.82554931640624,0.0003702315251463695,0.2447739810235169,81.487711083255,6.032554402459709,5.688335405977676,100.1999969482422,0.009876997737171989,6796.2900390625,-0.013685302249274556
2025-11-06,268.7771301269531,272.3937751745226,266.90407480138714,266.90407480138714,51204000,260.2346992492676,250.60825744628906,-0.0013697125043753422,0.23596864644860666,77.69330809918958,5.851649032759269,5.720998131333994,99.7300033569336,0.0020094904058043372,6720.31982421875,-0.014953816706259726
2025-11-07,267.4819030761719,271.2878509444664,265.78814772800683,268.8069946610708,48227400,261.3904289245605,251.3238137817383,-0.004818963020289169,0.19272933410214887,63.59667946162258,5.5399056418175405,5.684779633430703,99.5999984741211,-0.0020040538228538463,6728.7998046875,-0.016286130148842948
2025-11-10,268.6985778808594,272.98692304032335,266.733924572705,268.2298525605972,41312400,262.4879318237305,252.07207275390624,0.004548624750665864,0.1917693541043525,64.66277144147558,5.329586096105288,5.613740925965621,99.62000274658205,-0.0025032541616561987,6832.43017578125,-0.0028517402221289734
2025-11-11,274.5028076171875,275.16101963639426,269.0675899882029,269.07757258136417,46208300,263.87016677856445,252.98463806152344,0.021601267048394046,0.20057406938513714,83.9882685067478,5.567085278902709,5.604409796553039,99.45999908447266,-0.00758333792629684,6846.60986328125,0.011084620324551153
2025-11-12,272.7276916503906,274.9815668240292,270.96250711171905,274.2535373864602,48398000,265.0854347229004,253.6873452758789,-0.0064666586917843105,0.2048806077493251,77.47654438432724,5.54811287743081,5.593150412728594,99.4800033569336,-0.007185565002367333,6850.919921875,0.008038191792655747
2025-11-13,272.20904541015625,275.9488654308047,271.3513641926929,273.3658696206449,49602800,266.3689224243164,254.3535760498047,-0.0019016999597504247,0.20130622379931518,72.55852415949629,5.428648613496193,5.560250052882115,99.18000030517578,-0.00551492061811476,6737.490234375,0.0025549989591822087
2025-11-14,271.6705322265625,275.21088338895913,268.8681625557137,270.3142081927936,47431300,267.384375,255.01082977294922,-0.0019783074540463685,0.19512518458625433,60.98395140843108,5.230227997608381,5.494245641827368,99.2699966430664,-0.003313271446890975,6734.10986328125,0.0007891538978541668
2025-11-17,266.73394775390625,269.7557213346742,265.00866346949266,268.0902717401977,45018300,267.65733032226564,255.60541839599608,-0.018171218027207114,0.1602471714087274,47.135369922514606,4.621364901899085,5.319669493841712,99.58999633789062,-0.00030120867159333375,6672.41015625,-0.023420659328282523
2025-11-18,266.7139892578125,269.97510130800674,264.59974924229334,269.25705465795,45677300,267.9028854370117,256.2699481201172,-7.482548157744517e-05,0.16025709612474331,45.38450232894677,4.090078153129014,5.073751225699173,99.5500030517578,0.0009049262830647109,6617.31982421875,-0.03348957274346753
2025-11-19,267.8309936523437,271.47107967039307,264.77930243197466,264.80921977983166,40424500,268.4194931030273,257.10746185302736,0.004188023274067865,0.1466730452810667,43.885805054906285,3.71632303780882,4.802265588121103,100.2300033569336,0.007539203605663403,6642.16015625,-0.030471785979927946
2025-11-20,265.5272521972656,274.68232536305425,265.1981613886433,270.0948061865016,45823600,268.7646224975586,257.834338684082,-0.008601474473370452,0.15106489413747481,41.371215667594655,3.1973694491863967,4.481286360334162,100.16000366210938,0.00988105821655716,6538.759765625,-0.029496216222484106
2025-11-21,270.75299072265625,272.5879921198442,264.9488130991126,265.2280517805383,59030800,269.20963592529296,258.5852276611328,0.01968061086817685,0.15999153490900764,55.13851413905101,3.1712126515881778,4.2192716185849655,100.18000030517578,0.009166955705472324,6602.990234375,-0.019470966700617653
2025-11-24,275.1710205078125,276.24807542504453,270.164627965921,270.164627965921,65585800,269.57715301513673,259.37207092285155,0.016317565960635383,0.15002336842426112,60.33285658829724,3.467015683036891,4.06882043147535,100.13999938964844,0.005522673681920276,6705.1201171875,0.004902270719503221
2025-11-25,276.2181396484375,279.6188865292943,274.5028075356392,274.52274228722064,46914200,269.98756103515626,260.1509634399414,0.0038053394528705375,0.1502373503129969,61.56171767192139,3.742790916238505,4.003614528427981,99.66000366210938,0.0011049784729226797,6765.8798828125,0.022450185655230825
2025-11-26,276.7966003417969,278.7712367451818,275.8791146523587,276.2082055022192,33431400,270.3920211791992,260.9246865844727,0.002094216889939382,0.15020106174099182,63.020715653280426,3.962346257775664,3.9953608742975177,99.5999984741211,-0.006285591756082898,6812.60986328125,0.025661788186613244
2025-11-28,278.0930480957031,278.242634823177,275.2407959413455,276.50736791500816,20135600,270.77661590576173,261.7464572143555,0.004683756058800448,0.14962681905169184,67.22797414015218,4.192627941539172,4.034814287745848,99.45999908447266,-0.006988863339084883,6849.08984375,0.04746008253070255
2025-12-01,282.3315124511719,282.65065109438723,275.3904143522869,277.2553332443013,46587700,271.42444610595703,262.5011581420898,0.01524117335723596,0.15590977868963485,70.15629653025319,4.663379945020438,4.160527419200767,99.41000366210938,-0.007686131370740479,6812.6298828125,0.03174919862006176
2025-12-02,285.4131164550781,286.619823290159,281.86278279875575,282.231773534172,53669500,272.29211273193357,263.10667022705076,0.010914842545035386,0.15621071281792437,67.54326821632397,5.224884769198923,4.3733988892003985,99.36000061035156,-0.007789083124135732,6829.3701171875,0.018530615086447932
2025-12-03,283.378662109375,287.8365294074879,282.5309633672564,285.4231155973949,43538700,273.0087371826172,263.7043716430664,-0.007128103890149506,0.1604130853962995,66.98461116199312,5.4429747005168565,4.58731405146369,98.8499984741211,-0.008127685713664512,6849.72021484375,0.012391637670694067
2025-12-04,279.9380187988281,283.95707766942763,277.8337308175164,283.3287830094401,43989100,273.54834899902346,264.27550384521487,-0.012141504532966252,0.1687019730143446,61.27436272515297,5.277347405972819,4.725320722365517,98.98999786376952,-0.0061245042138236006,6857.1201171875,0.006533509888207778
2025-12-05,278.0232238769531,280.37683325787106,277.2951945750906,279.77845592816414,47265800,274.0106536865234,264.71747619628906,-0.006840067419534801,0.17125843079995262,58.909044842884306,4.934694547180811,4.767195487328576,98.98999786376952,-0.004725530112904552,6870.39990234375,0.003111370865312324
2025-12-08,277.1356506347656,278.9108174051644,275.4003533668138,277.374989388386,38211800,274.49334106445315,265.1697930908203,-0.003192442810390217,0.17052702061818623,66.45628963278334,4.539194931403699,4.7215953761436005,99.08999633789062,-0.0032190656114090554,6846.509765625,0.004973098993382052
2025-12-09,276.4275817871094,279.2698514894354,276.16830825817004,277.40493251311347,32193300,274.8797912597656,265.62847290039065,-0.0025549540307587826,0.17088826526892967,65.04017865158882,4.121117718302003,4.601499844575281,99.22000122070312,-0.0014090115618804466,6840.509765625,0.001631138486617445
2025-12-10,278.0232238769531,278.9905919368044,275.68957968235776,276.9960211276047,33038300,275.0558120727539,266.1150799560547,0.005772369311079162,0.154624066705819,65.55078862355703,3.873887729810349,4.455977421622295,98.79000091552734,-0.0006069555844196994,6886.68017578125,0.00539583512585029
2025-12-11,277.2752685546875,278.8310314000742,273.0667227973629,278.34237127554803,33248000,275.28319091796874,266.57038848876954,-0.0026902620286017864,0.15287952954460923,68.81790443005984,3.576376200528671,4.28005717740357,98.3499984741211,-0.006465293498937097,6901.0,0.006399170798031317
2025-12-12,277.5245666503906,278.4620173164318,276.06853855760204,277.14559334691864,39532900,275.5489669799805,266.99720672607424,0.0008990996456430533,0.15252862762852124,62.903865501259034,3.3224137256714243,4.0885284870571414,98.4000015258789,-0.005960161133679032,6827.41015625,-0.006257240729041769
2025-12-15,273.3658752441406,279.3894873363706,272.0993337942639,279.3894873363706,50409100,275.63373413085935,267.3231167602539,-0.0149849487432544,0.16256687972226772,46.52578977477631,2.7538305494223323,3.8215888995301794,98.1500015258789,-0.009486273556882585,6816.509765625,-0.00438179467012878
2025-12-16,273.8645324707031,274.752131096348,271.0522107383373,272.07941349564567,37648600,275.9902633666992,267.68550170898436,0.0018241385327160131,0.14709241328886938,45.37251819540029,2.3167556396717828,3.5206222475585003,98.1500015258789,-0.010784112897198384,6800.259765625,-0.005884064401496025
2025-12-17,271.10205078125,275.41033087528734,270.9026119684932,274.2634587890498,50138700,276.2096664428711,267.9968209838867,-0.010087037063657212,0.15257947126826363,39.689307212771624,1.7275473489459614,3.1620072678359925,98.37000274658205,-0.004251423879471639,6721.43017578125,-0.023995596685489118
2025-12-18,271.4511413574219,272.88723490520505,266.22537510199504,272.8672697170699,51630700,276.390673828125,268.2836392211914,0.0012876722074433022,0.15208696347754413,37.54677640477983,1.2740774537534207,2.7844213050194786,98.43000030517578,0.0008134400843506917,6774.759765625,-0.018293034976815004
2025-12-19,272.9271240234375,273.8545921928022,269.1673383776201,271.4112306527045,144632000,276.7606674194336,268.6800814819336,0.005437378743868182,0.14880969325425536,30.329611128061828,1.0220175781280432,2.4319405596411916,98.5999984741211,0.00203248927988664,6834.5,0.0010384382346664278
2025-12-22,270.23443603515625,273.13654030849926,269.7756932559407,272.1192896847017,36571800,276.73473968505857,269.19742401123045,-0.009865959632689436,0.13722157024658443,17.72693826542067,0.5980865246198732,2.065169752636928,98.29000091552734,0.0014263819406210576,6878.490234375,0.009092698592256365
2025-12-23,271.62066650390625,271.7603010837797,268.8282792538215,270.1048034873943,29642000,276.5572219848633,269.6948669433594,0.005129732868573544,0.12468501775724541,24.291368845852034,0.36971349701804,1.7260785015131506,97.94000244140624,-0.0021395729109316974,6909.7900390625,0.016106777860335653
2025-12-24,273.06671142578125,274.6823088952694,271.46109654935304,271.60070067851706,17910600,276.39965057373047,270.21903900146486,0.005323766193815027,0.12551350734716915,33.540359049260715,0.3019295119295293,1.4412487035964265,97.9800033569336,-0.003964617045433605,6932.0498046875,0.03133553773498354
2025-12-26,272.6578674316406,274.6225212124231,272.1193247047194,273.4158142002898,21521800,276.19271392822264,270.70374969482424,-0.0014972311784394732,0.12515925025679242,36.14837715441851,0.21276727323152045,1.1955524175234453,98.0199966430664,-0.004165433920940598,6929.93994140625,0.022905635203277708
2025-12-29,273.0168762207031,273.6152231466168,271.6107000753325,271.9497734782625,23715200,275.9389053344727,271.2333013916016,0.0013167006418859373,0.12379313008348553,39.06830648009253,0.16912499790066704,0.9902669335988897,98.04000091552734,-0.005679488511764363,6905.740234375,0.010423620509912856
2025-12-30,272.33868408203125,273.3359694836473,271.54086793463244,272.06942798009953,22139600,275.43926391601565,271.65284545898436,-0.0024840667289872664,0.1081572028234052,39.13036423846432,0.07890418425284906,0.8079943837296817,98.23999786376952,-0.000508729792370266,6896.240234375,0.002580508134080839
2025-12-31,271.1220092773437,272.9370761103812,271.0123224859311,272.3187639976345,27293600,274.7247085571289,271.8497888183594,-0.00446750636542359,0.09746887991299392,31.277063266154244,-0.08973751096488058,0.6284480047907692,98.27999877929688,0.0034714756934384194,6845.5,-0.00930419574242558
2026-01-02,270.2743530273437,277.0857995993762,268.2697994337228,271.52095990203577,37838100,274.06949310302736,272.01921813964844,-0.0031264752435974374,0.09599836836678544,31.108772415246875,-0.2884608475489472,0.44506623432282594,98.41999816894533,0.00449065928696557,6858.47021484375,-0.010614405827551132
2026-01-05,266.5345458984375,270.7730094869922,265.41759095171795,269.9053759278346,45647200,273.3993194580078,272.1999322509766,-0.013837077351278815,0.09845018075997221,25.0454228587505,-0.7392006588873983,0.2082128556807811,98.2699966430664,0.0025504999853280808,6902.0498046875,-0.004024585631991817
2026-01-06,261.6478271484375,266.8237416838396,261.4084883511094,266.27524679504927,52352100,272.580549621582,272.2603955078125,-0.018334279083890626,0.11269946729307738,24.24387148531879,-1.473744164535674,-0.1281785483625099,98.58000183105467,0.0055079652232215,6944.81982421875,0.0056590008481960385
2026-01-07,259.6233215332031,262.96423405428067,259.10474402829175,262.485556491205,48309800,271.7049331665039,272.2158074951172,-0.007737521221935606,0.11394677325733818,20.665620662603345,-2.193945431264183,-0.5413319249428445,98.68000030517578,0.0044788523104044575,6920.93017578125,0.0035802032074203627
2026-01-08,258.3368225097656,258.58614386359903,255.0058776573516,256.3222864925608,50419300,270.8003952026367,272.02613037109376,-0.004955252154698941,0.11407557518931541,22.003552673674747,-2.835830158561919,-1.0002315716666594,98.93000030517578,0.006613772221737424,6921.4599609375,0.011096334955445153
2026-01-09,258.6659240722656,259.5036402038468,255.52448097015204,258.3767027680543,39997000,269.83253021240233,271.8392492675781,0.0012739243260126987,0.11035944020756855,21.935106137826438,-3.2801610292816576,-1.4562174631896592,99.12999725341795,0.007213971730154478,6966.27978515625,0.015719186193907886
2026-01-12,259.54351806640625,260.5906555331263,256.1028713590674,258.45648066308013,45263800,268.9459426879883,271.6559716796875,0.0033927700267757377,0.11308764654709354,19.828971628278154,-3.5208952557627526,-1.869153021704278,98.86000061035156,0.006003907473693726,6977.27001953125,0.010898242836883787
2026-01-13,260.34136962890625,261.0993163539261,257.68861696081353,258.01770778709204,45730800,268.08678283691404,271.45477600097655,0.0030740569768183956,0.11440810990304316,25.61449698355625,-3.605734251515628,-2.216469267666548,99.12999725341795,0.005579178455543676,6963.740234375,0.002724391796352865
2026-01-14,259.2543029785156,261.1092696408236,256.0131254420647,258.78557762508564,40019400,267.38120422363284,271.2523638916016,-0.004175543256686898,0.10570009291001367,19.061761800127357,-3.717830129113679,-2.5167414399559744,99.12999725341795,0.00456016362840006,6926.60009765625,0.0008192427507562883
2026-01-15,257.50909423828125,260.3314293980394,256.352239344094,259.94247342351326,39388600,266.56343231201174,271.0413500976563,-0.00673164811609317,0.10528538449353024,11.651897877205926,-3.9025050309643348,-2.793894158157647,99.31999969482422,0.003942175158651473,6944.47021484375,0.00332447981150108
2026-01-16,254.8363342285156,258.1971811198186,254.23795690818105,257.1998957308392,72142800,265.750146484375,270.7571533203125,-0.010379283953725005,0.10554911858717644,10.482030765732716,-4.215931977284868,-3.0783017219830913,99.38999938964844,0.0026228401435925974,6940.009765625,-0.0037710256178952184
2026-01-20,246.0303192138672,254.09835490933511,242.75922413209136,252.04394930256512,80267500,264.47910537719724,270.29484405517576,-0.03455557089732708,0.15227339826678662,6.467188262277304,-5.115923722980483,-3.48582612218257,98.63999938964844,-0.0022253815430391954,6796.85986328125,-0.025856840246254453
2026-01-21,246.9777374267578,250.87712721718017,244.51444112970407,248.02489020045317,54641700,263.18163604736327,269.8588562011719,0.0038508189393806624,0.15094878233658388,9.4417940677656,-5.687166814756665,-3.9260942606973894,98.76000213623048,-0.0037324233575999344,6875.6201171875,-0.012654136171322716
2026-01-22,247.67584228515625,250.31864258405668,247.47637302553755,248.52352576906395,39708300,262.05370635986327,269.4627349853516,0.002826590224981107,0.15217312200730732,11.871572563635581,-6.014221649355704,-4.343719738429053,98.36000061035156,-0.007767544279235206,6913.35009765625,-0.0019129154005127491
2026-01-23,247.36666870117188,248.73296007338791,244.0157890837153,246.6486371992728,41689000,260.84100646972655,269.0360968017578,-0.0012482993138605014,0.1485700331017064,12.0831944233975,-6.2265864734835645,-4.720293085439955,97.5999984741211,-0.01731777311707705,6915.60986328125,-0.0041558752028069135
2026-01-26,254.71669006347656,255.86356228737432,249.121917868832,250.7973501838168,55969200,259.92350540161135,268.64037445068357,0.029713062802263712,0.18974591595365953,32.52728986477004,-5.735684429599473,-4.923371354271859,97.04000091552734,-0.023644214594550572,6950.22998046875,0.0014726513634566452
2026-01-27,257.56890869140625,261.2389423700868,257.5090739976807,258.4664899667647,49648300,259.16905746459963,268.3371987915039,0.01119761185346313,0.19666277436285315,43.58328460474151,-5.058183229119237,-4.9503337292413345,96.22000122070312,-0.02453363933413888,6978.60009765625,0.026738852651180478
2026-01-28,255.74388122558597,258.1572949521919,253.81911240916085,256.9505880888889,41288000,258.30540771484374,268.0078955078125,-0.0070855891539566285,0.19660895562971425,43.858547277564625,-4.615320568134706,-4.883331097020009,96.4499969482422,-0.02339008847733559,6978.02978515625,0.01489460822780897
2026-01-29,257.5788879394531,258.94516415300217,253.7193980705993,257.29964922744847,67253000,257.56741790771486,267.7260626220703,0.007175173478533914,0.20002852987411304,48.820613151996355,-4.069369850096052,-4.720538847635218,96.27999877929688,-0.021146826130009067,6969.009765625,0.008051041417332483
2026-01-30,258.7756652832031,261.1890792690021,251.4954625126288,254.4773517832236,92443400,256.9501007080078,267.56689697265625,0.00464625557367615,0.20157441858922148,50.16627333190303,-3.4997866806202467,-4.476388414232224,96.98999786376952,-0.006250006351314896,6939.02978515625,0.0033865302320406077
2026-02-02,269.27703857421875,269.7557160843994,258.50633807413067,259.3241194003358,73913400,256.9002349853516,267.6181579589844,0.04058099234146684,0.2523634765694241,61.41788095401747,-2.175932063877326,-4.0162971441612445,97.61000061035156,0.005873863246563582,6976.43994140625,0.003771092612928406
2026-02-03,268.7485046386719,271.1419837262723,266.88355520832346,268.4692659190308,64394700,257.0109329223633,267.6365081787109,-0.0019627887262330113,0.24723693603766614,59.92467643072632,-1.1560893354884456,-3.444255582426685,97.44000244140624,0.012679289183386677,6917.81005859375,-0.008710921705187835
2026-02-04,275.7394104003906,278.19275421850585,271.5508302866565,271.5508302866565,90545700,257.71551208496095,267.84075134277344,0.026012817340576033,0.25242193282165115,67.07998806072843,0.2137866445030454,-2.7126471370407392,97.62000274658205,0.012130698137478468,6882.72021484375,-0.013658521566537796
2026-02-05,275.1610412597656,278.7412924914769,272.48832346973,277.37501624935936,52977400,258.4923980712891,267.9289123535156,-0.002097520770734884,0.2500985116658789,68.74209789249053,1.238477276930837,-1.9224222542464242,97.81999969482422,0.015995024252726697,6798.39990234375,-0.024481220290835548
2026-02-06,277.364990234375,280.1474248180158,276.1782182606431,276.3677049075235,50453400,259.44380645751954,267.97279174804686,0.008009669408572728,0.24884088074333469,74.16050778307036,2.2029974652470514,-1.097338310347729,97.62999725341795,0.006598612266672799,6932.2998046875,-0.0009698734084044869
2026-02-09,274.1307983398437,277.70443813431814,271.2160169672847,277.41494619870406,44623400,260.21705017089846,267.931044921875,-0.011660418612307155,0.25466416978237444,84.22624346593321,2.6755720774382326,-0.3427562327905368,96.81999969482422,-0.008093442378726556,6964.81982421875,-0.0016656227653495392
2026-02-10,273.19244384765625,274.87943562430115,272.4537718732244,274.4003102195724,34376900,260.8994964599609,267.8589617919922,-0.003423017398519912,0.2556822864045257,81.93643300124292,2.9404775026848142,0.31389051430453346,96.8000030517578,-0.006568138070740415,6941.81005859375,0.003469306008219375
2026-02-11,275.0092163085937,279.6808719096702,273.9610989943363,274.2106536370846,51931300,261.6328887939453,267.79728515625,0.0066501563343037695,0.25606864941459273,82.41572151273851,3.259442490828178,0.9030009096092624,96.83000183105467,-0.008092613125387671,6941.47021484375,0.008535869273502694
2026-02-12,261.2637939453125,275.22886395053104,259.7165366668213,275.0990906441112,81077200,261.73336334228514,267.3759307861328,-0.049981678969831966,0.3171212371927351,62.498106268525675,2.3756982617804283,1.1975403800434956,96.93000030517578,-0.009098337685800706,6832.759765625,0.005054110345789509
2026-02-13,255.3243560791016,261.7628783299504,254.9949421084194,261.5432690161623,56290700,261.6241264343262,266.77415557861326,-0.02273349007346248,0.3269471920850326,50.56071881944925,1.182431263805654,1.1945185567959273,96.87999725341795,-0.00768206515517178,6836.169921875,-0.013866954044240654
2026-02-17,263.4099426269531,265.8156532326085,255.08478749757865,257.5903108294174,58469100,262.05280685424805,266.37478118896485,0.03166790145686904,0.34328298154999065,54.915064468828746,0.8790645226134757,1.1314277499594372,97.16000366210938,0.003511712129279587,6843.22021484375,-0.017459117743744312
2026-02-18,263.8791198730469,266.3447212846438,261.9825104325609,263.1304558468116,34203300,262.945246887207,266.05360321044924,0.001781167564954833,0.31521587438435167,57.00542378956779,0.668793442762535,1.0389008885200568,97.6999969482422,0.009297457315194269,6881.31005859375,-0.008715306165011372
2026-02-19,260.11578369140625,264.00886051677537,259.5867290635135,262.1322047157328,30845300,263.60214920043944,265.6954544067383,-0.01426159138112626,0.32159010917060266,52.114355099947915,0.1962204119477633,0.8703647932055981,97.93000030517578,0.011360099693484838,6861.89013671875,-0.011464441344835707
2026-02-20,264.1086730957031,264.2783836675007,257.7001265171608,258.50868117461044,42070500,264.4237907409668,265.434914855957,0.015350431056632585,0.3246667594444992,54.24681656441212,0.1422558484105707,0.7247430042465927,97.8000030517578,0.00897557767298962,6909.509765625,0.01123265014908359
2026-02-23,265.705810546875,268.95002088588865,262.91081074777924,263.0206001676805,37308200,265.34074783325195,265.22047943115234,0.006047273769737682,0.3243090849970005,46.686192743503454,0.22576174660554216,0.6249467527183826,97.6999969482422,0.00846407636324864,6837.75,0.00023113499855287323
2026-02-24,271.6552429199219,274.4003442568012,267.233111068832,267.38283777638213,47014600,266.1876754760742,265.0931198120117,0.02239105106810335,0.3175142100894657,52.450670378556126,0.7632124060429533,0.6525998833832968,97.87999725341795,0.007410390738687989,6890.06982421875,0.0068461349926132176
2026-02-25,273.74151611328125,274.45024283739696,270.567157599074,271.29586819299504,33714300,266.99630584716795,265.0224447631836,0.007679856169661159,0.3166148994699181,48.16371122916654,1.3420207568554474,0.7904840580777268,97.6999969482422,0.0,6946.1298828125,0.009419692422927506
2026-02-26,272.4637756347656,275.61811956353745,270.3175813011377,274.4602128097023,32345100,267.83230056762693,264.9212289428711,-0.004667689785084916,0.3156840789788229,47.55237725469909,1.678281383771548,0.9680435232164911,97.79000091552734,-0.0014295863291347022,6908.85986328125,0.006845012908492931
2026-02-27,263.7093811035156,272.3240124520744,262.4217010495403,272.3240124520744,72366500,268.1388252258301,264.7280990600586,-0.03213048968015897,0.33933026190476456,38.92491753095804,1.2242514692184727,1.0192851124168876,97.61000061035156,-0.0019427651889303288,6878.8798828125,-0.0044330037660391675
2026-03-02,264.2484130859375,266.0551862059976,259.73647625260065,261.94253069595567,41827900,268.4124626159668,264.5357766723633,0.002044037948768729,0.33912522604907136,41.61870282016549,0.8975781447991835,0.9949437188933469,98.37999725341795,0.006960085224321899,6881.6201171875,0.006415870306387239
2026-03-03,263.2801818847656,265.08695529305965,259.6666350681776,263.0106738027697,38568900,268.1126197814941,264.3793392944336,-0.003664094667077511,0.3058239013603201,41.59762232928533,0.5541708786245181,0.9067891508395811,99.0500030517578,0.011953471916336778,6816.6298828125,-0.010658809457649743
2026-03-04,262.0523376464844,265.67587606267574,260.9543215497597,264.17854815272653,39803100,267.77781143188474,264.19136322021484,-0.004663640952734749,0.30609298473575874,38.90600976839521,0.18085657553501733,0.7616026357786684,98.7699966430664,0.010951890770181327,6869.5,-0.011032025617907504
2026-03-05,259.8263244628906,261.09405110124777,256.79173142961054,260.3254337562426,49658600,266.98215713500974,263.9293472290039,-0.008494536639458317,0.28964584197275556,48.466749129260116,-0.2912608854119867,0.5510299315405374,99.31999969482422,0.015645758921901676,6830.7099609375,-0.01131154834375725
2026-03-06,257.0013427734375,258.3090066542827,253.916851068475,258.16927189629365,41120000,266.07417221069335,263.66468536376954,-0.010872576884936036,0.2910319486921041,51.91602763049114,-0.8831889353363636,0.26418615816515717,98.98999786376952,0.014137867480677135,6740.02001953125,-0.02018640616595213
2026-03-09,259.41705322265625,260.68477987096253,253.2280857512349,255.2345148744848,38218500,265.1767753601074,263.42061309814454,0.009399602442343502,0.29178580005775495,44.758913800217115,-1.1441791501788998,-0.017486903503654228,99.18000030517578,0.008131765339422614,6795.990234375,-0.012443273728323212
2026-03-10,260.3653564453125,262.01244158439727,256.4922936817907,257.19102845716964,30590800,264.48850326538087,263.16658599853514,0.003655516130785408,0.290943406837286,45.44510861180231,-1.2599714642717572,-0.2659838156572748,98.83000183105467,-0.002221112709993256,6781.47998046875,-0.0051564927167861985
2026-03-11,260.3453674316406,261.6630231774062,259.08760235948154,260.62486739620806,26218900,263.8461494445801,262.92033599853517,-7.677293916819039e-05,0.29103152435754714,50.329596764229876,-1.3379278543038708,-0.48037262338659403,99.2300033569336,0.004657352733639986,6775.7998046875,-0.01364003134325642
2026-03-12,255.30438232421875,258.48871731031414,253.72719511663237,258.1992253881205,40794000,262.8609077453613,262.56608612060546,-0.01936268410362818,0.29510708155136467,37.729576798654634,-1.7858876231056797,-0.7414756233304112,99.73999786376952,0.004228737114738257,6672.6201171875,-0.02314398424966979
2026-03-13,249.6744384765625,255.87336762960535,249.0755164384504,255.024890934378,36930000,262.2814399719238,262.1128012084961,-0.02205188879408504,0.25002616296495045,29.915028591441384,-2.5656135879559656,-1.106303216255522,100.36000061035156,0.013839809840863415,6632.18994140625,-0.015998480392124925
2026-03-16,252.36964416503903,253.43773019062647,249.4348789230203,251.66090222791988,32074200,262.1337043762207,261.73775390624996,0.010794880344667579,0.241596979761971,23.6928331083311,-2.932270074294024,-1.4714965878632225,99.70999908447266,0.005343806994011713,6699.3798828125,-0.014215787284954096
2026-03-17,253.7771148681641,254.67552076289968,251.7307636559193,252.5093881906664,32361600,261.6520629882813,261.4078091430664,0.00557702059525278,0.21143009615285532,22.253047762810894,-3.0738435038048237,-1.7919659710515428,99.58000183105467,0.007588788688702941,6716.08984375,-0.009642458122279929
2026-03-18,249.4947662353516,254.48585937367065,248.5564382882904,252.1799767808244,35757900,260.9328453063965,261.0670135498047,-0.01687444762321122,0.21754871817567054,20.537785810274215,-3.4913451585598523,-2.131841808553205,100.08999633789062,0.008666662822368387,6624.7001953125,-0.022299892814198752
2026-03-19,248.5165252685547,251.3814079598573,246.85947863088072,248.95572868612365,34864100,260.3528823852539,260.80438751220703,-0.00392088772665522,0.21332109642593905,25.655829692347993,-3.856696501846727,-2.4768127472119095,99.2300033569336,-0.0051132396005512115,6606.490234375,-0.009910632053241164
2026-03-20,247.54823303222656,248.75606899357115,245.56177255944445,247.53824109812177,88331100,259.5248603820801,260.5628857421875,-0.003896289131202657,0.2030201780535675,23.603698163700756,-4.176232160005384,-2.8166966297706044,99.6500015258789,-0.007074522520473359,6506.47998046875,-0.018954517594959808
2026-03-23,251.04200744628903,254.1464679788293,249.83415620831627,253.51758537106093,40546100,258.79167022705076,260.416989440918,0.014113509804804858,0.2097757070188917,32.086511028293344,-4.100282569577615,-3.073413817732007,98.9499969482422,-0.007622125596316476,6581.0,-0.017670274694559063
2026-03-24,251.1917266845703,254.3760464402864,249.10545347620703,249.9040313986812,45152300,257.7684944152832,260.26750549316404,0.0005963911769359953,0.18829630312542023,33.5848099280672,-3.9821076228032553,-3.2551525787462565,99.43000030517578,-0.0015063418670485662,6556.3701171875,-0.02378165424799006
2026-03-25,252.16998291015625,254.5457480998694,251.15181088451408,253.6473574345128,28476700,256.68991775512694,260.1200347900391,0.003894460372950048,0.18568583943227276,37.97429036794744,-3.7661027362773893,-3.3573426102524833,99.5999984741211,-0.00489557280145525,6591.89990234375,-0.0049512116777690185
2026-03-26,252.43951416015625,256.5421934269488,250.32329549316128,251.67088153367663,41796700,255.68870468139647,259.96199768066407,0.001068847476965784,0.18653910493139128,42.209399045627684,-3.532448520494711,-3.392363792300929,99.9000015258789,0.006751971644456178,6477.16015625,-0.019576215741918035
2026-03-27,248.35679626464844,255.03488128462607,247.6281009352486,253.4477020992108,47900000,254.92107543945312,259.7440475463867,-0.016173054004998577,0.1612116232509211,32.12904161100833,-3.6348171747739,-3.4408544687955236,100.1500015258789,0.005017561388297231,6368.85009765625,-0.02115274053338201
2026-03-30,246.19065856933597,250.4230956915925,245.07264337813007,249.62453299565456,39446200,254.01818771362304,259.51767883300784,-0.008721878071757061,0.16132180749068964,27.964013817191287,-3.8463954274702985,-3.521962660530479,100.51000213623048,0.01576559106721631,6343.72021484375,-0.03605527809698372
2026-03-31,253.337890625,255.02488248828536,246.65982101631488,247.46837564153284,49598100,253.52107315063478,259.4877099609375,0.029031288584213666,0.198336726990226,41.08233329449688,-3.3981787329490203,-3.4972058750141874,99.95999908447266,0.005330370890779257,6528.52001953125,-0.004247792171348186
2026-04-01,255.17462158203125,255.7236296181179,252.8787157917901,253.62737973002484,40059400,253.17718734741212,259.6705960083008,0.007250123353044202,0.20058993490348045,49.82020427027544,-2.861766275051508,-3.3701179550216516,99.6500015258789,0.0005020386799585719,6575.31982421875,-0.0025152199473030823
2026-04-02,255.464111328125,255.6737439434535,250.20349485503917,253.7471740568136,31289400,252.95907669067384,259.84032348632815,0.0011344770271390914,0.198884290615291,59.41558796057797,-2.385794184132294,-3.1732532008437806,100.02999877929688,0.0013012737881119563,6582.68994140625,0.016292600863732076
2026-04-06,258.3988342285156,261.6929736576745,256.003115847535,256.053045051996,29329900,253.02895126342773,260.05478332519533,0.011487808933839494,0.19965867277559174,59.72931299988037,-1.7515840902569266,-2.88891937872641,99.9800033569336,-0.0016974355102868932,6611.830078125,0.03815131094986324
2026-04-07,253.0484161376953,255.7436185540334,245.2623079794448,255.7036812801697,62148000,252.71051940917968,260.1684182739258,-0.02070604577917201,0.20988974003361813,48.95684433835321,-1.6615487465709293,-2.643445252295314,99.63999938964844,-0.00865588228127634,6616.85009765625,0.04305515904900714
2026-04-08,258.43878173828125,259.2872736156141,256.0730086009651,257.98960165960847,41032800,252.61419067382812,260.24286010742185,0.02130171641798695,0.2241223066374172,62.40996159010443,-1.1420725319944722,-2.3431707082351454,99.12999725341795,-0.008303339722455338,6782.81005859375,0.03895064092654166
2026-04-09,260.02593994140625,260.6548225010532,255.6138310165902,258.5386040524215,28121600,252.5982192993164,260.29200073242185,0.00614133139171158,0.22527973051812497,65.70413031321193,-0.5954495154018957,-1.9936264696684955,98.81999969482422,-0.008329170279431808,6824.66015625,0.0379206394056848
2026-04-10,260.0159912109375,261.7229364827484,258.5585701252562,259.5168819122501,31291500,252.83379974365235,260.37744293212893,-3.8260530741629495e-05,0.21333833493593546,67.46859728630615,-0.16119150066845123,-1.627139475868487,98.6500015258789,-0.013795833952400138,6816.89013671875,0.03557819028347975
2026-04-13,258.73828125,259.71651601158027,256.2027973984465,259.2673359057164,36234700,253.28699188232423,260.4006307983398,-0.004913966848681062,0.19681015810486427,61.497224297800045,0.0789504969045538,-1.2859214813138788,98.37000274658205,-0.016103226208182497,6886.240234375,0.041502905097013265
2026-04-14,258.368896484375,261.4633801130582,256.73183388682423,258.7881616833941,48370700,253.58695449829102,260.39249542236325,-0.0014276386309766131,0.19421338935061888,60.65184259215227,0.23672962484602067,-0.981391260081899,98.12000274658205,-0.015254884106555955,6967.3798828125,0.05297532511434877
2026-04-15,265.95538330078125,266.08515659729386,257.35074355126085,257.7001261657452,49913500,254.19586791992188,260.32606231689454,0.02936300351797594,0.21812866599169212,67.10430856517982,0.9628378087318197,-0.5925454463191554,98.05999755859376,-0.010793904211344074,7022.9501953125,0.035404225482400964
2026-04-16,262.9307556152344,266.6840670491935,260.804545264895,266.3246925362851,43323100,254.867667388916,260.20970733642577,-0.011372688335946068,0.21246972574444867,62.18406325646016,1.2794726353367878,-0.21814182998796677,98.22000122070312,-0.006071629993665284,7041.27978515625,0.03174072026251307
2026-04-17,269.7486267089844,271.8149160854778,266.24486962975914,266.4844323486072,61436200,255.9292724609375,260.08989166259767,0.02593029133391722,0.2260974474328717,73.35950207629284,2.056843226220053,0.2368551812536372,98.0999984741211,-0.005575296941212171,7126.06005859375,0.04535351394467635
2026-04-20,272.5635681152344,273.7913879220191,269.80850557942483,269.84841238867654,36590200,257.1800392150879,260.037942199707,0.010435424419368289,0.22500870774061157,78.39638602951202,2.867008180530604,0.7628857811090306,98.0500030517578,-0.0032530211028724,7109.14013671875,0.03236888269321048
2026-04-21,265.69586181640625,272.3140256362382,264.9272139873882,271.0163536236942,50209800,257.91273193359376,259.8045596313477,-0.025196714096157535,0.24599346292133062,63.386724284640366,2.9212291302346216,1.1945544509341488,98.41000366210938,0.002955573862715166,7064.009765625,0.013868898271338859
2026-04-22,272.68341064453125,273.2523721409737,266.39461467279705,267.3429346055621,43249200,258.9873161315918,259.7756118774414,0.026299050276339386,0.2592857537752559,67.06230933346339,3.48783087335471,1.653209735418261,98.58999633789062,0.005404841856947451,7137.89990234375,0.01636772351140614
2026-04-23,272.9429016113281,275.2787294551341,271.1660737405759,274.56001085217736,33399600,260.0259620666504,259.77062103271487,0.0009516199250387825,0.25954796721916096,67.0430401894911,3.9127023916878443,2.105108266672178,98.8000030517578,0.005905129544352183,7108.39990234375,0.009532374686913592
2026-04-24,270.5771179199219,272.5735550213531,269.16962610782736,272.2741016414235,38157100,260.9328422546387,259.6819790649414,-0.008667687188198547,0.26332582988936637,62.00790540951237,4.0122662509912175,2.4865398635359863,98.51000213623048,0.004179446161944211,7165.080078125,0.0054756792968919665
2026-04-27,267.1332702636719,267.88193422863776,264.59781690250213,265.6159889280984,41466800,261.87166595458984,259.7993685913086,-0.012727786010601316,0.26015859385856793,64.43035382361816,3.7698254017873865,2.7431969711862667,98.4800033569336,0.00438552056901842,7173.91015625,0.00911080922384877
2026-04-28,270.2277526855469,272.7432830913257,268.181416710472,271.8548539018017,40018900,263.0735206604004,260.0974365234375,0.011584039752220443,0.25718686283450115,62.674407998734864,3.7837711928822273,2.951311815525459,98.62000274658205,0.002133920096108355,7138.7998046875,0.010587476736859003
2026-04-29,269.688720703125,270.5571659728108,266.56429174844374,267.07336249706583,30047900,263.8910621643066,260.22301208496094,-0.001994732136373578,0.24150721651496385,60.628049484558225,3.7085777805510247,3.1027650085305725,98.91999816894533,0.0033472141526784682,7135.9501953125,-0.00027314855320537124
2026-04-30,270.8666381835937,275.50834883767226,267.6623648300734,270.018146234023,91848200,264.67566299438477,260.3627624511718,0.0043676927881806105,0.2410890582704703,61.63562559069234,3.701367495479303,3.222485505920319,98.08000183105467,-0.007287461522910488,7209.009765625,0.01415365830052373
2026-05-01,279.6409606933594,286.7083346607987,277.87409435408995,278.36321169794013,79915400,265.8845054626465,260.7532659912109,0.03239351501021126,0.26231276711595114,69.31018986567369,4.353483540769332,3.4486851128901215,98.20999908447266,-0.003045407017075785,7230.1201171875,0.009077363874978595
2026-05-04,276.3368530273437,280.13010214166496,274.3703610857382,279.16182884121525,46668400,266.7814064025879,260.9978295898438,-0.011815535384456122,0.26726400992079996,65.74529786348688,4.551212781918196,3.6691906466957365,98.47000122070312,-0.00010156514916248582,7200.75,0.003741313058767126
2026-05-05,283.6737670898437,284.0630869835518,276.00745521106614,276.43668191704,49311700,268.3126739501953,261.3571887207031,0.026550617415383337,0.26311737553744063,65.59480935845417,5.239544075189599,3.9832613323945094,98.4800033569336,-0.0014195841183274327,7259.22021484375,0.01686843915656233
2026-05-06,286.9978332519531,287.5168959460148,280.5693031693742,281.4177950537395,58336100,269.7406265258789,261.66404052734373,0.011717918777652159,0.25780215148886076,71.07153468468175,5.984292741537047,4.383467614223017,98.0199966430664,-0.009098276814985429,7365.1201171875,0.032114843237770696
2026-05-07,286.9279479980469,291.60959552514373,285.2709015174152,288.7546745760609,45224300,271.0857269287109,261.9277691650391,-0.0002435044652232543,0.2585468721802519,67.05649867470444,6.494013326067034,4.805576756591821,98.25,0.0017332602546047404,7337.10986328125,0.017769444323279204
2026-05-08,292.7974853515625,294.2349225642168,289.48339230776435,289.49338424193445,52692800,272.7248016357422,262.334443359375,0.020456485310924144,0.2633769095442764,68.9404219069857,7.2875864125055045,5.301978687774557,97.83999633789062,-0.0037674651260690695,7398.93017578125,0.023348167922197183
2026-05-11,292.42779541015625,293.6267735875138,289.979924827367,291.72841688276577,42247300,274.40927734375,262.9088116455078,-0.0012626131025762488,0.26166793710680364,78.48876388415488,7.796791354845084,5.800941221188663,97.94000244140624,-0.0053823374908769095,7412.83984375,0.02945385463319794
2026-05-12,294.54595947265625,295.0155556946294,292.3078994315659,292.3078994315659,45748100,276.21813049316404,263.5147625732422,0.007243374589372076,0.2600915338955716,75.99760198112351,8.27585912542628,6.295924802036187,98.29000091552734,-0.0019293504765388603,7400.9599609375,0.019525478205485225
2026-05-13,298.6124572753906,300.6607090744109,293.24708951115105,293.24708951115105,52684300,277.85098419189455,264.2214080810547,0.013805987391627639,0.24767915010920594,77.99037903513482,8.881278324527898,6.81299550653453,98.4800033569336,0.004692988467876358,7444.25,0.01074386860681864
2026-05-14,297.9530334472656,300.1911240450107,295.12548538387824,299.5616620172475,35324900,279.6020980834961,264.9394219970703,-0.002208293097152536,0.24124408686540516,81.00478488744238,9.201794846657094,7.290755374559043,98.87999725341795,0.006412185785424462,7501.240234375,0.022369894161615944
2026-05-15,299.9713134765625,302.93875555297063,296.26448829773227,297.643304079477,54862800,281.113232421875,265.74232177734376,0.006773819369938039,0.2299750650685531,88.43195171169874,9.509050416512423,7.734414382949719,99.2699966430664,0.014615702766762828,7408.5,0.0012934064778817866
2026-05-18,297.5833435058594,300.4009207908792,294.6558756451712,299.98126929450746,34483000,282.3642211914063,266.5539617919922,-0.007960661114649215,0.2338945752286921,82.55392678827454,9.450919136924028,8.077715333744582,98.97000122070312,0.01051663011661752,7403.0498046875,-0.0013206867096628994
2026-05-19,298.7123718261719,300.2510533099592,296.09463441963413,296.7140952726279,42243600,284.01504669189455,267.3398681640625,0.0037939903054091673,0.20605012517084717,84.0606772976569,9.387736842149764,8.339719635425618,99.3000030517578,0.010275736359983023,7353.60986328125,-0.006397831890209593
2026-05-20,301.98956298828125,302.5390768782648,297.82314269813475,297.9230626302997,38229800,285.48035430908203,268.1723522949219,0.010971059357449242,0.1927286442231773,84.80916051378384,9.492680643026006,8.570311836945695,99.11000061035156,0.006397209910062651,7432.97021484375,-0.0015152345980118387
2026-05-21,304.7271728515625,305.27671719779084,300.1411318265125,300.80056674721834,42965100,287.06956787109374,269.0599884033203,0.00906524661379593,0.19251586195673906,82.4376423049755,9.685107705250289,8.793271010606613,99.19000244140624,0.0031351658232126045,7445.72021484375,-0.007401445333909629
2026-05-22,308.55389404296875,311.13165741506583,305.5764509618376,305.85620846339293,43670200,288.9684066772461,270.12497863769534,0.012557860054279724,0.1863066396982682,91.10262340271453,10.030763558954106,9.040769520276113,99.31999969482422,0.0005037075999669849,7473.47021484375,0.00876968547529855
2026-05-26,308.0643005371094,311.5513139598484,307.4048960873393,309.2932516306072,48000500,291.014958190918,271.29277587890624,-0.001586735786880733,0.1747751843970605,87.70527920802918,10.148209961713917,9.262257608563674,99.16999816894533,0.0020207835280936504,7519.1201171875,0.015678715605358384
2026-05-27,310.5821533203125,312.9900803339556,308.0343323058515,308.0643052358437,50430900,293.0326782226563,272.4570260620117,0.008173140408717527,0.17406103122502004,87.3909808122359,10.325431610835778,9.474892409018095,99.20999908447266,-0.0009063843355395784,7520.35986328125,0.022675937818326775
2026-05-28,312.24072265625,312.5304508120942,309.30325358892543,310.412282475935,48220400,295.1602783203125,273.6262982177734,0.00534019523725493,0.17093061553128816,88.20665937647689,10.47891927029849,9.675697781274174,99.0199966430664,-0.000908121952687746,7563.6298828125,0.01757839251229898
2026-05-29,311.7911071777344,314.7285763294451,309.2632884033746,311.5113496628706,70026800,297.20650177001954,274.87222503662105,-0.0014399642515899869,0.1735235786423472,84.27683485758533,10.44388848930879,9.829335922881096,98.91000366210938,-0.0028228528319904633,7580.06005859375,0.018042558661038655
2026-06-01,306.0460510253906,310.6720662449624,304.7571540774977,309.363197507879,48849900,298.5267562866211,276.0228155517578,-0.01842597822736758,0.16904555629615878,70.58284141300366,9.839128970804438,9.831294532465765,99.1999969482422,-0.0012082435254806567,7599.9599609375,0.01692516895866092
2026-06-02,314.92840576171875,315.1781903378333,306.42572903356995,307.1950545511415,44534700,300.45633392333986,277.3704190063476,0.029022935295418106,0.17842174246262882,75.5766788749956,9.96175161794207,9.857385949561028,99.22000122070312,0.0005042155155898786,7609.77978515625,0.012057217673849374
2026-06-03,309.9926452636719,316.6668815001487,308.5838566628498,313.9092501546009,50836700,301.77227783203125,278.5494317626953,-0.01567264307615801,0.17880636991703786,63.97541505827681,9.550563377331628,9.796021435115149,99.52999877929688,0.0032254782559946182,7553.68017578125,0.0044306805931839666
2026-06-04,310.9618225097656,313.26982953176514,309.3831669286496,312.96009909963743,44869100,302.97047729492186,279.74483367919925,0.00312645238815068,0.1767998528248477,65.85479431674477,9.196882303865607,9.67619360886524,99.41000366210938,0.003938669281607909,7584.31005859375,0.0027341601984312014
2026-06-05,307.0751647949219,314.8984348439246,306.8853260765596,312.5903972939029,65310500,303.97783813476565,280.8429373168945,-0.012498826008526143,0.1858897656266673,58.280867691243756,8.504927202913336,9.44194032767486,100.06999969482422,0.011727792839615558,7383.740234375,-0.025899507748118222
2026-06-08,301.2801818847656,317.1265012321255,300.9105055796523,308.4739595974908,77949100,304.40197296142577,281.8197506713867,-0.018871545388655542,0.19056769753457983,53.99225133209067,7.4035970517512055,9.03427167249013,100.0500030517578,0.008568610178073754,7405.72998046875,-0.02555671101782886
2026-06-09,290.29962158203125,300.4908444635933,287.5320194610898,300.0212482417878,70108800,304.29556427001955,282.6586071777344,-0.036446341189923515,0.23342958347221796,42.508909069070896,5.580417939918846,8.343500925975874,99.91000366210938,0.0069542676165808,7386.64990234375,-0.029321463841534556
2026-06-10,291.3287353515625,294.4960172141002,287.1323727394638,290.4894628291428,52793300,304.1347030639648,283.5613687133789,0.0035450055495178656,0.2322184734655209,40.111214653793155,4.1705012961390935,7.508901000008519,99.9499969482422,0.004219814870857652,7266.990234375,-0.037953677510128236
2026-06-11,295.375244140625,296.7440586571729,289.3404406054596,293.4668864344149,42572500,303.97284240722655,284.4021157836914,0.01388983748609407,0.23228691195257972,41.530971631723126,3.3411370906398474,6.675348218134785,99.86000061035156,0.004526676709234456,7394.2998046875,-0.025053070409608358
2026-06-12,290.879150390625,296.88398158337014,289.3704417369658,295.7749221682621,38742100,303.61914825439453,285.11620635986327,-0.015221633631081977,0.23811867164574405,34.1856266431039,2.2946119343012583,5.79920096136808,99.75,-0.0031977585270320796,7431.4599609375,0.0064628122127510235
2026-06-15,296.1645812988281,297.5233947188816,291.4486474146935,293.8665449684006,45732600,303.42881164550784,285.9302157592773,0.018170538868479413,0.24640488928190185,40.194327984678274,1.8701652097980173,5.013393811054068,99.62999725341795,-0.0041979588758489506,7554.2900390625,0.020060150584148895
2026-06-16,298.9821472167969,300.2210994929347,293.71669913987887,294.99559499590845,39874400,303.4987518310547,286.741882019043,0.009513514092780229,0.24721525152540505,40.48828167031929,1.7410721489021057,4.3589294786236765,99.54000091552734,-0.003703360354518237,7511.35009765625,0.016881833708259686
2026-06-17,295.6949768066406,301.8096980081642,294.10632015937927,300.59074812548096,42745100,303.34788208007814,287.59481323242187,-0.010994537435617069,0.2500401989276676,36.785824833351604,1.3578651636418044,3.758716615627302,100.08999633789062,0.0014006942863731275,7420.10009765625,0.02106922650824483
2026-06-18,297.7532043457031,300.31099586682666,295.3652492546472,297.8530937792582,85962200,303.13606414794924,288.3811016845703,0.006960644246616354,0.24802064195732063,39.06954993522436,1.2063466151877265,3.248242615539387,100.8499984741211,0.009913857978355534,7500.580078125,0.014373270795718263
2026-06-22,296.75408935546875,302.1594314563154,296.5043047694293,297.05381866220307,44879900,302.7374099731445,289.11566467285155,-0.003355513813629196,0.2455138360798307,42.18752164937026,0.9941864812498693,2.797431388681484,101.0199966430664,0.012731795920465139,7472.7900390625,0.005561501823631687
2026-06-23,294.04638671875,301.3800886038737,293.9264950024863,297.2836155142734,52010900,302.0120346069336,289.7962725830078,-0.009124398732296202,0.241415778866928,30.408683303365905,0.6006353228851253,2.3580721755222123,101.41000366210938,0.01786616940441954,7365.4599609375,-0.024996402990695055
2026-06-24,292.8274230957031,299.4417438827621,292.68755959702736,295.1054570720635,53081900,301.2501907348633,290.4780554199219,-0.004145480706800209,0.2414870886602067,32.688415485415035,0.18821341038608352,1.9241004224949865,101.61000061035156,0.02079565677903572,7358.22021484375,-0.020386465924452257
2026-06-25,274.91290283203125,288.55113481081804,273.5141152813601,287.1523472601469,107013700,299.4667282104492,290.808935546875,-0.06117774105404383,0.31531550407085857,22.904762931499164,-1.5661325923534832,1.2260538195252926,101.43000030517578,0.0133879909712602,7357.490234375,-0.008437873136108553
2026-06-26,283.53546142578125,285.70360492137456,273.9737007161028,274.7630284991681,261775500,298.0314651489258,291.160537109375,0.03136469225316163,0.3401621674574251,33.48288371857974,-2.234933104487368,0.5338564347227606,101.36000061035156,0.00505703662812973,7354.02001953125,-0.01953982986211744
2026-06-29,281.4972229003906,288.12151489662153,279.6088673150861,286.4829438934296,66427000,296.5167709350586,291.5318664550781,-0.007188654692930396,0.34006835931595775,35.34634056362454,-2.896047312834355,-0.1521243147886625,101.11000061035156,0.0008909519924373832,7440.43017578125,-0.004330358957242875
2026-06-30,289.11065673828125,289.69017405322865,280.45814550695326,280.9277417485351,65100200,295.6700012207031,291.9191070556641,0.027046212958856453,0.3540568194262094,49.07307129356993,-2.773671445549894,-0.6764337409409088,101.19000244140624,-0.0021694232596239926,7499.35986328125,0.018179435236072683
2026-07-01,294.1263427734375,296.33442991747245,288.95081360688545,293.1871503157195,50164200,294.62989807128906,292.3503625488281,0.017348672275670385,0.3424612926660295,52.05340391255966,-2.246072419140148,-0.9903614765807567,101.38999938964844,-0.0021651532268637252,7483.22998046875,0.01698913079182085
2026-07-02,308.3640441894531,309.15337194761725,293.4269150966668,293.866538367699,75352800,294.5484680175781,293.20372619628904,0.04840675364798175,0.38443958010233714,58.29293869666554,-0.6713440385485114,-0.9265579889743076,100.86000061035156,-0.005619636134370887,7483.240234375,0.017091426015420685
2026-07-06,312.3905944824219,313.9292760509671,306.7354678654279,307.0951430290638,53590000,294.6199066162109,293.99786987304685,0.01305778143996239,0.3871118744342673,63.817222743854266,0.8912744486880229,-0.5629915014418415,100.8499984741211,-0.00503159168468259,7537.43017578125,0.024940121969057483
2026-07-07,310.3923034667969,315.2081573213481,309.88273318392555,315.0183186077797,42490000,294.7857635498047,294.7468579101562,-0.006396770744445224,0.3849914958853811,59.541669770720276,1.9459833881688837,-0.06119652351969651,101.13999938964844,0.0002966944824032147,7503.85009765625,0.0085236902136967
2026-07-08,313.1199645996094,314.5487250421545,306.7854009831778,311.6412289475945,41323500,295.37775268554685,295.59771484375,0.008787785980344909,0.3786963746284325,59.49282323318427,2.9677370534774923,0.5445901918797412,101.0500030517578,-0.0013835298574036425,7482.7099609375,-0.0022201764746978547
2026-07-09,315.947509765625,316.2572401947346,307.8944576262147,310.24243869469103,48124500,296.66014709472654,296.5739996337891,0.00903022957872146,0.3504949655888632,63.682998389713966,3.9599951001851537,1.227671173540824,100.94000244140624,-0.004438277452915584,7543.64013671875,0.008072738163556359
2026-07-10,315.0483093261719,316.6369356310425,311.9010296470402,314.4488202226986,34132300,297.846125793457,297.47041076660156,-0.002846043762522954,0.35145295673783067,61.870814928514456,4.620546012262594,1.906246141285178,100.97000122070312,0.0010906267071773001,7575.39013671875,0.012314171329212531
2026-07-13,317.0365600585937,323.171283634363,315.5078797345754,316.7468014245228,43257800,298.92919158935547,298.41736755371096,0.006310939222858636,0.3496942765986256,63.73475491306351,5.244022756650224,2.573801464358188,101.27999877929688,0.004263761147067502,7515.33984375,-0.002930751133486953
2026-07-14,314.58868408203125,315.91755515351207,311.64124426456783,313.48965629761443,36336800,300.11466827392576,299.2918084716797,-0.007721115748007268,0.3452750733451379,63.95982669101113,5.47746858666801,3.1545348888201525,100.94000244140624,-0.0019774268286447683,7543.58984375,0.005295914174266558
2026-07-15,327.2178039550781,328.44675508114506,317.0465830462295,317.34631234952286,60957600,301.6673294067383,300.24334533691405,0.04014486379221993,0.3653357471132933,70.2328175171159,6.60539760476928,3.8447074320099786,100.5,-0.005442880110316128,7572.39990234375,0.011986291313503372
2026-07-16,332.97283935546875,334.3915986652446,326.50841333986017,327.72736328456057,62970600,303.3668640136719,301.3760650634766,0.017587781993612772,0.36770175161308155,89.86146496815293,7.872918632603273,4.6503496721286375,100.7300033569336,-0.002080434707682377,7533.77001953125,-0.0013084024434645292
2026-07-17,333.452392578125,334.7013154010385,328.7164869908464,331.693929977533,63407100,305.2547348022461,302.3716375732422,0.0014402172368908062,0.36285131027374595,88.58513755148456,8.814525750433177,5.4831848877895455,100.75,-0.0021788770728271567,7457.68994140625,-0.015537179364795262
2026-07-20,326.3085632324219,333.4224228207836,323.4010672140761,333.2226134619852,53468000,306.68250274658203,303.15785217285156,-0.02142383591993391,0.3758956514158146,82.10453589403863,8.881923564455406,6.162932623122718,100.98999786376952,-0.002863358205200117,7443.27978515625,-0.009588396545191169
2026-07-21,327.45758056640625,329.3159936819017,321.94234806189104,322.85156758462244,41338900,308.2176773071289,303.96844482421875,0.0035212601306020552,0.3746935377481203,80.27771941221494,8.925169119868087,6.715379922471793,101.18000030517578,0.0023776288682859636,7509.2001953125,-0.004558790860825002
2026-07-22,325.60919189453125,328.7164973399543,323.0613709608057,327.58746619388995,38755900,309.79581756591796,304.62467895507814,-0.005644666001250687,0.3731293364033945,76.16679298194356,8.709889827692905,7.114281903516016,101.13999938964844,0.0063681531308301675,7498.9599609375,-0.00969837070854107
2026-07-23,321.3828430175781,323.0214140443725,319.0748358849152,321.4527900194849,40840800,311.22358856201174,305.2037799072266,-0.012979820539962161,0.3774121919726096,62.98072183280736,8.104821072098503,7.312389737232514,101.43000030517578,0.006949239798610618,7408.2998046875,-0.016654372846326537
2026-07-24,332.7330322265625,334.0818750563203,321.3428614810286,321.5127284115298,47489400,314.1145950317383,305.9675213623047,0.03531672413627751,0.30089846703214673,67.69821584367355,8.443829920459507,7.538677773877913,101.47000122070312,0.007146414101271814,7411.97998046875,-0.006129238584150709
2026-07-27,336.61968994140625,339.277401491225,333.73216560461384,334.2517370375488,49604300,316.76880645751953,306.727666015625,0.011681009513348384,0.290069267421234,72.09229511610155,8.923255930810114,7.815593405264353,101.51000213623048,0.005149067070606694,7413.18017578125,-0.0040438637594983895
2026-07-28,339.78692626953125,342.59453283396704,335.31080637618777,339.73698155301014,51859000,319.68329162597655,307.5643438720703,0.009408945533389002,0.28387201015574937,72.29744384830792,9.449842102635444,8.142443144738571,101.37999725341795,0.001976645064626803,7428.77978515625,-0.010709583985582305
2026-07-29,337.8985900878906,344.2730974331505,337.0593175600121,339.43727163464206,56090800,322.12268829345703,308.32288940429686,-0.005557412706758247,0.28087714577159445,68.64716157522221,9.604082603363338,8.434771036463525,100.8000030517578,-0.0033616406954956046,7316.14990234375,-0.024378055029766532
2026-07-30,333.1426696777344,334.4615395264105,329.30598233808786,332.8129674612056,74817800,324.07350463867186,309.03407592773436,-0.014074993355015719,0.28899692841055497,64.42568866267331,9.236088403369934,8.595034509844806,100.01000213623048,-0.013999784725159281,7437.6298828125,0.00395908358169339
2026-07-31,308.6438293457031,310.4222943774597,299.7415030462749,304.5473560391476,132489100,324.0874938964844,309.232705078125,-0.07353858440208272,0.36744502693513287,45.076211275337094,6.888195845225994,8.253666776921044,99.8000030517578,-0.016458048180298945,7489.72021484375,0.010488457143685403
2026-08-03,303.1585693359375,311.5313230344714,302.29929450581176,309.313234694189,75052000,323.62589263916016,309.25608520507814,-0.017772135672998512,0.3695441002586587,43.52502190354419,4.532610326297402,7.509455486796316,99.95999908447266,-0.015269461325374212,7600.5,0.02526848394036363
2026-08-04,309.1134033203125,310.1525156602479,301.0603512911937,302.46913991298527,68001000,323.56194763183595,309.34380981445315,0.019642637836096544,0.37622038657980483,38.90518241286871,3.1104419290095393,6.629652775238961,99.88999938964844,-0.014697158257412357,7736.52001953125,0.04142540811209772
2026-08-05,310.7320251464844,311.4414048335362,305.406631186344,309.09342362565195,49438800,323.4425506591797,309.38737243652344,0.005236336596166957,0.37533853926963184,35.64238660573109,2.089881627478462,5.721698545686861,99.69000244140624,-0.01101191048359007,7723.5498046875,0.055685012989309834
2026-08-06,312.14080810546875,316.0174696892129,308.96355554648414,314.06913775687,46139900,323.25221557617186,309.4689025878906,0.004533755277783991,0.37422365618682707,36.405352686271385,1.3788625773947842,4.853131352028446,99.97000122070312,-0.00039996914981432763,7709.9599609375,0.03661516940421072
2026-08-07,313.0599975585937,314.53873325457766,310.47223295908327,311.1816431226555,34437200,323.15279998779295,309.5184594726563,0.0029447910342257355,0.3742731787091722,40.81970478684144,0.8794084907990509,4.058386779782567,99.5999984741211,-0.0020040538228538463,7757.64013671875,0.035771686283289306
2026-08-10,308.260009765625,308.260009765625,304.6099853515625,306.8299865722656,44812500,322.7139724731445,309.43884521484375,-0.0153324852437281,0.37726968076761225,37.338130249394524,0.095171550684654,3.2657437339629847,99.80999755859376,-0.0015006155187349268,7753.10986328125,0.020078924186731184
2026-08-11,304.9100036621094,309.9700012207031,302.7900085449219,307.75,37476700,322.23003845214845,309.30122314453126,-0.010867469011185404,0.3781630650589389,36.61290150676921,-0.7875806306048503,2.455078861049418,99.81999969482422,-0.0007007677970961579,7728.2001953125,-0.0010753961985163762
2026-08-12,302.25,305.6600036621094,300.57000732421875,305.1000061035156,41657800,320.98164825439454,309.2253021240234,-0.008723897642456846,0.34552865475087763,37.37003797379101,-1.6824143339417788,1.6275802220511786,100.01000213623048,0.0032099477077687233,7748.5,0.00323040518200024
2026-08-13,305.260009765625,306.0,302.04998779296875,304.2099914550781,40349300,319.5960067749023,309.03193420410156,0.009958675816790663,0.34030761060769,29.62053421856632,-2.124207318683659,0.877222713904211,99.95999908447266,-0.0001000513764962685,7798.990234375,0.011547436548123624
2026-08-14,305.92999267578125,307.489990234375,304.29998779296875,306.0,28229400,318.21988677978516,308.95068115234375,0.002194794236790587,0.34048137841532927,26.093530105359207,-2.3926880025722426,0.22324057060892027,99.66999816894533,0.0007028081917332951,7785.759765625,0.0036247658322217102
2026-08-17,305.5899963378906,307.6600036621094,302.94000244140625,306.2099914550781,38169300,317.18395843505857,308.84324462890623,-0.0011113534012042736,0.33433192382781923,22.134079896072677,-2.602891231973956,-0.341985789907655,99.63999938964844,-0.0017032178449410962,7745.06005859375,-0.0010382678472833362
2026-08-18,310.0299987792969,311.489990234375,305.739990234375,307.5799865722656,53424500,316.3125793457031,308.90234130859375,0.014529279409058127,0.3394493691428627,28.19749313596749,-2.3837295647323913,-0.7503345448726022,99.6500015258789,-0.0017030471795735913,7691.759765625,-0.004715254362794963
2026-08-19,316.8299865722656,319.2799987792969,309.6000061035156,310.1400146484375,50505600,315.87361907958984,309.21333740234377,0.021933322000267097,0.350019986834128,37.63356977276827,-1.6424075278279133,-0.9287491414636646,98.83000183105467,-0.011798822917416296,7707.97998046875,-0.005229401759211494
2026-08-20,311.29998779296875,320.2799987792969,310.6499938964844,317.4599914550781,40959200,315.3694763183594,309.6333447265625,-0.017454152112068244,0.35238160551815945,52.826502491785526,-1.4840222730138635,-1.0398037677737044,98.9000015258789,-0.01060421736996997,7641.16015625,-0.020237245256359615
2026-08-21,309.3500061035156,312.3800048828125,307.010009765625,312.04998779296875,46876800,314.20032501220703,309.99377014160154,-0.006263995393247401,0.3248260777000009,57.12455620990089,-1.4985734215572961,-1.1315576985304228,98.8000030517578,-0.008728756227253553,7674.3701171875,-0.014306843749443354
2026-08-24,310.3399963378906,313.3599853515625,309.9700012207031,311.4700012207031,34673600,312.88634033203124,310.2930651855469,0.0032002269754076718,0.32096482164544593,51.59353498894244,-1.4139225543229372,-1.1880306696889256,99.0,-0.006423117157454805,7652.85986328125,-0.011904387392089544
2026-08-25,309.8999938964844,313.5899963378906,308.2099914550781,310.7900085449219,25869800,311.3919937133789,310.67348205566407,-0.0014178077160482694,0.31731033714656914,48.88491344827755,-1.366587482108173,-1.2237420321727752,98.91999816894533,-0.007325673314154457,7677.27978515625,-0.0018825315545425436
2026-08-26,313.45001220703125,315.42999267578125,308.79998779296875,310.29998779296875,34024500,310.16956481933596,311.0191906738281,0.011455367474878742,0.32219413285609905,51.659356216203676,-1.030735608937789,-1.185140747525778,99.16999816894533,0.0034402138175799735,7675.7001953125,-0.004187839776185642
2026-08-27,314.5799865722656,315.3999938964844,309.3999938964844,310.54998779296875,32419200,309.2414306640625,311.3311474609375,0.003604958753321119,0.3206397153611077,51.91627737333002,-0.6657171195242313,-1.0812560219254688,99.16000366210938,0.002628939658432916,7730.990234375,0.011756078434179251
2026-08-28,319.70001220703125,322.3699951171875,315.45001220703125,316.8500061035156,38649400,309.7942398071289,311.8112481689453,0.01627575132974779,0.1886548257572187,64.30716361948728,0.03628764070441548,-0.857747289399492,99.6999969482422,0.00910924968304827,7711.759765625,0.00487201527507275
2026-08-31,316.8500061035156,321.239990234375,312.79998779296875,319.6000061035156,41242700,310.4788116455078,312.19318420410156,-0.008914626195478559,0.1788125101980358,65.12159111990601,0.3585269216206939,-0.6144924471954548,99.43000030517578,0.00434343742601806,7686.14013671875,0.0043487368163084295
2026-09-01,325.1300048828125,327.29998779296875,314.7300109863281,316.9800109863281,53167400,311.27964172363284,312.7607025146484,0.02613223487390992,0.18840108313007725,75.36587280320686,1.2674205409534807,-0.23810984956566772,99.66999816894533,0.0075818844913349,7631.47021484375,-0.005966901245551992
2026-09-02,324.9599914550781,328.3999938964844,323.5299987792969,326.8699951171875,33776400,311.9910400390625,313.378974609375,-0.000522909067699362,0.18843959234800078,73.30808254048492,1.9515108178086393,0.19981428390919367,99.55999755859376,0.00393263483764561,7666.60009765625,-0.0011855723158399334
2026-09-03,328.2099914550781,330.8099975585937,324.1099853515625,324.8699951171875,37225800,312.794499206543,314.0866259765625,0.010001231183714099,0.19028657687734335,74.84389005231682,2.7244988031759476,0.7047511877625445,99.0,-0.0016135907240846237,7747.7099609375,0.0021626888736914207
2026-09-04,319.9700012207031,328.92999267578125,317.8599853515625,328.3099975585937,39606900,313.13999938964844,314.9877679443359,-0.025105848234065142,0.2141320319775508,63.63292334612518,2.641746592921834,1.0921502687944025,99.16000366210938,-0.005416181571331058,7718.60009765625,0.0008870001451213305
2026-09-08,316.2200012207031,320.70001220703125,314.8999938964844,317.1000061035156,35477100,313.53799896240236,315.6414587402344,-0.011719848691107093,0.2107954425661776,55.946209311352064,2.247661566735019,1.3232525283825258,98.83999633789062,-0.005933862671973045,7673.52001953125,-0.0016419317060341054
2026-09-09,315.3399963378906,319.1499938964844,309.8999938964844,315.489990234375,65640000,314.0594985961914,316.31831420898436,-0.0027828881140200545,0.20648535322480369,48.38500967194764,1.8430912955468557,1.4272202818153918,98.7699966430664,-0.009029813809702025,7636.35986328125,0.0006407216826960216
2026-09-10,326.57000732421875,326.739990234375,316.510009765625,316.6700134277344,70011900,315.27549896240237,317.06750122070315,0.03561239017170226,0.23467038097515358,64.73086484303148,2.400957728191429,1.6219677710905995,99.08999633789062,-0.004720783770876813,7591.7001953125,-0.009769637308544077
2026-09-11,332.2699890136719,336.2200012207031,326.29998779296875,327.45001220703125,50716900,316.62599792480466,317.8303741455078,0.017454088133066703,0.23867705670708705,70.61890595778934,3.265370620981116,1.950648341068703,99.12000274658205,0.0012121489553742482,7656.97998046875,-0.011710554593059586
2026-09-14,333.0799865722656,335.5,331.3399963378906,334.7900085449219,39269100,317.9834976196289,318.32469299316404,0.0024377692400032736,0.23864944618964523,70.52344784581248,3.9700201784564797,2.3545227085462583,99.45999908447266,0.0030253671972979568,7619.97998046875,-0.012776943479355318
2026-09-15,331.3399963378906,331.7799987792969,328.3500061035156,330.1400146484375,31748200,319.27099761962893,318.70368103027346,-0.005223941108804753,0.2403421052655608,68.9065236556929,4.338051007600029,2.7512283683570127,99.6500015258789,0.008195115520029272,7585.72998046875,-0.01144064768698716
2026-09-16,332.4100036621094,335.4800109863281,330.70001220703125,332.5299987792969,35981000,320.3899978637695,319.1440350341797,0.0032293334219983816,0.23720353175948306,67.48431485449555,4.662314480711757,3.1334455908279617,100.30999755859376,0.015591788679436558,7551.81005859375,-0.011072003703498812
2026-09-17,337.0,338.3399963378906,330.17999267578125,334.7699890136719,36700200,321.39849853515625,319.6216357421875,0.01380823768034456,0.23053248793859393,69.43481658509073,5.229388824426394,3.5526342375476485,100.22000122070312,0.01140382404455087,7637.759765625,0.006067095529001421
2026-09-18,336.1300048828125,338.489990234375,332.5299987792969,337.9100036621094,86588200,322.63999938964844,320.02528564453127,-0.0025815878848294282,0.21860406680507355,65.37525259967764,5.544682345630292,3.9510438591641774,100.22000122070312,0.011097643700973547,7650.5,-0.0008462841074782235
2026-09-21,338.9800109863281,339.6400146484375,333.04998779296875,335.2799987792969,34999200,324.1214996337891,320.50391967773436,0.0084788803799567,0.21572723947188996,70.70934673068334,5.955870835222811,4.352009254375904,100.43000030517578,0.009752676750773848,7764.7001953125,0.018992204075954477
2026-09-22,339.75,345.3399963378906,338.75,340.1400146484375,40711800,325.59199981689454,320.9581884765625,0.002271487960105567,0.21583638549887393,65.91899015488741,6.271577512373426,4.735922905975409,100.5999984741211,0.009533336013000104,7764.64013671875,0.023585094211189483
2026-09-23,337.0199890136719,341.79998779296875,335.5,341.0799865722656,31658800,326.94799957275393,321.4068145751953,-0.008035352424806796,0.21953998341219397,62.438121304903966,6.229676425620539,5.034673609904435,101.0999984741211,0.007875595003039138,7706.02978515625,0.020421557926632694
2026-09-24,335.9200134277344,338.9100036621094,334.29998779296875,336.7200012207031,24733100,328.0714996337891,321.58085876464844,-0.0032638289175568325,0.2193887497385659,58.320774105154996,6.0381071351197875,5.235360314947506,101.29000091552734,0.010676508499215531,7704.1298828125,0.00868973615617108
2026-09-25,341.07000732421875,341.6700134277344,334.5299987792969,336.0400085449219,30002500,329.39600067138673,321.74280212402346,0.015331012415526368,0.22333518236167021,74.39873469091043,6.23003262136865,5.434294776231736,100.97000122070312,0.007483536129164081,7743.41015625,0.012144324717338728
2026-09-28,338.3999938964844,342.989990234375,338.0400085449219,340.3699951171875,32820800,330.33099975585935,321.8417541503906,-0.007828344241351815,0.22235645448964678,76.30456214920326,6.0964115451761245,5.566718130020614,101.1999969482422,0.007666998314513895,7683.68994140625,-0.01043314640211801
2026-09-29,329.3999938964844,337.0899963378906,328.70001220703125,336.9700012207031,38478000,330.9584991455078,321.90358276367186,-0.026595745160542417,0.2427774673248747,63.981708864063165,5.204299174424932,5.494234338901477,101.37000274658205,0.007654118132606413,7670.83984375,-0.012080443049146794
2026-09-30,333.0199890136719,339.5,330.1400146484375,330.79998779296875,49988600,331.3529983520508,322.0148309326172,0.01098966358306952,0.22838281747464032,57.55799025753661,4.734817022365064,5.342350875594194,101.4499969482422,0.003461903851667225,7651.5400390625,-0.007071053137986949
2026-10-01,330.32000732421875,332.4800109863281,325.8099975585937,330.0,36306300,331.6209991455078,322.10904724121093,-0.008107566448037673,0.2307592764923085,47.542243471638315,4.097647941992875,5.0934102888739305,102.0999984741211,0.007996816578857091,7666.4501953125,-0.004890842713342836
