Price,Close,High,Low,Open,Volume
Ticker,AAPL,AAPL,AAPL,AAPL,AAPL
Date,,,,,
2016-10-07,26.083885192871094,26.19822802011634,25.95810912974117,26.141056606493716,97433600
2016-10-10,26.538969039916992,26.69904828893821,26.234816722043714,26.303421366738682,144944000
2016-10-11,26.59613609313965,27.142694539929387,26.573266137254414,26.91629453874083,256164000
2016-10-12,26.83397102355957,26.980331432114724,26.69904733914617,26.83625836838792,150347200
2016-10-13,26.751636505126953,26.85683164914619,26.463492222541557,26.708185692152725,140769600
2016-10-14,26.900291442871094,27.023781898930597,26.785948621860403,26.957462853376438,142608800
2016-10-17,26.881996154785156,26.948313451257732,26.70590724492482,26.831685037682202,94499600
2016-10-18,26.863704681396484,27.032931580780097,26.85912999115921,27.026071290157308,98214000
2016-10-19,26.783666610717773,26.930025301645205,26.02443024725678,26.813395120060363,80138400
2016-10-20,26.769939422607422,26.843118754782015,26.602999888927684,26.724202994273142,96503200
2016-10-21,26.66474723815918,26.735640978196923,26.591567897760907,26.71277101672682,92770800
2016-10-24,26.904863357543945,26.925444225731134,26.756217356616183,26.779085569512883,94154800
2016-10-25,27.042076110839844,27.06723167005647,26.827111057437026,26.973469723024884,192516000
2016-10-26,26.433773040771484,26.458928601464468,25.912370045922412,26.141055692416426,264536800
2016-10-27,26.1799373626709,26.495522972347178,26.093035687812257,26.388040423800923,138248000
2016-10-28,26.006126403808594,26.34686745525646,25.944380315488036,26.04042959234972,151446800
2016-10-31,25.9649658203125,26.12275945834827,25.887211801304716,25.990121378397415,105677600
2016-11-01,25.49616241455078,26.01756541298802,25.276624401773685,25.94667342040158,175303200
2016-11-02,25.51902961730957,25.692831191466432,25.43670439242786,25.475580532320077,113326800
2016-11-03,25.24549674987793,25.6201675108488,25.18113630050288,25.509835812974636,107730400
2016-11-04,25.017940521240234,25.3420436904821,24.850143844404315,24.946684542339323,123348000
2016-11-07,25.37881088256836,25.401796502340922,25.160443110503056,25.302956758997556,130240000
2016-11-08,25.52822494506836,25.67993323177175,25.215615524307584,25.355830121282235,97016800
2016-11-09,25.486854553222656,25.58799342862823,24.836352637720918,25.256994748167177,236705600
2016-11-10,24.77658462524414,25.535120808105646,24.32605969000553,25.535120808105646,228538000
2016-11-11,24.923690795898438,25.024829639098517,24.49155513132728,24.622575108340758,136575600
2016-11-14,24.29847526550293,24.781180415658593,23.923804484233084,24.758194790163717,204702000
2016-11-15,24.620277404785156,24.751297389168002,24.401911348710634,24.496152932155507,129058000
2016-11-16,25.28227996826172,25.3374475852264,24.503055353970133,24.526040984193163,235362000
2016-11-17,25.273080825805664,25.365025083873647,25.01563900764434,25.240900598535497,110528000
2016-11-18,25.298368453979492,25.40870192710526,25.206425939014256,25.22021696552083,113715600
2016-11-21,25.682231903076172,25.741994178360056,25.286872833028042,25.312157547067688,117058400
2016-11-22,25.698333740234375,25.840845734902423,25.60638944302465,25.732811317207865,103862000
2016-11-23,25.567302703857422,25.631663158149788,25.360428562424204,25.597183842295777,109705600
2016-11-25,25.696022033691406,25.714411234842505,25.50293892898638,25.54431375473098,45903600
2016-11-28,25.645450592041016,25.852324704506927,25.604075769547833,25.61327036940083,108776000
2016-11-29,25.62017250061035,25.751192513409958,25.300667526350065,25.46386777010459,114115200
2016-11-30,25.404102325439453,25.79026682920152,25.346637379961116,25.652351310791705,144649200
2016-12-01,25.167346954345703,25.500644689323998,25.061611665429094,25.369624684178312,148347600
2016-12-02,25.261587142944336,25.30525930339659,25.020233701415115,25.09378875204552,106112000
2016-12-05,25.07999610900879,25.291466646708102,24.882316594384022,25.28457113517083,137298000
2016-12-06,25.273080825805664,25.367324172590333,25.09838866453644,25.16964463153597,104782000
2016-12-07,25.521324157714844,25.55810255429244,25.091487608279657,25.114473229295417,119994800
2016-12-08,25.771883010864258,25.84313899211668,25.422495111058208,25.482259153810254,108273200
2016-12-09,26.192522048950195,26.364916889343522,25.81555213825206,25.81555213825206,137610400
2016-12-12,26.043113708496094,26.433874632014717,25.856926094665106,26.04081461966854,105497600
2016-12-13,26.47754669189453,26.645343337012505,26.146548071609143,26.16723460853157,174935200
2016-12-14,26.47754669189453,26.709703790136704,26.42927635205138,26.443067376666335,136127200
2016-12-15,26.62235450744629,26.83152770861694,26.48673810521173,26.521215662599765,186098000
2016-12-16,26.656837463378906,26.77866285931573,26.58328240807606,26.771767346895285,177404400
2016-12-19,26.81083869934082,26.980934408078816,26.6062636804516,26.617757368398863,111117600
2016-12-20,26.88210105895996,27.008524641738106,26.82003968885404,26.833830714724026,85700000
2016-12-21,26.907381057739258,26.98553428257856,26.843020610042583,26.847618786987013,95132800
2016-12-22,26.730392456054688,26.78096188527395,26.580983257095284,26.74418348086327,104343600
2016-12-23,26.783260345458984,26.783260345458984,26.569490683491168,26.569490683491168,56998000
2016-12-27,26.95335578918457,27.07748026929318,26.77636279296477,26.783258305133447,73187600
2016-12-28,26.83843231201172,27.128054414328634,26.70970962395744,27.01312450759269,83623600
2016-12-29,26.83153533935547,26.91888143239691,26.75568118414808,26.76717312198213,60158000
2016-12-30,26.62235450744629,26.939560311250457,26.532709350856184,26.813138508882915,122345200
2017-01-03,26.69821548461914,26.739590317780976,26.378710510527043,26.6177649072742,115127600
2017-01-04,26.668325424194336,26.780957955908196,26.60626406797066,26.629249690509408,84472400
2017-01-05,26.803955078125,26.861420035971303,26.620066511540294,26.645351233287975,88774400
2017-01-06,27.102767944335938,27.160232890274713,26.771769294547475,26.843025266330446,127007600
2017-01-09,27.351015090942383,27.45215395665387,27.109663370982208,27.111960706154942,134247600
2017-01-10,27.37859535217285,27.440656713931567,27.192409513205952,27.300442124142183,97848400
2017-01-11,27.525711059570312,27.567085893732344,27.261371938740186,27.293552170456085,110354400
2017-01-12,27.41077423095703,27.422267919532228,27.17171988885633,27.330323672002628,108344800
2017-01-13,27.362504959106445,27.49582403552166,27.309636444772575,27.378595071522714,104447600
2017-01-17,27.58317756652832,27.63834343062784,27.174027379882077,27.201609435086237,137759200
2017-01-18,27.580869674682617,27.698098632959226,27.51650922815919,27.583168763112923,94852000
2017-01-19,27.53260612487793,27.603862100561834,27.438364520298357,27.44526003359795,102389200
2017-01-20,27.58317756652832,27.686613780926322,27.52111618862776,27.686613780926322,130391600
2017-01-23,27.601566314697266,27.769362993377065,27.530308581322167,27.583177109072004,88200800
2017-01-24,27.576274871826172,27.606156008413322,27.468240507232313,27.47973419636854,92844000
2017-01-25,28.015310287475586,28.065879721349187,27.647534977973493,27.67971520794924,129510400
2017-01-26,28.029094696044922,28.144024555544938,27.95094147966586,27.967031589848244,105350400
2017-01-27,28.031391143798828,28.123335379228262,27.950940595431984,28.075065050208156,82251600
2017-01-30,27.957843780517578,27.957843780517578,27.73488127203864,27.796942639617125,121510000
2017-01-31,27.893482208251953,27.902676809319985,27.725685561410188,27.847510956602637,196804000
2017-02-01,29.594440460205078,29.99439765607206,29.19448501802868,29.19908144103942,447940000
2017-02-02,29.54387092590332,29.741550434731863,29.371476127763817,29.417449126148693,134841600
2017-02-03,29.670303344726562,29.695588062970586,29.458832750041203,29.493310317018416,98029200
2017-02-06,29.948423385620117,29.99669547330766,29.62891849367094,29.681788758133777,107383600
2017-02-07,30.233444213867188,30.362165076824507,29.985195332143594,30.005881862108776,152735200
2017-02-08,30.350679397583008,30.39205597580901,30.162196229210775,30.19207911863059,92016400
2017-02-09,30.569992065429688,30.57691747290408,30.26987815871774,30.392231720882286,113399600
2017-02-10,30.500736236572266,30.690040112082325,30.484578125724394,30.579230063479425,80262000
2017-02-13,30.770837783813477,30.89319487594774,30.646176919165736,30.722359928568,92141600
2017-02-14,31.170225143432617,31.186383256072688,30.76160842049049,30.812397098939268,132904800
2017-02-15,31.283336639404297,31.458789685755665,31.077874668746244,31.285647456911654,142492400
2017-02-16,31.24640655517578,31.373374722183783,31.128667569101108,31.320278751111992,90338400
2017-02-17,31.331823348999023,31.357217687790786,31.188693542675402,31.188693542675402,88792800
2017-02-21,31.558063507080078,31.569607029524473,31.391846647128517,31.44956073676202,98028800
2017-02-22,31.652706146240234,31.655013441014837,31.421849855631695,31.495722036880956,83347600
2017-02-23,31.518802642822266,31.73811536962696,31.465706693142266,31.715031858829306,83152800
2017-02-24,31.548826217651367,31.54882621765137,31.23024336194614,31.375683973913826,87106400
2017-02-27,31.611167907714844,31.72890693640171,31.461112643712838,31.65964930586639,81029600
2017-02-28,31.625017166137695,31.728901833939823,31.558066842437338,31.645793395180352,93931600
2017-03-01,32.27141189575195,32.35452033367567,31.765839381187224,31.8327861816255,145658400
2017-03-02,32.07979202270508,32.38452049769571,32.03361794603871,32.31988101746778,104844000
2017-03-03,32.269107818603516,32.28065134330321,31.994388134660955,32.0382514149663,84432400
2017-03-06,32.167518615722656,32.266788664550965,31.996687194269274,32.17444402347953,87000000
2017-03-07,32.209075927734375,32.31526786615911,32.04054827172309,32.10288046672162,69785200
2017-03-08,32.08902359008789,32.27370932246198,32.04747114966208,32.07748007132938,74828800
2017-03-09,32.01515579223633,32.040550130739646,31.63886235043582,32.02901013171941,88623600
2017-03-10,32.12135314941406,32.17214182940908,32.0059249717142,32.14674748941157,78451200
2017-03-13,32.13520050048828,32.18829647017765,32.04747749025978,32.054402898367606,69686800
2017-03-14,32.08671951293945,32.23908199903327,32.052088953191266,32.15828440479625,61236400
2017-03-15,32.426082611083984,32.49302939880526,32.09595621777302,32.18368275296958,102767200
2017-03-16,32.47917938232422,32.55536239804194,32.379909323326615,32.486104790790534,76928000
2017-03-17,32.31757354736328,32.55073713387873,32.294486509155334,32.55073713387873,175540000
2017-03-20,32.65693664550781,32.666169348388465,32.37298083505005,32.41222598682167,86168000
2017-03-21,32.282936096191406,32.96627212372661,32.25754176862048,32.806980752835045,158119600
2017-03-22,32.6477165222168,32.68927251214532,32.26449399578426,32.28527375204334,103440800
2017-03-23,32.53227996826172,32.68464602130465,32.46071505556878,32.61077029040308,81385200
2017-03-24,32.467647552490234,32.72159102966265,32.40070073901178,32.66618421939153,89582400
2017-03-27,32.52303695678711,32.60152725405525,32.001299459750086,32.179059798635386,94300400
2017-03-28,33.197139739990234,33.252543002700264,32.46301480579109,32.529965111682934,133499200
2017-03-29,33.27101516723633,33.35643440986911,33.056320458176856,33.1694378122708,116760000
2017-03-30,33.2271614074707,33.35875125204132,33.1278948419926,33.2871863285405,84829200
2017-03-31,33.164817810058594,33.305640297811806,33.01475909740384,33.178668624823224,78646800
2017-04-03,33.17405319213867,33.27101242591104,33.02399798995029,33.17636400984456,79942800
2017-04-04,33.421077728271484,33.4487793654904,33.051706126605545,33.070175058947704,79565600
2017-04-05,33.24793243408203,33.58036614090385,33.19945105075871,33.29410299945432,110871600
2017-04-06,33.164817810058594,33.36335437438955,33.1163364357947,33.310254887674894,84596000
2017-04-07,33.090938568115234,33.28485699929098,33.07478046014424,33.18097237706021,66688800
2017-04-10,33.05170440673828,33.21561397112792,32.98937220365056,33.15097447258824,75733600
2017-04-11,32.69618225097656,33.09325540952474,32.33373613194622,32.99860347139208,121517600
2017-04-12,32.73542785644531,32.816225457301364,32.55304938555892,32.68925729558643,81400000
2017-04-13,32.562278747558594,32.86931802030271,32.562278747558594,32.76081528773196,71291600
2017-04-17,32.74235153198242,32.753895052233354,32.52072791996312,32.661550412813725,66328400
2017-04-18,32.59690475463867,32.7908231768218,32.57612853567344,32.645386121478026,58790000
2017-04-19,32.476863861083984,32.78159587982304,32.4237678963356,32.75389424996957,69313600
2017-04-20,32.883174896240234,32.99398494389246,32.58767908744237,32.60152990307541,93278400
2017-04-21,32.84393310546875,32.93858152950958,32.74697386352734,32.883178261307776,69283600
2017-04-24,33.16020202636719,33.23176692273539,33.054006568067706,33.12788228211742,68537200
2017-04-25,33.365657806396484,33.451073502614456,33.21329181645043,33.22252804028264,75486000
2017-04-26,33.16943359375,33.38182450307761,33.10017951743427,33.35181205494892,80164800
2017-04-27,33.19483184814453,33.280251089997954,33.08402179036965,33.224844299816404,56985200
2017-04-28,33.16250991821289,33.31256864410618,33.07478690943521,33.26408726556515,83441600
2017-05-01,33.83891296386719,33.98204272608886,33.46492692833977,33.49724666569909,134411600
2017-05-02,34.053619384765625,34.187516492302215,33.898946050866904,34.060544793553,181408800
2017-05-03,33.94973373413086,34.049003794817544,33.30564607768654,33.61037462315417,182788000
2017-05-04,33.8273811340332,33.968203650311494,33.66116427801331,33.82507383863429,93487600
2017-05-05,34.38835906982422,34.39297365997338,33.88047234638502,33.88047234638502,109310800
2017-05-08,35.32332992553711,35.48262137552229,34.4045226107652,34.4045226107652,195009600
2017-05-09,35.549556732177734,35.75501866259708,35.42489237917586,35.521851585629,156521600
2017-05-10,35.38103485107422,35.538018964961594,35.1155515182517,35.4664540764227,103222800
2017-05-11,35.6870231628418,35.714842670163364,35.306856242636485,35.33930938690545,109020400
2017-05-12,36.18543243408203,36.259609569317824,35.85394330228609,35.86089729817916,130108000
2017-05-15,36.092689514160156,36.31290753319906,35.942014958272345,36.164549795802884,104038800
2017-05-16,36.03937911987305,36.17614570849867,35.8655222077506,36.14832973444002,80194000
2017-05-17,34.82933044433594,35.830747832802935,34.70415503934131,35.60589263781273,203070800
2017-05-18,35.36017608642578,35.54562416578141,35.03332778161628,35.06578093021892,134272800
2017-05-19,35.480709075927734,35.69397307634194,35.38103283603799,35.554889704138084,107843200
2017-05-22,35.696292877197266,35.83305942906775,35.4459385665667,35.698609695370216,91865600
2017-05-23,35.65225601196289,35.907244012150436,35.53866822949923,35.907244012150436,79675600
2017-05-24,35.54563522338867,35.73803735607429,35.3903234255379,35.6615398669008,76712000
2017-05-25,35.668479919433594,35.77975088044138,35.47376104336142,35.63602677342156,76942400
2017-05-26,35.608211517333984,35.75425244588684,35.538668049588445,35.69861696426487,87710400
2017-05-30,35.62212371826172,35.798297458551254,35.54330942948441,35.56417141113815,80507600
2017-05-31,35.41117477416992,35.738026619591665,35.323089676811115,35.69166548354051,97804800
2017-06-01,35.50852966308594,35.543303163506685,35.28599482375414,35.50621284457555,65616400
2017-06-02,36.03474044799805,36.03474044799805,35.44130944521617,35.60125836366381,111082800
2017-06-05,35.68239974975586,35.80294156229667,35.57345264543738,35.77744240074244,101326800
2017-06-06,35.80293273925781,36.11819341481537,35.647620988839236,35.67543696290587,106499600
2017-06-07,36.016197204589844,36.157600969588174,35.809887141277,35.93506610026069,84278400
2017-06-08,35.92810821533203,36.05560044220187,35.79133810279246,35.98837733234555,85003200
2017-06-09,34.534934997558594,35.974471743082624,33.84878171909158,35.974471743082624,259530800
2017-06-12,33.70970153808594,33.86501331494328,33.03513575511516,33.78388219772866,289229200
2017-06-13,33.98091125488281,34.180267317025965,33.64710542644517,34.113044202442644,136661600
2017-06-14,33.6494140625,34.19184657622257,33.343424313963204,34.19184657622257,126124800
2017-06-15,33.44775390625,33.49179822808416,32.96559379650848,33.22290219610901,128661600
2017-06-16,32.97949981689453,33.49643340429505,32.96327147313324,33.3295304773726,201444400
2017-06-19,33.9229621887207,34.01568800387073,33.30171514429232,33.30171514429232,130165600
2017-06-20,33.61463928222656,34.04580438773756,33.598414483101244,34.04580438773756,99600400
2017-06-21,33.81401824951172,33.860382934814176,33.52193983260215,33.73288712449016,85063200
2017-06-22,33.75837326049805,34.00640725294083,33.640148310575654,33.79082640541002,76425200
2017-06-23,33.9090461730957,34.11303938100419,33.637829860105015,33.64246703404675,141757600
2017-06-26,33.802425384521484,34.37267413935767,33.70042875204585,34.115365739113535,102769600
2017-06-27,33.31793212890625,33.88123027016685,33.29243297786767,33.614647593467595,99047600
2017-06-28,33.80473709106445,33.869643386073044,33.18580693265038,33.49411360250508,88329600
2017-06-29,33.30634689331055,33.642473090615525,32.98181540151095,33.545113643075645,125997600
2017-06-30,33.38515853881836,33.60305973033516,33.32952306317769,33.484834786739654,92096400
2017-07-03,33.264625549316406,33.681882883841496,33.171903269256724,33.58452342864035,57111200
2017-07-05,33.40139389038086,33.563659657502356,33.08381635064818,33.308671605490986,86278400
2017-07-06,33.08612823486328,33.26462232063813,33.011951125440845,33.15335488794052,96515200
2017-07-07,33.4222526550293,33.55438561225656,33.125537127404115,33.125537127404115,76806800
2017-07-10,33.62623596191406,33.832545971468484,33.23447791815715,33.40601796879169,84362400
2017-07-11,33.73518753051758,33.80936816120686,33.468608405373175,33.54973949092153,79127200
2017-07-12,33.78386688232422,33.88585993740315,33.5706028882242,33.813999666656365,99538000
2017-07-13,34.25444412231445,34.42134701782428,33.714328298946185,33.728236284050766,100797600
2017-07-14,34.5488395690918,34.61606621390877,34.15244784131849,34.300805579062285,80528400
2017-07-17,34.66938018798828,34.98000363842423,34.439891364919156,34.497843659573356,95174000
2017-07-18,34.789920806884766,34.8015119728598,34.46306902687598,34.58592760453138,71475200
2017-07-19,35.0078239440918,35.100546202803784,34.7597864194897,34.88264500399043,83692000
2017-07-20,34.85019302368164,35.17472801426754,34.81542305978523,35.119092534905725,68974800
2017-07-21,34.83397674560547,34.87338389337596,34.5117620318318,34.76907043902721,105010400
2017-07-24,35.255855560302734,35.33699018406429,34.74819291574987,34.90582498951104,85972800
2017-07-25,35.40652847290039,35.66151639854561,35.18862732055471,35.18862732055471,75415600
2017-07-26,35.57344436645508,35.68239144541838,35.480718556415695,35.547945210835245,63124000
2017-07-27,34.901206970214844,35.696314693216294,34.14550994012845,35.64067918892076,129905200
2017-07-28,34.65548324584961,34.82470300976447,34.58362294352118,34.7458887128319,68854800
2017-07-31,34.47697830200195,34.847874404325744,34.33789491647606,34.748194617761186,79383600
2017-08-01,34.78297805786133,34.82238520521248,34.402811036036134,34.56275998166212,141474400
2017-08-02,36.4265022277832,37.031524459021355,36.19933017298446,36.9225738380496,279747200
2017-08-03,36.062564849853516,36.44273185865014,35.93506906154069,36.405641531663086,108389200
2017-08-04,36.25265121459961,36.48677730148422,36.09038543472271,36.17847408828248,82239600
2017-08-07,36.81361770629883,36.83911685924383,36.31754617029138,36.40795161489137,87481200
2017-08-08,37.108028411865234,37.51369463486603,36.68845419858787,36.76495168223776,144823600
2017-08-09,37.3351936340332,37.383875128169116,36.88316634760592,36.91793631689721,104526000
2017-08-10,36.1460075378418,37.235133487872936,35.9854304565123,37.2118601090354,163217200
2017-08-11,36.64866256713867,36.90232949808078,36.32053080044579,36.443871840263014,105028400
2017-08-14,37.200225830078125,37.28400501989793,36.94423287479012,37.076884738262706,88490800
2017-08-15,37.60746765136719,37.74709720230741,37.26769566381313,37.38871078210849,117862000
2017-08-16,37.456199645996094,37.81924146711986,37.27002335154309,37.686593209871155,110686400
2017-08-17,36.73710632324219,37.400358425370186,36.73245093820814,37.35614114509254,111762400
2017-08-18,36.653324127197266,37.11876316373311,36.47180318702973,36.737103295814435,109712400
2017-08-21,36.58584213256836,36.74408972257525,36.09712965562986,36.65332923983164,105474000
2017-08-22,37.18392562866211,37.235124208530294,36.77434054073482,36.82320965268834,86418400
2017-08-23,37.230464935302734,37.344498769648,36.97447561371597,37.018692887258375,77596400
2017-08-24,37.065242767333984,37.40734078109702,36.897684411571745,37.33519473960121,79275600
2017-08-25,37.202545166015625,37.365448131007646,37.06524149202365,37.15367250100886,101920400
2017-08-28,37.57721710205078,37.70055815018912,37.21882709155933,37.2676997479055,103864000
2017-08-29,37.9123420715332,37.961211187597634,37.23512734077837,37.25840071577374,118067600
2017-08-30,38.014747619628906,38.1404146396572,37.84253383934937,38.11947072815569,109078400
2017-08-31,38.16599655151367,38.28701168120585,38.0449814218215,38.08221739265257,107140400
2017-09-01,38.17763900756836,38.38475924397722,38.07989723262444,38.35217865232924,66364400
2017-09-05,37.71918487548828,38.224185869992446,37.365450167215954,38.107826095654566,117874000
2017-09-06,37.67961883544922,37.93095634650661,37.35613884039739,37.86579516412337,86606800
2017-09-07,37.528343200683594,37.75641085470924,37.318897082760316,37.721500801043646,87714000
2017-09-08,36.91629409790039,37.502744660143726,36.89302072832762,37.43525757001091,114446000
2017-09-11,37.584197998046875,37.712194428986784,37.20951947348694,37.35147850579891,126323200
2017-09-12,37.43525695800781,38.15668879075786,36.948874080640124,37.84251606174984,286856000
2017-09-13,37.1536750793457,37.22582112336586,36.74874533126742,37.20487366489882,179629600
2017-09-14,36.83485412597656,37.095498914209934,36.790636838468636,37.000086587029514,95042800
2017-09-15,37.20718765258789,37.46085100664055,36.76967394026435,36.879052368345235,196458400
2017-09-18,36.925601959228516,37.35147906251199,36.76968032322053,37.26071860122323,113077600
2017-09-19,36.93956756591797,37.181597849722785,36.87208046911773,37.12108850326259,83242400
2017-09-20,36.32054138183594,36.83019420658848,35.79924831851858,36.74641502768066,211805600
2017-09-21,35.69684982299805,36.25770476231295,35.54790946058853,36.25770476231295,150046800
2017-09-22,35.34775924682617,35.436193779476454,35.03824193356741,35.266306014014894,186581600
2017-09-25,35.03593063354492,35.333811387669186,34.712450585659106,34.90560824749289,177549200
2017-09-26,35.638675689697266,35.820196674707795,35.30123301505046,35.32217692462423,146640000
2017-09-27,35.892337799072266,36.006371665189434,35.73176072979134,35.79227008982112,102016800
2017-09-28,35.6712646484375,35.903984278738385,35.53628683674062,35.813223764961826,88022000
2017-09-29,35.866737365722656,35.86906683396908,35.373373036019935,35.654965265399625,105199200
2017-10-02,35.794578552246094,35.9435188603521,35.54091520033411,35.89930159605207,74795200
2017-10-03,35.95051193237305,36.09247098744628,35.81786364705247,35.8411334693977,64921200
2017-10-04,35.717803955078125,35.80623854123986,35.480432514885095,35.752714026414296,80655200
2017-10-05,36.16229248046875,36.17392916873495,35.85044912063934,35.88070024890902,85135200
2017-10-06,36.141353607177734,36.18557089813813,35.96913982949492,36.06455571514429,69630400
2017-10-09,36.26701736450195,36.4741376422052,36.18556764465215,36.26003606140108,65051600
2017-10-10,36.28097152709961,36.769683936536744,36.0947987530455,36.31820750231765,62468000
2017-10-11,36.4322395324707,36.53230721599602,36.24606321665989,36.29726179228331,67622400
2017-10-12,36.30424118041992,36.623065751896675,36.241405922553476,36.3856944239882,64500400
2017-10-13,36.534637451171875,36.602124547174284,36.39965970814911,36.47412810542701,65576800
2017-10-16,37.20718765258789,37.235112850900606,36.68822071049617,36.7464005743257,96486000
2017-10-17,37.34450149536133,37.437587882547504,37.05592801345531,37.183924459099835,75989200
2017-10-18,37.17926788330078,37.40035426006646,37.14203546022998,37.33286361315338,65496800
2017-10-19,36.299591064453125,36.55558396623373,36.07618230564295,36.47878609569955,170336800
2017-10-20,36.3624153137207,36.71149450073242,36.29492823334597,36.4461944606442,95896400
2017-10-23,36.343814849853516,36.69754959082178,36.18789316395103,36.51137322446907,87937200
2017-10-24,36.560245513916016,36.63471392906621,36.35079577232983,36.37173968118282,71028800
2017-10-25,36.39967346191406,36.66497366368138,36.134373260146745,36.51603326182989,84828400
2017-10-26,36.63238525390625,36.73012703888052,36.48577080093559,36.59049388833527,68002000
2017-10-27,37.94491195678711,38.07290838110051,36.93258079751083,37.069884438584545,177816800
2017-10-30,38.79899978637695,39.11317256791725,38.10084120608133,38.140403099509236,178803200
2017-10-31,39.338897705078125,39.48085672403074,38.850188947958955,39.07359765092277,144187200
2017-11-01,38.83856201171875,39.54835728462217,38.54068129899505,39.53206521312065,134551200
2017-11-02,39.122474670410156,39.21323513193892,38.463878069668525,38.77106950931524,165573600
2017-11-03,40.14411926269531,40.553704360574216,39.822965172267914,40.4931985606318,237594400
2017-11-06,40.55138397216797,40.723597727661854,39.962603760125596,40.11387005611356,140105200
2017-11-07,40.68171310424805,40.784110297408915,40.40012437407499,40.472266882614875,97446000
2017-11-08,41.014488220214844,41.014488220214844,40.569993098457765,40.64679096381511,97638000
2017-11-09,40.93070983886719,40.9819084167544,40.293057083101544,40.75151481626194,117930400
2017-11-10,40.79524612426758,40.96107253375823,40.70182510390722,40.898011384934065,100582000
2017-11-13,40.63175582885742,40.75554027927347,40.49862713853262,40.52198417452118,67928400
2017-11-14,40.01750564575195,40.51731561124466,39.980135810403205,40.41455034592742,99130000
2017-11-15,39.48966979980469,39.77928067598578,39.32618122606682,39.69753460722504,116632400
2017-11-16,39.96144485473633,40.141280462047675,39.77459928667072,39.98012620413837,94550000
2017-11-17,39.739566802978516,40.02917763400583,39.620454481494164,39.94743157799027,87598000
2017-11-20,39.69987487792969,39.8353378776979,39.60178171888046,39.77227671695763,65049600
2017-11-21,40.43790817260742,40.568699035095165,39.886715563706446,39.886715563706446,100525200
2017-11-22,40.86299514770508,40.872335827828955,40.41690194136155,40.489303794622415,102355600
2017-11-24,40.86531448364258,40.989098941782885,40.79057481484202,40.89567791956575,56106800
2017-11-27,40.6597785949707,40.89100040556646,40.484611528581425,40.88399400801354,82867200
2017-11-28,40.42156219482422,40.84196038887473,40.13895770201275,40.70883524443442,105715200
2017-11-29,39.58308410644531,40.38651760536671,39.04123584489696,40.3187879090918,166665600
2017-11-30,40.13661193847656,40.20434163051547,39.34018488678111,39.80495918391065,166108800
2017-12-01,39.949764251708984,40.09456786659905,39.35419559376492,39.69285116356602,159037200
2017-12-04,39.65782928466797,40.31645567986797,39.61812517252679,40.283757966117385,130169600
2017-12-05,39.62045669555664,40.05954330434528,39.33084584834535,39.484993729786034,109400800
2017-12-06,39.47332000732422,39.75125237053263,38.87775473048756,39.12065153613966,114240000
2017-12-07,39.54572677612305,39.80730850881267,39.44996790476923,39.477993500762025,102693200
2017-12-08,39.55739974975586,39.9380973739062,39.428946732036295,39.81898503312158,93420800
2017-12-11,40.32813262939453,40.379515258115376,39.42193379244509,39.51769265176879,141095200
2017-12-12,40.101593017578125,40.262747342436676,40.04554181852073,40.20669257959501,77636800
2017-12-13,40.2347297668457,40.53134359110227,40.17166859154569,40.28844669791646,95273600
2017-12-14,40.22303771972656,40.43557465717094,40.08990901260741,40.26507611326917,81906000
2017-12-15,40.63175582885742,40.67846633705121,40.27908739364348,40.552347608549645,160677200
2017-12-18,41.2039680480957,41.386141526801474,40.83962109068416,40.84429321069244,117684400
2017-12-19,40.76488494873047,40.963409082730685,40.659785404053046,40.87932873423201,109745600
2017-12-20,40.72050476074219,40.9704079180063,40.46359164226223,40.84195135876632,93902400
2017-12-21,40.87465286254883,41.110546810628996,40.66211951438505,40.67846658865148,83799600
2017-12-22,40.87465286254883,40.97041172139755,40.75554053135045,40.79757891984987,65397600
2017-12-26,39.83766174316406,40.047860786838285,39.62979341351382,39.89137864298607,132742000
2017-12-27,39.84468078613281,39.88671918269649,39.63681595429407,39.727902710632755,85992800
2017-12-28,39.956787109375,40.13662634516373,39.8166519919685,39.93810218946852,65920800
2017-12-29,39.52470779418945,39.84234431301682,39.52237351556149,39.82599723505273,103999600
2018-01-02,40.232383728027344,40.24172797035305,39.53171523253815,39.74191791945546,102223600
2018-01-03,40.22536849975586,40.767220394628254,40.162310914925996,40.29543604668363,118071600
2018-01-04,40.41221618652344,40.514981452143,40.19033857963591,40.297772401850075,89738400
2018-01-05,40.872318267822266,40.958732886034994,40.4168845770232,40.50797131518301,94640000
2018-01-08,40.72050476074219,41.01478414426948,40.62240806911673,40.72050476074219,82271200
2018-01-09,40.7158317565918,40.88632669672445,40.500960591160094,40.767214379171435,86336000
2018-01-10,40.70649337768555,40.708831219637595,40.405207559899,40.442577393297114,95839600
2018-01-11,40.937713623046875,40.986761972950376,40.75320586895592,40.77655934108537,74670800
2018-01-12,41.36045455932617,41.42351571282372,41.024133159050905,41.147917623904476,101672400
2018-01-16,41.15026092529297,41.89763993406561,41.13858240438722,41.54963996826612,118263600
2018-01-17,41.829898834228516,41.86493082363039,40.88866803861023,41.1409054898702,137547200
2018-01-18,41.86726760864258,42.06345745239051,41.63137721705079,41.89295892367008,124773600
2018-01-19,41.6804313659668,41.942013108967615,41.435196700011545,41.7154633623387,129700400
2018-01-22,41.33943557739258,41.52160907619025,41.246014549623844,41.40950313011101,108434400
2018-01-23,41.34877395629883,41.909310783105305,41.297394888530555,41.40950082837842,130756400
2018-01-24,40.69015121459961,41.40950455731997,40.45192295265972,41.39782603750043,204420400
2018-01-25,39.96379470825195,40.86064950797437,39.828331707702596,40.75788422729664,166116000
2018-01-26,40.057220458984375,40.17166427388989,39.718564699664896,40.17166427388989,156572000
2018-01-29,39.228092193603516,39.74191500654441,39.02022736439535,39.74191500654441,202561600
2018-01-30,38.99687194824219,39.09029298583721,38.466698472240886,38.66055051084549,184192800
2018-01-31,39.104305267333984,39.34019926438187,38.88709975409863,38.97351439091905,129915600
2018-02-01,39.18605422973633,39.382240558791324,38.94782593657848,39.04358482234974,188923200
2018-02-02,37.485755920410156,38.95716013658482,37.392334901262075,38.77031453450521,346375200
2018-02-05,36.549198150634766,38.275177718301975,36.43475436997214,37.158779760529875,290954000
2018-02-06,38.07666015625,38.23781447548652,35.96764833446802,36.161500373275416,272975200
2018-02-07,37.26154327392578,38.163070074933216,37.151775171913954,38.09066824510716,206434400
2018-02-08,36.236228942871094,37.60253360818496,36.20820335015767,37.436707202469265,217562000
2018-02-09,36.67947006225586,37.026541590352025,35.23255325499778,36.834246508765105,282690400
2018-02-12,38.1568603515625,38.43357852431035,36.93741390436866,37.16957849038807,243278000
2018-02-13,38.53910827636719,38.63525757586731,37.90828012945707,37.97863336270872,130196800
2018-02-14,39.249656677246094,39.28952266255722,38.196716602413595,38.23423521438623,162579600
2018-02-15,40.567604064941406,40.59105275486671,39.63191438389785,39.81717442105685,204588800
2018-02-16,40.43627166748047,40.99675003968103,40.28149888137807,40.41985794427395,160704400
2018-02-20,40.300254821777344,40.865417133804456,40.19941438696158,40.34715576848364,135722000
2018-02-21,40.11735916137695,40.83260701599618,40.10328564967908,40.530092713313806,149886400
2018-02-22,40.45269012451172,40.792726514243476,40.26743010361679,40.288534996190876,123967600
2018-02-23,41.156219482421875,41.191394307064236,40.69658149665015,40.72706873021606,135249600
2018-02-26,41.96996307373047,42.06845615928356,41.32272126367563,41.35555229219334,152648800
2018-02-27,41.833946228027344,42.32406784199246,41.7800103071155,42.00044873820776,155712400
2018-02-28,41.77062225341797,42.35689307363016,41.75420853117485,42.037961604302204,151128400
2018-03-01,41.03895950317383,42.159909082195455,40.49021084632658,41.86911745238018,195208000
2018-03-02,41.32271957397461,41.34382446752006,40.44096585273092,40.52304520982578,153816000
2018-03-05,41.46576690673828,41.681514152796034,40.92639700243722,41.088208331558874,113605600
2018-03-06,41.43058776855469,41.8011113730967,41.30395484011507,41.72137939673423,95154000
2018-03-07,41.04599380493164,41.238292358234624,40.86776875758587,41.024888913465674,126814000
2018-03-08,41.4939079284668,41.53611771378168,41.055378460010644,41.151524163776784,95096400
2018-03-09,42.20681381225586,42.21150498140383,41.59943801604093,41.733109499405906,128740800
2018-03-12,42.6148567199707,42.77197688165048,42.26075040737717,42.27950792605273,128828400
2018-03-13,42.204471588134766,43.03228584704719,42.03328148015338,42.8188823717897,126774000
2018-03-14,41.84566879272461,42.333446569678834,41.69792739335634,42.286545617307205,117473600
2018-03-15,41.89491653442383,42.267787541462646,41.75890483631969,41.859741712209576,90975200
2018-03-16,41.74717712402344,42.005134159904195,41.653371637810366,41.894914950049724,157618800
2018-03-19,41.10931396484375,41.61819664868472,40.72472041870842,41.5830218279429,133787200
2018-03-20,41.095245361328125,41.46107782208997,41.02489213926311,41.095245361328125,78597600
2018-03-21,40.164249420166016,41.06006953035237,40.16190204635174,41.04834339622222,148219600
2018-03-22,39.59674072265625,40.49490465390469,39.53811362865073,39.86642392375612,165963200
2018-03-23,38.6798095703125,39.847660204185324,38.6798095703125,39.48886269872853,164115200
2018-03-26,40.51599884033203,40.59338700652802,39.03156091416367,39.41381057734952,150164800
2018-03-27,39.477142333984375,41.07414393053354,39.1441408426636,40.72941630380633,163690400
2018-03-28,39.04096221923828,39.871124060930434,38.738447920587014,39.22153471131714,166674000
2018-03-29,39.34581756591797,40.276816164694516,39.13944903672395,39.35285253138467,153594000
2018-04-02,39.08784866333008,39.61783980550772,38.56958723220933,39.07846990412321,150347200
2018-04-03,39.488868713378906,39.57329187918707,38.66574553048491,39.31298741613807,121112000
2018-04-04,40.243980407714844,40.337782321799516,38.63994405999684,38.665740123117175,138422000
2018-04-05,40.52305221557617,40.85839750981913,40.35420588139473,40.47146008133661,107732800
2018-04-06,39.48652267456055,40.4480048978712,39.44430930489733,40.09389852773458,140021200
2018-04-09,39.87813949584961,40.59104319567461,39.83123854873043,39.83827351188267,116070800
2018-04-10,40.62858200073242,40.804463308094896,40.22522724958265,40.56995489827826,113634400
2018-04-11,40.438621520996094,40.78569288629012,40.26508404919231,40.38937319172964,89726400
2018-04-12,40.83729934692383,41.03897674721416,40.57933863318685,40.66610918870645,91557200
2018-04-13,40.97564697265625,41.23595140956656,40.7692820378696,40.98737310695765,100497200
2018-04-16,41.231258392333984,41.31802533378069,40.99909384564957,41.04599479836905,86313600
2018-04-17,41.798770904541016,41.962926039032276,41.36962018116944,41.38838127915609,106421600
2018-04-18,41.70496368408203,41.93478444114706,41.47983767421081,41.697928719918146,83018000
2018-04-19,40.52305221557617,41.1304281124797,40.490221182725016,40.74817827560862,139235200
2018-04-20,38.86273193359375,40.15252812029606,38.794722494438965,40.00713405885561,261964400
2018-04-23,38.75016784667969,39.14414022627035,38.480481049834914,39.12303532985958,146062000
2018-04-24,38.21078872680664,39.0057718403514,37.80743410382036,38.85099548025622,134768000
2018-04-25,38.37730026245117,38.79238115437606,38.086512121162166,38.135756883915896,113528400
2018-04-26,38.510963439941406,38.86506977787231,38.311629901195275,38.48751117244882,111852000
2018-04-27,38.06539535522461,38.53675582905527,37.66907568925189,38.45936764768368,142623200
2018-04-30,38.754852294921875,39.22386903924131,37.9528340915333,38.020843523315335,169709600
2018-05-01,39.65536117553711,39.678809862224035,38.75719381639185,39.02453317715288,214277600
2018-05-02,41.407142639160156,41.6838607850088,40.75755348322687,41.0928987187872,266157600
2018-05-03,41.482177734375,41.6252279566826,40.90763305007214,41.245325612786026,136272800
2018-05-04,43.10966873168945,43.20816180545762,41.78235066356514,41.80111176023241,224805200
2018-05-07,43.421566009521484,44.010180667150244,43.32541672929725,43.42625360003483,169805600
2018-05-08,43.630287170410156,43.67015316776499,43.07215605081431,43.381708846718794,113611200
2018-05-09,43.937496185302734,43.946874947317966,43.43564832709968,43.74754494424338,92844800
2018-05-10,44.56596374511719,44.64335192738503,44.00548895079558,44.026597421096504,111957200
2018-05-11,44.396461486816406,44.74251829708109,44.12809126580616,44.608334982631575,104848800
2018-05-14,44.29290008544922,44.61777077572134,44.22463197986959,44.49535516035443,83115200
2018-05-15,43.89033508300781,44.03864620212648,43.574882993810874,43.97037452197802,94780800
2018-05-16,44.29994583129883,44.36586467071861,43.78674803552611,43.80322864340894,76732400
2018-05-17,44.01982116699219,44.47181311070607,43.87151001954558,44.2575866959749,69176000
2018-05-18,43.85973358154297,44.212852583391616,43.81736102553501,44.06689787877009,73190800
2018-05-21,44.17047882080078,44.556555441924544,44.00098141717452,44.25758035606822,73603200
2018-05-22,44.05984115600586,44.46475128151072,43.97038318182537,44.347044933215415,60962800
2018-05-23,44.34232711791992,44.375284745399135,43.730252788035145,43.869148982230094,80233600
2018-05-24,44.29290008544922,44.45533543058528,43.83620244402389,44.438858408733466,92936000
2018-05-25,44.39411544799805,44.64600510130118,44.17517982802782,44.311719588330504,69844000
2018-05-29,44.23404312133789,44.434145345167785,43.99156833741936,44.16342218785683,90056400
2018-05-30,44.1398811340332,44.25758748372396,43.9703837031095,44.19167221526615,74762000
2018-05-31,43.99155807495117,44.31171940312337,43.819707856715965,44.073953934274336,109931200
2018-06-01,44.78490447998047,44.789610146728236,44.19872567980173,44.25522600978311,93770000
2018-06-04,45.15920639038086,45.5335116194763,45.04620933090354,45.11447741480749,105064800
2018-06-05,45.50761413574219,45.65592523952757,45.28397285957056,45.45111740448041,86264000
2018-06-06,45.665348052978516,45.688890756479125,45.18039853460859,45.58295577495082,83734400
2018-06-07,45.542930603027344,45.717133656482744,45.27926600539702,45.703009472917365,85388800
2018-06-08,45.12860107421875,45.19922558261393,44.674256416273806,45.003832665969014,106627200
2018-06-11,45.0179557800293,45.19216241765169,44.77783748614501,45.0462077379834,73234000
2018-06-12,45.26514434814453,45.34283095420171,44.99912690244376,45.05562723197043,67644400
2018-06-13,44.893192291259766,45.40639374364206,44.8319862945275,45.29810234253357,86553600
2018-06-14,44.91673278808594,45.098001528120655,44.78019302474528,45.09329226949185,86440400
2018-06-15,44.455318450927734,44.76606483460539,44.31877869980678,44.735460044424904,246876800
2018-06-18,44.431785583496094,44.54478265155956,44.06924808496244,44.22933055748837,73939600
2018-06-19,43.713783264160156,43.864447243052155,43.18645754198187,43.58430556539846,134314000
2018-06-20,43.90446090698242,44.06924904987307,43.72319215374665,43.869150444974466,82514800
2018-06-21,43.65964126586914,44.33998383053485,43.537225655114895,44.08102842165333,102847600
2018-06-22,43.532501220703125,43.822057737254866,43.48071015698018,43.814995646030056,108801600
2018-06-25,42.885128021240234,43.53251289934205,42.54613318305983,43.174684615472465,126652400
2018-06-26,43.41715621948242,43.911524254395744,42.972226424905315,43.07816499818118,98276800
2018-06-27,43.35358810424805,44.08807431465228,43.322983314777396,43.605477734770446,101141200
2018-06-28,43.669044494628906,43.836189048695495,43.26884372711666,43.33946823717454,69460800
2018-06-29,43.57724380493164,44.06690263809954,43.05933659804087,43.85502905884016,90950800
2018-07-02,44.06452941894531,44.09278137401381,43.179379322543035,43.2735465192526,70925200
2018-07-03,43.297096252441406,44.24580899048829,43.20763829163599,44.20814210255842,55819200
2018-07-05,43.64548873901367,43.88325773201856,43.38182781191434,43.61253112312626,66416800
2018-07-06,44.25051498413086,44.358802788798194,43.59842095439938,43.65021202345311,69940800
2018-07-09,44.86494827270508,44.88848738506367,44.56362033446113,44.610702151290674,79026400
2018-07-10,44.810791015625,45.02972301512193,44.77076771152323,44.89553969751991,63756400
2018-07-11,44.229331970214844,44.67661458999871,44.16576954584989,44.375286670796754,75326000
2018-07-12,44.970890045166016,45.06034802512094,44.56597989352456,44.61777097748658,72164400
2018-07-13,45.04150390625,45.1615630676569,44.940274596265624,44.98265074224645,50055600
2018-07-16,44.94261932373047,45.35223493962522,44.82726585914835,45.08622115020571,60172400
2018-07-17,45.06975173950195,45.16862462279862,44.54007326976923,44.66955094745963,62138000
2018-07-18,44.82256317138672,45.15214300759659,44.711918948272675,45.147433749220426,65573600
2018-07-19,45.17097473144531,45.328700755988756,44.6554205182641,44.6554205182641,81147200
2018-07-20,45.067405700683594,45.30046196355085,44.768430580235005,45.14744515273674,82704800
2018-07-23,45.10741424560547,45.189810103073654,44.62481763495967,44.888478631479195,63957600
2018-07-24,45.43464660644531,45.59001983518572,45.211005281986324,45.305168915828304,74791600
2018-07-25,45.863094329833984,45.87015642198545,45.30045464627953,45.44876576568423,66839600
2018-07-26,45.71949005126953,46.13146216817286,45.578241031486534,45.813653669717006,76304000
2018-07-27,44.959102630615234,45.950191373723,44.75194196088316,45.90310956660715,96096000
2018-07-30,44.70722198486328,45.24631543024671,44.50947619991051,45.17569090930291,84118000
2018-07-31,44.796669006347656,45.23218382059381,44.57302772015845,44.799025431663516,157492000
2018-08-01,47.4356575012207,47.496863508061736,46.44927774568807,46.877730569913155,271742800
2018-08-02,48.82223129272461,49.05529111870741,47.16492775096106,47.21907165683549,249616000
2018-08-03,48.9634895324707,49.14004906023397,48.37260134727077,48.73749175640409,133789600
2018-08-06,49.21772384643555,49.26009639869382,48.74689855230227,48.965830589860516,101701600
2018-08-07,48.756317138671875,49.318953263723905,48.67392126916684,49.27658070828396,102349600
2018-08-08,48.78927230834961,48.9211028192217,48.14659677179215,48.50677784332198,90102000
2018-08-09,49.17298889160156,49.384858811363216,48.77749382470525,49.32600565675037,93970400
2018-08-10,49.02653121948242,49.39742705887133,48.82336614927484,48.986371143415944,98444800
2018-08-13,49.34308624267578,49.83446227625625,49.06668789966988,49.44703165810567,103563600
2018-08-14,49.55097961425781,49.742332045788096,49.198983276632525,49.64783817493935,82992000
2018-08-15,49.66672897338867,49.78484809362196,49.21551306896723,49.425764958794105,115230400
2018-08-16,50.394344329833984,50.51009876327454,49.95730213317231,50.02344855362679,114001600
2018-08-17,51.400726318359375,51.488133330022386,50.35655353456642,50.422699965777916,141708000
2018-08-20,50.899898529052734,51.77870156484017,50.817213693824115,51.52356740894987,121150800
2018-08-21,50.8006706237793,51.30858501340553,50.56207129400101,51.216452242034755,104639200
2018-08-22,50.803043365478516,51.11251493875671,50.51719345762094,50.57861771807685,76072400
2018-08-23,50.906982421875,51.27551351969438,50.696730520954475,50.708539549833304,75532800
2018-08-24,51.06525802612305,51.24007201397918,50.817207157054575,51.16920342685341,73905600
2018-08-27,51.48576736450195,51.6747586949245,51.10542361873389,51.29913711900238,82100400
2018-08-28,51.90155029296875,52.09998958647139,51.717284719757714,51.738545300195106,91107200
2018-08-29,52.67641067504883,52.796894504886076,51.83304188973848,52.00785590995711,109019200
2018-08-30,53.16069412231445,53.923742675038724,52.53938635946585,52.74019031767683,195175200
2018-08-31,53.77490997314453,54.06784307418902,53.38984050098003,53.51032070176032,173360400
2018-09-04,53.947364807128906,54.141078290113896,53.53867365991013,53.95917744010946,109560400
2018-09-05,53.59537124633789,54.25683907496072,53.17723213437342,54.096198793356,133332000
2018-09-06,52.70475769042969,53.70877030386008,52.27952809791721,53.44418099923575,137160000
2018-09-07,52.27952575683594,53.241013565604675,52.140146053637395,52.40945751605054,150479200
2018-09-10,51.57789993286133,52.40945962051581,51.13849662341598,52.19684302288819,158066000
2018-09-11,52.88193893432617,52.9882454363978,51.159759902867926,51.502304678303155,142996000
2018-09-12,52.22520446777344,53.15361928773822,51.934628753608905,53.139445566015176,197114800
2018-09-13,53.48671340942383,53.94501627996278,52.57955921881434,52.80398487884961,166825600
2018-09-14,52.879573822021484,53.588288636449,52.56774117812255,53.330789785670724,127997200
2018-09-17,51.47160720825195,52.669333636985556,51.32750168636298,52.480342256764004,148780400
2018-09-18,51.55663299560547,52.40945315642441,51.29204372483906,51.450322907548866,126286800
2018-09-19,51.58734130859375,51.882639097106946,50.8620918144542,51.61805343210611,108495200
2018-09-20,51.9795036315918,52.51103971221684,51.77161281099577,52.02911525185576,106435200
2018-09-21,51.41962814331055,52.293709113672655,51.33221752297712,52.156690470038114,384986800
2018-09-24,52.1590461730957,52.27007844864043,51.17629770710372,51.221183555265625,110773600
2018-09-25,52.489776611328125,52.638607860257046,51.9015420793463,51.91335471262328,98217600
2018-09-26,52.07164001464844,52.85831390102555,51.91572188840217,52.20865864637607,95938800
2018-09-27,53.14179992675781,53.493796258750265,52.80870308957469,52.87485312376238,120724800
2018-09-28,53.32843017578125,53.35205184075627,52.92210004922642,53.10400092790325,91717600
2018-10-01,53.68751525878906,54.19779085665743,53.472541143372936,53.850520264056215,94403200
2018-10-02,54.16470718383789,54.33479901696342,53.53867724574372,53.685143811325815,99152800
2018-10-03,54.82381057739258,55.15454267446678,54.2828229843168,54.34660831900594,114619200
2018-10-04,53.8599739074707,54.88997308924243,53.56231132812682,54.519077210126824,128168000
2018-10-05,52.98588943481445,53.959193731869235,52.10944731556173,53.8528872123664,134322000
2018-10-08,52.863037109375,53.1063622318355,52.01966478038702,52.49450599592842,118655600
2018-10-09,53.59537124633789,53.68986871026096,52.503951672171496,52.83232269929613,107564000
2018-10-10,51.11250305175781,53.47252424243993,51.03926977797818,53.26227236412998,167962400
2018-10-11,50.661285400390625,51.854289128619605,50.15810044455887,50.67782380599956,212497600
2018-10-12,52.47088623046875,52.652790721334746,51.22590944484672,52.071642947462294,161351600
2018-10-15,51.348751068115234,52.4047364348411,51.32749048871511,52.24645722479021,123164000
2018-10-16,52.4803352355957,52.678778140870236,51.20701098324297,51.7196476453891,116736000
2018-10-17,52.2535400390625,52.59608478681421,51.81649782677638,52.515764645492226,91541600
2018-10-18,51.03219223022461,51.9109988853349,50.31875164361143,51.46686978304842,130325200
2018-10-19,51.80941390991211,52.27007781096182,51.36528481315141,51.51411607530205,132314800
2018-10-22,52.125972747802734,52.76618004452115,51.72200732540533,51.9228076917488,115168400
2018-10-23,52.61735534667969,52.74020027152465,50.72036209337525,50.98731252485266,155071200
2018-10-24,50.81249237060547,52.97171017320504,50.68256059159632,52.586644215954536,163702000
2018-10-25,51.92517852783203,52.29843547056509,51.20465099928753,51.431441351031665,119423200
2018-10-26,51.098350524902344,52.017317466878524,50.24080424985826,51.003853031879004,189033600
2018-10-29,50.13920593261719,51.899180119940304,48.68633857706264,51.78106099858024,183742000
2018-10-30,50.38962936401367,50.83375491022731,49.43758931750265,49.88171486371628,146640000
2018-10-31,51.70310974121094,52.07872773863771,51.17393470003853,51.23535895942081,153435600
2018-11-01,52.49686813354492,52.52994134683256,51.218818240233645,51.7479932575457,233292800
2018-11-02,49.014713287353516,50.47230292231517,48.53042413230621,49.50372821693035,365314800
2018-11-05,47.6232795715332,48.28474755386058,46.815344991977874,48.26348697130372,264654800
2018-11-06,48.138282775878906,48.362708455674046,47.64690664485731,47.70124044834841,127531600
2018-11-07,49.598228454589844,49.62421481077782,48.22332347597132,48.6580010661063,133697600
2018-11-08,49.425167083740234,49.8115765392993,49.01267698848203,49.77838793052821,101450400
2018-11-09,48.47217559814453,48.83725030122931,47.9458964943367,48.72820356356081,137463200
2018-11-12,46.030433654785156,47.376950783365466,45.940348730689024,47.17544617439907,204542000
2018-11-13,45.570533752441406,46.74399267153785,45.385625249664386,45.42829839038313,187531600
2018-11-14,44.28328323364258,46.1039218061146,44.07703636390938,45.966425098721565,243204000
2018-11-15,45.37614822387695,45.50890268674513,44.30699369850852,44.660218236508925,185915200
2018-11-16,45.87870407104492,46.220074640401464,44.91386160362832,45.16040500522661,147713200
2018-11-19,44.06045150756836,45.20783353297529,43.854208219357986,45.041890449513616,167701200
2018-11-20,41.95532989501953,43.0197420672639,41.60684765041812,42.28484670118081,271300800
2018-11-21,41.90791702270508,42.735266618961745,41.85339364940584,42.607250817126655,124496800
2018-11-23,40.843505859375,41.8652485061949,40.79846701261189,41.47172379819083,94496000
2018-11-26,41.3958625793457,41.47409365729359,40.36226968529681,41.30578126736825,179994000
2018-11-27,41.30577850341797,41.43142136093944,40.50924821986047,40.65859516114247,165549600
2018-11-28,42.89409255981445,42.97706227069224,41.46934451243013,41.896057768030154,184250000
2018-11-29,42.5645866394043,43.33504001855677,42.126019422817734,43.30185140230018,167080000
2018-11-30,42.33462142944336,42.749480801948096,41.96717383319612,42.7399962763246,158126000
2018-12-03,43.81390380859375,43.84235015808843,42.95810782751556,43.72856114282213,163210000
2018-12-04,41.886573791503906,43.23782932087698,41.78700797536975,42.89645874139606,165377200
2018-12-06,41.41956329345703,41.43378646572274,40.400193746066954,40.71785665095758,172393600
2018-12-07,39.94266891479492,41.36504416362529,39.89762645314932,41.12798162215356,169126400
2018-12-10,40.20580291748047,40.32196123166559,38.71941997527431,39.11531393068012,248104000
2018-12-11,39.97585678100586,40.724971648959276,39.589443688075356,40.69415597889754,189126800
2018-12-12,40.08727264404297,40.755787053863365,40.06830720881082,40.395451019026375,142510800
2018-12-13,40.525840759277344,40.909884536388844,40.19395464798327,40.41679401583242,127594400
2018-12-14,39.229103088378906,40.082529570127996,39.18169130990103,40.06356413527948,162814800
2018-12-17,38.864044189453125,39.90949114960628,38.5771968447114,39.22200742213319,177151600
2018-12-18,39.36898422241211,39.7150935619969,38.97071720878755,39.20541046417102,135366000
2018-12-19,38.14099884033203,39.696128806296855,37.714285467405595,39.35238878434899,196189200
2018-12-20,37.17850875854492,38.43019834962624,36.815803457566034,38.024819921733545,259092000
2018-12-21,35.73242950439453,37.493805755071484,35.471662925552984,37.18562378254359,382978400
2018-12-24,34.80788803100586,35.92682334359603,34.7509917276026,35.1208086565069,148676800
2018-12-26,37.25912094116211,37.273344115545655,34.781817991073616,35.15637725808617,234330000
2018-12-27,37.017311096191406,37.16429231852565,35.575974156047664,36.94382229366778,212468400
2018-12-28,37.036285400390625,37.57916072752673,36.63802200723716,37.33735588609049,169165600
2018-12-31,37.394248962402344,37.77828914637844,37.09554782616534,37.58152679042015,140014000
2019-01-02,37.43692398071289,37.65739407159221,36.56216244012711,36.718624618520415,148158800
2019-01-03,33.707923889160156,34.54475438454186,33.66288142679495,34.132264253567534,365248800
2019-01-04,35.146888732910156,35.215638890994725,34.089591894725444,34.262646525522236,234428400
2019-01-07,35.06866455078125,35.28202303602157,34.58742781885169,35.25120374411971,219111200
2019-01-08,35.73717498779297,35.99083362118485,35.20852657958671,35.455070009455085,164101200
2019-01-09,36.34406280517578,36.63327943614389,35.471674265217295,35.86519539069432,180396400
2019-01-10,36.46022415161133,36.50052435461603,35.7632596139456,36.152042085783165,143122800
2019-01-11,36.10224914550781,36.436508162841335,35.91734067151202,36.24211877976571,108092800
2019-01-14,35.55937576293945,35.8604461572393,35.37446729835511,35.76088033917748,129756800
2019-01-15,36.28716278076172,36.36302090848889,35.571232935659744,35.62338698103528,114843600
2019-01-16,36.73046112060547,36.95330042990781,36.27055933200894,36.289524764426844,122278800
2019-01-17,36.948577880859375,37.375291294712916,36.332213658927785,36.55505308712287,119284800
2019-01-18,37.1761474609375,37.42743316241718,36.977012187831065,37.33734824404253,135004000
2019-01-22,36.3416862487793,37.154808983139375,36.18048184882576,37.07895085520432,121576000
2019-01-23,36.48866271972656,36.777879284107165,35.96238363485609,36.54318608659887,92522400
2019-01-24,36.19944381713867,36.621414786971584,35.97186583784891,36.533702817587695,101766000
2019-01-25,37.39898681640625,37.48670242020263,36.58349467789878,36.85848448845611,134142000
2019-01-28,37.05287551879883,37.05998710557618,36.4270305613809,36.93197130900929,104768400
2019-01-29,36.668827056884766,37.4866956045575,36.53370330810849,37.04101693130822,166348800
2019-01-30,39.17458724975586,39.38794210253695,37.98453220972156,38.70046213932008,244439200
2019-01-31,39.45668411254883,40.06356354968348,39.01100544334011,39.37845305142474,162958400
2019-02-01,39.47565460205078,40.058826416325836,39.33578495633769,39.579962696906414,130672400
2019-02-04,40.596961975097656,40.6941584894352,39.65582335554743,39.68664264479774,125982000
2019-02-05,41.29155349731445,41.50491196410588,40.85773221114225,40.97863281022283,144406400
2019-02-06,41.30577850341797,41.62107211746024,40.97626171566191,41.40297139622457,112958400
2019-02-07,40.52347183227539,41.23465946396211,40.38123285902311,40.869581120682014,126966800
2019-02-08,40.57108688354492,40.630606697540095,40.09730785633489,40.23301477598845,95280000
2019-02-11,40.337764739990234,40.7615491383027,40.29491221963111,40.723455587227264,83973600
2019-02-12,40.68536376953125,40.71155263291125,40.40204887463883,40.4972827563848,89134000
2019-02-13,40.516334533691406,41.06391766381333,40.454435221967046,40.804412092258794,89960800
2019-02-14,40.6639404296875,40.77345486056133,40.325868299005165,40.40443489478929,87342800
2019-02-15,40.573455810546875,40.878196888280435,40.41394318648323,40.77106197752727,98507200
2019-02-19,40.69487762451172,40.81630034661282,40.35204661363919,40.40442433046703,75891200
2019-02-20,40.95677185058594,41.26389610818391,40.70917103649229,40.756786158494805,104457600
2019-02-21,40.725833892822266,41.037717113521,40.54489497965377,40.902013836844844,68998800
2019-02-22,41.180564880371094,41.18770696667767,40.80201977491948,40.84963489456358,75652800
2019-02-25,41.48054885864258,41.870998703552395,41.413886955814164,41.4638851993361,87493600
2019-02-26,41.504364013671875,41.73530122089329,41.228191159064565,41.356756012982544,68280800
2019-02-27,41.632911682128906,41.663863142959855,41.12342230100702,41.237702941244116,111341600
2019-02-28,41.22343444824219,41.64245639313976,41.1686772196439,41.501990460612625,112861600
2019-03-01,41.656734466552734,41.69958699583566,41.1615290978513,41.492459172031374,103544800
2019-03-04,41.86623764038086,42.3185867630682,41.41864748708526,41.82814408844058,109744800
2019-03-05,41.7900505065918,41.90194804483561,41.554350741031215,41.8876638710685,78949600
2019-03-06,41.54959487915039,41.780532059793444,41.41150846773898,41.58530531623897,83241600
2019-03-07,41.068668365478516,41.53054266631523,40.95439134895012,41.39483575753706,99185600
2019-03-08,41.16628646850586,41.2043800226722,40.35443530524196,40.549662045743496,95997600
2019-03-11,42.59238052368164,42.64475825441138,41.74720201003653,41.78053296297351,128044000
2019-03-12,43.07090759277344,43.48992566382108,42.70426360190659,42.85425465569759,129870400
2019-03-13,43.26139450073242,43.63993974472947,43.07330980501926,43.389955734104255,124130000
2019-03-14,43.74229049682617,43.83038227132776,43.46373826813808,43.78276352498082,94318000
2019-03-15,44.31132125854492,44.599398830164276,43.74469495514477,44.008963141974995,156171600
2019-03-18,44.76366424560547,44.85175241081099,44.23274487113642,44.235127988769825,104879200
2019-03-19,44.40892791748047,44.99460454615995,44.26369941100965,44.8422339518956,126585600
2019-03-20,44.7969970703125,45.11364294068705,43.98038327138836,44.33750218240909,124140800
2019-03-21,46.44688034057617,46.74209992048173,45.18982218227039,45.23982042355803,204136800
2019-03-22,45.485042572021484,47.06588868608585,45.42076015573601,46.50640098152946,169630800
2019-03-25,44.93508529663086,45.706459850538906,44.42559577501445,45.594562296617404,175381200
2019-03-26,44.47081756591797,45.92072283078621,43.944664504439636,45.63026588091643,199202000
2019-03-27,44.87080764770508,45.17792835781275,44.41369581046471,44.93746956358584,119393600
2019-03-28,44.93030548095703,45.13029113070368,44.64699066074919,44.98506267802572,83121600
2019-03-29,45.2231559753418,45.2541074425039,44.887463337480106,45.19458762583912,94256000
2019-04-01,45.5302734375,45.63502524757183,44.849366691628894,45.62550367676558,111448000
2019-04-02,46.19213104248047,46.29688647998632,45.48503547211655,45.494557042435,91062800
2019-04-03,46.508785247802734,46.782574945764324,45.98500796557863,46.00881734488018,93087200
2019-04-04,46.5897216796875,46.75161380045826,45.98261896119618,46.37544820873737,76457200
2019-04-05,46.901611328125,46.92542070577744,46.646864791887666,46.77066701663857,74106400
2019-04-08,47.639652252197266,47.67060007976338,46.74447208110534,46.763518854192455,103526800
2019-04-09,47.4968147277832,48.294381741495606,47.43253230720783,47.69204147441901,143072800
2019-04-10,47.763458251953125,47.792030232425006,47.1825442973062,47.30158392300267,86781200
2019-04-11,47.36587142944336,47.853934673821236,47.24445230598995,47.81822423539419,83603200
2019-04-12,47.346832275390625,47.64919402303287,46.713544057566324,47.4253988853828,111042800
2019-04-15,47.43252182006836,47.58013340626442,47.14206488204458,47.27777178072152,70146400
2019-04-16,47.437286376953125,47.94201317992309,47.2730111276995,47.48728461347408,102785600
2019-04-17,48.36103820800781,48.42055801926847,47.284919003230804,47.50633095737599,115627200
2019-04-18,48.53483581542969,48.6038771991631,48.21581049384585,48.35865586347392,96783200
2019-04-22,48.6943473815918,48.791960743297345,48.17295325708763,48.28961339420896,77758000
2019-04-23,49.39668655395508,49.46096897486131,48.5443623205219,48.67054404461103,93292000
2019-04-24,49.32049560546875,49.634758309231124,49.29430674408848,49.36811072630537,70162400
2019-04-25,48.87290954589844,49.46334508558559,48.83481599293768,49.24193312050334,74172800
2019-04-26,48.63960647583008,48.80626127557649,48.12059166198877,48.782451890126076,74596400
2019-04-29,48.71339416503906,49.0371820815589,48.5348347323877,48.66339592546426,88818800
2019-04-30,47.775367736816406,48.4253231411779,47.403964648609836,48.34437705945112,186139600
2019-05-01,50.12044906616211,51.260847173955064,49.813324772705464,49.96807847828328,259309200
2019-05-02,49.79426956176758,50.627546867778136,49.551431362489616,49.958544811914926,127985200
2019-05-03,50.41329574584961,50.43472201266483,50.051414164161166,50.208547386410345,83569600
2019-05-06,49.6347541809082,49.72046284440572,48.44912069652626,48.637201679667754,129772400
2019-05-07,48.29676055908203,49.38240144232554,47.8134599345925,49.01576096722364,155054800
2019-05-08,48.3062858581543,48.88719989942972,48.03249613134411,48.06820657125792,105358000
2019-05-09,47.78727340698242,48.01582748157981,46.8206721107276,47.71108629358228,139634400
2019-05-10,47.12525177001953,47.52437848755979,46.07128168416476,47.182612149934656,164834800
2019-05-13,44.386356353759766,45.28498038440615,43.70043870801492,44.861959909569315,229722400
2019-05-14,45.08900451660156,45.33755885279071,44.31226720167281,44.551263298573964,146118800
2019-05-15,45.62913513183594,45.827502333135364,44.458055696511366,44.51780472171754,106178800
2019-05-16,45.428382873535156,45.99958345378855,45.132026372240446,45.38775397079813,132125600
2019-05-17,45.17027282714844,45.624364058228416,44.63492013264827,44.67554904096242,131516400
2019-05-20,43.7578010559082,44.05893851702306,43.086222506583134,43.860571289289304,154449200
2019-05-21,44.5966682434082,44.93126128361247,44.14257352108455,44.26685249892783,113459200
2019-05-22,43.6837043762207,44.38396480563618,43.62873629745547,44.133018185582294,118994400
2019-05-23,42.938026428222656,43.14834044894339,42.49588232633049,42.97148572561844,146118800
2019-05-24,42.77312469482422,43.53074175934809,42.689474615998094,43.06708882439502,94858800
2019-05-28,42.59627151489258,43.16030242542194,42.51979466347363,42.76117939821549,111792800
2019-05-29,42.39312744140625,42.863950028564076,42.063311671553926,42.16368959133705,113924800
2019-05-30,42.61300277709961,42.835267386171125,42.223437990733274,42.5293526884522,84873600
2019-05-31,41.84104537963867,42.53891349401557,41.821925255667836,42.118278060238815,108174400
2019-06-03,41.418033599853516,42.522194647892746,40.69387555577689,41.96772547521384,161584400
2019-06-04,42.933258056640625,42.978667897856404,41.70959922585788,41.92947519408972,123872000
2019-06-05,43.626338958740234,44.211882220098055,43.29174593521329,44.04219341380124,119093600
2019-06-06,44.2668571472168,44.326606171155184,43.5331373827937,43.75540564817583,90105200
2019-06-07,45.44511032104492,45.86813447046718,44.39830980535762,44.57516459850568,122737600
2019-06-10,46.0258674621582,46.69266494884902,45.796429611108664,45.84183945170739,104883600
2019-06-11,46.55883026123047,46.843236207404864,46.2696470186837,46.570780795743644,107731600
2019-06-12,46.4106559753418,46.83606876664861,46.219458354725056,46.353295595119384,73012800
2019-06-13,46.40108871459961,47.032038236807054,46.26964378451583,46.532537291474256,86698400
2019-06-14,46.06412124633789,46.267265794505654,45.48097003175372,45.77971523211102,75046000
2019-06-17,46.33894729614258,46.59467483835488,45.927873769058344,46.102339876909845,58676400
2019-06-18,47.42877960205078,47.86853159056381,46.65443450201509,46.85519036892868,106204000
2019-06-19,47.290164947509766,47.77054952176629,47.156327692900156,47.722747376441426,84496800
2019-06-20,47.670169830322266,47.945013921889384,47.328403467116104,47.88765353768087,86056000
2019-06-21,47.50764083862305,48.002364478306184,47.35707214014717,47.51242178135948,191202400
2019-06-24,47.45984649658203,47.837460776342034,47.361857219276544,47.45028461027407,72881600
2019-06-25,46.740474700927734,47.62236735366942,46.67355242975676,47.42400012897621,84281200
2019-06-26,47.75143051147461,48.0358365075775,47.165890685446655,47.26626862875501,104270000
2019-06-27,47.73707962036133,48.17444289617968,47.69645072327974,47.86852455047612,83598800
2019-06-28,47.3021125793457,47.67972689411709,47.09418711775815,47.48374832133551,124442400
2019-07-01,48.16967010498047,48.87231930153746,47.95457140270037,48.55684266357657,109012000
2019-07-02,48.45167541503906,48.547276037358415,48.12425194472356,48.136202478362335,67740800
2019-07-03,48.853187561035156,48.86035715139442,48.44211402874797,48.58312083486759,45448000
2019-07-05,48.81017303466797,49.013321180685026,48.49230778045325,48.59985894410412,69062000
2019-07-08,47.80400466918945,48.13381683307876,47.419220772325794,47.99280999831783,101354400
2019-07-09,48.0955810546875,48.16010738213968,47.51481858007789,47.608026922078025,82312000
2019-07-10,48.57117462158203,48.690672667251185,48.17205158666198,48.241362495353016,71588400
2019-07-11,48.21746826171875,48.84841788640936,48.207910021298474,48.590301633564366,80767200
2019-07-12,48.58790969848633,48.75520624546054,48.32501251981883,48.38476154708042,70380800
2019-07-15,49.044395446777344,49.20213011459918,48.7552085366531,48.77671731224816,67789600
2019-07-16,48.87470626831055,49.25949016524323,48.6357101496391,48.896215043761046,67467200
2019-07-17,48.599857330322266,49.01570820127691,48.58073720512569,48.7671538673035,56430000
2019-07-18,49.15195083618164,49.20453028279911,48.683516760896566,48.75521633781056,74162400
2019-07-19,48.41822814941406,49.352703951769605,48.36326005715543,49.183015084199354,83717200
2019-07-22,49.52476501464844,49.527153662460286,48.66198907179927,48.671547309837216,89111600
2019-07-23,49.91194534301758,49.92867682071002,49.54150065350668,49.821129303572306,73420800
2019-07-24,49.871315002441406,49.98603210762174,49.51282085781072,49.63231890602095,59966400
2019-07-25,49.47697448730469,50.00754613010088,49.40766357491906,49.92389603495717,55638400
2019-07-26,49.649051666259766,50.12465157648066,49.50565254598537,49.58691034563834,70475600
2019-07-29,50.11271286010742,50.34215077729674,49.816359956944865,49.8211409012258,86693600
2019-07-30,49.89761734008789,50.2274332035453,49.546292697742025,49.8928363958487,135742800
2019-07-31,50.91572570800781,52.90656358701365,50.49987484291198,51.723533663924655,277125600
2019-08-01,49.8139533996582,52.10831732750633,49.41005306995918,51.1212623066255,216071600
2019-08-02,48.75998306274414,49.33596086524618,48.18878255632911,49.12086584402196,163448400
2019-08-05,46.207496643066406,47.476565118347665,46.02586095314947,47.31883049277341,209572000
2019-08-06,47.08222198486328,47.337949509555145,46.374792070249164,46.91731412640446,143299200
2019-08-07,47.56978988647461,47.69406889981579,46.32223339634937,46.70223638200557,133457600
2019-08-08,48.61896896362305,48.642870029434654,47.653426441558544,47.84701267554443,108038000
2019-08-09,48.21834182739258,48.64296958479051,47.810501798191915,48.29271153651943,98478800
2019-08-12,48.095985412597656,48.47263670436005,47.776912437595854,47.889667686680966,89927600
2019-08-13,50.13278579711914,50.89328174511481,48.09599762504255,48.2255479554873,188874000
2019-08-14,48.64057159423828,49.5258185877482,48.60218604759379,48.7389331847721,146189600
2019-08-15,48.39826965332031,49.21394238525781,47.90166625323127,48.81090512777732,108909600
2019-08-16,49.54020309448242,49.69854069963497,48.902057226913584,49.00761563034861,110481600
2019-08-19,50.463844299316406,51.034813742319905,50.387073206778055,50.52861579041757,97654400
2019-08-20,50.46623992919922,51.18355469517102,50.45664537335362,50.590991119074104,107537200
2019-08-21,51.013221740722656,51.25552363068702,50.763723018625974,51.097189663129065,86141600
2019-08-22,50.97003936767578,51.44504857878068,50.559801644007706,51.14516837923141,89014800
2019-08-23,48.61418151855469,50.87168066728109,48.22073882087,50.24312924415703,187272000
2019-08-26,49.53782653808594,49.70575876955832,49.19476158033341,49.38668569943675,104174400
2019-08-27,48.97883987426758,50.0320191125947,48.82769906450178,49.866484637260236,103493200
2019-08-28,49.30750274658203,49.35308512364201,48.77731659181928,48.96444154769402,63755200
2019-08-29,50.142364501953125,50.21673786254846,49.57859195226925,50.02001470468099,83962000
2019-08-30,50.07758712768555,50.48782112129382,49.70813273439135,50.418250537454604,84573600
2019-09-03,49.3482780456543,49.65535503445335,48.99322096372661,49.523407032864746,80092000
2019-09-04,50.185550689697266,50.255121283851096,49.73693109197349,49.99362663387558,76752400
2019-09-05,51.16676712036133,51.33230160289125,50.74213566439076,50.859690039390394,95654800
2019-09-06,51.16195297241211,51.440242639191425,50.982024876577526,51.351479283319904,77449200
2019-09-09,51.38026809692383,51.92485150775339,50.636567475633186,51.5410034279187,109237600
2019-09-10,51.98722457885742,52.00641734866052,50.790105305142255,51.305897723756836,127111600
2019-09-11,53.64016342163086,53.668954406402584,52.234325076720765,52.31589526281973,177158400
2019-09-12,53.52021789550781,54.31909918340094,53.46504096397798,53.930455617643666,128906800
2019-09-13,52.47903823852539,52.96844114444219,52.0640050410945,52.77891845703125,159053200
2019-09-16,52.75492477416992,52.810105368157046,52.19354990284835,52.234333171895095,84632400
2019-09-17,52.94685363769531,52.97564462953808,52.56780458081761,52.76932688112736,73274800
2019-09-18,53.443458557128906,53.462651332010914,52.644577148321865,53.033220772901906,101360000
2019-09-19,53.00923156738281,53.68096037256668,52.867685312832165,53.26112803900305,88242400
2019-09-20,52.23432922363281,53.393066700070236,52.17195546286078,53.10998156197395,221652400
2019-09-23,52.471832275390625,52.74052373300916,52.21513309590776,52.52700920101302,76662000
2019-09-24,52.22233200073242,53.37627400150818,52.1047813136798,53.026012342649935,124763200
2019-09-25,53.02602005004883,53.1387753063045,52.092792946174384,52.43105871494141,87613600
2019-09-26,52.75252151489258,53.00442159553428,52.49822371066928,52.778911116876884,75334000
2019-09-27,52.495819091796875,53.00921374061931,52.126364712544174,52.90845079308042,101408000
2019-09-30,53.731327056884766,53.87766871925499,52.96843003744191,52.99481963756266,103909600
2019-10-01,53.88007736206055,54.75093068188669,53.78651488097034,53.995234000823245,139223200
2019-10-02,52.5294075012207,53.637763359473524,52.282302890882896,53.51301219262609,138449200
2019-10-03,52.97563934326172,53.009225779853956,51.61058406203605,52.402264876088374,114426000
2019-10-04,54.46064376831055,54.57580040442291,53.712143936815686,54.131976230110034,138478800
2019-10-07,54.472625732421875,55.16114934535854,54.17994243019771,54.2831030993322,122306000
2019-10-08,53.83449172973633,54.71254182883536,53.817700342169445,54.17515885634394,111820000
2019-10-09,54.46542739868164,54.64775319640897,54.13196084691239,54.46542739868164,74770400
2019-10-10,55.199546813964844,55.28351473349061,54.53021582409262,54.68135295433329,113013600
2019-10-11,56.66775131225586,57.01081243170996,55.73212308887466,55.88566157251954,166795600
2019-10-14,56.58618927001953,57.128374978236515,56.298305029368485,56.35348195750364,96427600
2019-10-15,56.454246520996094,57.01321997096741,56.34868810894503,56.71094205880496,87360000
2019-10-16,56.226341247558594,56.43506037247949,55.94565379747248,55.98643706861519,73903200
2019-10-17,56.44464874267578,56.65336418407442,56.02241875184439,56.39906636796876,67585200
2019-10-18,56.71574020385742,56.996427616238385,56.20714092357815,56.27911289972252,97433600
2019-10-21,57.699337005615234,57.81449361573173,56.93404595868458,56.98202604924332,87247200
2019-10-22,57.56740951538086,58.10479254390562,57.48583931085349,57.855293803611595,82293600
2019-10-23,58.339900970458984,58.35429829724787,57.869690793486676,58.08080765861978,75828800
2019-10-24,58.43585968017578,58.72854306800209,58.011228263305284,58.65896880693914,69275200
2019-10-25,59.15555953979492,59.19154369426081,58.26791501005417,58.33508787215478,73477200
2019-10-28,59.748130798339844,59.79611089742203,59.1891536754474,59.35708585255852,96572800
2019-10-29,58.36628341674805,59.916065952572374,58.19355578359902,59.72894099440109,142839600
2019-10-30,58.35907745361328,58.84848392967806,57.86727691472334,58.71893364927705,124522000
2019-10-31,59.67855453491211,59.77691611414118,56.91965683308477,59.313902865640614,139162000
2019-11-01,61.372276306152344,61.39866224623704,59.774513921473265,59.865675001652114,151125200
2019-11-04,61.77532196044922,61.859289881741645,61.26672630639548,61.7345350313778,103272000
2019-11-05,61.686553955078125,61.940851762991464,61.492232183395174,61.66735752356005,79897600
2019-11-06,61.71294021606445,61.772916252605114,61.264320634147275,61.600184974516274,75864400
2019-11-07,62.42520523071289,62.646582976782156,62.107579164156355,62.25917375697998,94940400
2019-11-08,62.596038818359375,62.66822320552135,61.804382437202555,62.24713047943625,69986400
2019-11-11,63.09172821044922,63.15669416268931,62.14847721788769,62.15328706288794,81821200
2019-11-12,63.03395462036133,63.233676949273935,62.78371057577408,62.935297752615874,87388800
2019-11-13,63.6379280090332,63.71252097695285,62.81980661221337,62.83424348708343,102734400
2019-11-14,63.197601318359375,63.7365976703758,63.06766207518593,63.46469090031498,89182800
2019-11-15,63.9483528137207,63.95316265888821,63.28663561107302,63.44784987184769,100206400
2019-11-18,64.27079010009766,64.3501929351306,63.580199124620194,63.95797391868933,86703200
2019-11-19,64.07588958740234,64.48735535838527,63.85932904179426,64.46329144370087,76167200
2019-11-20,63.32994079589844,64.02534154140798,62.65859661743068,63.89540964359442,106234400
2019-11-21,63.04600143432617,63.527250234635154,62.84627906996454,63.450248664199975,121395200
2019-11-22,62.99065399169922,63.3275266769126,62.764466472354414,63.18555916468959,65325200
2019-11-25,64.0951156616211,64.11196113080011,63.16871031932938,63.21442953951619,84020400
2019-11-26,63.59463882446289,64.28522983057158,63.16391899690021,64.23229215710982,105207600
2019-11-27,64.4488296508789,64.482520587069,63.84005029539335,63.905016230980486,65235600
2019-11-29,64.30689239501953,64.48736075534232,63.98204787778324,64.15048795139506,46617600
2019-12-02,63.563358306884766,64.54751146820787,63.392516996208215,64.31169685356114,94487200
2019-12-03,62.43001174926758,62.4492584727649,61.66963766381255,62.155696372325146,114430400
2019-12-04,62.98103332519531,63.358815426886686,62.72597202752109,62.819819076069386,67181600
2019-12-05,63.905029296875,63.9796296217953,63.21925558453559,63.47431687853907,74424400
2019-12-06,65.13943481445312,65.2092179525118,64.31890465939279,64.36222263596946,106075600
2019-12-09,64.22747039794922,65.161086935307,63.7438129866393,64.96859034566656,128042400
2019-12-10,64.60282897949219,64.98542081982103,63.9723870058688,64.63170272694757,90420400
2019-12-11,65.15387725830078,65.23328743607989,64.60766242070665,64.68225540996873,78756800
2019-12-12,65.31990051269531,65.58458883328302,64.323719270287,64.4344044431603,137310400
2019-12-13,66.20779418945312,66.24388637643624,65.19235905044793,65.31988967330359,133587600
2019-12-16,67.3411636352539,67.56494998316613,66.64817129927935,66.65298114531323,128186000
2019-12-17,67.47350311279297,67.80074884102518,67.08609392860065,67.27137945536563,114158400
2019-12-18,67.31227111816406,67.83202073279126,67.16308515663923,67.32670799551974,116028400
2019-12-19,67.379638671875,67.65876384392536,67.12217615688571,67.25451663334493,98369200
2019-12-20,67.2400894165039,68.01249175897426,67.02833874913236,67.91143361344899,275978000
2019-12-23,68.33732604980469,68.39748214667952,67.46385834825841,67.50235913145113,98572000
2019-12-24,68.40228271484375,68.55147598321106,68.07744571038954,68.50334817492838,48478800
2019-12-26,69.75941467285156,69.77626014178544,68.50576371301644,68.53463746360407,93121200
2019-12-27,69.73296356201172,70.73637076234962,69.32871624324237,70.0505896024486,146266000
2019-12-30,70.1468276977539,70.42836149787865,68.63089680153462,69.65114198409366,144114400
2019-12-31,70.65933990478516,70.66655834165601,69.66556015035431,69.76421701643756,100805600
2020-01-02,72.27154541015625,72.33170151465225,71.02992253216576,71.28257523373918,135480400
2020-01-03,71.56891632080078,72.32688174170664,71.34513738245916,71.50154177990413,146322800
2020-01-06,72.13917541503906,72.17767619128301,70.44277672665065,70.69302810060023,118387200
2020-01-07,71.79989624023438,72.4038583057453,71.58092722213681,72.1487971073617,108872000
2020-01-08,72.95490264892578,73.25568310862707,71.50393800505775,71.50393800505775,132079200
2020-01-09,74.5045394897461,74.69703608624071,73.67919950094557,73.9294436077337,170108400
2020-01-10,74.67296600341797,75.2360335553344,74.17247048793807,74.73793929040194,140644800
2020-01-13,76.2683334350586,76.29480594647003,74.87030578803139,74.98821677713917,121532000
2020-01-14,75.23841857910156,76.41507515321942,75.11570515633713,76.20573314758428,161954400
2020-01-15,74.91600036621094,75.91699875877144,74.48528063092401,75.03872116096186,121923600
2020-01-16,75.85445404052734,75.96514658164989,75.09648844399511,75.45742514170341,108829200
2020-01-17,76.69422912597656,76.69663037690943,75.79669733616299,76.10228772628851,137816400
2020-01-21,76.17447662353516,76.76400206376488,76.03731893774885,76.32366259336249,110843200
2020-01-22,76.44637298583984,76.9973975614814,76.3525259473167,76.65811628441689,101832400
2020-01-23,76.81454467773438,76.89394751401544,75.95310504727735,76.49932724037184,104472000
2020-01-24,76.59317016601562,77.80110229414466,76.40307478925112,77.05998219911793,146537600
2020-01-27,74.34091186523438,75.01946709734743,73.36156878763045,74.60800142643146,161940000
2020-01-28,76.4439697265625,76.61481100227473,75.12053546591517,75.21919235562906,162234000
2020-01-29,78.04412078857422,78.88871482326161,77.33187458625076,78.07059329235672,216229200
2020-01-30,77.93101501464844,77.98395267078313,76.6990193918119,77.12973907839535,126743200
2020-01-31,74.47566223144531,77.64468154540367,74.18210016247106,77.22358883501371,199588400
2020-02-03,74.2711410522461,75.43335387455234,72.72151906032097,73.22201466798846,173788400
2020-02-04,76.72309112548828,76.91318645690339,75.46703146839315,75.87127869651542,136616400
2020-02-05,77.34871673583984,78.14518291668757,76.74715573258482,77.84680366564679,118826800
2020-02-06,78.25346374511719,78.2558723391088,77.06237729988993,77.61821910965085,105425600
2020-02-07,77.18977355957031,78.00260098507661,76.70014712861753,77.7541699853459,117684000
2020-02-10,77.5564193725586,77.5564193725586,75.6992182164735,75.77880950230002,109348800
2020-02-11,77.08847045898438,78.12320094971115,76.87139603677542,78.05084526254171,94323200
2020-02-12,78.91915893554688,78.92398019498478,77.53710627398911,77.53710627398911,113730400
2020-02-13,78.357177734375,78.68279311833038,77.99056323907321,78.1931665675849,94747600
2020-02-14,78.37647247314453,78.62490351773702,77.86996050397198,78.32581612373606,80113600
2020-02-18,76.94136047363281,77.12225708916644,75.88250875090567,76.0634053664393,152531200
2020-02-19,78.05567169189453,78.28481031761038,77.18254532561073,77.18254532561073,93984000
2020-02-20,77.25492095947266,78.30412292796458,76.75082321347557,77.8169106346844,100566000
2020-02-21,75.50625610351562,77.2911088758147,74.89121045948235,76.84971694338334,129554000
2020-02-24,71.91966247558594,73.36683527541466,69.76096746559567,71.6977667682717,222195200
2020-02-25,69.48358917236328,72.96886672904328,69.01326241271661,72.58778111739974,230673600
2020-02-26,70.58584594726562,71.84730078233405,69.10249542340598,69.10973099237307,198054800
2020-02-27,65.97179412841797,68.98191678336323,65.83672522986622,67.80006024068396,320605600
2020-02-28,65.93318939208984,67.15123091808199,61.835280759075644,62.0499482580576,426510000
2020-03-02,72.07161712646484,72.7059623843327,66.98480559511727,68.08465633915449,341397200
2020-03-03,69.7826919555664,73.32344054146022,68.93367898581513,73.24384925589773,319475600
2020-03-04,73.01952362060547,73.17871353455695,70.70163838902825,71.49999490851802,219178400
2020-03-05,70.65097045898438,72.25009001910128,70.2867629946478,71.27807270497505,187572800
2020-03-06,69.71273803710938,70.14448006147832,67.8314160013331,68.01713389438318,226176800
2020-03-09,64.19901275634766,67.07405914136177,63.43441974354321,63.61531637779285,286744800
2020-03-10,68.8227310180664,69.08804757078283,64.9708381447339,66.84493210656007,285290000
2020-03-11,66.43246459960938,67.82898839120944,65.5713950302336,66.90521300673807,255598800
2020-03-12,59.87195587158203,65.12278275616039,59.816481938991764,61.731574731862445,418474000
2020-03-13,67.04512023925781,67.51545445631106,61.01040718580854,63.89028601752773,370732000
2020-03-16,58.41995620727539,62.488918914128035,57.88691260105301,58.35724302986641,322423600
2020-03-17,60.98870086669922,62.13437593513169,57.50101194051955,59.698303330138536,324056000
2020-03-18,59.495689392089844,60.29887079269061,57.19227179173887,57.83144203035199,300233600
2020-03-19,59.03982925415039,60.98386423258545,58.51643550459872,59.66934960367585,271857200
2020-03-20,55.291648864746094,60.740253451382245,54.99256516785433,59.61869234830113,401693200
2020-03-23,54.11703109741211,55.11316965220814,51.28057345030364,55.011867987706175,336752800
2020-03-24,59.54635238647461,59.74172017285772,56.5121122404974,57.00897443311412,287531200
2020-03-25,59.218318939208984,62.28873655883238,58.924060140998606,60.47977034705603,303602000
2020-03-26,62.334564208984375,62.392448772259634,59.42092219277503,59.45951435519265,252087200
2020-03-27,59.75377655029297,61.7146935301043,59.58735106071219,60.962164721931764,204216800
2020-03-30,61.45903015136719,61.63028059072722,60.154161498746404,60.477366294133525,167976400
2020-03-31,61.33359909057617,63.31140135824747,60.781263041812586,61.6495682716932,197002000
2020-04-01,58.10639953613281,59.990135502333565,57.67707190892179,59.45468128316464,176218400
2020-04-02,59.07600402832031,59.12906732554458,57.13920472068674,57.96891771690177,165934000
2020-04-03,58.22699737548828,59.26172428830562,57.638479859243176,58.56225892051635,129880000
2020-04-06,63.306575775146484,63.46093704952722,60.14932793269973,60.51594239996791,201820400
2020-04-07,62.57334518432617,65.53281860383495,62.46963288857008,65.31573677087265,202887200
2020-04-08,64.17487335205078,64.48842448399525,63.00748829000569,63.371688404036405,168895200
2020-04-09,64.63798522949219,65.13967603448393,63.844457266187234,64.80923934887565,161834800
2020-04-13,65.90667724609375,66.01521817669068,64.11700321080237,64.71517076301717,131022800
2020-04-14,69.23517608642578,69.524613675671,67.06441624919755,67.53475049154513,194994800
2020-04-15,68.60321807861328,69.06148794812431,67.68667833959124,68.11359162380347,131154400
2020-04-16,69.14835357666016,69.51256121657947,68.10156576146522,69.31477909684156,157125200
2020-04-17,68.21009826660156,69.21106568283508,66.77739611765809,68.66596138703994,215250000
2020-04-20,66.79427337646484,67.93995209285313,66.77498097363504,67.04029751693926,130015200
2020-04-21,64.7296371459961,66.87145442951221,64.02052176535352,66.63749449289608,180991600
2020-04-22,66.59406280517578,67.02821165517099,65.65340205638569,65.99348115115153,116862400
2020-04-23,66.33599853515625,67.95683260093587,66.29740637160167,66.53860187329087,124814400
2020-04-24,68.25106811523438,68.26071799300543,66.81113116713207,66.85937319528729,126161200
2020-04-27,68.29932403564453,68.62976064968919,67.52267433285353,67.96888006089833,117087600
2020-04-28,67.19223022460938,68.94089736729391,67.1005821297752,68.76000076632654,112004800
2020-04-29,69.399169921875,69.86708968672151,68.47298027123995,68.67558356725064,137280800
2020-04-30,70.86323547363281,71.0393108397726,69.54872440544703,69.93704563014794,183064000
2020-05-01,69.72240447998047,72.1174746992424,68.94575445802198,69.04223121290346,240616800
2020-05-04,70.70886993408203,70.83670324791197,69.05909368437592,69.74650229526233,133568000
2020-05-05,71.77014923095703,72.5998625344933,71.02244153337789,71.16716033947453,147751200
2020-05-06,72.5106201171875,73.14013697599987,72.08611358941253,72.46961363455755,142333600
2020-05-07,73.26069641113281,73.60561146479019,72.83378315653766,73.13527743933939,115215200
2020-05-08,75.00444793701172,75.05765488198482,73.59205412028582,73.91855094713767,133838400
2020-05-11,76.1846694946289,76.67803493373073,74.30550263769149,74.51349610684939,145946400
2020-05-12,75.31400299072266,77.31650723109308,75.19307880379056,76.86666541777984,162301200
2020-05-13,74.4046630859375,76.41200935037834,73.33085553739997,75.49298094886383,200622400
2020-05-14,74.86176300048828,74.92222510630167,72.92455476842612,73.64526572674791,158929200
2020-05-15,74.419189453125,74.46514125214428,72.60532595698331,72.63918828494675,166348400
2020-05-18,76.17256164550781,76.54501020724649,75.05038903047435,75.73965837102512,135178400
2020-05-19,75.732421875,77.03356024520173,75.70098039780004,76.18951157558008,101729600
2020-05-20,77.20526885986328,77.27539958314759,76.54985436932522,76.58855099973772,111504800
2020-05-21,76.62966918945312,77.6067388197399,76.39265509370519,77.06741421541801,102688800
2020-05-22,77.12305450439453,77.20528209037693,76.26690893879248,76.36848115298238,81803200
2020-05-26,76.60065460205078,78.416931261963,76.54502680706055,78.23796578857532,125522000
2020-05-27,76.93439483642578,77.07950535982266,75.72031846461518,76.45796054995435,112945200
2020-05-28,76.96826171875,78.22345564249268,76.33462002234297,76.610323390573,133560800
2020-05-29,76.89325714111328,77.66958819879952,76.53773980767517,77.21007785682598,153532400
2020-06-01,77.83889770507812,77.9598218875062,76.71671774944491,76.84731793304262,80791200
2020-06-02,78.19925689697266,78.22344321190015,77.13270462012565,77.57287045767401,87642800
2020-06-03,78.6297607421875,78.89096118094021,77.94774639510123,78.51851253045199,104491200
2020-06-04,77.95257568359375,78.75067242701921,77.58012709236915,78.45320362768672,87560400
2020-06-05,80.1727523803711,80.23321448623865,78.17266857529869,78.2016892052146,137250400
2020-06-08,80.64676666259766,80.68062898183005,79.16182130122834,79.87043535299438,95654400
2020-06-09,83.19341278076172,83.58520593263562,80.29607422866282,80.32751569552633,147712400
2020-06-10,85.33379364013672,85.80055930851739,83.70131684314876,84.13906188270568,166651600
2020-06-11,81.23687744140625,84.90330013235034,81.13530524486026,84.48006542527774,201662400
2020-06-12,81.93821716308594,84.11485229011672,80.8305549792501,83.36996262745267,200146000
2020-06-15,82.9515609741211,83.60213360857718,80.43391883264572,80.5959604702638,138808800
2020-06-16,85.14996337890625,85.42083972922715,83.36996307483841,85.00001858358407,165428800
2020-06-17,85.03145599365234,85.95289756796876,84.91053182504783,85.8924354836665,114406400
2020-06-18,85.0653305053711,85.48131000026396,84.45828873010188,84.98793725501275,96820400
2020-06-19,84.57923126220703,86.23347359915019,83.47398219153365,85.76912875753186,264476000
2020-06-22,86.79212188720703,86.93481153740888,84.92505220728616,84.97100398725598,135445200
2020-06-23,88.64469146728516,90.05950604686922,87.61441494809407,88.03281532631361,212155600
2020-06-24,87.0799331665039,89.19127232771852,86.70748456883423,88.27466483721669,192623200
2020-06-25,88.23596954345703,88.27466617320825,86.47773432903298,87.2347210034187,137522400
2020-06-26,85.52484893798828,88.35205726047579,85.37731757939976,88.13197433577965,205256800
2020-06-29,87.49591827392578,87.59024269738883,84.9565099457261,85.43295161300391,130646000
2020-06-30,88.2262954711914,88.51168219927229,87.06542607576557,87.08477070075071,140223200
2020-07-01,88.05941772460938,88.84542502767371,88.01105247279727,88.30368697136247,110737200
2020-07-02,88.05941772460938,89.59757739253234,87.94575606156859,88.96393576296241,114041600
2020-07-06,90.41503143310547,90.88179710275243,89.45247208428117,89.48391355913485,118655600
2020-07-07,90.13447570800781,91.56863486785247,90.02322751685155,90.79230361416894,112424400
2020-07-08,92.23371887207031,92.26516034352021,91.02205608216732,91.10912534007682,117092000
2020-07-09,92.63037872314453,93.17695121032608,91.58559163057215,93.1237442552239,125642800
2020-07-10,92.7923812866211,92.85042991453263,91.61700174534108,92.22645698371295,90257200
2020-07-13,92.36432647705078,96.695832354325,92.15149869689814,94.09354111984942,191649200
2020-07-14,93.8927993774414,94.08385428390145,90.81648768360292,91.74759804361886,170989200
2020-07-15,94.53852844238281,96.01138416249864,93.34379687777705,95.7622806311285,153198000
2020-07-16,93.37522888183594,94.22895326500017,92.77786316008923,93.413925503642,110577600
2020-07-17,93.18659210205078,93.97985443699729,92.71498484222874,93.82507532269437,92186800
2020-07-20,95.1504135131836,95.28826887148021,92.9302469895083,93.27367496235873,90318000
2020-07-21,93.8371810913086,96.01381673517915,93.58807752951296,95.93884432011826,103433200
2020-07-22,94.10079193115234,94.78038533647508,93.45263999834938,93.53970187859424,89001600
2020-07-23,89.81768035888672,93.91217292886618,89.00990740522118,93.83477965194959,197004400
2020-07-24,89.59515380859375,89.93858177491317,86.23829692519554,88.0207257853986,185438800
2020-07-27,91.71858978271484,91.81049336055369,90.4319618348545,90.65445824165903,121214000
2020-07-28,90.21188354492188,91.46707746354134,90.20704185281049,91.29052545592491,103625600
2020-07-29,91.94110107421875,92.12490824489846,90.65688648684609,90.69316227563066,90329200
2020-07-30,93.05359649658203,93.15758954142316,90.71008481567014,91.11638837269675,158130000
2020-07-31,102.79524230957031,102.94518713128302,97.53745326363413,99.5302890268665,374336800
2020-08-03,105.38544464111328,107.99740451645603,104.37452005882113,104.67198887947312,308151200
2020-08-04,106.08921813964844,107.17753592025956,104.85336899973937,105.57407987592546,173071600
2020-08-05,106.4737548828125,106.79299653251695,105.34674048719083,105.81109264863613,121776800
2020-08-06,110.18855285644531,110.68192568980469,106.21740601381943,106.80509589113738,202428800
2020-08-07,107.6833267211914,110.1667423327947,106.88863402123575,109.71124638392962,198045600
2020-08-10,109.24848937988281,110.26366188327368,106.60516497027935,109.12492193624439,212403600
2020-08-11,105.99943542480469,109.01102903844416,105.74018931676449,108.51434892717005,187902400
2020-08-12,109.52226257324219,109.77908349339258,106.89347486656195,107.08729946496186,165598000
2020-08-13,111.46052551269531,112.46116134014059,110.41142984416976,110.8984238894721,210082000
2020-08-14,111.3611831665039,111.45082721405979,109.55616137687677,111.28607559185257,165565200
2020-08-17,111.07048034667969,112.5048078243373,110.44538959684257,112.48057789581485,119561600
2020-08-18,111.99598693847656,112.41998472569632,110.48897736471524,110.82333108852379,105633600
2020-08-19,112.1364974975586,113.54659462972901,112.0420104163777,112.40301184462525,145538000
2020-08-20,114.62478637695312,114.73866037573767,112.16075001769396,112.17771170545525,126907200
2020-08-21,120.53166198730469,121.01380564130231,115.56967415425338,115.58178541828921,338054800
2020-08-24,121.97325897216797,124.81041520723647,120.11251616944286,124.72560677695705,345937600
2020-08-25,120.9726333618164,121.31668056382314,119.25483735042155,120.84907330953439,211495600
2020-08-26,122.61772918701172,123.07322510919757,121.22216847119705,122.28580069310276,163022400
2020-08-27,121.15190887451172,123.55052326117902,120.01074388155709,123.21859477393856,155552400
2020-08-28,120.95567321777344,122.54020825717129,120.73276826199735,122.12347869162592,187630000
2020-08-31,125.05754852294922,126.95706531989478,122.11137580386827,123.64261546547715,225702700
2020-09-01,130.03892517089844,130.6398007655306,126.50157751038662,128.66275103381622,151948100
2020-09-02,127.34468841552734,133.7216162836471,123.08048843223483,133.3436531705274,200119000
2020-09-03,117.14937591552734,124.86371200273943,116.7811062092152,122.99328312594758,257599600
2020-09-04,117.2269058227539,119.88234128870778,107.46768860387866,116.36437378387909,332607200
2020-09-08,109.33814239501953,115.31772172668036,109.20246367456214,110.43326560840723,231366600
2020-09-09,113.69924926757812,115.46307981230207,111.70282771529025,113.64110336417085,176940500
2020-09-10,109.98743438720703,116.7810916656073,109.0279901442392,116.64541298049808,182274400
2020-09-11,108.54341888427734,111.67373680721721,106.6051435470581,111.03410239684672,180860300
2020-09-14,111.79972076416016,112.35212893319483,109.31873072694243,111.17947325485572,140150100
2020-09-15,111.97417449951172,115.16263852668574,110.10373838004288,114.67806966043925,184642000
2020-09-16,108.66939544677734,112.41996058679047,108.58217661265131,111.67372789484662,154679000
2020-09-17,106.9346694946289,108.73726653223142,105.35497742143326,106.33380874471821,178011000
2020-09-18,103.54268646240234,107.45800434374442,102.81583306003789,106.99282230683487,287104900
2020-09-21,106.68267822265625,106.7892839596042,99.91809392274271,101.31365455629135,195713800
2020-09-22,108.35930633544922,109.37690408898602,105.791096813168,109.20245897106359,183055400
2020-09-23,103.81404876708984,108.65004455027305,103.47484460570544,108.17516907584385,150718700
2020-09-24,104.88009643554688,106.8474450340975,101.75947146104525,101.92422311648544,167743300
2020-09-25,108.81478881835938,108.96985441233768,104.34706305845842,105.08360984198643,149981400
2020-09-28,111.41207885742188,111.76096905147743,109.29935819072301,111.46053870423745,137672400
2020-09-29,110.56892395019531,111.75127320535319,110.06497556622581,111.0147338283158,99382200
2020-09-30,112.23584747314453,113.64110173479544,110.11344069592683,110.27819234917513,142675200
2020-10-01,113.18560791015625,114.0869063866764,112.25523648180236,114.00937358582986,116120400
2020-10-02,109.53194427490234,111.80942388224,108.75663851817679,109.40595903034216,144712000
2020-10-05,112.9045639038086,113.0499360657336,110.04561009300302,110.39450032404892,106243800
2020-10-06,109.66763305664062,112.53627995429564,108.78571414124006,112.12923647353072,161498200
2020-10-07,111.52838897705078,111.9838849635665,110.60770355491991,111.08258643963451,96849000
2020-10-08,111.42176055908203,112.80762774105104,111.05348350755155,112.66225560986447,83477200
2020-10-09,113.36006164550781,113.38913459955495,111.37332598768504,111.72221622412157,100506900
2020-10-12,120.56073760986328,121.31666387202866,115.59874966676792,116.35467592893329,240226800
2020-10-13,117.36258697509766,121.5201890553274,115.957340112208,121.40388985664498,262330500
2020-10-14,117.4498062133789,119.23301612314903,115.92826024261022,117.26566767493782,150712000
2020-10-15,116.98461151123047,117.45948691649245,114.50362135189651,115.05602954812115,112559200
2020-10-16,115.34678649902344,117.79871153091253,115.1432684327753,117.53704016435405,115393800
2020-10-19,112.40061950683594,116.70358685493457,112.09049566738797,116.25778429784908,120639300
2020-10-20,113.88338470458984,115.30801845057066,112.06140091237076,112.6138091614312,124423700
2020-10-21,113.26311492919922,115.04632457915285,112.85607151437662,113.06928297120437,89946000
2020-10-22,112.17770385742188,114.39703037608496,111.05350042518317,113.82523521136082,101988000
2020-10-23,111.4896240234375,112.9530243111908,110.75307715494814,112.79795869932553,82572600
2020-10-26,111.49932098388672,112.95302786819327,109.39628607186555,110.49141665682858,111850700
2020-10-27,113.00145721435547,113.66047116286873,111.00503586765389,111.92571374848922,92276800
2020-10-28,107.76811218261719,111.86756801727019,107.67119988879593,111.49929834317572,143937800
2020-10-29,111.760986328125,113.32129899442697,108.73727331019896,108.90203237848063,146129200
2020-10-30,105.50033569335938,108.53373417860142,104.39551925367714,107.63243577844652,190272600
2020-11-02,105.41311645507812,107.26417322328109,104.00786958662283,105.74262715568275,122866900
2020-11-03,107.03157806396484,108.0491682897085,105.37435335866708,106.27565178371685,107624400
2020-11-04,111.40239715576172,112.02264481194184,108.88264012828803,110.61739783333208,138235500
2020-11-05,115.35648345947266,115.92827866732904,113.26314943296055,114.30981274924889,126387100
2020-11-06,115.22543334960938,115.72054108275734,112.74015488389513,114.86623100789144,114457900
2020-11-09,112.92459106445312,118.4290806298261,112.66247568801708,116.98257616030648,154515300
2020-11-10,112.58480072021484,114.1575076747416,110.79850704253381,112.17706242879606,138023400
2020-11-11,116.0020751953125,116.13798799149323,113.04110938515558,113.76921682470609,112295000
2020-11-12,115.73023986816406,117.011708557713,115.10892216454586,116.12827545684921,103162300
2020-11-13,115.77877044677734,116.17679858450585,114.42934551492606,115.95351649440437,81581900
2020-11-16,116.78843688964844,117.45829070105812,114.70119407046309,115.44871445344523,91183000
2020-11-17,115.9050064086914,117.14764203542704,115.48755780845748,116.06033956537965,74271000
2020-11-18,114.5846939086914,116.32244455787598,114.55557079610209,115.14776544105797,76322100
2020-11-19,115.17688751220703,115.58462589815453,113.40030359340344,114.15753414064645,74113000
2020-11-20,113.91482543945312,115.30308383579212,113.8662893904585,115.17688122037637,73604300
2020-11-23,110.52670288085938,114.18666026045105,110.42962337461562,113.7595015449486,127959300
2020-11-24,111.80815887451172,112.46830981108012,109.3034679028236,110.5849439032423,113874200
2020-11-25,112.64306640625,113.34205068763839,111.80816933755735,112.17708182311867,76499200
2020-11-27,113.18672180175781,114.060452186272,112.82752688184597,113.1673088628538,46691300
2020-11-30,115.57490539550781,117.4388583652438,113.40028619079179,113.5556193082818,169410200
2020-12-01,119.1377944946289,119.86590193418374,116.50690050184049,117.47771042124693,127728200
2020-12-02,119.4872817993164,119.76881755329892,117.36120579212971,118.45821829004096,89004200
2020-12-03,119.35137176513672,120.16684852789926,118.64267727747634,119.91443587941438,78967600
2020-12-04,118.68151092529297,119.27370556007313,117.97281643546543,119.02129291081638,78260400
2020-12-07,120.13772583007812,120.93378965648249,118.68151097153174,118.73975719573221,86712000
2020-12-08,120.74931335449219,121.3318051265446,119.49696789528441,120.7396105898644,82225500
2020-12-09,118.22522735595703,122.27350282433629,117.46799682595132,120.89495455654684,115089200
2020-12-10,119.64259338378906,120.25420827611856,116.64279476467264,116.98257670113864,81312200
2020-12-11,118.83683013916016,119.17661208486537,117.03112333433712,118.8562430760472,86939800
2020-12-14,118.22522735595703,119.74939858875337,117.99223505596105,119.02129117041069,79184500
2020-12-15,124.14714813232422,124.16656847506606,120.50661157074111,120.71048072938689,157243700
2020-12-16,124.0792007446289,124.62285187377786,122.86568846942772,123.69088274191743,98208600
2020-12-17,124.9432144165039,125.79753175425047,124.30247641319399,125.13737340779682,94359800
2020-12-18,122.96278381347656,125.33156230733624,122.43854558581786,125.19564951572379,192541500
2020-12-21,124.48693084716797,124.56459740524315,119.84646139919089,121.37063241963554,121251600
2020-12-22,128.03041076660156,130.48655855974283,125.86549408459715,127.76828795319533,168904800
2020-12-23,127.13724517822266,128.5643218128226,126.96249172878603,128.30221385873838,88223700
2020-12-24,128.11776733398438,129.56427923315684,127.27316756907929,127.48674690488681,54930100
2020-12-28,132.6999969482422,133.33101740723168,129.61281401111586,130.07881339134244,124486200
2020-12-29,130.93310546875,134.7386778886634,130.41857748936,134.02028815847115,121047300
2020-12-30,129.8166961669922,132.02043870547348,129.50602990016534,131.6224031061202,96452100
2020-12-31,128.81675720214844,130.80692029298538,127.87507049302144,130.16618225748783,99116600
2021-01-04,125.63248443603516,129.70988213559124,123.05983729876496,129.62251281946894,143301900
2021-01-05,127.18580627441406,127.89450820387242,124.68111482467101,125.12769391976279,97664900
2021-01-06,122.90452575683594,127.2246340413711,122.6909464043688,123.99183545726343,155088000
2021-01-07,127.0984115600586,127.78769300515185,124.12773607491964,124.61314095323335,109578200
2021-01-08,128.19540405273438,128.75847536939492,126.42852356113977,128.56430160867336,105158200
2021-01-11,125.21502685546875,126.37029273075628,124.74904236248368,125.41890340367594,100384500
2021-01-12,125.0403060913086,125.90432622691371,123.15693269578279,124.74906018656239,91951100
2021-01-13,127.06928253173828,127.61293359997765,124.73934514974653,125.00145310618869,88636800
2021-01-14,125.1470947265625,127.17608365097323,125.00146436870398,126.98192465387714,90221800
2021-01-15,123.42875671386719,126.41885265934873,123.29284393513538,125.02088418474625,111598500
2021-01-19,124.09862518310547,124.9529425933155,123.23460500719132,124.05008172781939,90757300
2021-01-20,128.17601013183594,128.6225891348087,124.79759634893936,124.90438601399495,104319500
2021-01-21,132.87472534179688,135.59299559628155,129.6904705564632,129.89434712123654,120150900
2021-01-22,135.01052856445312,135.76775903778582,131.07874583699044,132.30196087543968,114459400
2021-01-25,138.74815368652344,140.85480946109453,132.55438158085332,138.89378406433565,157611700
2021-01-26,138.98110961914062,140.0878320002914,137.2433520930361,139.40826822473906,98390600
2021-01-27,137.91323852539062,140.0878578213645,136.3114082725256,139.24324321793168,140843800
2021-01-28,133.08831787109375,137.8452949915903,132.7097026247184,135.44739349341899,142621100
2021-01-29,128.1080780029297,132.7485480341253,126.40916071663973,131.86510749004256,177523800
2021-02-01,130.2244415283203,131.42825115687322,127.1081351803439,129.84582625364877,106239800
2021-02-02,131.04962158203125,132.33108282824628,130.68070911395654,131.76801136085197,83305400
2021-02-03,130.03030395507812,131.80688817183957,129.70993485237824,131.797170590512,89880900
2021-02-04,133.37954711914062,133.38924988354398,130.66127693474024,132.32136807732365,84183100
2021-02-05,132.96633911132812,133.60803459447885,132.09131060559002,133.53998407473009,75693800
2021-02-08,133.11216735839844,133.16078334273837,131.17736393158722,132.25657350766537,71297200
2021-02-09,132.23716735839844,134.055304885325,132.08161692740265,132.8302469559109,76774200
2021-02-10,131.6343536376953,133.18997643259982,130.6718103643523,132.6941140635208,73046600
2021-02-11,131.38157653808594,132.60661952451218,130.05930155973675,132.13020650092022,64280000
2021-02-12,131.61488342285156,131.7704486448014,129.98149309892653,130.62318851283254,60145100
2021-02-16,129.495361328125,132.2371278628611,129.10644827799214,131.73156315096224,80576300
2021-02-17,127.21056365966797,128.55228793289643,125.87857148643107,127.6091940358472,97918500
2021-02-18,126.1119155883789,126.39386460486962,123.8757134782661,125.61605324019762,96856700
2021-02-19,126.2674789428711,127.08418911907316,125.22716781889845,126.62722545179416,87668800
2021-02-22,122.50482177734375,126.1216319880877,122.11591609767342,124.45906002205308,103916400
2021-02-23,122.36870574951172,123.1951256816812,115.10591870921408,120.32696020598745,158273000
2021-02-24,121.87286376953125,122.07703760379697,118.83941546871539,121.47424078389619,111039900
2021-02-25,117.63379669189453,122.9520628532438,117.19628243074794,121.22144033722896,148199500
2021-02-26,117.89630889892578,121.38672049171518,117.83796822554648,119.18940971098537,164560400
2021-03-01,124.24517822265625,124.38129410804099,119.38387540817448,120.31724465842385,116307900
2021-03-02,121.64923095703125,125.14936711599789,121.5422817134225,124.84796874824156,102260900
2021-03-03,118.67411041259766,122.22286260620939,118.46021192268415,121.34782670099902,112966300
2021-03-04,116.79765319824219,120.1713983779594,115.3295451588436,118.37271790565526,178155000
2021-03-05,118.05188751220703,118.55746720916116,114.30868545617739,117.62409786604603,153766600
2021-03-08,113.13223266601562,117.6435208042625,112.98639210708664,117.57546286579684,154376600
2021-03-09,117.73102569580078,118.67411961018901,115.4948308955723,115.72817134912674,129525800
2021-03-10,116.65182495117188,118.78107052799325,116.13652062478559,118.31438961434448,111943300
2021-03-11,118.57691192626953,119.79223777917623,117.89633241574592,119.14082490228071,103026500
2021-03-12,117.67269134521484,117.80880722667213,115.8545688924242,117.06016987865702,88105100
2021-03-15,120.55058288574219,120.56030756816384,117.07961303714333,118.04215631738552,92403800
2021-03-16,122.0867691040039,123.6910006545399,121.26034903789751,122.21316031767569,115227900
2021-03-17,121.29920959472656,122.3686945512962,118.94633378896354,120.60890560077927,111932600
2021-03-18,117.1865463256836,119.76303790222613,116.98237252920022,119.471356811388,121229700
2021-03-19,116.66153717041016,118.0615946863235,116.36013878430732,116.5740372845451,185549500
2021-03-22,119.96722412109375,120.4339124312078,116.92405138540522,116.99210932461362,111912300
2021-03-23,119.14080047607422,120.79364033005854,118.75189479932533,119.90888714776963,95467100
2021-03-24,116.7587661743164,119.49082337056949,116.73932422708299,119.41304074611715,88530500
2021-03-25,117.2448959350586,118.28522184257633,115.69900522410137,116.22402681020739,98844700
2021-03-26,117.84769439697266,118.11020888610055,115.62121696029041,117.0115497729694,94071200
2021-03-29,118.02268981933594,119.17968207349621,117.38100181008681,118.27547960128655,80819200
2021-03-30,116.57403564453125,117.06016589541106,115.56288383257017,116.7782094597697,85671900
2021-03-31,118.7616195678711,120.09361168317854,117.78935908416811,118.27548932601961,118323800
2021-04-01,119.58804321289062,120.7353109160336,119.09218827381586,120.22973871260609,75089100
2021-04-05,122.40762329101562,122.66041314932247,119.65612373700314,120.43393526205784,88651200
2021-04-06,122.70899963378906,123.60347753407522,122.16453611496429,122.99095607539735,80171300
2021-04-07,124.35211944580078,124.37156139198876,121.66867838856395,122.33954050731289,83466700
2021-04-08,126.74386596679688,126.77303259187028,124.95491039655207,125.3729752462817,88844600
2021-04-09,129.31063842773438,129.34952231767917,125.87856026382458,126.19940798905769,106686700
2021-04-12,127.5994873046875,129.1648274741665,127.00640774145585,128.84397969384253,91420000
2021-04-13,130.7009735107422,130.9246041100814,128.27032223067465,128.76618458654,91266500
2021-04-14,128.36752319335938,131.25513740306803,128.0077916382119,131.19680416012676,87222800
2021-04-15,130.76902770996094,131.2551579244961,129.93288314753977,130.10789773924117,89347100
2021-04-16,130.4384765625,130.9343240931431,129.58288254678484,130.57459244358938,84922400
2021-04-19,131.099609375,131.71213827061115,129.6412185458448,129.80650105955348,94264200
2021-04-20,129.41763305664062,131.77050236465828,128.15369107517074,131.2746547075029,94812300
2021-04-21,129.79676818847656,130.03983329744375,127.65779819666872,128.6883918850069,68847100
2021-04-22,128.28005981445312,130.42874732999832,127.7647629078915,129.3495375220918,84566500
2021-04-23,130.59405517578125,131.37185181275385,128.4939686507075,128.4939686507075,78657500
2021-04-26,130.98289489746094,131.313459803844,129.85506950866935,131.0898441125276,66905100
2021-04-27,130.6620635986328,131.65377327736235,130.38983189631728,131.2648602486865,66015800
2021-04-28,129.87457275390625,131.2746303918658,129.38844245381026,130.58431883810096,107760100
2021-04-29,129.7772979736328,133.2677236525645,128.77587107243528,132.68436155056918,151101000
2021-04-30,127.81338500976562,129.855123368552,127.4342039691682,128.12450068731047,109839500
2021-05-03,128.8634033203125,130.35097557067442,128.1731066561789,128.37727305832388,75135100
2021-05-04,124.30349731445312,127.84253218435018,123.18539631101322,127.55085108162373,137564700
2021-05-05,124.54657745361328,126.83138075425876,124.4201788397563,125.6160551149203,84000900
2021-05-06,126.14108276367188,126.15080002789722,123.60347484441658,124.34239490228468,78128300
2021-05-07,126.81307220458984,127.83566778817108,126.10210583375782,127.43637521223602,78973300
2021-05-10,123.5407485961914,126.16056709673003,123.50179122048604,126.03396862881701,88071200
2021-05-11,122.625244140625,122.97584556938226,119.56715410715378,120.2781130243474,126142800
2021-05-12,119.56717681884766,121.3883949923918,119.06074583190636,120.18074615402475,112172300
2021-05-13,121.70977783203125,122.85899423262195,121.01830123774441,121.32995276517451,105861300
2021-05-14,124.12509155273438,124.55361524540388,122.56683371169913,122.95640002954782,81918000
2021-05-17,122.97586059570312,123.61864605940792,121.9045589198871,123.51151514879045,74244600
2021-05-18,121.59291076660156,123.67708183593513,121.52473722434705,123.2582993819835,63342900
2021-05-19,121.43708801269531,121.66108360866002,119.65482729355216,119.94700386173781,92612000
2021-05-20,123.98873138427734,124.38803886132331,121.83638680726905,121.96300011967811,76857100
2021-05-21,122.15777587890625,124.66072928690556,121.94351406158702,124.48542483913151,79295400
2021-05-24,123.78419494628906,124.60228476604034,122.65446106136119,122.72263459381065,63092900
2021-05-25,123.58943939208984,124.97240013629873,123.02456862546644,124.48543668582127,72009500
2021-05-26,123.5407485961914,124.06666202267431,123.12196609530832,123.64787952179124,56575900
2021-05-27,122.01167297363281,124.3101054887469,121.81689357961606,123.14141426393122,94625600
2021-05-28,121.35916900634766,122.51812660764142,121.30073666690714,122.29412358918856,71311100
2021-06-01,121.03775787353516,122.07984320712839,120.70663142657908,121.81689028927254,67637100
2021-06-02,121.79741668701172,121.97272112169325,120.81377104330335,121.03776661351102,59278900
2021-06-03,120.31706237792969,121.59288443397801,119.91775498094397,121.42732121440905,76229200
2021-06-04,122.60578918457031,122.86874960294172,120.61900768168596,120.83326952469692,75169300
2021-06-07,122.61551666259766,123.0245579005518,121.57343116760482,122.87846962118002,71057600
2021-06-08,123.43359375,125.10873085926178,122.91742162506401,123.2972466766342,74403800
2021-06-09,123.81343078613281,124.41725890545642,123.21934386738059,123.89134552998598,56877900
2021-06-10,122.82003784179688,124.84577650141729,122.65447459192099,123.70629386140669,71186400
2021-06-11,124.0276870727539,124.1153430132604,122.81029711830921,123.22907955985254,53522400
2021-06-14,127.0760498046875,127.13448215442439,123.75501332495071,124.48544741810112,96906500
2021-06-15,126.25796508789062,127.19292725029605,126.01448706088831,126.55014169243728,62746300
2021-06-16,126.75462341308594,127.47532354376922,125.10872484257997,126.96888521245891,91815000
2021-06-17,128.3518829345703,129.09206572109522,126.26771141068338,126.41380715783899,96721700
2021-06-18,127.05654907226562,128.0791446469785,126.84228727205331,127.30002703971456,108953300
2021-06-21,128.8485870361328,128.95571797256497,125.83920190461266,126.90076263607253,79663300
2021-06-22,130.48472595214844,130.58212309669915,128.18629303149916,128.68299766370282,74783600
2021-06-23,130.21200561523438,130.81584104082094,129.75426587711715,130.28018657486302,60214200
2021-06-24,129.9296112060547,131.12751887622477,129.46212271856308,130.94247320751583,68711000
2021-06-25,129.637451171875,130.3971014851615,129.34527454506005,129.97832637994586,70783700
2021-06-28,131.2638397216797,131.72157948620062,129.87115289056985,129.9295852246422,62111300
2021-06-29,132.77340698242188,132.9292364481491,130.84506564137368,131.28332301060522,64556100
2021-06-30,133.3870086669922,133.8252661428457,132.32543317658508,132.6176097807272,63261400
2021-07-01,133.6888885498047,133.74732088516166,132.21827209331306,133.03636937045857,52485800
2021-07-02,136.30870056152344,136.34765049437885,134.15634896857634,134.30242979267734,78852600
2021-07-06,138.3149871826172,139.41549764354806,136.4158617440288,136.4158617440288,108181800
2021-07-07,140.79844665527344,141.11009072715532,138.9382714107099,139.79530375392193,104911600
2021-07-08,139.5031280517578,140.30172797997776,137.00016765595169,137.88643093809648,105575500
2021-07-09,141.32437133789062,141.85027728075062,138.92854127199598,139.02593841657492,99890800
2021-07-12,140.73028564453125,142.50281263838897,140.24332963884083,142.39568172270836,76299700
2021-07-13,141.8405303955078,143.61305721006948,139.88297280050324,140.27253162136344,100827100
2021-07-14,145.25894165039062,145.6679976912108,143.827290089665,144.23634613048517,127050800
2021-07-15,144.60643005371094,146.08678025462487,143.25269315111336,145.3466125845258,106820300
2021-07-16,142.57095336914062,145.85303150774294,142.07426368162248,144.5869580069263,93251400
2021-07-19,138.73374938964844,140.31149679803218,137.97409928442224,139.99983785193092,121434600
2021-07-20,142.3372039794922,143.26243208036362,139.2304378127707,139.71739371398104,96350000
2021-07-21,141.60679626464844,142.31776271135624,140.85689473808662,141.7334095777614,74993500
2021-07-22,142.97027587890625,144.33374665171397,142.00609770767423,142.13271101540525,77338200
2021-07-23,144.68434143066406,144.84017089255983,143.0871265980212,143.70069581628857,71447400
2021-07-26,145.10317993164062,145.9212625899734,143.8468249071035,144.40196197857813,72434100
2021-07-27,142.94105529785156,145.3174027377309,141.7528815779119,145.22973937162135,104818600
2021-07-28,141.19775390625,143.13584408542147,138.82140631068384,141.0321906538661,118931200
2021-07-29,141.8405303955078,142.72679380278865,140.80818614558353,140.91531705042755,56699500
2021-07-30,142.05482482910156,142.51256472212955,140.35047859016916,140.61343902803458,70440600
2021-08-02,141.7236785888672,143.11636561756876,141.46071818751764,142.54176110337934,62880000
2021-08-03,143.5156707763672,144.17792379335657,141.3925349204239,142.00610422671278,64786600
2021-08-04,143.1163787841797,143.93446137395492,142.46385946656952,143.42803778640976,56368300
2021-08-05,143.22349548339844,143.98314564998552,142.35671440302508,143.14558074057953,46397700
2021-08-06,142.54075622558594,143.48686754429556,142.04332223777357,142.74559073997008,54126800
2021-08-09,142.49192810058594,143.08690493192552,141.9359744388632,142.5992194925645,48908700
2021-08-10,142.01402282714844,144.072056221946,141.72140855204836,142.83333089104445,69023100
2021-08-11,142.26763916015625,143.10645895995768,141.94576488875748,142.45296206335397,48493500
2021-08-12,145.22303771972656,145.3791007055084,142.24815216632183,142.5895380873464,72282600
2021-08-13,145.4278106689453,145.75943321107025,144.6182510163609,145.3010076863179,59375000
2021-08-16,147.39808654785156,147.46636967362969,142.86261655746753,144.88162714158625,103296000
2021-08-17,146.49098205566406,147.9442754116722,145.41806793520456,146.52999034959836,92229700
2021-08-18,142.7553253173828,147.00794422226895,142.55049082276733,146.1106045300614,86326000
2021-08-19,143.08692932128906,144.35491465635323,140.9411159989395,141.45806146213795,86960300
2021-08-20,144.54025268554688,144.84261535990314,143.16497579607238,143.80872432514332,60549600
2021-08-23,146.02281188964844,146.49098584387335,144.24762936861552,144.65728343893502,60131800
2021-08-24,145.93502807617188,147.14449367144724,145.4766024407117,145.7692167650667,48606400
2021-08-25,144.7060546875,146.6177885615759,144.15984926147306,146.12033978338724,58991300
2021-08-26,143.90623474121094,145.44732274946605,143.8769748010463,144.6962977745989,48597200
2021-08-27,144.9401397705078,145.08643947056316,143.21372889495123,143.847714105832,55802400
2021-08-30,149.3488006591797,149.7096980445359,144.94988286885493,145.3302769581914,90956700
2021-08-31,148.090576171875,149.0366872034825,147.56386751356777,148.9001358629917,86453100
2021-09-01,148.75384521484375,151.1630130890743,148.58803390921838,149.06597111930256,80313700
2021-09-02,149.8657684326172,150.90942268736845,148.64655451799135,150.08035127222993,71115500
2021-09-03,150.49978637695312,150.8216606743961,149.3195806196622,149.9730775691431,57808700
2021-09-07,152.83091735839844,153.3868712092461,150.58756059759483,151.1532776856572,82278300
2021-09-08,151.28981018066406,153.17226923823645,150.18763608775444,153.11374935418493,74420200
2021-09-09,150.2754364013672,152.26518694823613,150.15838174591684,151.66046161317462,57305700
2021-09-10,145.301025390625,151.65068551937273,145.03767104191758,151.18251158621138,140893200
2021-09-13,145.8667449951172,147.69068411470718,145.0864451705449,146.9201475258426,102404300
2021-09-14,144.4719696044922,147.34932639599026,143.2917788504928,146.64705797915482,109296300
2021-09-15,145.35958862304688,145.75949444164934,142.7650973043384,144.90116290571922,83281300
2021-09-16,145.1254425048828,145.30101702156867,143.5941177955223,144.7840715894616,68034100
2021-09-17,142.46267700195312,145.15471031932145,142.17006274358968,145.15471031932145,129868800
2021-09-20,139.4195556640625,141.27275491051466,137.79068761664803,140.2583754550107,123478900
2021-09-21,139.89747619628906,141.03867353306788,139.2634909051742,140.38516176883357,75834000
2021-09-22,142.25787353515625,142.82357564689215,140.16081684875996,140.89234513594866,76404300
2021-09-23,143.2137451171875,143.457587900221,142.0530510886709,143.03817057425258,64838200
2021-09-24,143.30152893066406,143.83798604484667,141.97502355876833,142.07256662788618,53477900
2021-09-27,141.78973388671875,142.36521431660975,140.27792014196672,141.88727697869655,74150700
2021-09-28,138.4149169921875,141.18496735666514,138.2003341585889,139.7219107001194,108972300
2021-09-29,139.31224060058594,140.89233684538155,138.53194083023718,138.961106448078,74602000
2021-09-30,138.01499938964844,140.8240726910163,137.80041657451724,140.12180436567434,89056700
2021-10-01,139.1366729736328,139.40002732180153,135.68386603878685,138.40514469326044,94639600
2021-10-04,135.71310424804688,138.70750000671873,134.86453634124737,138.26857120239484,98322000
2021-10-05,137.6346435546875,138.73681787676418,135.9277437943665,136.05454682483122,80861100
2021-10-06,138.502685546875,138.6489852474294,134.96208396365105,136.03499804431914,83221100
2021-10-07,139.7609405517578,140.66804355787346,139.2049866756737,139.53660933038944,61732700
2021-10-08,139.38052368164062,140.62899749402928,139.04890108087716,140.48269778280476,58773200
2021-10-11,139.29275512695312,141.2434974770439,138.31738395190774,138.76606124094116,64452200
2021-10-12,138.02474975585938,139.72190071402855,137.56632417893402,139.70238912610083,73035900
2021-10-13,137.4394989013672,137.91742105400974,135.7716083345949,137.76137304172593,78762700
2021-10-14,140.21937561035156,140.3364302891857,138.0247901402729,138.61001888548796,69907100
2021-10-15,141.27273559570312,141.33125547588753,139.97549034735292,140.22909633879294,67940300
2021-10-18,142.94061279296875,143.22346381420707,139.63410593501254,139.91695695625089,85589200
2021-10-19,145.09619140625,145.4960971069184,142.94062972963636,143.38929207620686,76378900
2021-10-20,145.5838623046875,146.0617994269622,144.47194001956103,145.037656955219,58418800
2021-10-21,145.7984619140625,145.9545248556128,144.22811391179323,145.1449650896746,61421000
2021-10-22,145.0279541015625,146.48124774454206,144.97918256227808,146.00332535531382,58883400
2021-10-25,144.9791717529297,145.69118854784608,143.98428898104416,145.0181800516583,50720600
2021-10-26,145.64242553710938,147.12497895180522,145.34004798248478,145.6521738906202,60893400
2021-10-27,145.1840362548828,146.04235295115012,144.8329019618233,145.68147030213953,56094900
2021-10-28,148.81240844726562,149.39762230558532,146.03259425054543,146.13013733509126,100077900
2021-10-29,146.11061096191406,146.24716233667445,142.8041031388741,143.59415144162946,124953200
2021-11-01,145.2913055419922,146.01307072992742,144.1598713388164,145.3205654883688,74588300
2021-11-02,146.32521057128906,147.8370391039872,144.988941733531,144.9987049719068,69122000
2021-11-03,147.75900268554688,148.2271767394299,146.1301344105293,146.68608830895576,54511500
2021-11-04,147.24205017089844,148.6758322133497,146.92992422765454,147.84677558220335,60394600
2021-11-05,147.76951599121094,148.6681654176707,146.57782514412813,148.36536141475236,65463900
2021-11-08,146.94900512695312,148.0527879681065,146.67550378830177,147.89649723038997,55020900
2021-11-09,147.3103790283203,147.91598686060686,146.57778313905698,146.7145337755314,56787900
2021-11-10,144.48748779296875,146.64621090035791,144.4191199061072,146.53876287411308,65187100
2021-11-11,144.43862915039062,145.96242651484354,144.25303577054234,145.5033467129879,41000000
2021-11-12,146.50942993164062,146.90990439693277,144.05766590459464,144.9856178095641,63804000
2021-11-15,146.5191650390625,148.35554334372281,145.96238505765794,146.8805742099881,59222800
2021-11-16,147.49598693847656,147.97462166575806,145.87450429964008,146.46058703081326,59256200
2021-11-17,149.92825317382812,151.40320809343083,147.48626594651472,147.4960285297294,88807000
2021-11-18,154.20655822753906,154.98799688592075,149.4984160214015,150.1431040324191,137827700
2021-11-19,156.82435607910156,157.28345067512842,152.8976381128572,153.99164315630802,117305600
2021-11-22,157.28347778320312,161.8548695638248,157.26393771700205,157.9281509208038,117467900
2021-11-23,157.6644287109375,158.04537802988585,155.36895531169498,157.3811499145866,96041900
2021-11-24,158.18211364746094,158.37746957878764,155.93548317544833,157.01972573471906,69463600
2021-11-26,153.17115783691406,156.72668956141257,152.73160325073675,155.86712045424656,76959800
2021-11-29,156.52159118652344,157.44954318891868,155.10522691977297,155.67176964553224,88748200
2021-11-30,161.464111328125,161.67900728055164,156.20895288101778,156.27733564074407,174048100
2021-12-01,160.9464569091797,166.34813007275002,160.71202083002768,163.59356203535145,152052500
2021-12-02,159.95985412597656,160.38964606969503,154.1381675375188,155.05635670733542,136739200
2021-12-03,158.08445739746094,161.13206712633752,156.0136573148525,160.2138776845153,118023100
2021-12-06,161.4836883544922,163.98428011365826,160.46781363689186,160.47757621707362,107497000
2021-12-07,167.2077178955078,167.5984447377344,164.43362438687151,165.15645786646198,120405400
2021-12-08,171.01718139648438,171.87676531869016,166.73881675330688,168.13564062689133,116998900
2021-12-09,170.50926208496094,172.64844463234323,169.8841141404718,170.85114615502485,108923700
2021-12-10,175.28582763671875,175.4616584549351,170.63628965473916,171.14422713494562,115402700
2021-12-13,171.66188049316406,177.90359710458122,171.4567470785072,176.9170250648393,153237000
2021-12-14,170.28460693359375,173.6154801461527,168.21380712036787,171.1832561903654,139380400
2021-12-15,175.13926696777344,175.33462289814014,168.31146765189683,171.04649539113694,131063300
2021-12-16,168.26266479492188,176.93660728082307,166.78771003091353,175.11976837917365,150185800
2021-12-17,167.1686248779297,169.444558052229,165.75227570894924,165.98669687061619,195432700
2021-12-20,165.8109130859375,166.6216545378973,163.5740596088574,164.37502357405398,107499100
2021-12-21,168.97569274902344,169.1808112556796,165.19548774606798,167.57886880713295,91185900
2021-12-22,171.56422424316406,171.7791202742142,168.15520530032774,169.02455200604697,92135300
2021-12-23,172.18934631347656,172.74612637491737,171.20278915942293,171.76933180091095,68356600
2021-12-27,176.14540100097656,176.233308952318,172.9610554465104,172.98058061033834,74919600
2021-12-28,175.12953186035156,177.1222015844957,174.38717318344425,175.97935346537145,79144300
2021-12-29,175.21746826171875,176.43846184720914,174.0062372592178,175.16862553735774,62348900
2021-12-30,174.0648193359375,176.379833000267,173.95737131856603,175.30535282655248,59773000
2021-12-31,173.44943237304688,175.0709001571645,173.14661351296067,173.9573548573712,64062300
2022-01-03,177.78636169433594,178.63618304508262,173.58615726537937,173.70336783595081,104487900
2022-01-04,175.530029296875,178.69484993569185,174.9634865026278,178.392045920856,99310400
2022-01-05,170.86094665527344,175.98911941613642,170.58744530040389,175.44211670639731,94537600
2022-01-06,168.0086669921875,171.23209207239668,167.65702034880644,168.6924202141222,96904000
2022-01-07,168.17471313476562,170.09899955917385,167.06116796216358,168.8780063916408,86709100
2022-01-10,168.1942596435547,168.4970635759533,164.26754129298973,165.15642793014217,106765600
2022-01-11,171.01718139648438,171.11485190283432,166.8560422275084,168.32123396506768,76138300
2022-01-12,171.456787109375,173.06849253983535,170.76327115991117,172.03309245435602,74805200
2022-01-13,168.1942596435547,172.52145244084235,167.80353287215138,171.70094857794888,84505800
2022-01-14,169.05384826660156,169.7473640846977,167.1197842307582,167.36398288031089,80440800
2022-01-18,165.85972595214844,168.53613361538314,165.47877665458643,167.53003637041928,90956700
2022-01-19,162.37257385253906,167.1100339648471,162.08930995625335,166.05509393247632,94815000
2022-01-20,160.69248962402344,165.74251639966073,160.3701455866801,163.10517370877471,91420500
2022-01-21,158.64122009277344,162.470253269675,158.5337720868401,160.60457194151562,122848900
2022-01-24,157.8695526123047,158.53378075020058,151.11013516388041,156.30669005524535,162294600
2022-01-25,156.07220458984375,158.9830476641873,153.37625747112617,155.2907661061765,115798400
2022-01-26,155.98431396484375,160.57524507136318,154.15771304423117,159.70589857439398,108275300
2022-01-27,155.52525329589844,160.0380400395087,154.6070638933257,158.68029600296296,121954600
2022-01-28,166.37744140625,166.39698147337538,159.0221785798324,161.86465470605705,179935700
2022-01-31,170.72415161132812,170.9390476064095,165.57644011866424,166.2113655240236,115541600
2022-02-01,170.55812072753906,170.78277933201363,168.31148996868112,169.9720379540269,86213900
2022-02-02,171.75955200195312,171.79863213102016,169.30780301992357,170.69484950775998,84914300
2022-02-03,168.8877716064453,172.15027672857178,168.12587305039293,170.43110878285196,89418100
2022-02-04,168.60415649414062,170.27660988825676,166.93170310002452,167.90974218054592,82465400
2022-02-07,167.89022827148438,170.12993168140494,167.19581380846196,169.06387243592252,77251200
2022-02-08,170.9905548095703,171.49913925228722,167.6652133594248,167.95862803498034,74829200
2022-02-09,172.40875244140625,172.77062217708496,171.05905354274313,172.1838075995271,71285000
2022-02-10,168.34010314941406,171.6263154743887,167.78262856301606,170.31574652168356,90865900
2022-02-11,164.93649291992188,169.27898837706067,164.34966356269592,168.54545914237346,98670700
2022-02-14,165.1712646484375,165.8558891027738,162.9022065441299,163.69441590726865,86185500
2022-02-15,168.995361328125,169.15185115822308,166.5111487010071,167.21533801275692,62527400
2022-02-16,168.76065063476562,169.53329496166765,166.31555287107355,168.0760262456703,61177400
2022-02-17,165.1712646484375,168.1347222265384,164.7702649952927,167.27404295611913,69589300
2022-02-18,163.62591552734375,166.7947521007373,162.54029172105788,166.09057780285292,82772700
2022-02-22,160.71139526367188,163.02934320107533,158.58903724171788,161.35688974047144,91162800
2022-02-23,156.5547332763672,162.50119815168253,156.241753586249,161.90459367562613,90009200
2022-02-24,159.16607666015625,159.27366155009665,148.66193213542687,149.2291965620497,141147500
2022-02-25,161.22976684570312,161.4938266826065,157.3371601146723,160.24193771015948,91974200
2022-02-28,161.49380493164062,161.78721963459702,158.86287747049465,159.47904685433394,95056600
2022-03-01,159.61598205566406,162.94132403155473,158.41299811175085,161.08304074169718,83474400
2022-03-02,162.90219116210938,163.6846254319098,159.37146939131958,160.7798480922219,79724800
2022-03-03,162.57945251464844,165.20060533866413,161.91439302006907,164.77026570160976,76678400
2022-03-04,159.58663940429688,161.91437725608384,158.54014531943216,160.87765818976635,83737200
2022-03-07,155.80160522460938,161.39598912291174,155.5473055505203,159.7724409102269,96418800
2022-03-08,153.9824676513672,159.30300237550088,152.37848423515257,155.33216629168248,131148300
2022-03-09,159.37149047851562,159.82139509337992,155.90923815043413,157.9337716080875,91454900
2022-03-10,155.03875732421875,156.86768560681452,152.55452973284972,156.68185579600046,105342000
2022-03-11,151.33200073242188,155.78208206231224,151.10705589580672,155.4397623739769,96970100
2022-03-14,147.31222534179688,150.73536174739257,146.80365582087973,148.12399948025242,108732100
2022-03-15,151.68409729003906,152.15356685525754,147.07754097449947,147.58611061794517,92964300
2022-03-16,156.08523559570312,156.48623515497343,151.06790582915622,153.60102317904168,102300200
2022-03-17,157.09263610839844,157.4642957434988,154.16830873861088,155.12678288189394,75615400
2022-03-18,160.37884521484375,160.86786475806085,156.25151907619613,156.98504839102176,123511700
2022-03-21,161.74810791015625,162.6968070121453,159.4301451412394,159.9191646814939,95811400
2022-03-22,165.112548828125,165.69936326568208,161.28841281006214,161.8752272476192,81532000
2022-03-23,166.47203063964844,168.84865833026834,163.9682381752626,164.30078278901993,98062700
2022-03-24,170.24729919433594,170.31575418142768,166.47206709718986,167.30339150441574,90131400
2022-03-25,170.88299560546875,171.43069512284325,168.95625735233114,170.061446329407,80546200
2022-03-28,171.74368286132812,171.87081780430975,168.22273590773543,168.38900077447545,90371900
2022-03-29,175.02989196777344,175.0787819860724,172.46741925958432,172.8097389298353,100589400
2022-03-30,173.86602783203125,175.66561632731086,172.81951875433577,174.6288971925018,92633200
2022-03-31,170.77540588378906,174.120297776475,170.5700111087268,173.93446796182153,103049300
2022-04-01,170.48204040527344,171.0395300102291,168.16409187112328,170.20819057523445,78751300
2022-04-04,174.52130126953125,174.5702062097959,170.60914482743888,170.7362946873885,76468400
2022-04-05,171.2155303955078,174.38438259894033,170.58958593943765,173.60194829792937,73401800
2022-04-06,168.0564727783203,169.81694627331598,166.3938091700385,168.57483234577828,89058800
2022-04-07,168.3596954345703,169.5529046519263,166.11999185859995,167.4012210369831,77594700
2022-04-08,166.35467529296875,168.00756384278074,165.48422104719532,168.00756384278074,76575500
2022-04-11,162.11001586914062,165.31798361672782,161.8655060412837,165.00501879739264,72246700
2022-04-12,163.9780731201172,166.13953162244414,162.98046885243798,164.33016786613953,79265200
2022-04-13,166.65789794921875,167.28384253130827,163.10762528497952,163.71400490158922,70618900
2022-04-14,161.66004943847656,167.50873303070674,161.41553970406295,166.87299876701744,75329400
2022-04-18,161.44488525390625,162.94128354797698,159.97782693237113,160.32013158651594,69023900
2022-04-19,163.72372436523438,164.13451388243473,160.31037777023087,161.39600166868107,67723800
2022-04-20,163.55746459960938,165.1712379709988,162.45229063171516,165.0538631380032,67929800
2022-04-21,162.7653045654297,167.76308617115384,162.26650987641895,165.2006278854853,87227800
2022-04-22,158.23692321777344,164.18340212764667,157.95329847424364,162.80437847987656,84882400
2022-04-25,159.3030242919922,159.58664908398902,154.98009296481885,157.5816658069576,96046400
2022-04-26,153.35655212402344,158.7748828167284,153.2783071958642,158.6868628689345,95623200
2022-04-27,153.13160705566406,156.2808795981602,151.967738002025,152.48609759207858,88063200
2022-04-28,160.04635620117188,160.90703559165522,155.43978436635686,155.7527641169675,130216800
2022-04-29,154.1878662109375,162.55010393809633,153.79665651995063,158.28585264208988,131747600
2022-05-02,154.4910430908203,154.7551028690703,149.90403790928826,153.268494371806,123055300
2022-05-03,155.97767639160156,157.18067526746918,152.88708408047324,154.67688255687574,88966500
2022-05-04,162.37403869628906,162.82392827829534,155.7624855158091,156.163485086847,108256500
2022-05-05,153.32720947265625,160.47667363266967,151.5471709663278,160.25172879543595,130525300
2022-05-06,154.052001953125,156.16767394547392,151.0156200226824,152.8080631040653,116124600
2022-05-09,148.9391632080078,152.6317930294346,148.3808694909006,151.7502553954864,131577900
2022-05-10,151.33885192871094,153.52309446613708,149.79127784510368,152.328132388233,115366700
2022-05-11,143.49325561523438,152.25956414663153,142.81741468212965,150.3495886480442,142689800
2022-05-12,139.63412475585938,143.19941752795359,135.95129962230052,139.8398213340432,182602000
2022-05-13,144.09072875976562,145.06041547307086,140.17282438448345,141.6224448185645,113990900
2022-05-16,142.55294799804688,144.49232147743598,141.22085987637433,142.56275232444813,86643800
2022-05-17,146.1770477294922,146.69616897048812,143.6695758585412,145.80484195458106,78336300
2022-05-18,137.9298095703125,144.3355756662519,137.02867854993576,143.83604831537036,109742900
2022-05-19,134.53106689453125,138.75260707730666,133.7964597180681,137.00914057415054,136095600
2022-05-20,134.76614379882812,137.81231576353846,129.88835589129073,136.23535828446418,137426100
2022-05-23,140.1728515625,140.31976702681078,134.82490447725766,134.96203055915507,117726300
2022-05-24,137.47923278808594,139.05618952602399,134.51142211755896,137.91999393750385,104132700
2022-05-25,137.635986328125,138.87991021944293,135.50072064953915,135.58886991195646,92482700
2022-05-26,140.82908630371094,141.37759058232152,134.3253649583187,134.57023400738558,90601500
2022-05-27,146.56878662109375,146.60795908464218,142.27867700009156,142.40601366145458,90978500
2022-05-31,145.78521728515625,147.5678709384086,143.82626511004062,146.01050754614022,103718400
2022-06-01,145.65789794921875,148.62570934761555,144.649023812494,146.82346195823692,74286600
2022-06-02,148.1066131591797,148.16537934399943,143.84588541228797,144.79597858853165,72348100
2022-06-03,142.396240234375,144.93307974702813,141.49512401563555,143.88503314588232,88570300
2022-06-06,143.14065551757812,145.5207905259265,141.9260996131152,144.01238876362018,71598400
2022-06-07,145.65789794921875,145.94193944320352,141.1425125135875,141.3873815394989,67808200
2022-06-08,144.92327880859375,146.79406665216868,144.43354079753493,145.5305491597089,53950200
2022-06-09,139.7124786376953,144.91349464755012,139.60473566244548,144.06135517233236,69473000
2022-06-10,134.31556701660156,137.87105521943323,134.24699651333503,137.40091085996173,91437900
2022-06-13,129.17332458496094,132.4251777606438,128.7423526705115,130.14299644685158,122207100
2022-06-14,130.03526306152344,131.14207601932122,128.7815346427886,130.3976794412042,84784300
2022-06-15,132.65045166015625,134.52125474775525,129.4475753177957,131.5338494146611,91533000
2022-06-16,127.39068603515625,129.67286762283086,126.39161601772796,129.36923235910814,108123900
2022-06-17,128.85989379882812,130.34870189215334,127.14581035148301,127.40048374314352,134520300
2022-06-21,133.0814208984375,134.24699991857628,130.58376865027734,130.68170729877417,81000500
2022-06-22,132.57211303710938,134.93263938077834,131.16166488175563,132.0235937967665,73409200
2022-06-23,135.4321746826172,135.74559928638683,132.84635818263115,134.0119372202921,72433800
2022-06-24,138.75257873535156,138.99744774415504,136.901369626622,137.02869134817942,89116800
2022-06-27,138.75257873535156,140.5450216732672,138.07673787975503,139.77122723590202,70207900
2022-06-28,134.61923217773438,140.47649657650823,134.50169979812208,139.2129786588069,67083400
2022-06-29,136.37245178222656,137.78289974267364,133.8649953839291,134.63878986432783,66242400
2022-06-30,133.9139862060547,135.53011594509118,131.0245344279122,134.43310739232075,98964500
2022-07-01,136.07862854003906,136.1863715256026,132.87575195629162,133.24794276909347,71051600
2022-07-05,138.65464782714844,138.70362462604172,134.11966825992553,134.94243962271915,73353800
2022-07-06,139.98670959472656,141.16207781793045,138.18447732277275,138.44894003031942,74064300
2022-07-07,143.34632873535156,143.54222096010838,140.33933002838788,140.34911940865916,66253700
2022-07-08,144.02218627929688,144.52172874952925,142.0240612352335,142.2787196887486,64547800
2022-07-11,141.89669799804688,143.63037488194183,140.82907263468897,142.6802818681296,63141600
2022-07-12,142.86639404296875,145.40323372369386,142.07302074051665,142.76844044820817,77588800
2022-07-13,142.50401306152344,143.4443019452147,139.20316774910646,140.05532229787818,71185600
2022-07-14,145.42283630371094,145.89298070687983,140.30996921418316,141.1229362743088,78140700
2022-07-15,147.08792114257812,147.7637620290884,145.15835206929646,146.70592606919652,76259900
2022-07-18,144.05157470703125,148.4592176926782,143.68915834296686,147.64625063740658,81420900
2022-07-19,147.9009246826172,148.1262000519952,143.89487011094474,144.88413581614606,82982400
2022-07-20,149.89903259277344,150.56508418725386,147.28383290571463,148.01844006316782,64823400
2022-07-21,152.16162109375,152.3771070356204,148.821603940378,151.32906041419434,65086600
2022-07-22,150.92745971679688,153.0725146399616,150.26142318216912,152.20078156045275,66675400
2022-07-25,149.81085205078125,151.85795331530994,149.15460492057616,150.84909422530328,53623900
2022-07-26,148.4886016845703,149.94801169458665,147.70501771546552,149.13504463438227,55138700
2022-07-27,153.57205200195312,154.1009774684585,149.03708779660727,149.44846596743406,78620700
2022-07-28,154.1205596923828,154.4046011657363,151.24089776552904,153.75814339733685,81378700
2022-07-29,159.17465209960938,160.2716754702952,156.22643448443253,157.93072824104914,101786900
2022-08-01,158.19517517089844,160.23248719622674,157.58790478823227,157.70543713439505,67829400
2022-08-02,156.72598266601562,159.07673453265352,156.35379186998745,156.81414688340993,59907000
2022-08-03,162.7203369140625,163.17088746091105,157.4507517614702,157.53890100599065,82507500
2022-08-04,162.40695190429688,163.7586338892835,161.05526991931026,162.6028441618955,55474100
2022-08-05,162.18136596679688,162.67178435198056,159.876393569881,160.08237587686597,56697000
2022-08-08,161.71055603027344,164.59421857415984,161.05339717997808,163.18181120847004,60276900
2022-08-09,161.7595672607422,162.64232916411427,160.12157196524083,160.87682032374863,63135500
2022-08-10,165.99679565429688,166.0948703368816,163.70162657940335,164.46667794890814,70170500
2022-08-11,165.26116943359375,167.713261012407,164.9669154508603,166.80107516257124,57149200
2022-08-12,168.80201721191406,168.87066800455992,166.15374591104305,166.56571053244468,68039400
2022-08-15,169.87112426757812,170.06728863023804,168.0663881848966,168.2331286414766,54091700
2022-08-16,169.7141876220703,170.3811644180383,168.37044601656845,169.46897842594916,56377100
2022-08-17,171.20504760742188,172.7743773350279,169.26299514755854,169.45915949271176,79542000
2022-08-18,170.81272888183594,171.54835650831478,169.80246813878225,170.42040013426683,62290100
2022-08-19,168.2331085205078,170.41056710828244,168.02712623620275,169.71416649279175,70346300
2022-08-22,164.35879516601562,166.6049043800519,163.9370276482697,166.43816395511286,69026800
2022-08-23,164.02529907226562,165.4769480040651,163.4564120530002,163.87817957003261,54147100
2022-08-24,164.31959533691406,164.8884825026039,163.0641253734546,164.11362798077442,53841500
2022-08-25,166.77163696289062,166.87952958176348,165.12383874706296,165.54559127859812,51218200
2022-08-26,160.48448181152344,167.7721056277997,160.42563400937078,167.3013082441995,78961000
2022-08-29,158.2873992919922,159.7782599974509,156.75729674532928,158.06179612101135,73314000
2022-08-30,155.86476135253906,159.44480926961938,154.6975633016655,159.02305667853338,77906200
2022-08-31,154.20712280273438,157.5027341926007,154.12865408316875,157.23790413486398,87991100
2022-09-01,154.93295288085938,155.38412932683354,151.70599214901193,153.6382414104045,74229900
2022-09-02,152.82415771484375,157.286967514474,152.00025851175562,156.6886565527691,76957800
2022-09-06,151.5686798095703,154.07961913097643,150.74478065092995,153.47150522336744,73714800
2022-09-07,152.97129821777344,153.6676838931478,150.66632598771957,151.85314497915547,87449600
2022-09-08,151.50006103515625,153.36364499716552,149.75415773532657,151.67660447799875,84923800
2022-09-09,154.354248046875,154.79563648166842,151.7844609924952,152.49066452851048,68028800
2022-09-12,160.29815673828125,161.1122531071859,156.24731078742482,156.5317468843277,104956000
2022-09-13,150.8919219970703,157.46352522744408,150.43092752735453,156.83579030622826,122656600
2022-09-14,152.33377075195312,154.08947711736784,150.66635107863272,151.8237313927598,87965400
2022-09-15,149.4500732421875,152.26508456095567,148.47905455230304,151.6863795720259,90481100
2022-09-16,147.8120880126953,148.44964084888636,145.52673670084437,148.31232430924803,162278800
2022-09-19,151.5196533203125,151.5981220543988,146.24276190884032,146.44872924023372,81474200
2022-09-20,153.89324951171875,155.05064442927653,150.1464616536784,150.46032156880005,107689800
2022-09-21,150.77423095703125,155.6980357811973,150.65653533272163,154.32485530993193,101696800
2022-09-22,149.81298828125,151.50983141556574,148.0180554999838,149.45988650515864,86652500
2022-09-23,147.54725646972656,148.5673350111051,145.7130966439831,148.29270193451399,96029900
2022-09-26,147.88075256347656,150.82326264584486,146.77240230987616,146.79202323434507,93339400
2022-09-27,148.85174560546875,151.75502830388234,147.0764338903238,149.81297617549825,84442700
2022-09-28,146.9685516357422,147.75322390412563,142.06436866631904,144.81071412247172,146691400
2022-09-29,139.74960327148438,143.9083561021041,137.98409428837317,143.3002421615135,128138200
2022-09-30,135.55162048339844,140.35772899315157,135.35545614892226,138.5725991267457,124925300
2022-10-03,139.72018432617188,140.32831325471835,135.05140704196927,135.56144631438175,114311700
2022-10-04,143.3002471923828,143.41794280659562,141.49549629829846,142.2507447443845,87830100
2022-10-05,143.59446716308594,144.55569777280346,140.2694318056122,141.30913113651346,79471000
2022-10-06,142.64305114746094,144.7126168501461,142.43708385477177,143.01577382273572,68402200
2022-10-07,137.4053955078125,140.35772324812106,136.7776606833551,139.80844218113944,85925600
2022-10-10,137.72911071777344,139.17094210590585,135.91457149826957,137.72911071777344,74899000
2022-10-11,136.31668090820312,138.64127407342733,135.57125040118655,137.21904887976436,77033700
2022-10-12,135.68894958496094,137.67024396939837,135.51240615749046,136.46381898254117,70433700
2022-10-13,140.24984741210938,140.8383404618952,131.7950247428473,132.4031536839207,113224000
2022-10-14,135.72816467285156,141.75050040665323,135.54180333634727,141.54451814883853,88598000
2022-10-17,139.68096923828125,140.16156968133146,137.5819791306435,138.36665154683308,85250900
2022-10-18,140.99530029296875,143.88876607092178,137.91547311478982,142.70196183745628,99136600
2022-10-19,141.1031494140625,142.17225768233465,138.78837451258266,138.97473585531196,61758300
2022-10-20,140.6421661376953,143.09425775385319,139.91634163141597,140.2792613677454,64522000
2022-10-21,144.44786071777344,145.01674794041006,139.91638386611885,140.13216919078735,86548600
2022-10-24,146.58604431152344,147.3510957532076,143.2021606323234,144.3693587197694,75981900
2022-10-25,149.420654296875,149.56778877679034,146.4977652190575,147.21377179556336,74732300
2022-10-26,146.4879608154297,149.07736899312695,145.20305222207165,148.06710843299678,88194300
2022-10-27,142.025146484375,146.1937021462339,141.36798774070627,145.23248644302674,109180200
2022-10-28,152.7554931640625,154.48176014348397,144.98726930709842,145.35997702745019,164762400
2022-10-31,150.40147399902344,151.2842358798015,149.0086878845991,150.22493060269468,97943200
2022-11-01,147.76304626464844,152.47106552613408,146.27218522217615,152.10816072803473,80379300
2022-11-02,142.25071716308594,149.25388921211223,142.22129326523782,146.09559446780847,93604600
2022-11-03,136.21861267089844,140.0634909361085,136.09109910411752,139.33766635298934,97918500
2022-11-04,135.9533233642578,140.16808578570755,132.02346880241154,139.59825507529519,140814800
2022-11-07,136.48385620117188,136.70981865595215,133.29084915754692,134.70559929239224,83374600
2022-11-08,137.05369567871094,138.9498435557623,135.0789489012502,137.94774130575934,89908500
2022-11-09,132.50489807128906,136.12037292800636,132.22980938548775,136.07124673599705,74917800
2022-11-10,144.29443359375,144.29443359375,137.05368118428237,138.7631733571785,118854000
2022-11-11,147.0748291015625,147.3793904835366,141.83829520447486,143.26287971945007,93979700
2022-11-14,145.67971801757812,147.64464544159856,144.84461786588682,146.3576203774582,73374100
2022-11-15,147.4088592529297,150.89660867721872,145.95481705312972,149.5506380930854,89868300
2022-11-16,146.18075561523438,147.2418181251695,144.70706018330316,146.51480463978803,64218300
2022-11-17,148.0769500732422,148.8236171893066,143.5870831617381,143.8621718356149,80389400
2022-11-18,148.636962890625,150.02224064395415,147.34011828521793,149.63908030699184,74829600
2022-11-21,145.41444396972656,147.73305885560603,145.12953609848137,147.52674987775407,58724100
2022-11-22,147.54641723632812,147.78221396265934,144.35340964940343,145.53237828985053,51804100
2022-11-23,148.42080688476562,149.16747394284351,146.72113379241404,146.82920540527334,58301400
2022-11-25,145.51271057128906,146.2692118769101,144.54006603549058,145.7092003283938,35195900
2022-11-28,141.69091796875,144.06847835661756,140.86565204725017,142.59478278627932,69246000
2022-11-29,138.69444274902344,142.27061115238274,137.88883005476464,141.75972566869967,83763800
2022-11-30,145.43411254882812,146.11201495746124,138.0852876520207,138.92037287256267,111380900
2022-12-01,145.7091827392578,146.51481013470644,144.03899751867118,145.61094536816785,71250400
2022-12-02,145.2179718017578,145.40464232225125,143.09584639700262,143.4004227674544,65447400
2022-12-05,144.05865478515625,148.2734173934748,143.21373541725012,145.17866278529172,68826400
2022-12-06,140.4038543701172,144.7168682893277,139.43121016379226,144.49090589476017,64727200
2022-12-07,138.4684600830078,140.85584008868295,137.5449416476374,139.69653991914743,69721100
2022-12-08,140.14846801757812,141.00322179654424,138.62566097989853,139.8635600853956,62128300
2022-12-09,139.6670684814453,143.01727390300547,138.42915440090607,139.8439047836886,76097000
2022-12-12,141.95619201660156,141.96601125722427,138.58633357333804,140.19757351667832,70462700
2022-12-13,142.91903686523438,147.34012479055724,141.7106103631851,146.87836551906,93886200
2022-12-14,140.69863891601562,144.0881358235322,138.68458524913544,142.8011107216781,82291200
2022-12-15,134.10630798339844,139.3133690938159,133.64454880056923,138.63546667684503,98931900
2022-12-16,132.1511993408203,135.23613504981998,131.38487878191776,134.2929782040358,160156900
2022-12-19,130.0487060546875,132.82907992971283,129.01713123497163,132.74066180080095,79592600
2022-12-20,129.97998046875,130.91331820064397,127.61223880809378,129.08593469778208,77432800
2022-12-21,133.07470703125,134.41085828161889,130.42205800232537,130.64802045895354,85928000
2022-12-22,129.9111785888672,132.20032094511618,128.0150307307424,131.99401195090732,77852100
2022-12-23,129.5476531982422,130.09783042542833,127.36658276817921,128.62413499923468,63814900
2022-12-27,127.749755859375,129.10556058535423,126.46273078933113,129.07608787315525,69007800
2022-12-28,123.82974243164062,128.73223486036684,123.66272537894751,127.39608344761355,85438400
2022-12-29,127.33711242675781,128.19185099265815,125.49008349000029,125.74551863845643,75703700
2022-12-30,127.65149688720703,127.67115035805845,125.19534521858718,126.1581629090278,77034200
2023-01-03,122.87674713134766,128.6045053870652,121.99252821247748,127.99538262842435,112117500
2023-01-04,124.1441421508789,126.40381217640663,122.88658952629491,124.66484683178275,89113600
2023-01-05,122.8276138305664,125.52938912334946,122.57217865426507,124.90061292758642,80962700
2023-01-06,127.34693908691406,128.0051879622661,122.69989001665523,123.80025205121024,87754700
2023-01-09,127.8676528930664,131.07049435820306,127.61221771125115,128.1820484933381,70790800
2023-01-10,128.4374542236328,128.95815869987555,125.87322378783952,127.97569516112263,63896200
2023-01-11,131.14907836914062,131.1687168485226,128.17221470136022,128.94835439070522,69458900
2023-01-12,131.07046508789062,131.90555010610956,129.13501070565974,131.53222415316628,71379600
2023-01-13,132.39683532714844,132.55403315564018,129.35120610397337,129.71471296505177,57809700
2023-01-17,133.55609130859375,134.88240804602194,131.7778347625997,132.46555621806655,63646600
2023-01-18,132.83892822265625,136.1792989256054,132.6620769549058,134.42069543585905,69672800
2023-01-19,132.89788818359375,133.86069855178562,131.42419241972087,131.7287538123279,58280400
2023-01-20,135.45228576660156,135.59966433835268,131.86629872212012,132.90770800117681,80223600
2023-01-23,138.63543701171875,140.80668812964507,135.4817223092692,135.69786549716068,81760300
2023-01-24,140.03057861328125,140.64953566811175,137.8396883115422,137.84950755371702,66435100
2023-01-25,139.3722686767578,139.93226506012797,136.37575209022467,138.41927791003738,65799300
2023-01-26,141.4354705810547,141.72037843724186,139.4115829133593,140.6593159193217,54105100
2023-01-27,143.37091064453125,144.64811636457318,140.57089828761406,140.64949717713105,70555800
2023-01-30,140.4923095703125,142.9975950119405,140.34494601130174,142.41794502488958,64015300
2023-01-31,141.7596893310547,141.80881551729502,139.78494257033407,140.19757555057984,65874500
2023-02-01,142.87969970703125,144.03901475780756,138.84178798038548,141.44531098955775,77663600
2023-02-02,148.17520141601562,148.52887400177488,145.57166328269082,146.28885767804982,118339000
2023-02-03,151.79066467285156,154.62016535520215,145.23763259886508,145.4341223704264,154357300
2023-02-06,149.06924438476562,150.41523013113607,148.13590667152536,149.89452545981646,69858300
2023-02-07,151.93800354003906,152.50783427872634,147.99832954313612,147.99832954313612,83322600
2023-02-08,149.25592041015625,151.86927809622603,148.51907245296283,151.18155633442086,64120100
2023-02-09,148.22430419921875,151.62363543992853,147.782198500911,151.0832773681269,56007100
2023-02-10,148.58834838867188,148.91305820143486,146.82706002572684,147.0632167115801,57450700
2023-02-13,151.38284301757812,151.78625678187208,148.49982115470684,148.52933886882354,62199000
2023-02-14,150.74325561523438,151.30412220458746,148.44078385852455,149.68057287811524,61707600
2023-02-15,152.839111328125,153.0063833860837,150.42840282421838,150.6547103127393,65573800
2023-02-16,151.24508666992188,153.82306709582505,150.8908590911332,151.0482818929642,68167900
2023-02-17,150.1037139892578,150.54649479465752,148.43097816102596,149.90692418842454,59144100
2023-02-21,146.09893798828125,148.87372305726493,146.03006833094608,147.79135689260553,58867200
2023-02-22,146.5220489501953,147.54536466728035,144.80011234851025,146.4826819914061,51011300
2023-02-23,147.00418090820312,147.92910925221886,144.8788305804024,147.6831183102613,48394200
2023-02-24,144.3572998046875,144.82959810728704,143.3831704798644,144.75087922117172,55469600
2023-02-27,145.54791259765625,146.77786725557394,145.0854484451516,145.34128862301924,44998500
2023-02-28,145.046142578125,146.6893607214016,144.47544163386908,144.6919149235558,50547000
2023-03-01,142.97975158691406,144.86895994047165,142.68455949733774,144.47538049709883,55479000
2023-03-02,143.57017517089844,144.35734928778834,141.59239813777418,142.0647116163666,52238100
2023-03-03,148.60804748535156,148.6867663889097,144.96738452683869,145.66599039801153,70732300
2023-03-06,151.3631591796875,153.79355106354063,150.99909736370918,151.32379221822697,87558000
2023-03-07,149.1688995361328,151.55992406603715,148.70643540651363,151.23521425072406,56182000
2023-03-08,150.41856384277344,151.00894821688513,149.39524794362458,150.35952840818192,47204800
2023-03-09,148.1751251220703,152.06177965604292,147.82089750549494,151.09749920529256,53833600
2023-03-10,146.11862182617188,148.5194958597798,145.242894659562,147.80120650188752,68572400
2023-03-13,148.05702209472656,150.68420342446277,145.33143838738883,145.43967499711258,84457100
2023-03-14,150.14303588867188,150.94004418166887,147.6929755826584,148.85404568502526,73695900
2023-03-15,150.53662109375,150.7924462663543,147.51584514285557,148.76548332238644,77167900
2023-03-16,153.35073852539062,153.95095694332394,149.2082450157043,149.7199103098672,76161100
2023-03-17,152.51441955566406,154.2265223157517,151.80596427660015,153.57710247425993,98944600
2023-03-20,154.87591552734375,155.28919358755078,151.6780327765039,152.5832927983786,73641400
2023-03-21,156.7257537841797,156.84382463636302,154.02968755125636,154.7971931327365,73938300
2023-03-22,155.2989959716797,159.53987720924363,155.27931249330243,156.74542384346483,75701800
2023-03-23,156.38134765625,158.95934282613845,155.15139299961646,156.28296029217628,67622100
2023-03-24,157.6802215576172,157.76877470893055,155.31871410467124,156.31251228008384,59196500
2023-03-27,155.7417755126953,158.19185056660328,155.33834678641222,157.37515888196728,52390300
2023-03-28,155.12188720703125,155.94842821050446,153.47866946121147,155.43676283008696,45992200
2023-03-29,158.1918487548828,158.46735739062942,156.79462209814082,156.81429056205513,51305700
2023-03-30,159.75634765625,159.86458426430409,158.68383082177425,158.93965597985908,49501700
2023-03-31,162.25563049316406,162.35403288236776,159.31358823359025,159.8350878653574,68749800
2023-04-03,163.5052947998047,163.62336567436975,161.58656801762768,161.6357692200628,56976200
2023-04-04,162.97390747070312,164.16449510354033,162.46224215834394,163.92835343175463,46278300
2023-04-05,161.13392639160156,162.40324825832465,159.20536551321473,162.09822184489292,51511700
2023-04-06,162.01947021484375,162.31466233453045,159.40212310856722,159.8252203026454,45390100
2023-04-10,159.431640625,159.431640625,157.5129143705151,158.8314221542027,47716900
2023-04-11,158.2213897705078,159.75637097122245,157.93603184667685,159.7465367378167,47644200
2023-04-12,157.53260803222656,159.4611686435216,157.21773241416443,158.6346426672523,50133100
2023-04-13,162.90504455566406,163.14120127307194,158.83143501847854,159.03807402297244,68445600
2023-04-14,162.56069946289062,163.65290010625418,161.1929900999488,161.95063157173945,49386500
2023-04-17,162.58033752441406,162.7377753387549,161.39958394505072,162.44258319038994,41516200
2023-04-18,163.8004913330078,164.72541991249665,162.9936336312071,163.43642945073645,49923000
2023-04-19,164.94187927246094,165.4633789570219,162.885383237049,163.14122346923992,47720200
2023-04-20,163.97755432128906,165.17799130758831,162.9050374280842,163.4265370188754,52456400
2023-04-21,162.37368774414062,163.78074857435575,161.85218820428946,162.40320545287983,58337300
2023-04-24,162.6787567138672,162.94443117624493,161.26184626664974,162.35404681853836,41949600
2023-04-25,161.1437530517578,163.64301445601814,161.1043860925183,162.54097982284455,48714100
2023-04-26,161.13392639160156,162.62955575633885,160.18932943478703,160.44515464932056,45498800
2023-04-27,165.7093505859375,165.85693915334915,162.5409858833323,162.5409858833323,64902300
2023-04-28,166.95896911621094,167.12625617335198,165.1878463008649,165.78806481489534,55275900
2023-05-01,166.87042236328125,167.71663185783257,165.9356597273935,166.56539597816914,52472900
2023-05-02,165.8372344970703,167.61822139630092,164.85327080237903,167.36238122666072,48425700
2023-05-03,164.7647247314453,168.17908009941613,164.47938185396285,166.7818533947913,65136000
2023-05-04,163.13134765625,164.36130237503923,161.67508547315035,162.24578626436005,81235400
2023-05-05,170.78660583496094,171.504895212846,168.02165491497223,168.23812815446027,113453200
2023-05-08,170.7177276611328,171.06212101363838,169.35001851271124,169.71408033203093,55962800
2023-05-09,169.01548767089844,170.75709300871614,168.8482156052712,170.27496029429,45326900
2023-05-10,170.77676391601562,171.23922812803062,169.14338031673282,170.24543004162442,53724500
2023-05-11,170.96371459960938,171.79024060925457,169.40904995436452,171.06211698775132,49514700
2023-05-12,170.03750610351562,171.50563041723674,168.49053896760506,171.07208510437357,45533100
2023-05-15,169.54483032226562,170.66809989196608,168.95362948142878,170.61883064941935,37266700
2023-05-16,169.54483032226562,170.5991199454283,169.27878844040285,169.46600254116325,42110300
2023-05-17,170.1557159423828,170.3921842356942,167.91902478069315,169.1901019966857,57951600
2023-05-18,172.48110961914062,172.6683237371227,170.04735615510018,170.46119076780954,65496700
2023-05-19,172.58950805664062,173.80145343851697,172.37273538217633,173.80145343851697,55809500
2023-05-22,171.64358520507812,172.14611049896482,170.90459157041087,171.42681253611994,43570900
2023-05-23,169.04232788085938,170.83562631420236,168.7664381272472,170.58929510312979,50747300
2023-05-24,169.31822204589844,169.8897122746601,168.0176010356781,168.57922839342694,45143500
2023-05-25,170.45135498046875,171.34798918728478,169.17042964019168,169.87986475065702,56058300
2023-05-26,172.85552978515625,173.19055165787438,170.56958397024448,170.77650880236848,54835000
2023-05-30,174.69810485839844,176.36330631715728,173.9788219031772,174.36309800636275,55964400
2023-05-31,174.64883422851562,176.71802248155805,174.16601962684186,174.72766202276017,99625300
2023-06-01,177.44715881347656,177.47671735788407,174.33352850038895,175.0922328882,68901800
2023-06-02,178.2945098876953,179.11233123154489,176.62930866038764,178.37333767160567,61996900
2023-06-05,176.94461059570312,182.23579939859383,175.4272021453367,179.9498539235026,121946500
2023-06-06,176.58006286621094,177.4766970018392,174.82617090162998,177.328904296753,64848400
2023-06-07,175.21044921875,178.55069942371495,174.71778685793004,175.8213457350109,61944600
2023-06-08,177.9200897216797,178.1861165677113,174.85572927872582,175.2892595209165,50214900
2023-06-09,178.3043975830078,179.5557493602978,177.97923856717878,178.83646640490514,48900000
2023-06-12,181.0928192138672,181.1913576973854,178.31421139002148,178.60981180571443,54274900
2023-06-13,180.61990356445312,181.44757286544584,179.7626757194867,180.1173932820357,54929100
2023-06-14,181.25050354003906,181.684048880549,179.34883379218707,180.67901332162722,57462900
2023-06-15,183.28025817871094,183.78278344228747,181.08298811392547,181.26035439367692,65433200
2023-06-16,182.2062530517578,184.245882524342,181.56579797087073,183.98968846409701,101256200
2023-06-20,182.29495239257812,183.3689679486228,181.70376647980103,181.70376647980103,49799100
2023-06-21,181.26034545898438,182.68906332243637,179.91044034391143,182.18653808363035,49515700
2023-06-22,184.25576782226562,184.30503707731958,180.97463389589913,181.04361385994784,51245300
2023-06-23,183.94046020507812,184.8075509993679,182.29496929127177,182.8270532004463,53117000
2023-06-26,182.55111694335938,185.2903184900679,182.51169553463515,184.08822111663613,48088700
2023-06-27,185.30020141601562,185.6253604426876,182.94527546666254,183.16204815111053,50730800
2023-06-28,186.4727325439453,187.11318769857849,184.84695251457532,185.17209649255778,51216800
2023-06-29,186.80772399902344,187.2806907250245,186.16726889716722,186.3052137668684,46347300
2023-06-30,191.12344360351562,191.62595381515632,188.45320690668942,188.81778728912292,85213200
2023-07-03,189.63560485839844,191.03476417603324,188.94586551693624,190.93622568872084,31458200
2023-07-05,188.52218627929688,190.14796610334872,187.82259909124357,188.75866963191964,46920300
2023-07-06,188.99513244628906,189.20205725316632,186.42343432149448,187.0540415419299,45094300
2023-07-07,187.88172912597656,189.84253092683244,187.4481988352347,188.60102706839623,46815000
2023-07-10,185.8421173095703,187.20187038994513,184.29515010539157,186.48257243692333,59922200
2023-07-11,185.3198699951172,186.52196732292174,183.86159365977753,186.38402246734722,46638100
2023-07-12,186.98512268066406,188.88679264498364,185.70419722013042,186.8964320073811,60750200
2023-07-13,187.74380493164062,188.38427515496102,186.994963399846,187.70439854991048,41342300
2023-07-14,187.89158630371094,188.37438582770977,186.8471444335954,187.4383302857117,41616200
2023-07-17,191.14315795898438,191.46831693797242,188.9951421376018,189.08381775872684,50520200
2023-07-18,190.88697814941406,191.47817907078496,189.5962050071137,190.5125649317522,48288200
2023-07-19,192.2368621826172,195.3209183853995,189.82280454932882,190.26621270882248,80507300
2023-07-20,190.29579162597656,193.58677299126168,189.67503216410122,192.22701989757815,59581200
2023-07-21,189.12326049804688,192.10879369152832,188.42367321559357,191.25156585425083,71951700
2023-07-24,189.92135620117188,192.04966138875844,189.4286937985748,190.57167418096722,45377800
2023-07-25,190.77859497070312,191.58656857428397,190.08887057427083,190.49285737606127,37283200
2023-07-26,191.64564514160156,192.76891464540725,190.48296926698734,190.82782387486023,47471900
2023-07-27,190.38446044921875,194.30604897209747,189.72429463258098,193.1433729163405,47460200
2023-07-28,192.95616149902344,193.74442436278966,191.29096014596897,191.8131810983056,48291400
2023-07-31,193.5670623779297,193.60648379116893,192.39452340931743,193.1827862905988,38824100
2023-08-01,192.73941040039062,193.8429695122176,192.41425136889904,193.36016991822595,35175100
2023-08-02,189.7538604736328,192.31569604997566,189.03457754647138,192.17775117305615,50389300
2023-08-03,188.36451721191406,189.54690382056828,187.89156557542466,188.75865610470643,61235200
2023-08-04,179.3192596435547,184.6301595328746,179.25027969317492,182.79745486603875,115956800
2023-08-07,176.22535705566406,180.44254624962392,174.74736976708382,179.4572213905704,97576100
2023-08-08,177.16140747070312,177.62451134366992,174.97398514494694,177.05302113799038,67823000
2023-08-09,175.57504272460938,178.2748232727554,174.41235154839882,178.21570618554995,60378500
2023-08-10,175.35826110839844,178.09746293161143,174.99369573264087,176.8460961883882,54686900
2023-08-11,175.41744995117188,176.2363757071569,174.1940069392339,174.95373578240464,52036700
2023-08-14,177.06517028808594,177.2920967961584,174.9438523177461,175.59504844195268,43675600
2023-08-15,175.08200073242188,177.08491002448199,174.68734458769583,176.4929258073929,43622600
2023-08-16,174.2137451171875,176.15744233651847,174.14467201512105,174.76626971305478,46964900
2023-08-17,171.6780242919922,175.14117901733323,171.16495931429398,174.77612136953763,66062900
2023-08-18,172.1614990234375,172.76335939467492,169.6652621694116,170.0007213782545,61172200
2023-08-21,173.4934844970703,173.77962299820936,171.42151715942626,172.7337706675176,46311900
2023-08-22,174.8649139404297,175.30890581271296,173.89799596554266,174.69718434668556,42038900
2023-08-23,178.70301818847656,179.12728783194132,175.9502562936072,176.1377232252428,52722800
2023-08-24,174.02630615234375,178.68332143034684,173.6612333709249,178.25905172631101,54945800
2023-08-25,176.2265167236328,176.7593040006282,173.4737548580186,175.0129348306344,51449600
2023-08-28,177.7854461669922,178.1801023209798,176.1673318473753,177.68677460091166,43820700
2023-08-29,181.6630096435547,182.43259974524452,177.10466595582741,177.30199404892278,53003900
2023-08-30,185.14584350585938,185.34318659132038,182.27468829643146,182.47201632672878,60813900
2023-08-31,185.36293029785156,186.59624944883035,184.9781353249528,185.33333184264131,60794500
2023-09-01,186.93173217773438,187.38558521498553,185.76747101772168,186.961330634287,45766500
2023-09-05,187.16851806640625,187.44478036173828,185.10641198511868,185.76746926717502,45280000
2023-09-06,180.46913146972656,186.32986658571798,179.04834537431464,185.88585963952747,81755800
2023-09-07,175.1905517578125,175.8318868790433,171.22419235116297,172.84230680208358,112488800
2023-09-08,175.80224609375,177.8347687964352,175.417451102765,175.96999075471308,65551300
2023-09-11,176.9665069580078,177.89396541040293,174.97345890425444,177.6670388917848,58953100
2023-09-12,173.9473419189453,177.72623373133553,172.487096210491,177.09477490699047,90370200
2023-09-13,171.88525390625,174.93401565723292,171.65831231126361,174.15454941477398,84267900
2023-09-14,173.39483642578125,173.75003299454158,171.2636570132194,171.6780505009118,60895800
2023-09-15,172.67453002929688,174.14465177290464,171.50042292713772,174.12491445244186,109259500
2023-09-18,175.59506225585938,176.98624997924455,173.8190795297471,174.12494029407293,67257600
2023-09-19,176.6803741455078,177.23289871202428,174.7662604292434,175.1510553991506,51826900
2023-09-20,173.14816284179688,177.3019736755132,173.0593524132158,176.8678428874874,58436200
2023-09-21,171.60894775390625,173.94733103404198,171.5398897121348,172.2206842726111,63149100
2023-09-22,172.45748901367188,174.7169382879251,171.7273736602944,172.33909518451154,56725400
2023-09-25,173.7302703857422,174.6083930174941,171.82601779128095,171.87535356826675,46172700
2023-09-26,169.66529846191406,172.86205287379087,169.36929877984454,172.48713399466078,64588900
2023-09-27,168.15567016601562,170.73084132501634,166.7940959712009,170.3164478696235,66921800
2023-09-28,168.41221618652344,169.7343308371659,165.38317681816312,167.08022534636603,56294400
2023-09-29,168.92527770996094,170.76045735672912,168.06687727418498,169.7244661753788,51861100
2023-10-02,171.43136596679688,171.9740294168616,168.6489906711008,168.93512915166482,52164500
2023-10-03,170.09939575195312,171.31299281082715,168.54049336939298,169.96126458937815,49594600
2023-10-04,171.34255981445312,171.8852232303615,168.68845469814508,168.80684851428336,53020300
2023-10-05,172.5758819580078,173.10866919518492,170.3756298015613,171.47081778563683,48527900
2023-10-06,175.12149047851562,175.61481822954005,170.8689926183437,171.48072926712837,57266700
2023-10-09,176.60145568847656,176.66065260372454,173.45402254968238,174.45053908507856,42390800
2023-10-10,176.00942993164062,177.32168322438636,175.57529921161475,175.72330653262233,43698000
2023-10-11,177.400634765625,177.4499705441094,175.22999600880442,175.82198018511957,47551100
2023-10-12,178.29847717285156,179.9067149957359,176.6507496538397,177.667018413921,56743100
2023-10-13,176.4633026123047,179.50218762206515,175.76277074017605,178.99899884980246,51427100
2023-10-16,176.33505249023438,176.69024903281087,174.15453745424634,174.39134016768617,52517000
2023-10-17,174.78598022460938,176.03903666999224,172.46734930467605,174.29265257502803,57549400
2023-10-18,173.4934844970703,175.21027033840411,172.77323025982977,173.23695950912395,54764400
2023-10-19,173.1185760498047,175.466805839834,172.85217485644313,173.69082297603654,59302900
2023-10-20,170.57301330566406,173.07911173437196,170.33621055796252,172.9705790235715,64244000
2023-10-23,170.69139099121094,171.68790756499885,167.6623515662161,168.62928473640696,55980100
2023-10-24,171.12551879882812,171.35244533043914,169.16206908920728,170.74072378645857,43816600
2023-10-25,168.81674194335938,170.75057806188605,168.3727349771656,169.58633193718455,57157000
2023-10-26,164.66290283203125,169.09299056011605,163.45918215856796,168.0964590692853,70625300
2023-10-27,165.9751739501953,166.70530437202822,164.60372353518264,164.6826577744484,58499100
2023-10-30,168.0175018310547,168.88576319601256,166.61645329997643,166.76446060818319,51131000
2023-10-31,168.49114990234375,168.61940486913602,165.65943861592592,167.09010101577766,44846000
2023-11-01,171.64845275878906,171.9049777602895,167.84982318964867,168.71808481806195,56934900
2023-11-02,175.2003936767578,175.40758286457637,173.11855033416663,173.17774724497193,77334800
2023-11-03,174.2926788330078,174.46042350768224,171.0367278993792,171.91485064572058,79829200
2023-11-06,176.8382568359375,177.035584920202,173.85856813665714,174.02629776104038,63841300
2023-11-07,179.3936767578125,180.00539823599848,176.58170308551922,176.78889227095914,70530000
2023-11-08,180.44940185546875,181.00192645947115,179.16674685036813,179.91661457451394,49340300
2023-11-09,179.97581481933594,181.6629871195562,179.3838155582821,180.51847829944086,53763500
2023-11-10,184.15484619140625,184.32281184408907,181.3194195461175,181.75412225306079,66133400
2023-11-13,182.57412719726562,183.78930789371245,181.99123723697815,183.58184574005094,43627500
2023-11-14,185.18234252929688,185.8442707665973,184.05607409829287,185.43920547847273,60108400
2023-11-15,185.74546813964844,187.21752694473682,185.51824264456812,185.5874067506803,53790500
2023-11-16,187.4250030517578,188.65994715340477,186.37775779056014,187.28668991537342,54412900
2023-11-17,187.40521240234375,188.08690385906573,186.29870747259162,187.95846486721982,50922700
2023-11-20,189.14402770996094,189.598493753426,187.59294582194016,187.60281994734135,46505100
2023-11-21,188.34381103515625,189.21321658430173,187.454657232623,189.10454089065857,38134500
2023-11-22,189.0057373046875,190.60622016215154,188.53152295340232,189.18357710829596,39617700
2023-11-24,187.68185424804688,188.60064536615056,186.970525284031,188.57100791556658,24048300
2023-11-27,187.50399780273438,188.3734031425855,186.6247183385664,187.63243679384846,40552600
2023-11-28,188.10665893554688,188.77847629228074,187.1187037624085,187.49413155220094,38415400
2023-11-29,187.08908081054688,189.77632029571453,186.69390474066958,188.6006511365786,43014200
2023-11-30,187.66209411621094,188.02764780463457,185.92329832735996,187.55341843722022,48794400
2023-12-01,188.93658447265625,189.25272234216075,186.95078459310412,188.03754149609296,45704800
2023-12-04,187.14834594726562,187.7608884211111,185.19219887595256,187.69172432124148,43389500
2023-12-05,191.09030151367188,192.05849343193452,187.8893210956394,187.91897362196437,66628400
2023-12-06,190.00355529785156,192.4141533735728,189.79607806848605,192.10788966712872,41089700
2023-12-07,191.93008422851562,192.65128739108172,191.25826677194576,191.29779342674496,47477700
2023-12-08,193.3527374267578,193.629363703371,191.33730018286,191.86091528323507,53406400
2023-12-11,190.8531951904297,191.15947399253523,189.11439931154695,190.78404615931,60943700
2023-12-12,192.36477661132812,192.3746507369947,189.4107849369075,190.75440470261375,52696900
2023-12-13,195.57562255859375,195.61513413450965,192.50308121236986,192.74018081786602,70404200
2023-12-14,195.72381591796875,197.21562292408947,193.79730618821,195.63490356313392,66831600
2023-12-15,195.19032287597656,196.01031245444227,194.62718115642724,195.1507962246044,128538400
2023-12-18,193.5305633544922,194.26165570440122,192.04863040265064,193.7281513997374,55751900
2023-12-19,194.5679168701172,194.5777909959987,193.53056080250687,193.79731295132126,40714100
2023-12-20,192.48333740234375,195.2990010280865,192.48333740234375,194.5283970820936,52242800
2023-12-21,192.33509826660156,194.7061996333918,191.16931844438724,193.73800782299358,46482500
2023-12-22,191.26815795898438,193.05635469466722,190.64574127695036,192.8291141147171,37149600
2023-12-26,190.7247772216797,191.55465607108982,190.50742584564344,191.2780297879531,28919300
2023-12-27,190.8235626220703,191.16935301152336,188.7883770898652,190.1715235726757,48087700
2023-12-28,191.24838256835938,192.31537606668746,190.84331729052167,191.80163510638113,34049900
2023-12-29,190.2110137939453,192.05848519728596,189.42064661751613,191.56450759639273,42672100
2024-01-02,183.4040069580078,186.17028459685415,181.6750853181039,184.89581391743906,82488700
2024-01-03,182.03077697753906,183.64114905512682,181.22064633789287,182.00113952243032,58414500
2024-01-04,179.71893310546875,180.88471299934187,178.70134046081682,179.95603270422265,71983600
2024-01-05,178.99771118164062,180.5586821654936,177.99988188294327,179.79796753554595,62379700
2024-01-08,183.32496643066406,183.36449308108033,179.3138706884217,179.89676064456035,59144500
2024-01-09,182.91001892089844,182.91989304556353,180.52904335165846,181.7047124117811,42841800
2024-01-10,183.9473876953125,184.1548498527509,181.70472508990332,182.12955368013527,46792900
2024-01-11,183.3546142578125,184.7970355796361,181.4083411771675,184.29316874581366,49128400
2024-01-12,183.68063354492188,184.49076406507768,182.95943045197853,183.81894667336306,40477800
2024-01-16,181.418212890625,182.04061439740983,178.75072186869164,179.9659175831278,65603000
2024-01-17,180.47964477539062,180.72663357001974,178.12832170152117,179.08663943068214,47317400
2024-01-18,186.35800170898438,186.86185345428623,183.59172402252184,183.8485869578717,78005800
2024-01-19,189.25271606445312,189.63801803091337,186.5457281731689,187.04957995238564,68903000
2024-01-22,191.55462646484375,192.97728431537942,189.94425472083472,189.98378136946042,60133900
2024-01-23,192.82908630371094,193.39222799671276,191.49535584528522,192.67102493067515,42355600
2024-01-24,192.1572723388672,194.0146328029546,191.99919590043444,193.06618924735707,53631300
2024-01-25,191.831298828125,193.90601120482225,190.78406851274562,192.8686550164736,54822100
2024-01-26,190.10232543945312,192.41413683944202,189.6281111952244,191.93004847085402,44594000
2024-01-29,189.420654296875,189.88499446653958,187.29655655692048,189.69728055859,47145600
2024-01-30,185.77508544921875,189.48980657471878,185.21195883551243,188.64016451675863,55859400
2024-01-31,182.17893981933594,184.846431021382,182.12955411744667,184.7871410441138,55467800
2024-02-01,184.60931396484375,184.6982263171025,181.6059367135455,181.77388729281213,64885400
2024-02-02,183.6114959716797,185.07366557426653,177.0909850527091,177.6936383802958,102551700
2024-02-05,185.41944885253906,186.97054595458332,183.6016146657499,185.8837890630235,69668800
2024-02-06,187.01995849609375,187.02983262300086,184.52043256333454,184.6093449305071,43490800
2024-02-07,187.12860107421875,188.74884702540382,186.33823388644547,188.3437817688575,53439000
2024-02-08,186.05172729492188,187.25701874915856,185.09340956143063,187.10883150171134,40962000
2024-02-09,186.8134307861328,187.94113632063826,185.97259122428568,186.61557552858977,45155200
2024-02-12,185.13174438476562,186.63535673641036,184.77562606711913,186.3880527684402,41781900
2024-02-13,183.0445098876953,184.2019058140478,181.53101071537256,183.76664838776776,56529500
2024-02-14,182.1641387939453,183.52926184222676,180.47258771556508,183.32153491398208,54630500
2024-02-15,181.87722778320312,182.50043860227981,179.3943014199978,181.57057328309747,65434500
2024-02-16,180.3439483642578,182.8565652037317,179.7108507918506,181.44197861733377,49752500
2024-02-20,179.60205078125,180.46266385305907,178.0588762686663,179.82956623009554,53665600
2024-02-21,180.35385131835938,180.91769653606136,178.71174929095213,179.9779444437335,41371400
2024-02-22,182.38174438476562,182.96539328132977,180.49235334512917,181.50134277124772,52292200
2024-02-23,180.5516815185547,183.04449459753943,180.26480046872615,183.01481932952075,45119700
2024-02-26,179.20639038085938,180.78912706737802,178.70188051494486,180.27474556873526,40867400
2024-02-27,180.66050720214844,181.93658908973126,177.62360710096542,179.1470080612827,54318900
2024-02-28,179.46351623535156,181.14517996041016,178.1874345829099,180.54175776029825,48953900
2024-02-29,178.80079650878906,180.60117691942332,177.59395175081718,179.3151930681472,136682600
2024-03-01,177.72251892089844,178.5831318593588,175.46710804516843,177.61370457626955,73563100
2024-03-04,173.21170043945312,174.9922768844708,171.91581500377694,174.25036500096815,81510100
2024-03-05,168.28538513183594,170.18467763470022,167.7907772375202,168.9184826327907,95132400
2024-03-06,167.29617309570312,169.39332087872134,166.8609157238647,169.21525418377138,68587700
2024-03-07,167.177490234375,168.88882954707424,166.67299554984157,167.32586658446218,71765100
2024-03-08,168.88882446289062,171.82679686006907,167.11813466346086,167.1774852017091,76267000
2024-03-11,170.88706970214844,172.49949666610803,170.19462149789052,171.07502316349817,60139500
2024-03-12,171.36184692382812,172.15322257397557,169.16578666443067,171.28270784938988,59825400
2024-03-13,169.28453063964844,171.3223130850131,168.91851047344855,170.90684419661972,52488700
2024-03-14,171.1343536376953,172.43022407386235,170.19460153541087,171.04532782778392,72913500
2024-03-15,170.7584686279297,170.7584686279297,168.45359343487303,169.3241083834579,121752700
2024-03-18,171.84658813476562,175.79356502758816,171.64874797271588,173.67664359575858,75604200
2024-03-19,174.18112182617188,174.70540499850514,171.1640105835326,172.45988088096897,55215200
2024-03-20,176.7432098388672,176.7432098388672,173.2018149693641,173.82502584048726,53423100
2024-03-21,169.52195739746094,175.5759701639249,168.99767407456517,175.14071266697601,106181300
2024-03-22,170.422119140625,171.18381963278856,168.22605856941686,169.90772263085663,71160100
2024-03-25,169.00753784179688,170.08577952012527,167.6226265638577,168.7305586050563,54288300
2024-03-26,167.87982177734375,169.5713723598813,167.7512188918725,168.16668772081567,57388400
2024-03-27,171.44102478027344,171.7279058767874,168.27553655784754,168.57230438056465,60273300
2024-03-28,169.6307373046875,170.37264922530974,168.67119667981044,169.89782982249778,65672700
2024-04-01,168.19638061523438,169.40322523760474,167.65230884379906,169.3438746978549,46240500
2024-04-02,167.01919555664062,167.51380346702695,166.41577330219988,167.25661278755086,49329500
2024-04-03,167.8204803466797,168.83937157047524,166.7620271262386,166.9697540235435,47691700
2024-04-04,166.99942016601562,170.06598011820813,166.99942016601562,168.45355351894443,53704400
2024-04-05,167.75123596191406,168.5524984345705,167.12802510796487,167.7611226870966,42104800
2024-04-08,166.63340759277344,167.37531948329715,166.425680716199,167.20715459942008,37425500
2024-04-09,167.8402557373047,168.2458378687617,166.53449863101693,166.88071513080217,42373800
2024-04-10,165.97064208984375,167.2665125006067,165.30786924976792,166.97964653177021,49709300
2024-04-11,173.15234375,173.5678277091418,166.34654865134516,166.5246002673459,91070300
2024-04-12,174.64605712890625,176.43653535919364,172.33129571828837,172.3807444342083,101670900
2024-04-15,170.82769775390625,174.72521085075485,170.63974431610336,173.46890241983837,73531800
2024-04-16,167.5533905029297,171.88614579113815,166.45536027289515,169.8978273072319,73711200
2024-04-17,166.18824768066406,168.8096634069807,166.18824768066406,167.7808856580398,50901200
2024-04-18,165.23861694335938,166.8213684176903,164.75391081370103,166.21794611620325,43122900
2024-04-19,163.22064208984375,164.60553846988037,162.3105651694999,164.41760010663418,68149400
2024-04-22,164.05157470703125,165.4562595890904,162.993121456103,163.73503344203667,48116400
2024-04-23,165.10011291503906,165.24850434331734,163.1414698344962,163.5668404824781,49537800
2024-04-24,167.197265625,167.4742448528629,164.41757152765254,164.7439994721628,48251800
2024-04-25,168.05789184570312,168.77012851479734,166.33665071301928,167.70177351115603,50558300
2024-04-26,167.4742431640625,169.49223681731962,167.35552700029277,168.04799015720317,44838400
2024-04-29,171.62896728515625,174.13168243053624,171.2332869429431,171.5003643815301,68169400
2024-04-30,168.4931640625,173.1029142716877,168.1667209693098,171.46081207960546,65934800
2024-05-01,167.4742431640625,170.84747276952126,167.28628974114312,167.75122238913238,50383100
2024-05-02,171.16403198242188,171.54982559320527,169.04711048582428,170.64963546996492,94214900
2024-05-03,181.4024200439453,184.98337684032407,180.69018337477516,184.637145231003,163224100
2024-05-06,179.75042724609375,182.21356516877455,178.47433028646978,180.38352481626606,78569700
2024-05-07,180.43296813964844,182.9060078076493,179.36462828599997,181.47164781905605,77305800
2024-05-08,180.76930236816406,181.09574539643793,179.49320552179933,180.878116710922,45057100
2024-05-09,182.57958984375,182.66861565405213,180.14611203583203,180.5912561815798,48983000
2024-05-10,181.3215789794922,183.34230991411323,180.4102677646858,183.15410154420678,50759500
2024-05-13,184.5210723876953,185.3333368917867,182.87674310968822,183.68900761377958,72044800
2024-05-14,185.6602020263672,186.52199740854093,184.53096697721375,185.73944844741243,52393600
2024-05-15,187.92860412597656,188.84981551266446,185.60078753373725,186.13569714479723,70400000
2024-05-16,188.04745483398438,189.29556710780693,187.86916171755817,188.67151097089564,52845200
2024-05-17,188.0771942138672,189.00832091255782,187.39370695143634,187.72059282106466,41282900
2024-05-20,189.2361297607422,190.10782534306233,187.22529890901677,187.54228461702792,44361300
2024-05-21,190.5337677001953,190.91016932460286,189.11726241831752,189.28565540299905,42309400
2024-05-22,189.0974578857422,190.99934196064652,188.47341681604038,190.45453220558076,34648500
2024-05-23,185.11541748046875,189.19651013997458,184.86777806929078,189.1766947549615,51005900
2024-05-24,188.1861572265625,188.78049792280623,186.26447277204775,187.03712172304932,36327000
2024-05-28,188.196044921875,191.1776178733189,187.31444925751387,189.70168159973719,52280100
2024-05-29,188.49322509765625,190.43472491238563,187.7205912720781,187.8196530916493,53068000
2024-05-30,189.48377990722656,190.36537567482878,188.8300232981759,188.9587855239753,49889100
2024-05-31,190.43470764160156,190.7516933437122,188.11680637508078,189.63235836586054,75158300
2024-06-03,192.19786071777344,193.1488025197669,190.70212441031939,191.07852596312944,50080500
2024-06-04,192.51487731933594,193.47571940906454,191.2073340206378,192.80213237542046,47471400
2024-06-05,194.02052307128906,195.04079624688396,193.02996541617088,193.5549597642067,54156800
2024-06-06,192.64364624023438,194.64457691185422,192.33657578915964,193.8422276391208,41181800
2024-06-07,195.0308837890625,195.08041469163098,192.30685040959915,192.81202934049514,53103900
2024-06-10,191.29647827148438,195.4370168860641,190.3356361933404,195.04078477848907,97010200
2024-06-11,205.1940155029297,205.2039307530545,191.80168667352532,191.82148694435384,172373300
2024-06-12,211.05813598632812,218.12080209568063,204.94638168818946,205.41194501546696,198134300
2024-06-13,212.21707153320312,214.70336573665497,209.60200000148347,212.71235034689784,97862700
2024-06-14,210.48358154296875,213.13826855094433,209.30481562722255,211.8307404302917,70122700
2024-06-17,214.6240997314453,216.8825697066646,210.71140048317466,211.35525683635151,93728300
2024-06-18,212.26657104492188,216.56560230529576,210.9887584540523,215.5354139875743,79943300
2024-06-20,207.70008850097656,212.21704337897714,206.87793908026026,211.90995785887029,86172500
2024-06-21,205.53082275390625,209.8892705909824,205.15440599094305,208.40343403997312,241805100
2024-06-24,206.17466735839844,210.69160779538842,204.63929998769706,205.75863496180304,80727000
2024-06-25,207.0959014892578,209.3840873125504,206.64023830581658,207.1751328027417,55549700
2024-06-26,211.23641967773438,212.83121810497767,208.6510635966682,209.5029437835443,66213200
2024-06-27,212.07838439941406,213.70289822966825,210.3449086305272,212.6628097453943,49772700
2024-06-28,208.6312255859375,214.0297763055812,208.3142550307382,213.73260601871965,82542700
2024-07-01,214.703369140625,215.4561875080808,209.91897391071575,210.0873668962765,60402900
2024-07-02,218.19012451171875,218.29908645117231,213.0689435868198,214.1090169642201,58046200
2024-07-03,219.45806884765625,219.45806884765625,216.96185912748342,217.92270133801432,37369800
2024-07-05,224.2028350830078,224.311797038918,219.5571168673913,219.5571168673913,60412400
2024-07-08,225.66883850097656,225.69855401964364,221.14198303770854,224.94572057418634,59085900
2024-07-09,226.52072143554688,227.23392416937492,224.23253562897796,225.77780318070188,48076100
2024-07-10,230.78012084960938,230.87918266211804,227.08534498663496,227.1348758928893,62627700
2024-07-11,225.42123413085938,230.19571462003094,223.6382271602243,229.20515687131274,64710600
2024-07-12,228.36314392089844,230.44332094014862,226.5207061684713,226.7584454352943,53046500
2024-07-15,232.1867218017578,234.99000194235262,230.88909361652622,234.2470836578572,62631300
2024-07-16,232.60275268554688,234.03905824310993,230.1362587163494,232.781045805997,43234300
2024-07-17,226.71885681152344,229.27449755440023,224.50000206743292,227.28346685481674,57345900
2024-07-18,222.06320190429688,228.26410233218343,220.17124832102243,228.10560948409145,66034600
2024-07-19,222.19200134277344,224.65849552449666,221.1717280930588,222.6971954569991,49151500
2024-07-22,221.8452911376953,225.62921338494564,220.98349573063444,224.86647978572938,48201800
2024-07-23,222.88539123535156,224.7971755297642,220.577389891536,222.2514348874799,39960300
2024-07-24,216.47645568847656,222.67735606492835,215.0797809310421,221.88490694575157,61777600
2024-07-25,215.43638610839844,218.76466037633443,212.59347540961954,216.86277641061952,51391200
2024-07-26,215.90194702148438,217.41749898154802,213.9703475571551,216.6349499920164,41601300
2024-07-29,216.17929077148438,217.22927938341869,213.7127969665886,214.91137828370984,36311800
2024-07-30,216.7340087890625,218.24956072806748,214.07930652606245,217.1203256536185,41643800
2024-07-31,219.9830322265625,221.70660788092644,218.5467267386139,219.34907597117163,50036300
2024-08-01,216.29815673828125,222.36036437427163,214.97081319041698,222.2514024343897,62501000
2024-08-02,217.78399658203125,223.46980270062375,215.65430376795194,217.08069402896655,105568600
2024-08-05,207.2939910888672,211.484045462397,194.14928763761037,197.21010696314244,119548600
2024-08-06,205.27325439453125,208.00720313955475,199.17143085232243,203.36148541473497,69660500
2024-08-07,207.8387908935547,211.62271284755147,204.4411706619682,204.94634956752103,63516400
2024-08-08,211.2958526611328,212.17744837655164,206.8581585633277,211.097744151489,47161100
2024-08-09,214.1981964111328,214.7330909034816,209.96851092003678,210.09728825409005,42201600
2024-08-12,215.72543334960938,217.68900361003634,213.81145133020567,214.27755355785243,38028100
2024-08-13,219.43438720703125,220.04923895369578,217.19312608520667,217.19312608520667,44155300
2024-08-14,219.8806610107422,221.17979111862692,217.8774142480331,218.7402072098891,41960600
2024-08-15,222.85577392578125,223.48055242779947,220.9120269929499,222.73677426147512,46414000
2024-08-16,224.1747283935547,224.94825642777528,221.79462933024135,222.06239369045758,44340200
2024-08-19,224.0160675048828,224.115243980586,221.18970440160442,223.84747960195193,40687800
2024-08-20,224.6309051513672,225.28543353253482,223.57970115675508,223.8970537532744,30299000
2024-08-21,224.52182006835938,226.08871448701353,223.1830285060583,224.64083485973637,34765500
2024-08-22,222.66732788085938,226.44571820828537,222.04254943445835,225.90027790842765,43695300
2024-08-23,224.9581756591797,226.32673228874265,222.46900358067504,223.78797197411373,38677300
2024-08-26,225.29534912109375,225.39452559231563,222.0326490158817,224.87883517993083,30602200
2024-08-27,226.13832092285156,226.95152567852384,223.02437015551794,224.1251624880706,35934600
2024-08-28,224.61106872558594,227.95310672511408,223.8077756875659,226.0291983356657,38052200
2024-08-29,227.88369750976562,230.98773644426686,226.98125820388418,228.19113851748892,51906300
2024-08-30,227.10025024414062,228.4886300006117,225.59285569982603,228.28038060324323,52990800
2024-09-03,220.92193603515625,227.10024860517055,219.33520335446548,226.65398476754012,50190600
2024-09-04,219.01788330078125,219.94016096302124,215.67582978550038,219.82116129878526,43840200
2024-09-05,220.53515625,223.60942979215415,219.6822901432701,219.79137819641707,36615400
2024-09-06,218.98812866210938,223.37145940933704,217.94683622588397,222.09215251756703,48423000
2024-09-09,219.07737731933594,219.4343914347755,214.91222272734436,218.98812757352732,67180000
2024-09-10,218.28399658203125,219.6426263973432,214.93203178151688,217.1038662465979,51591000
2024-09-11,220.81285095214844,221.23927647566495,216.0824178921796,219.62280899168329,44587100
2024-09-12,220.92193603515625,221.69546405563682,217.99641184157417,220.65417167969628,37455600
2024-09-13,220.65419006347656,222.18140791181287,220.06908820245332,221.72523244234597,36766600
2024-09-16,214.52545166015625,215.41797935337752,212.14535259122513,214.7436126542421,59357400
2024-09-17,214.99156188964844,215.10064996456288,212.72056577105593,213.96019610771708,45519300
2024-09-18,218.8592071533203,220.86245391858552,215.7353297749969,215.7452565018275,59894900
2024-09-19,226.9713134765625,227.9134444812765,222.76649775953877,223.12351184232415,66781300
2024-09-20,226.306884765625,231.1563174701668,225.73169454082358,228.0622053540531,318679900
2024-09-23,224.5912628173828,227.54653724680347,223.93673438033483,225.45404067299683,54146000
2024-09-24,225.48377990722656,227.44736512534206,223.85738561877668,226.75316007712865,43556100
2024-09-25,224.4920654296875,225.40443143928672,222.16156973744518,223.06400902085235,42308700
2024-09-26,225.63253784179688,226.60440369502516,223.54004142995942,225.41436171300208,36636700
2024-09-27,225.90028381347656,227.61594290444046,225.41435845997736,226.56473891662026,34026000
2024-09-30,231.06707763671875,231.06707763671875,227.74486252768645,228.13162655878588,54541900
2024-10-01,224.3334197998047,227.74486962890148,221.88390914906273,227.6159583693189,63285000
2024-10-02,224.89866638183594,225.48376819979168,221.16986421787885,224.01605029183685,32880600
2024-10-03,223.79786682128906,224.92840891217833,221.4673712198949,223.27226484855484,34044200
2024-10-04,224.9185333251953,226.10857543260985,222.27068471823083,226.00939895190598,37245100
2024-10-07,219.85092163085938,223.81773870352313,219.4939074890314,222.63760820325265,39505400
2024-10-08,223.89707946777344,224.10532889247753,221.39798044587943,222.43927296601913,31855700
2024-10-09,227.63577270507812,227.84403724277382,222.96485445261254,223.36153007501719,33591100
2024-10-10,227.1399383544922,227.59612897487835,225.28545621996582,225.89039642732237,28183500
2024-10-11,225.66229248046875,227.5068628874906,225.4540279414576,227.39777482080956,31759200
2024-10-14,229.38119506835938,229.80762063057296,226.70359663127624,226.80275797652766,39882100
2024-10-15,231.9100341796875,235.51983687729248,230.44230106244424,231.67201972311165,64751400
2024-10-16,229.85720825195312,230.19438406287304,227.9332995992129,229.67870875165642,34082200
2024-10-17,230.22413635253906,231.91004568892726,228.6076687095473,231.49351658619665,32993800
2024-10-18,233.0504913330078,234.2206950473064,232.0686987091599,234.2206950473064,46431500
2024-10-21,234.51821899414062,234.8851598599691,232.5050605584077,232.5050605584077,36254500
2024-10-22,233.90335083007812,234.26036494372266,230.67040061866737,231.94969236544068,38846600
2024-10-23,228.8456573486328,233.18932661738793,225.87054472777703,232.13812257917175,52287000
2024-10-24,228.6572265625,228.9051525928802,226.5151420282862,228.0721096303277,31109500
2024-10-25,229.49026489257812,231.28524701350278,227.665532857223,227.83412074973037,38802300
2024-10-28,231.46377563476562,232.78274415861915,230.62083606612686,231.38445260776976,36087100
2024-10-29,231.73153686523438,232.38606532055925,230.39274516902225,231.16627329542206,35417200
2024-10-30,228.19114685058594,231.53318522639518,227.64570650368097,230.68031899274527,47070900
2024-10-31,224.03590393066406,227.92338265648337,223.50037517792762,227.43744214117888,64370100
2024-11-01,221.06077575683594,223.4805363045207,218.44267740554844,219.1368672842602,65276700
2024-11-04,220.16824340820312,220.94177147156717,217.88733586004025,219.15671602208408,44944500
2024-11-05,221.59629821777344,222.09215031274817,219.3054639601429,219.9599923572388,28111300
2024-11-06,220.8723602294922,224.19457534628128,219.35505401685137,220.76327216240406,54561100
2024-11-07,225.59286499023438,225.9895557457087,222.7070172967094,222.7665171269793,42137700
2024-11-08,225.3248291015625,227.01257809039103,224.77878865400953,225.53330763226646,38328800
2024-11-11,222.61447143554688,224.07388164377818,219.90414468405433,223.37892800863307,42005600
2024-11-12,222.61447143554688,223.96467356190874,221.75074442821315,222.9321731823864,40398300
2024-11-13,223.498046875,225.01702229393592,221.15504963584843,222.39604361529624,48566200
2024-11-14,226.57574462890625,227.22105551450989,223.3789425502784,223.398802697962,44923900
2024-11-15,223.37892150878906,225.28508648780175,222.65418524957263,224.76882873863602,47923700
2024-11-18,226.37716674804688,228.08477571151616,223.54769435597734,223.62711979019133,44633700
2024-11-19,226.63531494140625,228.501774994788,225.02699136706502,225.34467799276683,36211800
2024-11-20,227.35009765625,228.2733899080337,224.2625040209905,226.4168677573381,35169600
2024-11-21,226.8735809326172,228.50176458087773,224.0838286281757,227.230987838277,42108300
2024-11-22,228.21385192871094,229.05773399756174,226.41689485035167,226.41689485035167,38168300
2024-11-25,231.1922149658203,231.56948199204686,228.0847762696763,229.79238523732437,90152800
2024-11-26,233.366455078125,233.87279036398945,231.6489234928732,231.6489234928732,45986200
2024-11-27,233.23739624023438,233.99193037541463,232.125470334311,232.78071887838198,33498400
2024-11-29,235.62010192871094,236.0966394139658,232.28430923421996,233.11825362062933,28481400
2024-12-02,237.8638153076172,239.0551666028684,235.45133007089746,235.5605381566453,48137100
2024-12-03,240.90176391601562,241.01097200063165,237.17878168890522,238.08222901174219,38861000
2024-12-04,241.25918579101562,242.35126670496282,239.5118714775545,241.12019505186365,44383900
2024-12-05,241.28897094726562,242.77816394602775,240.38553870781277,242.23213863223197,40033900
2024-12-06,241.0903778076172,242.86748966267425,240.33585892461636,241.1598807416467,36870600
2024-12-09,244.97222900390625,245.45870413211114,240.0082527322972,240.08767817050534,44649200
2024-12-10,245.98489379882812,246.42172615122828,243.5723933612922,245.11122909402775,36914800
2024-12-11,244.714111328125,248.9930565140259,244.48575750906295,246.17352158557497,45205800
2024-12-12,246.1735382080078,246.94791735826738,243.90995090472455,245.11123992691697,32777500
2024-12-13,246.34228515625,247.49391610940148,244.46590277835176,246.0345210589055,33155300
2024-12-16,249.2313232421875,249.56888515433104,245.86574781090837,246.2033097230519,51694800
2024-12-17,251.65371704101562,252.00120141225344,247.98037791856115,248.2782195012147,51356400
2024-12-18,246.26287841796875,252.4479889260113,245.95511429725673,250.34326772719038,56774100
2024-12-19,247.99032592773438,250.184410158509,245.3097817058068,245.71683140567848,60882300
2024-12-20,252.656494140625,253.1628143156686,243.91989202858784,246.25295201238012,147495300
2024-12-23,253.43084716796875,253.80809906094288,251.62395254537785,252.93444954402884,40858800
2024-12-24,256.33978271484375,256.34969006633503,253.4507293352449,253.64930053302467,23234700
2024-12-26,257.1538391113281,258.2260750496306,255.77386933789322,256.32983230675023,27237100
2024-12-27,253.74853515625,256.836144148833,251.2367643772991,255.97238682838486,42355300
2024-12-30,250.38294982910156,251.67358663649517,248.94339979921563,250.41273247360002,35557500
2024-12-31,248.61578369140625,251.45517870098834,247.63291094425557,250.62123433005314,39480700
2025-01-02,242.0931396484375,247.3053149666319,240.07776640397734,247.1365264348607,55740700
2025-01-03,241.60667419433594,242.42075849453866,240.147263834766,241.60667419433594,40244100
2025-01-06,243.23483276367188,245.54804748087855,241.4477983095151,242.54980162717402,45045600
2025-01-07,240.46495056152344,243.78088314896328,239.61114601786818,241.22939201717418,40856000
2025-01-08,240.951416015625,241.9541489627904,238.32051453305579,240.17703689438372,37628900
2025-01-10,235.14356994628906,238.4297199246896,231.32130202918376,238.28079154222544,61710900
2025-01-13,232.71121215820312,232.9792711307645,228.06493742769467,231.84748509521594,49630700
2025-01-14,231.59927368164062,234.41880854341963,230.7951119565212,233.05868390458076,39435300
2025-01-15,236.1562042236328,237.2383625727966,232.74098609709984,232.94947976770305,39832000
2025-01-16,226.61544799804688,236.29520209930612,226.3871093224655,235.6399687194268,71759100
2025-01-17,228.3230743408203,230.61642921557544,226.83388128979956,230.447655820989,68488300
2025-01-21,221.03594970703125,222.80312416686704,217.79944241349193,222.38615194982364,98070400
2025-01-22,222.21737670898438,222.5052806842356,218.2064751614249,218.2064751614249,64126500
2025-01-23,222.048583984375,225.39429904989126,220.69838187044374,223.12080464680741,60234800
2025-01-24,221.1749267578125,224.00439930767484,219.81480209957203,223.160517277336,54697900
2025-01-27,228.2039337158203,230.47742834163907,222.36629236472388,222.40601266103107,94863400
2025-01-28,236.54339599609375,238.4594987479956,229.147074251248,229.18679454547646,75707600
2025-01-29,237.63548278808594,238.13188043636077,232.32402189200354,232.43322998057818,45486100
2025-01-30,235.8782196044922,239.05516137192973,235.50096771104396,236.95044029141235,55658300
2025-01-31,234.2996826171875,245.40906406001392,231.75812916176676,245.40906406001392,100959800
2025-02-03,226.36724853515625,230.15973381299622,224.0738938399255,228.33299411580026,73063300
2025-02-04,231.12274169921875,231.45036595591674,225.01704170433482,225.61272492539547,45067300
2025-02-05,230.79515075683594,230.9937068095657,226.62541305408809,226.8835344077512,39620300
2025-02-06,231.53970336914062,232.11552641696264,228.76979621063217,229.62360070928509,29925300
2025-02-07,225.99000549316406,232.31410688860944,225.622660920367,230.92419948813392,39707200
2025-02-10,226.25833129882812,229.1803610121675,225.81108525741098,228.16660736242451,33115600
2025-02-11,231.19796752929688,233.79201296403912,226.7354250213283,226.8049892187756,53718400
2025-02-12,235.42196655273438,235.51142789245534,229.26980470124647,229.78663009476247,45243300
2025-02-13,240.05349731445312,240.85854326211725,234.12993999243653,235.46174477414044,53614100
2025-02-14,243.10470581054688,244.04889519264196,239.51677402617887,239.77517912233392,40896200
2025-02-18,242.97552490234375,243.6811760890431,240.3615975750387,242.65747382373942,48822500
2025-02-19,243.37306213378906,244.50609250836237,241.6735241546838,243.16435439309654,32204200
2025-02-20,244.3271942138672,245.27138364211797,242.7966000469895,243.4426355672204,32316900
2025-02-21,244.04891967773438,247.16972378813352,243.72093519653038,244.44646835255205,53197400
2025-02-24,245.58944702148438,247.33868242018207,242.92582237394555,243.43269920852308,51326400
2025-02-25,245.52980041503906,248.47171215983582,243.41283173998391,246.48393846255715,48013300
2025-02-26,238.890625,243.48237703128345,237.66814851741972,242.83635669602367,44433600
2025-02-27,235.84934997558594,240.9778097055873,235.61081167459415,237.94645181292123,41153600
2025-02-28,240.36158752441406,240.61005923211764,228.7927454203557,235.5014815283524,56833400
2025-03-03,236.5748748779297,242.5381957053339,234.66661403302143,240.31188380351972,47184000
2025-03-04,234.4877166748047,238.60242278275774,233.24535811530478,236.25684921580154,53798100
2025-03-05,234.29888916015625,235.1039350742086,227.82867612475383,233.98083809185871,47227600
2025-03-06,233.89138793945312,236.4059203890797,231.73465535282332,233.00682927336524,45170400
2025-03-07,237.6085205078125,239.8944479764648,233.3248557337566,233.67272217403436,46273600
2025-03-10,226.08937072753906,234.71631625547707,222.84930513729455,234.10009611136832,72071200
2025-03-11,219.48997497558594,224.45940937640347,216.12069905845206,222.44182022291236,76137400
2025-03-12,215.65354919433594,220.39439337943787,213.59621144659917,218.79423505763873,62547500
2025-03-13,208.398193359375,215.51442704761877,207.14590135231947,214.62986833256545,61368300
2025-03-14,212.18492126464844,212.6421007492463,208.29881981801313,209.95860913307365,60107600
2025-03-17,212.69178771972656,213.9043309003415,208.68642489319868,212.00600336087763,48073400
2025-03-18,211.38978576660156,213.83473880015984,210.19712464056028,212.85080057479257,42432400
2025-03-19,213.9241943359375,217.42266485537363,212.44329758558237,212.91042558181826,54385400
2025-03-20,212.79115295410156,216.16042833043304,210.92264106634573,212.68182480821145,48862900
2025-03-21,216.9356689453125,217.50217651661012,209.98839498228966,210.26668206389348,94127800
2025-03-24,219.38064575195312,220.1260609084734,217.24379503613238,219.64899945464327,44299500
2025-03-25,222.3822021484375,222.73006864258363,218.73463890959596,219.42042332259138,34493600
2025-03-26,220.17575073242188,223.64442126802376,219.12223310716143,222.1436424317859,34466100
2025-03-27,222.48158264160156,223.61461307047793,219.21168633594712,220.03661426059983,37094800
2025-03-28,216.56793212890625,222.44180687800483,216.34927581514728,220.31488968867507,39818600
2025-03-31,220.7720947265625,224.24075018814546,214.90815310911736,215.6833836525119,65299300
2025-04-01,221.82559204101562,222.31258685550372,217.56180927777046,218.46624988397502,36412700
2025-04-02,222.5213165283203,223.8133724100327,219.66886624627372,219.9670353213626,35905900
2025-04-03,201.9478759765625,206.22159255986557,200.01973301812973,204.2835010267849,103419000
2025-04-04,187.22840881347656,198.65810753704542,186.19475800144227,192.70471987275084,125910900
2025-04-07,180.3507080078125,192.96311894309866,173.55251067175698,176.11674047268428,160466300
2025-04-08,171.365966796875,189.17641711488596,168.175598539417,185.55866963100107,120859500
2025-04-09,197.6343994140625,199.38363475051753,170.83920418374143,170.89883496621582,184395900
2025-04-10,189.25595092773438,193.58929863014055,181.88131158917142,187.9142126464653,121880000
2025-04-11,196.93865966796875,198.32016168749274,184.92257212057936,184.96233608452022,87435900
2025-04-14,201.281982421875,211.63828226401768,199.93029560984905,210.14745189040866,101352900
2025-04-15,200.90428161621094,202.26590170954893,198.57859009217825,200.6259945192588,51343900
2025-04-16,193.0823974609375,199.47308245703653,191.19400339685228,197.1473909296092,59732400
2025-04-17,195.7758331298828,197.61452992177487,193.2314851467638,195.9944894564487,52164700
2025-04-21,191.9791717529297,192.6152586778503,188.64964501381652,192.08849990403363,46742500
2025-04-22,198.5189666748047,200.3576482646354,194.77200897005906,194.92108593270402,52976400
2025-04-23,203.34925842285156,206.72846769395255,201.56025903470575,204.7406939661261,52929200
2025-04-24,207.09619140625,207.55338601533765,201.69939326414854,203.63746952607698,47311000
2025-04-25,208.00064086914062,208.46776890662989,204.9394675201618,205.10842646651815,38222300
2025-04-28,208.85537719726562,210.2070638884643,206.1917677806294,208.71623364812058,38743100
2025-04-29,209.91883850097656,210.94254069563792,207.09618845243054,207.4142395090872,36827600
2025-04-30,211.20094299316406,212.2743425468257,205.40658118436113,208.02050829648644,52286500
2025-05-01,212.0159454345703,213.2483553954001,207.62295230903422,207.80185982414434,57365700
2025-05-02,204.09466552734375,205.72463931330321,200.92416412992952,204.83013207172814,101010600
2025-05-05,197.67416381835938,202.8523212109494,196.99832800962005,201.85843431656065,69018500
2025-05-06,197.29647827148438,199.42339557924856,195.81559653234874,196.99832434112832,51216500
2025-05-07,195.05026245117188,198.22076341125427,192.06860238822404,197.9524097592469,68536700
2025-05-08,196.28269958496094,198.82704723676696,193.4898650803139,196.51128929096475,50478900
2025-05-09,197.3163604736328,199.3140676367793,196.33240700583877,197.78348851905432,36453900
2025-05-12,209.776123046875,210.2538252478288,205.75556156059073,209.95526516858178,63775800
2025-05-13,211.90585327148438,212.37359390520234,207.9947628663851,209.41787763911134,51909300
2025-05-14,211.3087158203125,212.9109724892217,209.56713314477625,211.40822571910564,49325800
2025-05-15,210.43295288085938,211.93569971673273,208.53213606160298,209.93535780893234,45029500
2025-05-16,210.24386596679688,211.54757782116647,208.7610423595207,211.33858120774948,54737900
2025-05-19,207.7758026123047,208.47243269467637,203.2775387890809,206.90999202317107,46140500
2025-05-20,205.8650360107422,207.46729276724128,204.04383620537516,206.67113760639387,42496600
2025-05-21,201.11798095703125,206.04416933851562,199.74462882701684,204.1831685508297,59211800
2025-05-22,200.39149475097656,201.77480849030061,198.7394754118135,199.7446272097534,46742400
2025-05-23,194.33079528808594,196.74910019358438,192.5295034494263,192.7384848883374,78432900
2025-05-27,199.24703979492188,199.77448939448533,196.4803970243206,197.34622283817185,56288500
2025-05-28,199.4560089111328,201.75489573800118,198.9385057789635,199.6251894151235,45339700
2025-05-29,198.98826599121094,202.8297005493605,197.55518975609246,202.60081106845576,51396800
2025-05-30,199.88394165039062,200.98860329086406,195.83351057352263,198.4110493394953,70819900
2025-06-02,200.7298583984375,201.15779807678393,199.15745607510846,199.31669015009302,35423300
2025-06-03,202.29232788085938,202.78992300957722,199.9934408158467,200.38156440883068,46381600
2025-06-04,201.844482421875,205.24803106286797,201.12794426741362,201.93404589483336,43604000
2025-06-05,199.6649932861328,203.765171611367,199.1872911078447,202.521183994692,55126100
2025-06-06,202.93917846679688,204.7106157617459,201.07817770068002,202.0236053289331,46607700
2025-06-09,200.48104858398438,205.0091667110405,199.05793398755327,203.4069099948636,72862600
2025-06-10,201.69517517089844,203.36710243054736,199.60528507808198,199.63513956616538,54672600
2025-06-11,197.82391357421875,203.51640292967522,197.45569804682734,202.5212126953003,60989900
2025-06-12,198.24188232421875,198.71956936233477,196.4107360236097,198.12246436103902,43904600
2025-06-13,195.50509643554688,199.4062398916536,194.758703844025,198.7693188209708,51447300
2025-06-16,197.46563720703125,197.73434281232372,195.61458283187793,196.3510290449251,43020700
2025-06-17,194.69900512695312,197.4357781067605,194.27108064091922,196.25149936947125,38856200
2025-06-18,195.6344757080078,196.6197193940347,194.13174409281177,194.9975546383106,45394700
2025-06-20,200.03323364257812,200.72986375748766,195.9131467510872,197.28651411005004,96813500
2025-06-23,200.5308074951172,201.32696262150702,198.00303129313016,200.6601870689569,55814300
2025-06-24,199.33657836914062,202.4614746491071,199.23705328583006,201.61555699715424,54064000
2025-06-25,200.59051513671875,202.6903668657116,199.65503400834336,200.4810436177515,39525700
2025-06-26,200.03323364257812,201.66534499125092,198.5006473897771,200.461158146952,50799100
2025-06-27,200.11285400390625,202.24256049649406,199.03804672932017,200.91895566349635,73188600
2025-06-30,204.18316650390625,206.39248990855162,198.3015889216639,201.03836190454115,91912800
2025-07-01,206.8204345703125,209.17903048404247,205.14850713857425,205.6759567295316,78788900
2025-07-02,211.418212890625,212.31387801499196,207.13889190503232,207.90519262679368,67941800
2025-07-03,212.52285766601562,213.61755770997246,210.7912213537831,211.12958235725722,34955800
2025-07-07,208.94017028808594,215.18996325511674,207.79570768244494,211.65703516300363,50229000
2025-07-08,208.9998779296875,210.41304612040562,207.4473837253886,209.08945658408672,42848900
2025-07-09,210.12445068359375,210.31353924447487,206.22330706177223,208.52219391164948,48749400
2025-07-10,211.3883514404297,212.45319704499605,209.0197939340788,209.49748097232364,44443600
2025-07-11,210.1443328857422,211.10966844118758,208.85058279423234,209.55717440553374,39765800
2025-07-14,207.6165771484375,209.89557123752414,206.54176989733165,208.92027389637033,38840100
2025-07-15,208.10421752929688,210.87084499335577,207.9151289669034,208.21368905566166,42296300
2025-07-16,209.149169921875,211.37838618562168,207.63647661047767,209.28849593835915,47490500
2025-07-17,209.00985717773438,210.78129457926272,208.5819174807461,209.55721484346458,48068100
2025-07-18,210.16424560546875,210.77131219576944,208.69136845628208,209.85573909301036,48974600
2025-07-21,211.4580078125,214.74213848423943,210.61210526026528,211.07984586548804,51377400
2025-07-22,213.3687744140625,213.91613206526756,211.20921348603295,212.11484021935428,46404100
2025-07-23,213.11996459960938,214.11515474984876,211.38834345684663,213.96588230147148,46989300
2025-07-24,212.7318572998047,214.65258233290422,212.50296779967493,212.87118332406595,46022600
2025-07-25,212.85128784179688,214.20474714033003,212.37358560556336,213.66733592091674,40268800
2025-07-28,213.02044677734375,213.8166019050196,212.03520309848784,213.00053872316795,37858000
2025-07-29,210.2538299560547,213.7767964509494,209.80599741985404,213.14982178903043,51411700
2025-07-30,208.04449462890625,211.36842593737322,206.72088996610802,210.88077731884883,45512500
2025-07-31,206.57162475585938,208.83069544134486,206.16359315375274,207.48719786288635,80698400
2025-08-01,201.40660095214844,212.5527283441607,200.530828701964,209.8557561748323,104434500
2025-08-04,202.37193298339844,206.88014336875773,200.70995198839026,203.52634207300898,75109300
2025-08-05,201.94398498535156,204.35234334482283,201.18764593221573,202.42167200915333,44155100
2025-08-06,212.2242889404297,214.3440487139093,204.60112912578842,204.64094523363173,108483100
2025-08-07,218.97171020507812,219.78777350172422,215.53830686848738,217.82724748801394,90224800
2025-08-08,228.2468719482422,229.88892965735022,218.19544514014734,219.76784743364436,113854000
2025-08-11,226.34388732910156,228.71513292468896,223.9327956372812,227.08116933177635,61806100
2025-08-12,228.80477905273438,229.95055565919736,226.23428798669784,227.17081559543826,55626200
2025-08-13,232.4712677001953,234.13511970527446,229.5819315694875,230.21959074533873,69878500
2025-08-14,231.9232940673828,234.2546784716922,230.00040438081015,233.1985820425246,51916300
2025-08-15,230.73765563964844,233.417757832359,228.49593650929467,233.1387895567921,56038700
2025-08-18,230.04022216796875,232.26201052585682,229.26309412883964,230.8472385776313,37476200
2025-08-19,229.71145629882812,232.0129522601839,228.50591803460907,230.42880766374827,39402600
2025-08-20,225.17819213867188,229.6217843388592,224.93908515924198,229.13358225147155,42263900
2025-08-21,224.072265625,225.6863136691638,222.95639256938466,225.43723377620466,30621200
2025-08-22,226.9217529296875,228.2468598588307,224.58041092619504,225.33760837029214,42477800
2025-08-25,226.323974609375,228.45609804536198,225.3973894325087,225.6464693442017,30983100
2025-08-26,228.46603393554688,228.64537936019502,223.8630424721864,226.03501179732243,54575100
2025-08-27,229.6417236328125,230.05020313892598,227.41991984776428,227.7686378094015,31259500
2025-08-28,231.70408630371094,232.55096405412047,228.4959359400532,229.9704999102399,38074700
2025-08-29,231.28562927246094,232.52107103838586,230.51845893056873,231.65426265633033,39418400
2025-09-02,228.87454223632812,230.00038826150748,226.1346633063032,228.4062708029861,44075600
2025-09-03,237.59234619140625,237.9709525201245,233.49747185558658,236.33698891571112,66427800
2025-09-04,238.89752197265625,239.01707546456905,235.86871695735925,237.57241502764154,47549400
2025-09-05,238.80784606933594,240.43185187342493,237.61226559630578,239.1167027112504,54870400
2025-09-08,237.0045166015625,239.2661511981365,235.47017586985078,238.41928864081726,48999500
2025-09-09,233.48748779296875,237.90117601089239,232.5011259859287,236.12772846479334,66313900
2025-09-10,225.95533752441406,231.56462228661692,225.11843262708078,231.33547301291114,83440800
2025-09-11,229.18341064453125,229.60186307827533,225.81584532196928,226.04500979013486,50208600
2025-09-12,233.2085418701172,233.6469097348115,228.17712472443904,228.37638560886936,55824200
2025-09-15,235.82884216308594,237.31336381412066,234.16499028444412,236.1277410783948,42699500
2025-09-16,237.27352905273438,240.33223781067687,235.4502773909715,236.3070977333125,63421100
2025-09-17,238.1104278564453,239.21634322602875,236.85505542454314,238.09049720761,46508000
2025-09-18,237.0045166015625,240.31228984200703,235.77903252032195,239.08682096339746,44249600
2025-09-19,244.59646606445312,245.3935247988757,239.32594197772087,240.34217704154452,163741300
2025-09-22,255.13751220703125,255.69547916115815,247.2068166293636,247.38616206443075,105517400
2025-09-23,253.4935760498047,256.3928695916873,252.64671355307894,254.93825156077958,60275200
2025-09-24,251.38140869140625,254.79879299943292,250.11607847800005,254.2807025242173,42303700
2025-09-25,255.9246063232422,256.22352044118514,250.7836088309123,252.27808820484515,55202100
2025-09-26,254.51980590820312,256.6519291955366,252.84598111295833,253.16481067495934,46076300
2025-09-29,253.4935760498047,254.06148549110597,252.07880411177766,253.62310245626918,40127700
2025-09-30,253.69287109375,254.97811672142575,252.17846100632588,253.92202035086734,37704300
2025-10-01,254.50985717773438,257.8375764362911,253.99176669154556,254.10136246357334,48713900
2025-10-02,256.1836242675781,257.22974752480764,253.21458136967644,255.63563032858355,42630200
2025-10-03,257.07037353515625,258.2858846694617,253.01536064819075,253.73271197999827,49155600
2025-10-06,255.7452850341797,258.1165305885388,254.1113214696764,257.0404883747525,44664100
2025-10-07,255.53607177734375,256.45266881763376,254.48991791397023,255.86484387966763,31955800
2025-10-08,257.1102294921875,257.56852798749276,255.16739414069707,255.5758888188916,36496900
2025-10-09,253.1050262451172,257.0504585775582,252.2083446799687,256.8611554198282,38322000
2025-10-10,244.3673095703125,255.436420799504,243.10197943699816,254.00171816056968,61999100
2025-10-13,246.74851989746094,248.7710475029622,244.6562426215344,248.46219085423505,38142900
2025-10-14,246.8581085205078,247.93413549962378,243.79940008876653,245.69241642712313,35478000
2025-10-15,248.42233276367188,250.89321639065437,246.559219921403,248.57178982967116,33893600
2025-10-16,246.53929138183594,248.1234359576197,244.22783772705108,247.33635013275978,39777000
2025-10-17,251.36146545410156,252.44746537322095,246.35995200283696,247.10719170360767,49147000
2025-10-20,261.27484130859375,263.4069798400544,254.68918336894043,254.94822099113512,90483000
2025-10-21,261.80291748046875,264.3136625920602,260.86637452698056,260.91620875530236,46695900
2025-10-22,257.49884033203125,261.882640960004,254.48993535873984,261.68336485657886,45015300
2025-10-23,258.6246337890625,259.6608147081683,257.0604350924048,258.98332466328685,32754900
2025-10-24,261.85272216796875,263.15789839957887,258.22610426270086,260.2287163700197,38253700
2025-10-27,267.8207092285156,268.12956591820625,263.67601542509226,263.90517991319996,44888200
2025-10-28,268.010009765625,268.8967489277785,267.1631319065021,268.000036838551,41534800
2025-10-29,268.7073974609375,270.4110953948544,266.1269030442272,268.28892986747474,51086700
2025-10-30,270.4011535644531,273.131090148023,267.49191714200913,270.98897852374654,69886500
2025-10-31,269.37493896484375,276.29937269597025,268.16940070155243,275.9705701844509,86167100
2025-11-03,268.05975341796875,269.8531467885877,265.2700709373508,269.424736694289,50194600
2025-11-04,269.0461730957031,270.49081837885313,266.6350661079627,267.3424445625432,49274800
2025-11-05,269.14581298828125,270.7000692568828,265.94760492323326,267.6214146886098,43683100
2025-11-06,268.7771301269531,272.3937751745226,266.90407480138714,266.90407480138714,51204000
2025-11-07,267.4819030761719,271.28785094446636,265.78814772800683,268.8069946610708,48227400
2025-11-10,268.6986083984375,272.9869540449525,266.7339548671466,268.22988302493957,41312400
2025-11-11,274.5028076171875,275.16101963639426,269.0675899882029,269.07757258136417,46208300
2025-11-12,272.7276306152344,274.9815052844664,270.9624464716027,274.25347600982695,48398000
2025-11-13,272.2090759277344,275.9488963676571,271.3513946141157,273.36590026791555,49602800
2025-11-14,271.6705017089844,275.21085247368256,268.8681323529343,270.31417782757546,47431300
2025-11-17,266.73394775390625,269.7557213346742,265.00866346949266,268.09027174019775,45018300
2025-11-18,266.71405029296875,269.9751630894399,264.59980979362433,269.25711627506445,45677300
2025-11-19,267.8309631347656,271.47104873805114,264.77927226211665,264.80918960656476,40424500
2025-11-20,265.5272521972656,274.68232536305425,265.1981613886433,270.09480618650156,45823600
2025-11-21,270.75299072265625,272.5879921198442,264.9488130991126,265.2280517805383,59030800
2025-11-24,275.1710205078125,276.24807542504453,270.164627965921,270.164627965921,65585800
2025-11-25,276.2181701660156,279.6189174225992,274.50283786370125,274.52277261748515,46914200
2025-11-26,276.79656982421875,278.7712060098946,275.8790842359358,276.2081750495132,33431400
2025-11-28,278.0930480957031,278.242634823177,275.2407959413455,276.50736791500816,20135600
2025-12-01,282.3315124511719,282.65065109438723,275.3904143522869,277.2553332443013,46587700
2025-12-02,285.4131164550781,286.619823290159,281.86278279875575,282.231773534172,53669500
2025-12-03,283.378662109375,287.8365294074879,282.5309633672564,285.4231155973949,43538700
2025-12-04,279.9380187988281,283.95707766942763,277.83373081751637,283.3287830094401,43989100
2025-12-05,278.02325439453125,280.37686403379615,277.29522501275557,279.77848663840757,47265800
2025-12-08,277.1356506347656,278.9108174051644,275.4003533668138,277.374989388386,38211800
2025-12-09,276.4275817871094,279.2698514894354,276.16830825817004,277.40493251311347,32193300
2025-12-10,278.02325439453125,278.9906225605669,275.6896099437804,276.99605153243056,33038300
2025-12-11,277.2752685546875,278.8310314000742,273.0667227973629,278.34237127554803,33248000
2025-12-12,277.5246276855469,278.46207855775873,276.06859927253834,277.1456542987284,39532900
2025-12-15,273.3658752441406,279.3894873363706,272.0993337942639,279.3894873363706,50409100
2025-12-16,273.8645324707031,274.752131096348,271.0522107383373,272.07941349564567,37648600
2025-12-17,271.10205078125,275.41033087528734,270.9026119684932,274.2634587890498,50138700
2025-12-18,271.4511413574219,272.88723490520505,266.22537510199504,272.8672697170699,51630700
2025-12-19,272.9271240234375,273.8545921928022,269.1673383776201,271.4112306527045,144632000
2025-12-22,270.23443603515625,273.13654030849926,269.7756932559407,272.1192896847017,36571800
2025-12-23,271.62066650390625,271.7603010837797,268.8282792538215,270.1048034873943,29642000
2025-12-24,273.06671142578125,274.6823088952694,271.46109654935304,271.60070067851706,17910600
2025-12-26,272.6578063964844,274.6224597374741,272.11926379011726,273.4157529954652,21521800
2025-12-29,273.0168762207031,273.61522314661676,271.6107000753325,271.9497734782625,23715200
2025-12-30,272.33868408203125,273.3359694836473,271.54086793463244,272.06942798009953,22139600
2025-12-31,271.12200927734375,272.9370761103812,271.0123224859311,272.3187639976345,27293600
2026-01-02,270.2743225097656,277.0857683126949,268.2697691424855,271.52092924369913,37838100
2026-01-05,266.5345153808594,270.7729784841199,265.41756056202854,269.9053450243044,45647200
2026-01-06,261.6477966308594,266.82371056256306,261.40845786144683,266.27521573774703,52352100
2026-01-07,259.623291015625,262.964203143993,259.1047135716701,262.48552563718374,48309800
2026-01-08,258.3368225097656,258.58614386359903,255.00587765735156,256.3222864925608,50419300
2026-01-09,258.6659240722656,259.5036402038468,255.52448097015204,258.3767027680543,39997000
2026-01-12,259.54351806640625,260.5906555331263,256.1028713590674,258.45648066308013,45263800
2026-01-13,260.3413391113281,261.0992857475004,257.6885867541948,258.0176775418968,45730800
2026-01-14,259.25433349609375,261.10930037675524,256.0131555781144,258.78560808748875,40019400
2026-01-15,257.5090637207031,260.3313985459844,256.35220896361545,259.9424426175537,39388600
2026-01-16,254.8363494873047,258.1971965798445,254.23797213114116,257.1999111311508,72142800
2026-01-20,246.0303192138672,254.09835490933511,242.75922413209136,252.04394930256512,80267500
2026-01-21,246.97775268554688,250.8771427168815,244.51445623630568,248.02490552393743,54641700
2026-01-22,247.67584228515625,250.31864258405668,247.47637302553753,248.52352576906395,39708300
2026-01-23,247.36668395996094,248.7329754164565,244.01580413580567,246.6486524137701,41689000
2026-01-26,254.7166748046875,255.86354695988197,249.12190294519746,250.7973351598156,55969200
2026-01-27,257.5688781738281,261.23891141767155,257.50904348719195,258.4664593428383,49648300
2026-01-28,255.743896484375,258.15731035497566,253.8191275531099,256.95060341967536,41288000
2026-01-29,257.5788879394531,258.94516415300217,253.7193980705993,257.29964922744847,67253000
2026-01-30,258.775634765625,261.1890484668085,251.49543285360957,254.47732177254832,92443400
2026-02-02,269.2770690917969,269.7557466562268,258.50636737104884,259.3241487899344,73913400
2026-02-03,268.7485046386719,271.1419837262723,266.88355520832346,268.4692659190308,64394700
2026-02-04,275.7394104003906,278.19275421850585,271.55083028665655,271.55083028665655,90545700
2026-02-05,275.1610412597656,278.7412924914769,272.48832346973,277.37501624935936,52977400
2026-02-06,277.364990234375,280.1474248180158,276.1782182606431,276.3677049075235,50453400
2026-02-09,274.13079833984375,277.70443813431814,271.2160169672847,277.41494619870406,44623400
2026-02-10,273.19244384765625,274.87943562430115,272.4537718732244,274.40031021957236,34376900
2026-02-11,275.00921630859375,279.6808719096702,273.9610989943363,274.2106536370846,51931300
2026-02-12,261.2637634277344,275.22883180172755,259.71650632997444,275.0990585104662,81077200
2026-02-13,255.32435607910156,261.7628783299504,254.9949421084194,261.5432690161623,56290700
2026-02-17,263.4099426269531,265.8156532326085,255.08478749757862,257.5903108294174,58469100
2026-02-18,263.8791198730469,266.3447212846438,261.9825104325609,263.13045584681157,34203300
2026-02-19,260.11578369140625,264.00886051677537,259.5867290635135,262.13220471573277,30845300
2026-02-20,264.1086730957031,264.2783836675007,257.7001265171608,258.50868117461044,42070500
2026-02-23,265.705810546875,268.95002088588865,262.91081074777924,263.0206001676805,37308200
2026-02-24,271.6552429199219,274.4003442568012,267.233111068832,267.38283777638213,47014600
2026-02-25,273.74151611328125,274.45024283739696,270.567157599074,271.29586819299504,33714300
2026-02-26,272.4637756347656,275.61811956353745,270.31758130113775,274.4602128097023,32345100
2026-02-27,263.70941162109375,272.3240439665745,262.4217314181026,272.3240439665745,72366500
2026-03-02,264.2484130859375,266.05518620599753,259.73647625260065,261.94253069595567,41827900
2026-03-03,263.2801818847656,265.08695529305965,259.6666350681776,263.0106738027697,38568900
2026-03-04,262.0523376464844,265.67587606267574,260.95432154975975,264.17854815272653,39803100
2026-03-05,259.8263244628906,261.09405110124777,256.79173142961054,260.3254337562426,49658600
2026-03-06,257.0013427734375,258.3090066542827,253.916851068475,258.16927189629365,41120000
2026-03-09,259.41705322265625,260.68477987096253,253.22808575123491,255.2345148744848,38218500
2026-03-10,260.3653564453125,262.01244158439727,256.4922936817907,257.19102845716964,30590800
2026-03-11,260.34539794921875,261.6630538494394,259.08763272962494,260.624897946549,26218900
2026-03-12,255.3043975830078,258.48873275942157,253.7272102811576,258.1992408199258,40794000
2026-03-13,249.6744384765625,255.87336762960538,249.07551643845036,255.024890934378,36930000
2026-03-16,252.36964416503906,253.43773019062647,249.4348789230203,251.66090222791988,32074200
2026-03-17,253.77711486816406,254.67552076289968,251.7307636559193,252.5093881906664,32361600
2026-03-18,249.49476623535156,254.48585937367065,248.55643828829037,252.1799767808244,35757900
2026-03-19,248.5165252685547,251.38140795985734,246.85947863088072,248.95572868612365,34864100
2026-03-20,247.54823303222656,248.75606899357115,245.56177255944445,247.53824109812177,88331100
2026-03-23,251.04200744628906,254.14646797882926,249.83415620831627,253.51758537106093,40546100
2026-03-24,251.1917266845703,254.37604644028636,249.10545347620703,249.90403139868116,45152300
2026-03-25,252.16998291015625,254.5457480998694,251.15181088451408,253.6473574345128,28476700
2026-03-26,252.43951416015625,256.5421934269488,250.32329549316128,251.67088153367666,41796700
2026-03-27,248.35679626464844,255.03488128462607,247.6281009352486,253.4477020992108,47900000
2026-03-30,246.19065856933594,250.4230956915925,245.07264337813007,249.62453299565456,39446200
2026-03-31,253.33790588378906,255.02489784868362,246.65983587287727,247.4683905467953,49598100
2026-04-01,255.1746368408203,255.72364490973627,252.8787309132899,253.6273948962928,40059400
2026-04-02,255.464111328125,255.6737439434535,250.20349485503914,253.74717405681358,31289400
2026-04-06,258.39886474609375,261.6930045642991,256.0031460821725,256.0530752925303,29329900
2026-04-07,253.0484161376953,255.7436185540334,245.2623079794448,255.70368128016966,62148000
2026-04-08,258.4388122558594,259.28730423338584,256.07303883918246,257.9896321241455,41032800
2026-04-09,260.0259704589844,260.6548530924392,255.61386101634736,258.5386343954405,28121600
2026-04-10,260.0159912109375,261.7229364827484,258.5585701252562,259.5168819122501,31291500
2026-04-13,258.73828125,259.71651601158027,256.2027973984465,259.2673359057164,36234700
2026-04-14,258.3689270019531,261.4634109961452,256.7318642110386,258.7881922504944,48370700
2026-04-15,265.95538330078125,266.08515659729386,257.35074355126085,257.7001261657452,49913500
2026-04-16,262.9307861328125,266.68409800240715,260.80457553569033,266.3247234477873,43323100
2026-04-17,269.7486267089844,271.8149160854778,266.24486962975914,266.4844323486072,61436200
2026-04-20,272.5635681152344,273.7913879220191,269.80850557942483,269.84841238867654,36590200
2026-04-21,265.69586181640625,272.3140256362382,264.9272139873882,271.0163536236942,50209800
2026-04-22,272.68341064453125,273.2523721409737,266.39461467279705,267.3429346055621,43249200
2026-04-23,272.9429016113281,275.2787294551341,271.1660737405759,274.56001085217736,33399600
2026-04-24,270.5771179199219,272.5735550213531,269.16962610782736,272.2741016414235,38157100
2026-04-27,267.1332702636719,267.88193422863776,264.59781690250213,265.6159889280984,41466800
2026-04-28,270.2277526855469,272.7432830913257,268.181416710472,271.8548539018017,40018900
2026-04-29,269.688720703125,270.55716597281076,266.56429174844374,267.07336249706583,30047900
2026-04-30,270.86663818359375,275.50834883767226,267.6623648300734,270.018146234023,91848200
2026-05-01,279.6409912109375,286.70836594964845,277.8741246788477,278.3632420760759,79915400
2026-05-04,276.3368225097656,280.13007120517506,274.3703307853319,279.16179801165765,46668400
2026-05-05,283.67376708984375,284.0630869835518,276.00745521106614,276.43668191704,49311700
2026-05-06,286.99786376953125,287.5169265187869,280.5693330033821,281.4178249779708,58336100
2026-05-07,286.927978515625,291.6096265406606,285.2709318587503,288.75470528792926,45224300
2026-05-08,292.7974853515625,294.2349225642168,289.48339230776435,289.49338424193445,52692800
2026-05-11,292.42779541015625,293.6267735875138,289.979924827367,291.72841688276577,42247300
2026-05-12,294.54595947265625,295.0155556946294,292.3078994315659,292.3078994315659,45748100
2026-05-13,298.6124572753906,300.6607090744109,293.24708951115105,293.24708951115105,52684300
2026-05-14,297.9530334472656,300.1911240450107,295.12548538387824,299.5616620172475,35324900
2026-05-15,299.9713134765625,302.93875555297063,296.26448829773227,297.643304079477,54862800
2026-05-18,297.5833435058594,300.4009207908792,294.6558756451712,299.98126929450746,34483000
2026-05-19,298.7123718261719,300.2510533099592,296.09463441963413,296.7140952726279,42243600
2026-05-20,301.98956298828125,302.5390768782648,297.82314269813475,297.9230626302997,38229800
2026-05-21,304.7271728515625,305.27671719779084,300.1411318265125,300.80056674721834,42965100
2026-05-22,308.55389404296875,311.13165741506583,305.57645096183757,305.85620846339293,43670200
2026-05-26,308.0643005371094,311.5513139598484,307.4048960873393,309.29325163060713,48000500
2026-05-27,310.5821533203125,312.9900803339556,308.0343323058515,308.0643052358437,50430900
2026-05-28,312.24072265625,312.5304508120942,309.30325358892543,310.412282475935,48220400
2026-05-29,311.7911071777344,314.7285763294451,309.2632884033746,311.5113496628706,70026800
2026-06-01,306.0460510253906,310.67206624496237,304.7571540774977,309.363197507879,48849900
2026-06-02,314.92840576171875,315.1781903378333,306.42572903356995,307.1950545511415,44534700
2026-06-03,309.9926452636719,316.6668815001487,308.5838566628498,313.9092501546009,50836700
2026-06-04,310.9618225097656,313.26982953176514,309.38316692864953,312.96009909963743,44869100
2026-06-05,307.0751647949219,314.8984348439246,306.8853260765596,312.5903972939029,65310500
2026-06-08,301.2801818847656,317.1265012321255,300.9105055796523,308.4739595974908,77949100
2026-06-09,290.29962158203125,300.4908444635933,287.5320194610898,300.0212482417878,70108800
2026-06-10,291.3287353515625,294.4960172141002,287.1323727394638,290.4894628291428,52793300
2026-06-11,295.375244140625,296.7440586571729,289.3404406054596,293.4668864344149,42572500
2026-06-12,290.879150390625,296.88398158337014,289.3704417369658,295.7749221682621,38742100
2026-06-15,296.1645812988281,297.5233947188816,291.4486474146935,293.8665449684006,45732600
2026-06-16,298.9821472167969,300.2210994929347,293.71669913987887,294.99559499590845,39874400
2026-06-17,295.6949768066406,301.8096980081642,294.10632015937927,300.59074812548096,42745100
2026-06-18,297.7532043457031,300.31099586682666,295.3652492546472,297.8530937792582,85962200
2026-06-22,296.75408935546875,302.1594314563154,296.5043047694293,297.05381866220307,44879900
2026-06-23,294.04638671875,301.3800886038737,293.9264950024863,297.2836155142734,52010900
2026-06-24,292.8274230957031,299.4417438827621,292.68755959702736,295.1054570720635,53081900
2026-06-25,274.91290283203125,288.55113481081804,273.5141152813601,287.1523472601469,107013700
2026-06-26,283.53546142578125,285.70360492137456,273.9737007161028,274.7630284991681,261775500
2026-06-29,281.4972229003906,288.12151489662153,279.6088673150861,286.4829438934296,66427000
2026-06-30,289.11065673828125,289.69017405322865,280.45814550695326,280.9277417485351,65100200
2026-07-01,294.1263427734375,296.33442991747245,288.95081360688545,293.1871503157195,50164200
2026-07-02,308.3640441894531,309.15337194761725,293.4269150966668,293.866538367699,75352800
2026-07-06,312.3905944824219,313.9292760509671,306.7354678654279,307.0951430290638,53590000
2026-07-07,310.3923034667969,315.20815732134815,309.88273318392555,315.0183186077797,42490000
2026-07-08,313.1199645996094,314.5487250421545,306.7854009831778,311.6412289475945,41323500
2026-07-09,315.947509765625,316.2572401947346,307.8944576262147,310.24243869469103,48124500
2026-07-10,315.0483093261719,316.6369356310425,311.9010296470402,314.4488202226986,34132300
2026-07-13,317.03656005859375,323.171283634363,315.5078797345754,316.7468014245228,43257800
2026-07-14,314.58868408203125,315.91755515351207,311.64124426456783,313.48965629761443,36336800
2026-07-15,327.2178039550781,328.44675508114506,317.0465830462295,317.34631234952286,60957600
2026-07-16,332.97283935546875,334.3915986652446,326.50841333986017,327.72736328456057,62970600
2026-07-17,333.452392578125,334.7013154010385,328.71648699084636,331.693929977533,63407100
2026-07-20,326.3085632324219,333.4224228207836,323.4010672140761,333.2226134619852,53468000
2026-07-21,327.45758056640625,329.3159936819017,321.94234806189104,322.85156758462244,41338900
2026-07-22,325.60919189453125,328.7164973399543,323.0613709608057,327.58746619388995,38755900
2026-07-23,321.3828430175781,323.0214140443725,319.0748358849152,321.4527900194849,40840800
2026-07-24,332.7330322265625,334.0818750563203,321.3428614810286,321.5127284115298,47489400
2026-07-27,336.61968994140625,339.277401491225,333.73216560461384,334.2517370375488,49604300
2026-07-28,339.78692626953125,342.59453283396704,335.31080637618777,339.73698155301014,51859000
2026-07-29,337.8985900878906,344.2730974331505,337.0593175600121,339.43727163464206,56090800
2026-07-30,333.1426696777344,334.4615395264105,329.30598233808786,332.8129674612056,74817800
2026-07-31,308.6438293457031,310.4222943774597,299.7415030462749,304.54735603914753,132489100
2026-08-03,303.1585693359375,311.5313230344714,302.29929450581176,309.313234694189,75052000
2026-08-04,309.1134033203125,310.1525156602479,301.0603512911937,302.46913991298527,68001000
2026-08-05,310.7320251464844,311.4414048335362,305.40663118634393,309.09342362565195,49438800
2026-08-06,312.14080810546875,316.0174696892129,308.96355554648414,314.06913775686996,46139900
2026-08-07,313.05999755859375,314.53873325457766,310.47223295908327,311.1816431226555,34437200
2026-08-10,308.260009765625,308.260009765625,304.6099853515625,306.8299865722656,44812500
2026-08-11,304.9100036621094,309.9700012207031,302.7900085449219,307.75,37476700
2026-08-12,302.25,305.6600036621094,300.57000732421875,305.1000061035156,41657800
2026-08-13,305.260009765625,306.0,302.04998779296875,304.2099914550781,40349300
2026-08-14,305.92999267578125,307.489990234375,304.29998779296875,306.0,28229400
2026-08-17,305.5899963378906,307.6600036621094,302.94000244140625,306.2099914550781,38169300
2026-08-18,310.0299987792969,311.489990234375,305.739990234375,307.5799865722656,53424500
2026-08-19,316.8299865722656,319.2799987792969,309.6000061035156,310.1400146484375,50505600
2026-08-20,311.29998779296875,320.2799987792969,310.6499938964844,317.4599914550781,40959200
2026-08-21,309.3500061035156,312.3800048828125,307.010009765625,312.04998779296875,46876800
2026-08-24,310.3399963378906,313.3599853515625,309.9700012207031,311.4700012207031,34673600
2026-08-25,309.8999938964844,313.5899963378906,308.2099914550781,310.7900085449219,25869800
2026-08-26,313.45001220703125,315.42999267578125,308.79998779296875,310.29998779296875,34024500
2026-08-27,314.5799865722656,315.3999938964844,309.3999938964844,310.54998779296875,32419200
2026-08-28,319.70001220703125,322.3699951171875,315.45001220703125,316.8500061035156,38649400
2026-08-31,316.8500061035156,321.239990234375,312.79998779296875,319.6000061035156,41242700
2026-09-01,325.1300048828125,327.29998779296875,314.7300109863281,316.9800109863281,53167400
2026-09-02,324.9599914550781,328.3999938964844,323.5299987792969,326.8699951171875,33776400
2026-09-03,328.2099914550781,330.80999755859375,324.1099853515625,324.8699951171875,37225800
2026-09-04,319.9700012207031,328.92999267578125,317.8599853515625,328.30999755859375,39606900
2026-09-08,316.2200012207031,320.70001220703125,314.8999938964844,317.1000061035156,35477100
2026-09-09,315.3399963378906,319.1499938964844,309.8999938964844,315.489990234375,65640000
2026-09-10,326.57000732421875,326.739990234375,316.510009765625,316.6700134277344,70011900
2026-09-11,332.2699890136719,336.2200012207031,326.29998779296875,327.45001220703125,50716900
2026-09-14,333.0799865722656,335.5,331.3399963378906,334.7900085449219,39269100
2026-09-15,331.3399963378906,331.7799987792969,328.3500061035156,330.1400146484375,31748200
2026-09-16,332.4100036621094,335.4800109863281,330.70001220703125,332.5299987792969,35981000
2026-09-17,337.0,338.3399963378906,330.17999267578125,334.7699890136719,36700200
2026-09-18,336.1300048828125,338.489990234375,332.5299987792969,337.9100036621094,86588200
2026-09-21,338.9800109863281,339.6400146484375,333.04998779296875,335.2799987792969,34999200
2026-09-22,339.75,345.3399963378906,338.75,340.1400146484375,40711800
2026-09-23,337.0199890136719,341.79998779296875,335.5,341.0799865722656,31658800
2026-09-24,335.9200134277344,338.9100036621094,334.29998779296875,336.7200012207031,24733100
2026-09-25,341.07000732421875,341.6700134277344,334.5299987792969,336.0400085449219,30002500
2026-09-28,338.3999938964844,342.989990234375,338.0400085449219,340.3699951171875,32820800
2026-09-29,329.3999938964844,337.0899963378906,328.70001220703125,336.9700012207031,38478000
2026-09-30,333.0199890136719,339.5,330.1400146484375,330.79998779296875,49988600
2026-10-01,330.32000732421875,332.4800109863281,325.80999755859375,330.0,36306300
2026-10-02,333.69000244140625,334.5400085449219,330.6099853515625,333.260009765625,33278600
2026-10-05,332.8900146484375,336.2099914550781,331.6499938964844,332.82000732421875,34400900
2026-10-06,333.6300048828125,334.3800048828125,330.6199951171875,332.2799987792969,30425700
