Date,Close,High,Low,Open,Volume,SMA_20,SMA_50,Daily_Return,Volatility_20d,RSI_14,MACD,MACD_Signal,USD_Close,USD_Return_5d,SP500_Close,SP500_Return_5d
2016-12-02,1175.0999755859375,1177.300048828125,1166.4000244140625,1172.300048828125,1521,1223.4,1259.306005859375,0.007027124004040042,0.16205734455037688,18.2137911911979,-27.134560579322624,-23.15562254490298,100.7699966430664,-0.0070943071815763314,2191.949951171875,-0.009668667648663365
2016-12-05,1174.0,1186.699951171875,1157.0,1181.800048828125,358,1216.9950012207032,1256.2480053710938,-0.0009360697887760283,0.16269067958303593,26.16164082228535,-26.828945646220745,-23.890287165166534,100.13999938964844,-0.01174383124348799,2204.7099609375,0.0013580247598063977
2016-12-06,1167.5999755859375,1174.5,1167.0999755859375,1170.9000244140625,652,1210.2099975585938,1252.7920043945312,-0.005451468836509821,0.16111998782642567,22.514601445093916,-26.79430403484139,-24.471090539101503,100.48999786376952,-0.004359481225362671,2212.22998046875,0.0034336671691608256
2016-12-07,1175.0,1178.5,1166.4000244140625,1167.699951171875,182,1205.0449951171875,1249.5480053710937,0.00633780795545924,0.15766422301454064,27.879335643072736,-25.87149963922161,-24.751172359125526,100.2300033569336,-0.012512282197698621,2241.35009765625,0.019346845761523568
2016-12-08,1169.800048828125,1177.800048828125,1169.0999755859375,1173.800048828125,322,1199.8649963378907,1246.1500073242187,-0.004425490359042605,0.1576621198067803,28.319418595952754,-25.26848375734221,-24.854634638768864,101.06999969482422,0.0002969000299390956,2246.18994140625,0.025151916550859132
2016-12-09,1159.4000244140625,1168.800048828125,1156.0,1166.5999755859375,365,1194.2049987792968,1242.8200073242188,-0.008890429116053644,0.15791659034861322,27.70209515277641,-25.33770706516998,-24.951249124049088,101.56999969482422,0.00793890124449903,2259.530029296875,0.030831031561131095
2016-12-12,1163.5,1163.9000244140625,1153.0,1158.300048828125,331,1189.104998779297,1239.7020068359375,0.0035362907534950416,0.16046096153414904,29.61981187568469,-24.776129472536695,-24.916225193746612,100.95999908447266,0.008188533051948221,2256.9599609375,0.02369926245436016
2016-12-13,1156.699951171875,1164.0,1155.4000244140625,1163.5,637,1185.8799987792968,1236.4020068359375,-0.0058444768613020726,0.11220192710212196,27.08858699235232,-24.59625201191875,-24.85223055738104,101.02999877929688,0.00537367824665913,2271.719970703125,0.026891413080736504
2016-12-14,1161.300048828125,1164.0,1142.0,1159.800048828125,487,1182.7450012207032,1233.3620068359376,0.003976915233366851,0.11334639132924203,36.26486826186235,-23.80806385211099,-24.64339721632703,102.0,0.0176593493343824,2253.280029296875,0.005322654257851056
2016-12-15,1127.800048828125,1143.300048828125,1123.9000244140625,1139.800048828125,244,1177.9650024414063,1229.7380078125,-0.02884698061780422,0.14625686657249543,29.644635514755905,-25.591585221468222,-24.83303481735527,103.12999725341795,0.020381889431223765,2262.030029296875,0.007051980599961372
2016-12-16,1135.300048828125,1140.9000244140625,1126.9000244140625,1126.9000244140625,146,1173.9050048828126,1227.1180078125,0.0066501149807478566,0.15088369005414284,26.74519957824664,-26.09899842855475,-25.086227539595168,102.9499969482422,0.013586661982517567,2258.070068359375,-0.0006461347796091754
2016-12-19,1140.5,1140.699951171875,1137.9000244140625,1139.4000244140625,249,1170.5050048828125,1224.6240087890626,0.004580243942773121,0.1529562328673326,30.477753343609763,-25.78430898531269,-25.225843828738675,103.13999938964844,0.021592713202699176,2262.530029296875,0.0024679517828314346
2016-12-20,1131.5,1133.5,1126.5,1133.5,46,1166.6000061035156,1222.2580078125,-0.007891275756247262,0.15327914273481938,32.656649650812255,-25.961867866131115,-25.373048636217167,103.29000091552734,0.022369614604940358,2270.760009765625,-0.00042257010101598436
2016-12-21,1131.0999755859375,1136.0999755859375,1130.0,1136.0999755859375,50,1162.6050048828124,1219.9020068359375,-0.0003535346125165262,0.1527911209405712,33.69761707293753,-25.83702998679837,-25.46584490633341,103.0199966430664,0.009999967088886397,2265.179931640625,0.0052811466790763095
2016-12-22,1128.800048828125,1132.800048828125,1128.300048828125,1131.199951171875,104,1159.5900085449218,1217.4180078125,-0.0020333540866899202,0.142559519148763,27.719001020972826,-25.6282533841063,-25.49832660188799,103.08999633789062,-0.0003878688702864119,2260.9599609375,-0.00047305665509123074
2016-12-23,1131.9000244140625,1132.800048828125,1130.300048828125,1130.9000244140625,70,1157.2750122070313,1215.0340087890625,0.002746257487458381,0.1415049563442553,30.12277342763906,-24.92533060438268,-25.383727402386928,103.01000213623048,0.0005828575985140638,2263.7900390625,0.00253312365425451
2016-12-27,1137.300048828125,1142.199951171875,1134.300048828125,1134.300048828125,84,1154.6100158691406,1212.680009765625,0.004770760930814522,0.13614199500728053,35.557712246942714,-23.659787098869174,-25.038939341683378,103.0199966430664,-0.001163493768588042,2268.8798828125,0.0028065278398088367
2016-12-28,1139.4000244140625,1141.199951171875,1138.0,1141.199951171875,1570,1152.1850158691407,1210.4060107421874,0.0018464569557534727,0.1369167946275646,32.12852193160384,-22.231117785997412,-24.477375030546185,103.26000213623048,-0.0002904325591147616,2249.919921875,-0.009177582748066793
2016-12-29,1156.4000244140625,1158.800048828125,1143.5999755859375,1143.800048828125,950,1151.4650146484375,1208.4460107421876,0.014920133083850207,0.14132139217328313,43.98562770316101,-19.50231854900653,-23.482363734238255,102.68000030517578,-0.003300294592986752,2249.260009765625,-0.0070281047667014596
2016-12-30,1150.0,1162.0,1150.0,1162.0,16,1150.6200134277344,1206.230009765625,-0.005534438151975407,0.1421044106982462,45.623825755466164,-17.652665042525996,-22.316423995895804,102.38999938964844,-0.0067901539733095095,2238.830078125,-0.009787826053904936
2017-01-03,1160.4000244140625,1160.800048828125,1146.5,1155.199951171875,52,1149.8850158691407,1204.080009765625,0.009043499490489104,0.14372786568288998,48.636775026813574,-15.172704763192542,-20.887680149355152,103.20999908447266,0.0019415294058306998,2257.830078125,-0.002632735737263081
2017-01-04,1163.800048828125,1165.0,1156.300048828125,1156.300048828125,36,1149.375018310547,1202.0440112304686,0.0029300451073148714,0.14425856615964805,53.218537857274086,-12.785580605177756,-19.267260240519676,102.6999969482422,-0.0031061901111578694,2270.75,0.0008242468901358269
2017-01-05,1179.699951171875,1183.300048828125,1171.5,1172.0,500,1149.9800170898438,1200.320009765625,0.013662056776643228,0.15116480920210892,57.56575843300079,-9.50125373480796,-17.314058939377333,101.5199966430664,-0.01685072106495311,2269.0,0.008480336539755218
2017-01-06,1171.9000244140625,1176.5,1171.9000244140625,1176.5,16,1149.825018310547,1198.5180102539061,-0.006611788658687612,0.15158720203045165,72.9927406820933,-7.442003150556957,-15.339647781613257,102.22000122070312,-0.004479928740801387,2276.97998046875,0.012324040165553551
2017-01-09,1183.5,1183.5999755859375,1173.0,1173.9000244140625,62,1150.5100158691407,1196.750009765625,0.009898434460514194,0.15464791129270117,74.10003442391218,-4.818466855179395,-13.235411596326484,101.93000030517578,-0.004492617318241354,2268.89990234375,0.01343104352248714
2017-01-10,1184.199951171875,1188.9000244140625,1182.300048828125,1184.300048828125,8,1151.7500122070312,1195.1380078125,0.0005914247333123068,0.15051507477451148,72.87961407787466,-2.652241836769008,-11.11877764441499,102.01000213623048,-0.01162675088544507,2268.89990234375,0.004902859752822009
2017-01-11,1195.5999755859375,1197.0,1176.5,1187.5,20,1153.3550109863281,1193.6920068359375,0.009626773251241172,0.15334756962787893,82.73754823907879,-0.015428358125973318,-8.898107787157187,101.77999877929688,-0.00895811291415105,2275.320068359375,0.0020125810236155672
2017-01-12,1198.9000244140625,1204.300048828125,1192.300048828125,1192.699951171875,110,1155.4650146484375,1192.1600073242187,0.002760161337831857,0.15097476278638944,83.63104176556642,2.3138787280474844,-6.655710484116254,101.3499984741211,-0.0016745289062903845,2270.43994140625,0.0006346149873293072
2017-01-13,1195.300048828125,1196.0,1187.699951171875,1195.699951171875,65,1157.1650146484376,1190.6360083007812,-0.003002732098280614,0.15169352625478136,82.56615837838743,3.825287894370149,-4.559510808418973,101.18000030517578,-0.010174143055250773,2274.639892578125,-0.0010277156192401993
2017-01-17,1212.0,1214.5999755859375,1200.800048828125,1205.5,79,1161.3750122070312,1189.1480078125,0.013971346515251781,0.10796977131854905,84.61542519463228,6.298037187742693,-2.38800120918664,100.33000183105467,-0.015697031976167453,2267.889892578125,-0.00044515395526334434
2017-01-18,1211.300048828125,1214.699951171875,1203.0999755859375,1213.5999755859375,114,1165.1750122070312,1187.2380078125,-0.0005775174685437312,0.10833454170231889,83.3334066489976,8.107767313423437,-0.2888475046646246,100.93000030517578,-0.010587215061640731,2271.889892578125,0.0013178149601427158
2017-01-19,1200.9000244140625,1204.0,1195.800048828125,1200.5,26,1168.1950134277345,1185.2140087890625,-0.008585836700100824,0.11602556936295165,75.77539844306378,8.603619255630747,1.4896458473944498,101.1500015258789,-0.006189794271702409,2263.68994140625,-0.005111424592457836
2017-01-20,1204.300048828125,1212.0999755859375,1202.800048828125,1202.800048828125,38,1171.8350158691405,1183.2340087890625,0.0028312301981352483,0.1091972874998934,72.65851554406838,9.16528732024085,3.02477414196373,100.73999786376952,-0.00601875302945698,2271.31005859375,0.00038323726236111355
2017-01-23,1215.0,1215.0,1210.0,1212.0,16,1176.0300170898438,1181.9680078125,0.008884788456404058,0.11019108984113767,79.54552012056135,10.354450286905603,4.490709370952105,100.16000366210938,-0.010081010476279184,2265.199951171875,-0.0041500817061422834
2017-01-24,1210.300048828125,1219.0,1207.699951171875,1219.0,24,1180.1050170898438,1180.7060083007811,-0.003868272569444442,0.11162002707429738,73.92146512909882,10.793206360616978,5.75120876888508,100.3499984741211,0.00019930870827744585,2280.070068359375,0.005370708613813502
2017-01-25,1197.300048828125,1202.800048828125,1194.9000244140625,1202.0,403,1183.375018310547,1179.200009765625,-0.010741138127348893,0.12258131151440771,64.70592648322841,9.976924579500746,6.596351931008213,100.02999877929688,-0.008917086328719237,2298.3701171875,0.011655593299605416
2017-01-26,1189.5,1199.699951171875,1185.5999755859375,1199.699951171875,19,1185.9850158691406,1177.680009765625,-0.006514698496637883,0.1267010992312228,54.631411587701564,8.601464307955212,6.997374406397613,100.37999725341795,-0.007612498871430562,2296.679931640625,0.014573546328469744
2017-01-27,1188.0999755859375,1188.300048828125,1187.9000244140625,1187.9000244140625,234352,1188.4200134277344,1177.0180102539061,-0.001176985636034078,0.12729036583948788,58.14887680465292,7.314119249549094,7.06072337502791,100.52999877929688,-0.002084565107462355,2294.68994140625,0.010293567240650336
2017-01-30,1193.199951171875,1198.5,1187.0999755859375,1191.699951171875,50503,1190.260009765625,1176.4020092773437,0.00429254750503838,0.11840168110807556,55.22064659227684,6.628999444268175,6.974378588875964,100.43000030517578,0.002695653286687527,2280.89990234375,0.0069309339176670814
2017-01-31,1208.5999755859375,1214.699951171875,1193.5,1194.9000244140625,3212,1193.190008544922,1176.1060083007812,0.012906490985804764,0.12172437174993828,61.33830388027123,7.245172490890354,7.028537369278842,99.51000213623048,-0.008370666175019803,2278.8701171875,-0.0005262782001863586
2017-02-01,1205.5999755859375,1211.9000244140625,1197.9000244140625,1211.9000244140625,1145,1195.4500061035155,1175.8880078125,-0.0024822108725806036,0.12039496084636762,55.04032506158893,7.406046843760805,7.104039264175235,99.63999938964844,-0.00389882429678845,2279.550048828125,-0.008188441112524147
2017-02-02,1216.699951171875,1224.199951171875,1208.9000244140625,1209.699951171875,1512,1198.0950012207031,1176.0520068359374,0.009207013777967843,0.12311087322160774,58.31773227325984,8.3331567470957,7.349862760759327,99.8499984741211,-0.00527992422592749,2280.85009765625,-0.0068924858733219185
2017-02-03,1218.5,1220.5999755859375,1206.199951171875,1214.9000244140625,865,1200.0350036621094,1176.2300073242188,0.0014794517139506969,0.11549701127044627,61.026597880245724,9.108153794435339,7.70152096749453,99.87000274658205,-0.0065651650326166155,2297.419921875,0.0011896947031881933
2017-02-06,1230.0,1235.4000244140625,1218.5,1221.9000244140625,908,1202.9400024414062,1176.6100073242187,0.009437833401723328,0.11432506357947943,59.00000000000001,10.528927506232094,8.267002275242044,99.91000366210938,-0.0051777022949944795,2292.56005859375,0.0051120859087321335
2017-02-07,1234.199951171875,1236.199951171875,1228.5,1234.199951171875,1177,1205.475,1177.5120068359374,0.003414594448678754,0.11098792790473172,61.06275475543478,11.85712036529685,8.985025893253006,100.26000213623048,0.007536930799913355,2293.080078125,0.0062355291029212445
2017-02-08,1237.5999755859375,1243.9000244140625,1231.0,1232.0999755859375,288,1208.145001220703,1178.7000073242189,0.0027548408269131297,0.11085763860961974,69.01551874190415,13.033830446138381,9.794786803830082,100.27999877929688,0.006423117157454916,2294.669921875,0.006632832235750952
2017-02-09,1235.0999755859375,1243.5,1226.9000244140625,1239.4000244140625,885,1210.1200012207032,1179.5900073242187,-0.002020038824593895,0.1082295978668073,66.10875241810369,13.60779041892124,10.557387526848315,100.6500015258789,0.00801204871290162,2307.8701171875,0.011846468805212229
2017-02-10,1234.4000244140625,1234.4000244140625,1221.5,1227.5999755859375,391,1211.895001220703,1180.5200073242188,-0.0005667162057411135,0.10842049635271699,61.33179319343729,13.846563062873201,11.215222634053292,100.8000030517578,0.00931210853709108,2316.10009765625,0.008130936623029106
2017-02-13,1224.4000244140625,1231.0999755859375,1219.0,1230.5,398,1213.35,1181.5920068359376,-0.008101101589613746,0.11264575875962628,57.75576006542645,13.078119258985225,11.587801959039679,100.95999908447266,0.010509412309845478,2328.25,0.01556772363387604
2017-02-14,1223.9000244140625,1233.5,1222.0999755859375,1225.9000244140625,159,1213.945001220703,1182.7320068359375,-0.0004083632718312469,0.1021437208336026,66.96426486135526,12.28713771167736,11.727669109567215,101.25,0.009874305233151137,2337.580078125,0.01940621281590249
2017-02-15,1231.699951171875,1231.699951171875,1217.300048828125,1225.5,175,1214.9649963378906,1183.8640063476562,0.006373009724831569,0.1041242053994465,76.91326768931822,12.149614842339133,11.812058256121599,101.18000030517578,0.0089748856884182,2349.25,0.02378559007754899
2017-02-16,1240.0,1240.699951171875,1233.199951171875,1234.5,87,1216.9199951171875,1185.1840063476564,0.00673869380300629,0.09981374647089698,80.42208029170966,12.565524012567266,11.962751407410734,100.44000244140624,-0.0020864290242328387,2347.219970703125,0.017050289451981282
2017-02-17,1237.5999755859375,1241.199951171875,1234.800048828125,1240.699951171875,301,1218.5849914550781,1186.5840063476562,-0.0019355035597278247,0.10047977113499157,76.87653603957088,12.556726981709062,12.0815465222704,100.9499969482422,0.0014880346422945223,2351.159912109375,0.015137434901282276
2017-02-21,1237.5,1237.5,1228.0999755859375,1237.300048828125,119,1219.7099914550781,1187.8340063476562,-8.078182604209783e-05,0.09656633993850611,71.47106676509692,12.398762856868416,12.144989789190005,101.37000274658205,0.004061050572775171,2365.3798828125,0.015947549795984006
2017-02-22,1232.0,1238.5999755859375,1231.800048828125,1236.0999755859375,36,1220.794989013672,1189.0780053710937,-0.004444444444444473,0.09696731079519443,68.91121211750242,11.694958908837862,12.054983613119578,101.33000183105467,0.0007901415412807644,2362.820068359375,0.010797486884222662
2017-02-23,1250.199951171875,1250.300048828125,1236.0999755859375,1236.0999755859375,112,1223.4399841308593,1190.89400390625,0.014772687639508897,0.0985983390384586,71.78156212101008,12.462117630971079,12.136410416689879,101.0500030517578,-0.0012848117515901203,2363.81005859375,0.006197747618921001
2017-02-24,1256.9000244140625,1258.800048828125,1250.0,1250.0,1264,1226.8099853515625,1192.7620043945312,0.005359201330880969,0.09358843081293872,73.47191857992404,13.455628254458361,12.400253984243577,101.08999633789062,0.006471464363649204,2367.340087890625,0.008571892467953424
2017-02-27,1257.4000244140625,1263.0999755859375,1250.4000244140625,1254.699951171875,544,1230.2749877929687,1194.776005859375,0.00039780411352374756,0.09287040391380448,69.3503197452383,14.120565315544354,12.744316250503733,101.12999725341795,0.0017830639981895047,2369.75,0.00790677307608001
2017-02-28,1252.5999755859375,1257.300048828125,1247.199951171875,1253.5999755859375,721,1233.2449890136718,1196.6020043945311,-0.003817439744652318,0.09562597581140177,62.885166752435,14.09769939915941,13.01499288023487,101.12000274658205,-0.0024662128166750286,2363.639892578125,-0.0007356070993155273
2017-03-01,1248.9000244140625,1248.9000244140625,1236.9000244140625,1247.800048828125,138,1235.259991455078,1199.02400390625,-0.002953817055715846,0.08896249767758693,57.8800952046935,13.62397416435897,13.13678913705969,101.77999877929688,0.00444090535982089,2395.9599609375,0.01402556759268414
2017-03-02,1231.9000244140625,1247.5999755859375,1230.699951171875,1247.199951171875,79,1236.5749938964843,1200.9560034179688,-0.013611978275023029,0.10342586913415827,48.14387877929618,11.741437593910177,12.857718828429787,102.1999969482422,0.01138044395600235,2381.919921875,0.0076613022334051095
2017-03-03,1225.5,1235.199951171875,1222.9000244140625,1231.699951171875,121,1237.0149963378906,1202.6560034179688,-0.005195246600556369,0.1010602567448117,45.15776819929734,9.622166964728422,12.210608455689513,101.54000091552734,0.004451524324252443,2383.1201171875,0.006665721320562534
2017-03-06,1224.5,1235.199951171875,1224.5,1235.199951171875,29,1237.3149963378905,1204.5160034179687,-0.00081599347205219,0.10105740051995404,50.060298888115014,7.772343343976445,11.3229554333469,101.63999938964844,0.00504303520302174,2375.31005859375,0.002346263780462099
2017-03-07,1215.0999755859375,1225.4000244140625,1213.699951171875,1224.300048828125,53,1236.5699951171875,1206.1960034179688,-0.0076766226329624265,0.0986854543107023,45.20694763212974,5.484618122676238,10.155287971212767,101.80999755859376,0.006823524458765329,2368.389892578125,0.002009612384236359
2017-03-08,1208.5,1212.199951171875,1206.699951171875,1212.199951171875,24,1235.2849975585937,1207.7900024414062,-0.0054316317328167996,0.0989188033991808,37.1965087389315,3.1032442629766592,8.744879229565546,102.06999969482422,0.0028492917960845077,2362.97998046875,-0.013764829549090418
2017-03-09,1202.4000244140625,1205.5999755859375,1202.300048828125,1204.5,37,1233.525,1209.2000024414062,-0.005047559442232119,0.09883311460296626,28.733051356512874,0.7155231664651183,7.139008016945461,101.8499984741211,-0.003424642706186809,2364.8701171875,-0.007158009188687919
2017-03-10,1200.699951171875,1203.300048828125,1196.199951171875,1196.199951171875,3,1231.804998779297,1210.4680004882812,-0.0014138998733104202,0.09880799039679976,28.962375372161034,-1.2989709787993888,5.4514122177964905,101.25,-0.0028560263237401573,2372.60009765625,-0.0044143891259940116
2017-03-13,1202.4000244140625,1210.0,1202.300048828125,1206.199951171875,35,1230.2049987792968,1211.7280004882812,0.001415901816709697,0.09927739666061845,30.34719573725269,-2.7268568911958937,3.8157583959980137,101.37999725341795,-0.0025580690455706545,2373.469970703125,-0.0007746727143969068
2017-03-14,1201.9000244140625,1205.9000244140625,1196.800048828125,1203.0999755859375,22,1229.0799987792968,1212.6380004882812,-0.00041583498823005716,0.0959815690616677,32.147144385863044,-3.8543816728035836,2.2817303822376944,101.6999969482422,-0.001080449985162324,2365.449951171875,-0.00124132492520046
2017-03-15,1200.0999755859375,1221.199951171875,1197.699951171875,1198.199951171875,36,1227.8899963378906,1213.64,-0.0014976693498300886,0.0959840064442177,13.107674938290913,-4.837439095705122,0.8578964866491311,100.73999786376952,-0.013030291319988563,2385.260009765625,0.009428784619857522
2017-03-16,1226.5,1231.4000244140625,1222.199951171875,1222.199951171875,47,1227.6299987792968,1214.9619995117187,0.021998187610305475,0.12381529303305586,32.64843141435382,-3.4465284157088263,-0.0029884938224603586,100.2699966430664,-0.015513027537807478,2381.3798828125,0.00698125681618178
2017-03-17,1229.800048828125,1230.9000244140625,1227.0999755859375,1227.0999755859375,26,1227.1200012207032,1216.2819995117188,0.002690622770586959,0.12162840501060795,34.73457212727142,-2.0542551454827844,-0.4132418241545252,100.3000030517578,-0.009382685908564947,2378.25,0.0023813125310629957
2017-03-20,1233.5999755859375,1234.4000244140625,1229.300048828125,1229.300048828125,23,1226.9200012207032,1217.36,0.00308987364363289,0.12208608376260602,39.373619201328296,-0.6369043787797182,-0.4579743350795638,100.41000366210938,-0.009567899167366334,2373.469970703125,0.0
2017-03-21,1246.0999755859375,1246.0999755859375,1226.4000244140625,1226.4000244140625,11,1227.35,1218.8439990234374,0.010132944428815183,0.12741211299145153,48.574316059548316,1.4779647903328623,-0.07078650999707858,99.80999755859376,-0.018584065352630352,2344.02001953125,-0.009059558258676437
2017-03-22,1249.300048828125,1249.5,1247.699951171875,1247.9000244140625,3,1228.2150024414063,1220.16,0.002568071025507157,0.12631957557236248,60.308038535913006,3.373347163910921,0.6180402247845214,99.68000030517578,-0.010522112180577636,2348.449951171875,-0.01543230442092014
2017-03-23,1246.9000244140625,1247.5,1244.800048828125,1246.4000244140625,16,1228.0500061035157,1221.4140014648438,-0.0019210952695581929,0.11510180776317655,63.308428441073175,4.628435712299961,1.4201193222876092,99.76000213623048,-0.005086212465443274,2345.9599609375,-0.014873696603654785
2017-03-24,1248.199951171875,1248.300048828125,1247.5999755859375,1248.0,3,1227.6150024414062,1222.4660009765626,0.001042526852482295,0.11338988117840461,64.68394907849995,5.662719350979614,2.26863932802601,99.62999725341795,-0.006680017726361398,2343.97998046875,-0.01440976328445287
2017-03-27,1255.4000244140625,1257.699951171875,1253.800048828125,1255.800048828125,72,1227.5150024414063,1223.5960009765624,0.005768365265058417,0.1154270029037824,75.66874107800969,6.982887937914484,3.211489050003705,99.16999816894533,-0.012349421849806919,2341.590087890625,-0.013431761600529502
2017-03-28,1255.300048828125,1255.9000244140625,1255.300048828125,1255.9000244140625,19,1227.6500061035156,1224.7960009765625,-7.963643778341467e-05,0.11457026281016928,82.49992370631338,7.929655724949498,4.155122384992864,99.70999908447266,-0.001001888353542979,2358.570068359375,0.006207305699989174
2017-03-29,1253.4000244140625,1253.4000244140625,1252.0999755859375,1252.199951171875,190678,1227.8750061035157,1225.6240014648438,-0.0015136018004908713,0.1141690870396996,87.61045695149616,8.429490012530778,5.009995910500447,100.0,0.00321026980181105,2361.1298828125,0.0053992769291497655
2017-03-30,1245.0,1253.5999755859375,1241.0999755859375,1253.0999755859375,51328,1228.5300048828126,1226.2980004882813,-0.0067017905301137715,0.105374061025918,79.731478963012,8.054948090710468,5.618986346542451,100.41000366210938,0.006515652686046147,2368.06005859375,0.009420492260838964
2017-03-31,1247.300048828125,1248.800048828125,1238.699951171875,1242.0999755859375,8223,1229.6200073242187,1227.2260009765625,0.0018474287776104603,0.1032248831248524,79.89340415883072,7.853188963428465,6.065826869919654,100.3499984741211,0.00722675138564699,2362.719970703125,0.00799494466272166
2017-04-03,1250.800048828125,1252.4000244140625,1243.5999755859375,1247.5,1160,1230.935009765625,1228.1560009765626,0.0028060609821096705,0.10322607128817121,81.30594547958181,7.884822821387843,6.429626060213293,100.54000091552734,0.013814689642809963,2358.840087890625,0.007366788956447712
2017-04-04,1255.0,1260.300048828125,1253.0,1253.0999755859375,724,1232.9300109863282,1228.9560009765626,0.0033578118067791873,0.09811119047151927,84.09934233771118,8.154790492230177,6.77465894661667,100.54000091552734,0.008324158446251007,2360.159912109375,0.0006740710277501893
2017-04-05,1245.4000244140625,1255.4000244140625,1243.0,1255.4000244140625,907,1234.7750122070313,1229.6580004882812,-0.007649382937002014,0.10051609101119231,64.83516694102113,7.507561521023717,6.921239461498081,100.55999755859376,0.005599975585937722,2352.949951171875,-0.003464414092663737
2017-04-06,1250.300048828125,1257.5,1249.0,1256.0999755859375,169,1237.1700134277344,1230.7180004882812,0.003934498408547871,0.09774612788904834,65.69677233623335,7.305802177513442,6.998152004701153,100.66999816894533,0.0025893287257598985,2357.489990234375,-0.004463598092039889
2017-04-07,1254.300048828125,1269.0999755859375,1249.5,1249.5,445,1239.8500183105468,1232.0140014648437,0.0031992320593356993,0.09699482892032495,65.80155317876093,7.3835599319993435,7.075233590160792,101.18000030517578,0.008271069692828537,2355.5400390625,-0.003038841559581118
2017-04-10,1251.0999755859375,1255.199951171875,1246.800048828125,1252.699951171875,182,1242.2850158691406,1233.2740014648436,-0.0025512820837225725,0.09843372637487867,54.44838311699595,7.105061618536183,7.08119919583587,101.0199966430664,0.004774176677622588,2357.159912109375,-0.0007122889719720638
2017-04-11,1271.199951171875,1273.5,1254.5,1254.5,401,1245.7500122070312,1234.8340014648438,0.01606584284083601,0.10978812851860847,64.97939335644483,8.409312426882934,7.346821842045283,100.70999908447266,0.0016908510781508124,2353.780029296875,-0.00270315701057644
2017-04-12,1275.300048828125,1285.0999755859375,1272.0,1275.0,492,1249.5100158691407,1236.1680029296874,0.0032253758761320306,0.10859278387170862,68.98393016549629,9.662402047859814,7.80993788320819,100.77999877929688,0.002187760799963412,2344.929931640625,-0.0034084955896557245
2017-04-13,1285.9000244140625,1287.5999755859375,1282.0,1285.300048828125,915,1252.4800170898438,1237.77400390625,0.008311750317643085,0.08531753057588648,72.41377808807329,11.379636674593257,8.523877641485203,100.55999755859376,-0.0010926851331313214,2328.949951171875,-0.012106112509797984
2017-04-17,1289.4000244140625,1294.800048828125,1284.300048828125,1291.800048828125,73,1255.4600158691405,1239.2280053710938,0.0027218290174579884,0.08531910363915851,71.14424008332347,12.874568229161241,9.394015759020412,100.3000030517578,-0.008697343850205264,2349.010009765625,-0.0027722005096860736
2017-04-18,1291.699951171875,1291.699951171875,1278.5999755859375,1283.9000244140625,394,1258.3650146484374,1240.6920043945313,0.0017837185623272855,0.08530149589449086,72.03381314101617,14.08256211465482,10.331725030147295,99.5,-0.015046492710121595,2342.18994140625,-0.006350850710730382
2017-04-19,1281.4000244140625,1288.0,1274.0,1288.0,194,1260.1300170898437,1241.7200048828124,-0.007973931367317943,0.0874843413520071,65.38461538461539,14.046864453211583,11.074752914760154,99.73999786376952,-0.009631627738269866,2338.169921875,-0.006631931288217263
2017-04-20,1281.9000244140625,1281.9000244140625,1276.199951171875,1279.699951171875,127,1261.7600158691407,1242.6740063476564,0.00039019821326169435,0.0874442181161366,72.20218727736116,13.898704012443204,11.639543134296765,99.77999877929688,-0.009922603811396646,2355.840087890625,0.00465265767765044
2017-04-21,1287.4000244140625,1287.4000244140625,1279.199951171875,1279.800048828125,474,1263.7850158691406,1243.6700073242187,0.0042905061980273995,0.08718589462729223,73.2329140315912,14.06298054446279,12.124230616329971,99.9800033569336,-0.0057676433546274275,2348.68994140625,0.008475918610634903
2017-04-24,1275.800048828125,1276.4000244140625,1265.0,1275.0,605,1265.165020751953,1244.4840087890625,-0.009010389440700095,0.09501096573753749,63.24153912202388,13.106071164751256,12.320598726014229,99.08999633789062,-0.01206387514507623,2374.14990234375,0.010702335227866122
2017-04-25,1265.5999755859375,1276.9000244140625,1262.0999755859375,1275.5999755859375,356,1265.6750183105469,1245.1080078125,-0.00799504064258083,0.09855758291479107,55.27887102010148,11.393317846058835,12.13514255002315,98.81999969482422,-0.00683417392136465,2388.610107421875,0.01981912960814536
2017-04-26,1262.0999755859375,1266.0,1262.0999755859375,1266.0,1156,1266.0150146484375,1245.8620068359376,-0.002765486779011339,0.09919828004739936,58.854688507273735,9.64237643858155,11.636589327734832,98.95999908447266,-0.007820320794093338,2387.449951171875,0.021076325050557898
2017-04-27,1263.699951171875,1267.199951171875,1262.199951171875,1266.699951171875,206,1266.530010986328,1246.6580053710939,0.0012677090697150728,0.09901919395010876,57.36258370535715,8.288304995834096,10.966932461354684,99.08000183105467,-0.007015403455661762,2388.77001953125,0.013977999529717566
2017-04-28,1266.0999755859375,1267.199951171875,1264.699951171875,1265.9000244140625,85,1267.585009765625,1247.346005859375,0.0018992043260244174,0.09544785133049209,56.59950980726824,7.324424132172908,10.23843079551833,99.0500030517578,-0.009301863112122999,2384.199951171875,0.015119070908254484
2017-05-01,1253.300048828125,1269.300048828125,1253.300048828125,1268.699951171875,34,1267.885009765625,1247.6120068359376,-0.010109728303160925,0.1029459298135341,51.11114947219938,5.464700818057963,9.283684800026256,99.13999938964844,0.000504622601733784,2388.330078125,0.005972738186098336
2017-05-02,1255.0999755859375,1256.199951171875,1251.199951171875,1256.199951171875,90,1268.1000061035156,1247.9620068359375,0.0014361499143764611,0.10261085260659009,40.024777149357206,4.08896074559334,8.244739989139672,98.9800033569336,0.001619142507624849,2391.169921875,0.0010716752998620738
2017-05-03,1246.4000244140625,1255.800048828125,1238.699951171875,1255.0999755859375,195,1267.6700073242187,1248.1400073242187,-0.0069316798192219364,0.10487495010851516,33.059711638224044,2.270490672309279,7.049890125773595,99.20999908447266,0.002526273265085699,2388.1298828125,0.000284794091826468
2017-05-04,1226.5,1239.800048828125,1224.199951171875,1239.800048828125,72,1266.7250061035156,1248.0300073242188,-0.015966001303167165,0.11613141842975934,18.60454913214987,-0.7675774656852354,5.4863966074818284,98.76000213623048,-0.0032297102231572117,2389.52001953125,0.00031396911124459415
2017-05-05,1224.800048828125,1233.699951171875,1224.800048828125,1227.0,16,1265.4500061035155,1247.5220092773438,-0.0013860180773542785,0.11481992498367768,15.193859631814675,-3.2746915992984214,3.7341789661257785,98.6500015258789,-0.004038379743106835,2399.2900390625,0.0063292040095914714
2017-05-08,1225.300048828125,1234.0,1224.0,1224.0,43,1264.0000061035157,1246.890009765625,0.0004082298988135058,0.11388815660901166,13.516439293331729,-5.161750346724375,1.9549931035557477,99.1500015258789,0.00010088900839266834,2399.3798828125,0.004626581890295078
2017-05-09,1214.300048828125,1226.199951171875,1214.0,1226.0999755859375,55,1262.160009765625,1246.0280102539064,-0.008977392933690265,0.11717780361800054,13.413249379330537,-7.458884689046727,0.07221754503525268,99.58999633789062,0.006162790061315038,2396.919921875,0.0024046806324375947
2017-05-10,1217.300048828125,1220.199951171875,1217.300048828125,1219.800048828125,23,1259.4650146484375,1245.32201171875,0.002470559070548717,0.09867647927103537,15.711203405534647,-8.934316043412764,-1.7290891726543507,99.66999816894533,0.004636620186650786,2399.6298828125,0.00481548348051164
2017-05-11,1222.699951171875,1222.699951171875,1218.300048828125,1218.5,13,1256.835009765625,1244.7980102539063,0.004435966587652995,0.09963928068114024,15.62154203394887,-9.557703771766,-3.294812092476681,99.62000274658205,0.00870798493063285,2394.43994140625,0.0020589582153678343
2017-05-12,1226.199951171875,1229.5,1226.0999755859375,1228.0,29,1253.8500061035156,1244.6840087890625,0.002862517493883443,0.09380460170182664,21.16265205603895,-9.657990980341765,-4.567447870049698,99.25,0.00608209290259043,2390.89990234375,-0.0034969247494681666
2017-05-15,1228.5999755859375,1232.699951171875,1227.5,1227.5,13,1250.8100036621095,1244.7460083007813,0.001957286339612674,0.0932933969779614,26.342622367361216,-9.435046065365214,-5.540967509112801,98.91000366210938,-0.002420553303843276,2402.320068359375,0.001225393931130414
2017-05-16,1235.0,1237.300048828125,1230.4000244140625,1230.4000244140625,20,1247.9750061035156,1244.9560083007811,0.005209201156796572,0.09607949008497887,33.29219153813618,-8.642308972847559,-6.161235801859752,98.11000061035156,-0.014860887458191141,2400.669921875,0.0015645078359842746
2017-05-17,1257.5,1259.199951171875,1240.699951171875,1241.0,26,1246.7800048828126,1245.8040087890624,0.018218623481781382,0.11781669709474846,46.96080097465,-6.127859011782448,-6.154560443844291,97.41999816894533,-0.022574496250979625,2357.030029296875,-0.017752676702665338
2017-05-18,1251.699951171875,1260.0,1245.800048828125,1254.800048828125,43,1245.270001220703,1246.6680078125,-0.004612364873260444,0.11841844111658122,43.16885463294863,-4.550697165194379,-5.833787788114309,97.87999725341795,-0.017466426874032437,2365.719970703125,-0.011994441876148176
2017-05-19,1252.699951171875,1252.699951171875,1252.699951171875,1252.699951171875,14,1243.5349975585937,1247.6740063476564,0.0007989135088355415,0.11692416822356305,49.67943451100069,-3.183397175243954,-5.3037096655402385,97.1500015258789,-0.02115867480222766,2381.72998046875,-0.0038353432805827703
2017-05-22,1260.699951171875,1260.699951171875,1251.699951171875,1251.699951171875,14,1242.7799926757812,1248.8740063476562,0.006386206044405318,0.11629808595529624,52.80560104995223,-1.4376960757074357,-4.530506947573678,96.9800033569336,-0.01951269066543493,2394.02001953125,-0.003455013733367096
2017-05-23,1254.800048828125,1261.5999755859375,1250.5999755859375,1261.5,20,1242.2399963378907,1249.9220068359375,-0.004679862435360449,0.11406462943138775,54.32991494079583,-0.5242450185837697,-3.7292545617756963,97.3499984741211,-0.007746428819716877,2398.419921875,-0.0009372383847933152
2017-05-24,1252.4000244140625,1257.800048828125,1249.699951171875,1251.9000244140625,14,1241.7549987792968,1250.9320068359375,-0.001912674785360391,0.11387045165887559,66.28934854275462,0.00594112725548257,-2.982215423969461,97.23999786376952,-0.001847673050287435,2404.389892578125,0.02009302499017296
2017-05-25,1255.800048828125,1258.300048828125,1255.800048828125,1257.0999755859375,11,1241.3600036621094,1252.0460083007813,0.002714807048692869,0.11426020802857545,69.08868142936605,0.6924884468867276,-2.2472746497982232,97.25,-0.0064364249192493395,2415.070068359375,0.020860498396850558
2017-05-26,1267.5999755859375,1267.5999755859375,1267.5999755859375,1267.5999755859375,271457,1241.4350036621095,1252.8680078125,0.009396342012268466,0.11915853431495423,72.86485544876405,2.1637947384244853,-1.3650607721536816,97.4000015258789,0.0025733401551559787,2415.820068359375,0.014313162352650677
2017-05-30,1262.0999755859375,1270.0,1258.4000244140625,1267.4000244140625,129819,1241.875,1253.5140063476563,-0.004338908256492857,0.11426996703062123,77.47126081972435,2.853122519675935,-0.5214241137877583,97.27999877929688,0.0030933740150447253,2412.909912109375,0.007890448878461687
2017-05-31,1272.0,1273.199951171875,1258.5,1262.4000244140625,2712,1242.7200012207031,1254.2820068359374,0.007844088903865343,0.11728368008219862,79.12673485624548,4.1504254637191025,0.4129458017136139,96.91999816894533,-0.004417055078743237,2411.800048828125,0.005578725739846524
2017-06-01,1267.0,1269.199951171875,1260.800048828125,1268.0,825,1243.75,1254.7000073242189,-0.0039308176100628645,0.1151600530706335,73.6898656834893,4.72067220946542,1.274491083263975,97.1999969482422,-0.00041136277669762134,2430.06005859375,0.0106763741167204
2017-06-02,1276.800048828125,1279.0,1259.0,1265.199951171875,1732,1246.2650024414063,1255.2500073242188,0.007734845168212212,0.09884668233804597,75.35073792568637,5.895420167955308,2.198676900202242,96.72000122070312,-0.005449858913078365,2439.070068359375,0.009937599871089331
2017-06-05,1279.300048828125,1282.0,1277.0,1279.199951171875,433,1248.9900024414062,1255.8980078125,0.001958019975245584,0.09802321837058381,75.37540583175807,6.9480526691315845,3.1485520539881104,96.8000030517578,-0.006160148508433938,2436.10009765625,0.008394677055004074
2017-06-06,1294.4000244140625,1295.199951171875,1279.4000244140625,1279.4000244140625,942,1252.445001220703,1256.8220092773438,0.011803310411634405,0.10345960336795797,77.34808368674908,8.898141112302937,4.298469865651076,96.63999938964844,-0.0065789411768027994,2429.330078125,0.0068051301597373826
2017-06-07,1290.0999755859375,1293.0999755859375,1284.300048828125,1291.5999755859375,641,1256.2349975585937,1257.5160083007813,-0.0033220401321233384,0.09666976000962745,68.0309550784072,9.98156102750363,5.435088098021588,96.75,-0.001754005077971632,2433.139892578125,0.008848098232840274
2017-06-08,1276.300048828125,1287.5999755859375,1268.0999755859375,1285.4000244140625,319,1259.1849975585938,1257.9360083007812,-0.010696788635737198,0.10831390428380351,62.500062027659375,9.615795453006058,6.271229569018482,96.91999816894533,-0.0028806459679826535,2433.7900390625,0.0015349334497141154
2017-06-09,1268.5,1277.9000244140625,1264.5999755859375,1277.9000244140625,467,1261.475,1258.2380078125,-0.006111453835081271,0.11207841726016307,57.509532396222774,8.597419151050644,6.736467485424916,97.2699966430664,0.0056864703827728125,2431.77001953125,-0.0029929639672202635
2017-06-12,1266.0999755859375,1269.300048828125,1263.199951171875,1266.4000244140625,255,1263.4700012207031,1258.6600073242187,-0.0018920176697378999,0.11278503528126878,52.71085629403754,7.510114754367805,6.891196939213494,97.13999938964844,0.003512358751774469,2429.389892578125,-0.0027544866011790514
2017-06-13,1265.800048828125,1266.9000244140625,1259.699951171875,1264.0999755859375,150,1265.3300048828125,1259.0300073242188,-0.000236890264272982,0.11296839153933841,55.85106382978723,6.5487269557238506,6.8227029425155665,96.9800033569336,0.003518252994955784,2440.35009765625,0.004536238047879948
2017-06-14,1272.800048828125,1278.0,1256.800048828125,1269.4000244140625,336,1267.2200073242188,1259.4700073242188,0.005530099328468596,0.11311316427383737,60.344842528019846,6.279278088345109,6.714017971681476,96.94000244140624,0.0019638495235787534,2437.919921875,0.00196455177585797
2017-06-15,1252.199951171875,1264.199951171875,1250.300048828125,1263.199951171875,743,1266.9550048828125,1259.4140063476561,-0.016184865545233573,0.11171523810180059,48.4455543444574,4.353300067668215,6.241874390878824,97.43000030517578,0.005262093952389968,2432.4599609375,-0.0005465048766131186
2017-06-16,1254.0,1255.300048828125,1251.300048828125,1252.800048828125,34,1267.0700073242188,1259.586005859375,0.001437509102631962,0.11059555605637304,43.57280074765062,2.9383263104907655,5.581164774801213,97.16000366210938,-0.0011308007068269177,2433.14990234375,0.000567439684434401
2017-06-19,1244.199951171875,1252.199951171875,1241.9000244140625,1252.0999755859375,108,1266.6450073242188,1259.46400390625,-0.007815030963417069,0.11406139132274351,41.87103147545128,1.014473160481657,4.667826451937302,97.52999877929688,0.00401481770742107,2453.4599609375,0.009907865523319126
2017-06-20,1241.0,1245.5,1240.5,1242.199951171875,75,1265.660009765625,1259.1980029296874,-0.002571894629043392,0.11148341569831272,35.009692416304034,-0.7596469013615206,3.5823317812775373,97.75,0.007939746508694556,2437.030029296875,-0.0013604885473456063
2017-06-21,1243.4000244140625,1245.0,1240.0,1244.0999755859375,205,1265.0900085449218,1259.04400390625,0.0019339439275281034,0.11087225711147557,38.293682750937016,-1.9495151230357806,2.4759624004148737,97.55999755859376,0.006395658155282868,2435.610107421875,-0.0009474529628309414
2017-06-22,1247.5999755859375,1252.699951171875,1246.300048828125,1251.0,156,1264.8500061035156,1258.5720043945312,0.0033777956324667624,0.11152430242886965,34.66383887756946,-2.5244925237643656,1.475871415579026,97.54000091552734,0.001129021964559218,2434.5,0.0008386732341993941
2017-06-23,1256.199951171875,1273.5999755859375,1249.800048828125,1250.0,269,1264.8700012207032,1258.1900024414062,0.0068932155772916115,0.11391766206373696,38.59818039404711,-2.260166309231863,0.7286638706168482,97.3000030517578,0.0014409158539689937,2438.300048828125,0.0021166581144114183
2017-06-26,1246.300048828125,1260.199951171875,1241.5999755859375,1260.199951171875,194,1263.8050048828125,1257.3980029296874,-0.00788083324992539,0.11158193313265517,24.973991776447406,-2.8170520396924985,0.019520688554978904,97.43000030517578,-0.0010253099084660544,2439.070068359375,-0.005865142617867081
2017-06-27,1246.4000244140625,1251.800048828125,1245.9000244140625,1251.5999755859375,111,1263.0200073242188,1256.5380029296875,8.02179106320633e-05,0.11083543835172037,26.224157992890966,-3.2132801061075043,-0.6270394703775177,96.47000122070312,-0.013094616667998715,2419.3798828125,-0.007242482149252494
2017-06-28,1248.0,1248.5,1248.0,1248.5,370,1261.8200073242188,1255.66400390625,0.0012836774346900448,0.10656868216840577,32.24588069878787,-3.359463244094286,-1.1735242251208713,96.0500030517578,-0.015477598858375075,2440.68994140625,0.0020856515453338
2017-06-29,1244.199951171875,1250.699951171875,1238.0999755859375,1248.199951171875,540,1260.6800048828125,1254.9200024414063,-0.0030449109199719437,0.1062838929356129,33.94975924558241,-3.7388475095001468,-1.6865888819967265,95.62999725341795,-0.019581747428560226,2419.699951171875,-0.006079297115680893
2017-06-30,1240.699951171875,1243.699951171875,1239.0999755859375,1243.699951171875,43,1258.875,1254.0960009765624,-0.002813052674293548,0.10141980008359104,33.463510001668936,-4.272680224453779,-2.2038071504881374,95.66000366210938,-0.016855080557151125,2423.409912109375,-0.006106769643016818
2017-07-03,1217.9000244140625,1236.0,1217.9000244140625,1236.0,33,1255.804998779297,1252.7060009765626,-0.018376664508028218,0.11695042670825721,25.88113809444782,-6.461031292639291,-3.055251978918368,96.1999969482422,-0.012624482737153775,2429.010009765625,-0.004124546778812688
2017-07-05,1220.4000244140625,1225.0,1217.0999755859375,1222.5,40,1252.104998779297,1251.5980004882813,0.0020527136463461826,0.10580095118518358,22.362834969308565,-7.902491174635088,-4.024699818061713,96.29000091552734,-0.0018658681755789885,2432.5400390625,0.005439474942935174
2017-07-06,1222.199951171875,1225.0999755859375,1222.199951171875,1225.0999755859375,5,1248.7099975585938,1250.73,0.0014748662092798348,0.10692213069755377,30.263094492362555,-8.798199304639411,-4.9793997153772525,95.81999969482422,-0.0023946210268170898,2409.75,-0.012676719349457133
2017-07-07,1208.5999755859375,1220.4000244140625,1208.5999755859375,1219.0999755859375,116,1245.3249938964843,1249.66,-0.0111274555140487,0.10736053969315998,24.1456785145741,-10.484598891359838,-6.08043955057377,96.01000213623048,0.0039736996102333055,2425.179931640625,0.0022647355371876454
2017-07-10,1212.0999755859375,1212.0999755859375,1209.5999755859375,1211.4000244140625,28,1242.5049926757813,1248.6280004882813,0.00289591268467726,0.10832055856688341,30.306674954504274,-11.407167241167826,-7.145785088692582,96.0500030517578,0.004076932623021667,2427.429931640625,0.0016588277167484122
2017-07-11,1213.5999755859375,1214.9000244140625,1208.699951171875,1208.699951171875,12,1239.8799926757813,1247.5780004882813,0.0012375216815549983,0.10902475942898301,32.831996622401974,-11.880322874309059,-8.092692645815877,95.73999786376952,-0.004781695416478771,2425.530029296875,-0.001432674404287737
2017-07-12,1218.0999755859375,1219.4000244140625,1217.9000244140625,1218.300048828125,7,1237.4949890136718,1246.8739990234376,0.0037079763435454716,0.11080016589554396,34.55424028426553,-11.75666620085235,-8.825487356823173,95.79000091552734,-0.0051926471621766,2443.25,0.004402789169146715
2017-07-13,1216.300048828125,1221.4000244140625,1216.300048828125,1221.4000244140625,7,1234.669989013672,1246.0980004882813,-0.0014776510909514373,0.10730847313455197,30.314420792892548,-11.669388990637572,-9.394267683586053,95.7300033569336,-0.000939222898948544,2447.830078125,0.015802501556178017
2017-07-14,1226.5999755859375,1227.5,1214.800048828125,1214.9000244140625,23,1233.389990234375,1245.7019995117187,0.008468244959569216,0.10028748149177381,31.77332088570583,-10.646378341092486,-9.64468981508734,95.11000061035156,-0.009374039223558062,2459.27001953125,0.014056725212781673
2017-07-17,1232.800048828125,1233.4000244140625,1229.9000244140625,1229.9000244140625,7,1232.3299926757813,1245.8280004882813,0.005054682345991157,0.10226232127848639,41.29029514331887,-9.22895528476647,-9.561542909023165,95.12999725341795,-0.009578404675782082,2459.139892578125,0.013063182802590001
2017-07-18,1241.0999755859375,1241.199951171875,1236.199951171875,1236.199951171875,29,1232.1749938964845,1246.1539990234376,0.006732581464206078,0.10212528868450664,46.907778910963856,-7.351162946169779,-9.119466916452488,94.66000366210938,-0.011280491181928864,2460.610107421875,0.014462850470323474
2017-07-19,1241.199951171875,1241.199951171875,1240.0999755859375,1240.4000244140625,3,1232.184991455078,1246.4719970703125,8.055401490958403e-05,0.10170864575543802,45.96195220394222,-5.788208925357594,-8.45321531823351,94.8000030517578,-0.010335085648893294,2473.830078125,0.012516147805177624
2017-07-20,1244.800048828125,1244.800048828125,1236.5999755859375,1236.5999755859375,5,1232.2549926757813,1247.0819970703126,0.002900497742407193,0.1020063484539057,50.35720202404792,-4.210522527067724,-7.604676760000354,94.2699966430664,-0.015251297008979425,2473.449951171875,0.010466360911170591
2017-07-21,1254.300048828125,1254.300048828125,1250.5,1250.699951171875,16,1232.5899963378906,1247.8219970703126,0.00763174777261888,0.10490894564948675,57.55563030498672,-2.1686255195520516,-6.517466511910693,93.94000244140624,-0.012301526247892713,2472.5400390625,0.005395918067500061
2017-07-24,1253.9000244140625,1256.0,1253.9000244140625,1256.0,8,1232.475,1248.4459985351561,-0.00031892242564790507,0.10196937818326197,76.62727663431917,-0.5760457601468261,-5.32918236155792,93.9800033569336,-0.012088656887279003,2469.909912109375,0.004379587986740763
2017-07-25,1251.699951171875,1253.5999755859375,1249.199951171875,1252.699951171875,18,1232.7449951171875,1248.9559985351561,-0.0017545842566001335,0.09798796505809955,73.25405707382814,0.502762120467878,-4.1627934651527605,94.0500030517578,-0.006444121981327933,2477.1298828125,0.00671369077969608
2017-07-26,1249.0,1249.0,1244.800048828125,1244.800048828125,7,1232.8749938964843,1249.3639990234376,-0.0021570274644072684,0.09835577049737156,69.64814370657282,1.1268717668347108,-3.1048604187552664,93.66999816894533,-0.011919882346369981,2477.830078125,0.0016169259301075378
2017-07-27,1259.5999755859375,1259.5999755859375,1259.5999755859375,1259.5999755859375,220309,1233.4549926757813,1249.8559985351562,0.008486769884657797,0.10271058351561732,89.11045873758233,2.448586815523413,-1.9941709718995306,93.86000061035156,-0.004349167787363051,2475.419921875,0.0007964465592649184
2017-07-28,1268.4000244140625,1270.0,1256.9000244140625,1258.4000244140625,64180,1234.6649963378907,1250.0739990234374,0.0069863837715871124,0.10430096659370866,89.92911264406028,4.158212622688097,-0.763694252982005,93.26000213623048,-0.0072386660368664035,2472.10009765625,-0.00017793095331097852
2017-07-31,1266.5999755859375,1270.800048828125,1265.800048828125,1268.9000244140625,7780,1235.9599975585938,1250.3719995117187,-0.0014191491591594163,0.10374375692764283,87.4293527174419,5.306682364260951,0.45038107046658604,92.86000061035156,-0.011917458039752193,2470.300048828125,0.00015795584965960785
2017-08-01,1272.5999755859375,1273.300048828125,1262.0,1268.4000244140625,1061,1238.6949951171875,1250.77,0.004737091517173164,0.07470549240460268,87.69015435214982,6.624638060772213,1.6852324685277116,93.02999877929688,-0.010845340131457437,2476.35009765625,-0.0003147938110393822
2017-08-02,1271.800048828125,1272.0999755859375,1262.9000244140625,1268.5,393,1241.2649963378906,1250.992001953125,-0.0006285767508711348,0.07538340129040749,88.92002944751665,7.517918160711588,2.851769606964487,92.83000183105467,-0.008967613476148606,2477.570068359375,-0.00010493446177783916
2017-08-03,1267.800048828125,1269.800048828125,1256.5999755859375,1265.9000244140625,878,1243.5450012207032,1251.252001953125,-0.003145148487520233,0.07762226590293807,81.69230451415169,7.813018886752843,3.8440194629221587,92.80999755859376,-0.011186906508947936,2472.159912109375,-0.0013169522216479601
2017-08-04,1258.300048828125,1269.5999755859375,1253.9000244140625,1269.0,521,1246.0300048828126,1251.3700024414063,-0.00749329518387476,0.0702930360852301,68.6676294069496,7.197351149186943,4.514685800175116,93.54000091552734,0.003002345838335474,2476.830078125,0.0019133450434447585
2017-08-07,1258.199951171875,1259.0999755859375,1255.300048828125,1258.699951171875,260,1248.3350036621093,1251.4180004882812,-7.954991048697568e-05,0.07059762812170262,64.2262171949929,6.6249842922002244,4.936745498580137,93.43000030517578,0.006138269341780189,2480.909912109375,0.004294969465868492
2017-08-08,1256.4000244140625,1264.0999755859375,1251.4000244140625,1256.9000244140625,555,1250.4750061035156,1251.1940014648437,-0.0014305570081576402,0.07154728887243965,62.297759877693,5.957466423086771,5.140889683481464,93.63999938964844,0.0065570312625578,2474.919921875,-0.0005775337593031393
2017-08-09,1273.0,1277.800048828125,1260.199951171875,1260.199951171875,574,1253.2200073242188,1251.412001953125,0.013212333065401705,0.08217256673965587,68.85022243546433,6.690805559005867,5.450872858586345,93.5199966430664,0.0074328859032823935,2474.02001953125,-0.0014328752488020902
2017-08-10,1283.699951171875,1287.4000244140625,1274.9000244140625,1276.5999755859375,608,1256.5900024414063,1251.6460009765624,0.008405303355754068,0.08374852606758253,69.342041015625,8.042667875115058,5.969231861892088,93.4000015258789,0.006357116504745575,2438.2099609375,-0.013732910644484675
2017-08-11,1287.699951171875,1291.0999755859375,1282.0,1286.300048828125,139,1259.645001220703,1252.06,0.003115992951739477,0.08097978416518835,71.2311162842767,9.329253246708959,6.641236138855462,93.06999969482422,-0.005024601412261798,2441.320068359375,-0.01433687764019187
2017-08-14,1284.199951171875,1288.4000244140625,1278.800048828125,1288.4000244140625,338,1262.2149963378906,1252.207998046875,-0.002718024487626036,0.082347210118776,70.0865508229571,9.951743173208797,7.30333754572613,93.45999908447266,0.0003210829412274574,2465.840087890625,-0.00607431335785058
2017-08-15,1273.699951171875,1280.5,1267.4000244140625,1280.5,188,1263.8449951171874,1252.09599609375,-0.008176296837901553,0.08793590415689402,63.92331723160343,9.48843193986022,7.740356424552949,93.8499984741211,0.0022426215916429015,2464.610107421875,-0.004165716378134121
2017-08-16,1276.9000244140625,1282.5999755859375,1269.4000244140625,1271.300048828125,110,1265.6299987792968,1251.74599609375,0.0025124231489868087,0.08790799219786928,60.63963003558505,9.272585027754758,8.046802145193311,93.48999786376952,-0.00032077395609175774,2468.110107421875,-0.002388789121639645
2017-08-17,1286.4000244140625,1288.5,1283.199951171875,1283.800048828125,43,1267.7099975585938,1251.6719970703125,0.007439893349801885,0.09035548650886396,60.97560975609756,9.755638472370038,8.388569410628657,93.62000274658205,0.002355473416584264,2430.010009765625,-0.0033631029744141117
2017-08-18,1285.699951171875,1300.699951171875,1284.300048828125,1288.5999755859375,358,1269.2799926757812,1251.8599951171875,-0.0005442111543074724,0.08781406532206522,61.804678505521835,9.967077482622017,8.704271025027328,93.43000030517578,0.0038680628723757327,2425.550048828125,-0.006459628024869324
2017-08-21,1290.800048828125,1290.800048828125,1284.699951171875,1285.199951171875,18,1271.1249938964843,1252.30599609375,0.003966786847585668,0.08811470509445041,61.37502841945126,10.425995295339362,9.048615879089734,93.0999984741211,-0.003851921826215521,2428.3701171875,-0.015195620708388424
2017-08-22,1285.0999755859375,1288.4000244140625,1283.199951171875,1287.199951171875,100,1272.7949951171875,1252.68599609375,-0.004415922704188335,0.08989321538342859,57.83267649456581,10.212024829626444,9.281297669197077,93.5500030517578,-0.003196541579550627,2452.510009765625,-0.0049095382753694405
2017-08-23,1288.9000244140625,1289.4000244140625,1286.9000244140625,1289.4000244140625,250,1274.7899963378907,1253.1479956054689,0.002957006381073546,0.08908933653476672,62.455665006881745,10.231145598281728,9.471267255014007,93.1500015258789,-0.003636713505823841,2444.0400390625,-0.009752428907848887
2017-08-24,1286.5,1288.699951171875,1284.0,1288.699951171875,550,1276.1349975585938,1253.4219946289063,-0.001862071819847766,0.08598052770048557,68.16999159983766,9.93807706663847,9.5646292173389,93.27999877929688,-0.003631744897567679,2438.969970703125,0.003687211534722845
2017-08-25,1292.5,1292.699951171875,1280.300048828125,1285.4000244140625,280,1277.3399963378906,1254.2279956054688,0.004663816556548683,0.08423882150033694,70.53889134165846,10.07384300832382,9.666471975535885,92.73999786376952,-0.0073852342839823,2443.050048828125,0.00721485834046387
2017-08-28,1309.699951171875,1311.300048828125,1293.5,1293.5,145,1279.4949951171875,1255.3419946289061,0.013307505742263137,0.09434718478255116,76.94630031683887,11.437486583089367,10.020674897046582,92.20999908447266,-0.00955960691981994,2444.239990234375,0.006535195328978505
2017-08-29,1313.0999755859375,1323.800048828125,1313.0999755859375,1318.800048828125,1178,1281.5199951171876,1256.7199951171874,0.002596033092175265,0.09373453573004867,73.39546504058788,12.646753592553523,10.54589063614797,92.3499984741211,-0.012827413559492684,2446.300048828125,-0.002532083829534848
2017-08-30,1308.0999755859375,1312.5,1304.9000244140625,1308.199951171875,1178,1283.3349914550781,1258.0619946289062,-0.003807783179471058,0.09539456364639967,65.24994545007881,13.051202063301162,11.046952921578608,92.87999725341795,-0.002898596543618348,2457.590087890625,0.005544119004418091
2017-08-31,1316.199951171875,1322.300048828125,1301.699951171875,1306.5999755859375,373,1285.7549865722656,1259.5179931640625,0.006192168593466496,0.09521896880849011,66.94404528630525,13.865497896944134,11.610661916651713,92.66999816894533,-0.006539457743720889,2471.64990234375,0.01339907093288395
2017-09-01,1324.5,1327.699951171875,1316.9000244140625,1320.199951171875,313,1289.0649841308593,1261.0559936523437,0.006306069849596252,0.08961302424107818,72.6658446294791,15.007579748373018,12.290045482995975,92.80999755859376,0.0007547950877362375,2476.550048828125,0.013712367462987096
2017-09-05,1339.199951171875,1339.199951171875,1328.5999755859375,1335.199951171875,39,1293.1149841308593,1262.7159936523437,0.011098490880992795,0.09389169675201615,85.17709964100183,16.903992349404234,13.212834856277627,92.30999755859376,0.0010844645387046992,2457.85009765625,0.0055682369473750715
2017-09-06,1333.9000244140625,1340.300048828125,1332.5999755859375,1340.0,20,1296.9899841308593,1264.4679931640626,-0.003957532072170977,0.0959298879649679,79.93691337128789,17.774361428228076,14.125140170667718,92.29000091552734,-0.000649675794099358,2465.5400390625,0.007864934738317064
2017-09-07,1345.0999755859375,1349.0,1336.4000244140625,1336.4000244140625,26,1300.5949829101562,1266.4419921875,0.008396394757391734,0.09050981803465773,80.2888867053159,19.147161097105936,15.129544355955362,91.52999877929688,-0.01453486772224688,2465.10009765625,0.0030558431215317317
2017-09-08,1346.0,1355.800048828125,1345.5999755859375,1351.0,37,1303.7099853515624,1268.4019921875,0.0006691133970695429,0.08826361005733462,81.05045735463464,20.076311946526857,16.11889787406966,91.33000183105467,-0.01445987228194101,2461.429931640625,-0.0041348779588217255
2017-09-11,1331.0,1331.0,1327.300048828125,1331.0,9,1305.8749877929688,1270.1379931640624,-0.011144130757800852,0.10038391902155001,68.78502391209112,19.37890805993038,16.770899911241806,91.86000061035156,-0.010235933339427628,2488.110107421875,0.00466780737955208
2017-09-12,1328.0,1328.0,1325.199951171875,1327.0,15,1308.064990234375,1271.883994140625,-0.002253944402704766,0.10012780701886106,70.56570208034643,18.372350507070678,17.09119003040758,91.91000366210938,-0.004333158997545161,2496.47998046875,0.015716940121505596
2017-09-13,1323.4000244140625,1323.4000244140625,1323.4000244140625,1323.4000244140625,16,1310.5499938964845,1273.993994140625,-0.0034638370376035565,0.09524264843527404,66.41296293285077,17.00741590458938,17.07443520524394,92.5199966430664,0.0024920980090743505,2498.3701171875,0.013315572898781047
2017-09-14,1324.699951171875,1329.300048828125,1319.5999755859375,1319.5999755859375,316,1312.939990234375,1276.0799926757813,0.0009822629090459056,0.09527401285038081,68.36540425322137,15.847903853073603,16.829128934809873,92.12000274658205,0.006446017427661266,2495.6201171875,0.012380843909854944
2017-09-15,1320.4000244140625,1321.199951171875,1319.800048828125,1320.5999755859375,15,1314.639990234375,1278.043994140625,-0.003245962796336377,0.0945155892148562,63.636417875540396,14.415837246812089,16.346470597210317,91.87000274658205,0.005912634454188215,2500.22998046875,0.01576321484083998
2017-09-18,1306.300048828125,1310.4000244140625,1306.0,1309.800048828125,129,1315.6699951171875,1279.9979956054688,-0.010678563560459264,0.10358075234369389,48.28633448348846,12.00478031770831,15.478132541309916,92.0500030517578,0.0020683914668384595,2503.8701171875,0.0063341287504175
2017-09-19,1306.199951171875,1310.300048828125,1305.0999755859375,1307.9000244140625,20,1316.439990234375,1281.8799951171875,-7.662684873954717e-05,0.1029415026178759,46.40248163531315,9.970983989647266,14.376702830977386,91.79000091552734,-0.0013056548993644057,2506.64990234375,0.004073704557843172
2017-09-20,1312.0,1312.0,1298.699951171875,1312.0,12,1317.7849914550782,1283.8479956054687,0.004440398901348397,0.10199889702878177,52.01656220610605,8.72660632871316,13.246683530524543,92.51000213623048,-0.0001080253696341682,2508.239990234375,0.003950524775722997
2017-09-21,1290.5999755859375,1304.0999755859375,1290.300048828125,1299.0999755859375,336,1317.8699890136718,1285.2979956054687,-0.01631099421803539,0.11878529631469639,38.363634547712344,5.945093606019782,11.78636554562359,92.26000213623048,0.0015197501679800052,2500.60009765625,0.001995488189269201
2017-09-22,1293.300048828125,1295.699951171875,1293.300048828125,1295.0,209,1318.2099914550781,1286.8379956054687,0.0020921069992749786,0.11875157019272646,35.057480672182436,3.913485849941253,10.211789606487123,92.16999816894533,0.003265433910901283,2502.219970703125,0.0007959228750635816
2017-09-25,1306.800048828125,1309.199951171875,1291.0,1293.0999755859375,51,1318.9249938964845,1288.4419970703125,0.010438412967070265,0.12325596214225237,34.30236546827945,3.354095319111366,8.840250749011972,92.6500015258789,0.006518179839535065,2496.659912109375,-0.002879624237947298
2017-09-26,1297.0,1305.5999755859375,1297.0,1304.5,39,1318.2899963378907,1289.72599609375,-0.0074992718564046434,0.11671173843582436,32.86908109566248,2.095832799332584,7.491367159076094,92.97000122070312,0.012855434071318061,2496.840087890625,-0.003913515981610605
2017-09-27,1283.4000244140625,1283.4000244140625,1283.4000244140625,1283.4000244140625,19488,1316.804998779297,1290.5719970703126,-0.010485717491085178,0.12131342765680798,21.98006519280662,0.0012321140259246022,5.993340150066061,93.36000061035156,0.009188179164339116,2507.0400390625,-0.00047840365218121406
2017-09-28,1285.5,1288.0,1277.0,1283.0999755859375,5226,1315.675,1291.457998046875,0.0016362595807930536,0.12125007302206794,22.82121587681104,-1.4723314201883113,4.500205836015186,93.08999633789062,0.008996251706504088,2510.06005859375,0.0037830762889141667
2017-09-29,1281.5,1289.4000244140625,1281.5,1284.199951171875,492,1313.9400024414062,1292.1919970703125,-0.003111629716063824,0.11855773350997997,25.324039929021566,-2.929142378103279,3.014336193191493,93.08000183105467,0.009873100577059146,2519.360107421875,0.006849971992643589
2017-10-02,1272.699951171875,1276.0999755859375,1270.4000244140625,1275.0,136,1311.35,1292.5599951171876,-0.00686699089202103,0.1165403394536313,23.939680523532743,-4.739136141925883,1.4636417261680181,93.55999755859376,0.00982186743365232,2529.1201171875,0.01300145242877715
2017-10-03,1271.5,1273.300048828125,1268.5999755859375,1269.699951171875,192,1307.9650024414063,1292.9119946289063,-0.0009428390177670387,0.1059965383504837,24.73223592953447,-6.198937775247941,-0.06887417411517371,93.56999969482422,0.0064536782429069905,2534.580078125,0.015115101050086954
2017-10-04,1273.699951171875,1280.800048828125,1270.0,1273.800048828125,218,1304.9549987792968,1293.3519946289061,0.0017302014721785053,0.10692712078768891,25.386123587826916,-7.096519157726561,-1.4744031708374514,93.45999908447266,0.001071106185382753,2537.739990234375,0.012245496957980384
2017-10-05,1269.9000244140625,1277.800048828125,1267.5999755859375,1277.800048828125,36,1301.195001220703,1293.7699951171876,-0.0029833767005458256,0.09920104268419358,25.50923755262872,-8.022008481855892,-2.7839242330411396,93.95999908447266,0.009345824264770153,2552.070068359375,0.016736655213405838
2017-10-06,1271.5999755859375,1272.0,1260.5,1267.5999755859375,46,1297.475,1294.0099951171876,0.0013386496095701972,0.09954427411630025,30.870978378632998,-8.520079414607153,-3.9311552693543423,93.8000030517578,0.007735294440689433,2549.330078125,0.011895866182383141
2017-10-09,1281.800048828125,1284.0,1279.0,1280.5999755859375,19,1295.0150024414063,1294.2779956054687,0.008021448126787956,0.10151603894537853,37.89687970024971,-7.999529950410533,-4.744830205565581,93.73999786376952,0.001923902414202372,2544.72998046875,0.006172052950418561
2017-10-10,1290.5999755859375,1293.0,1281.699951171875,1282.5999755859375,18,1293.145001220703,1294.7579956054688,0.00686528820611132,0.10610615535018399,39.69169580244822,-6.798540857320859,-5.155572335916637,93.29000091552734,-0.0029923990617728435,2550.639892578125,0.00633628212883508
2017-10-11,1285.800048828125,1292.0,1284.9000244140625,1287.300048828125,21,1291.2650024414063,1295.0219970703124,-0.003719143691780502,0.10617567333241276,47.24774302468989,-6.163018877804689,-5.357061644294248,92.95999908447266,-0.005349882354996449,2555.239990234375,0.006895899527667337
2017-10-12,1293.300048828125,1294.5,1289.300048828125,1291.5,14,1289.6950073242188,1295.4519970703125,0.005832944248863159,0.1089893912743066,50.0,-4.996578365331061,-5.284964988501612,93.12000274658205,-0.008939935569129087,2550.929931640625,-0.0004467497710527457
2017-10-13,1301.5,1301.699951171875,1291.699951171875,1293.300048828125,74,1288.7500061035157,1296.12599609375,0.006340331603099436,0.11184940742650623,46.943444787988355,-3.3716322479406244,-4.902298440389414,93.08999633789062,-0.007569367705408281,2553.169921875,0.0015062167833614915
2017-10-16,1299.9000244140625,1303.800048828125,1291.9000244140625,1302.0,173,1288.4300048828125,1296.9579956054688,-0.00122933199073183,0.10551490642628694,51.84715792551033,-2.1877365360664953,-4.35938605952483,93.27999877929688,-0.004907180445439585,2557.639892578125,0.00507319527354988
2017-10-17,1283.0,1295.0999755859375,1283.0,1295.0999755859375,571,1287.2700073242188,1297.4539965820313,-0.013001018614243298,0.11483642271248876,49.755485350759514,-2.5834015408643154,-4.004189155792727,93.48999786376952,0.002143819769315547,2559.360107421875,0.0034188341792678045
2017-10-18,1279.9000244140625,1279.9000244140625,1279.9000244140625,1279.9000244140625,163,1285.6650085449219,1297.9239965820314,-0.0024161929742303467,0.11319796874508856,46.61835926845989,-3.1112465168250765,-3.8256006279991976,93.36000061035156,0.00430294244641094,2561.260009765625,0.0023559507342783004
2017-10-19,1286.9000244140625,1286.9000244140625,1285.0999755859375,1286.4000244140625,134,1285.4800109863281,1298.2019970703125,0.005469177175150497,0.1003414091082403,53.14687901478364,-2.930939913753491,-3.6466684851500566,93.2699966430664,0.0016107591501317575,2562.10009765625,0.00437886038227675
2017-10-20,1277.4000244140625,1279.5999755859375,1277.4000244140625,1279.5999755859375,304,1284.685009765625,1298.0759985351563,-0.007382080829725246,0.10316153055538739,52.71681684436322,-3.5141077898229014,-3.620156346084626,93.6999969482422,0.006552805181530452,2575.2099609375,0.008632421553170344
2017-10-23,1277.699951171875,1280.800048828125,1271.5,1274.699951171875,115,1283.2300048828124,1297.8759985351562,0.00023479470180065576,0.09469374551923967,53.62148333219248,-3.907033104754646,-3.6775316978186305,93.94000244140624,0.007075511050026462,2564.97998046875,0.002869867611904553
2017-10-24,1275.0,1275.5,1273.699951171875,1275.5,111,1282.1300048828125,1297.6919995117187,-0.0021131339712415764,0.09175701130593124,50.75496790145861,-4.385736700195139,-3.8191726982939325,93.95999908447266,0.0050272888163716,2569.1298828125,0.003817272669951244
2017-10-25,1275.4000244140625,1275.4000244140625,1269.9000244140625,1269.9000244140625,105,1281.7300048828124,1297.7260009765625,0.0003137446384804399,0.08441211970348597,53.3252838476935,-4.678898689800917,-3.9911178965953296,93.70999908447266,0.0037489125089218422,2557.14990234375,-0.0016047208819892633
2017-10-26,1266.300048828125,1273.5,1264.699951171875,1273.5,39,1280.7700073242188,1297.5140014648437,-0.00713499718656363,0.08743270200899994,47.05885540789354,-5.581187204868229,-4.30913175824991,94.61000061035156,0.014366934872027448,2560.39990234375,-0.0006635944138385641
2017-10-27,1268.5,1268.5,1267.0999755859375,1268.4000244140625,567,1280.1200073242187,1297.1560009765626,0.0017373063942554001,0.08738069900127905,41.90005352682289,-6.049010452764378,-4.657107497152804,94.91999816894533,0.013020290933168699,2581.070068359375,0.0022755843254589347
2017-10-30,1274.0999755859375,1274.0999755859375,1267.9000244140625,1270.0,222,1280.190008544922,1296.9240014648437,0.004414643741377677,0.08562855774223874,39.543680938692276,-5.899882347220682,-4.90566246716638,94.48999786376952,0.005854752055242107,2572.830078125,0.0030604908092948246
2017-10-31,1267.0,1274.5999755859375,1266.0999755859375,1273.0999755859375,235,1279.9650085449218,1296.4480004882812,-0.005572541968437261,0.08790085932287613,38.42357348599193,-6.282188780248816,-5.180967729782868,94.5500030517578,0.006279310057833332,2575.260009765625,0.0023860712508680937
2017-11-01,1274.0999755859375,1274.800048828125,1270.300048828125,1272.199951171875,78,1279.985009765625,1296.2280004882812,0.005603769207527698,0.09005616515051723,38.118719888323355,-5.9437448986402615,-5.3335231635543465,94.81999969482422,0.01184506051857892,2579.360107421875,0.008685531128921342
2017-11-02,1274.9000244140625,1274.9000244140625,1274.9000244140625,1274.9000244140625,70,1280.235009765625,1295.9480004882812,0.0006279325354803245,0.0893625969153907,31.880071379747918,-5.547025769795937,-5.376223684802665,94.69000244140624,0.0008455959257853696,2579.85009765625,0.007596545873437721
2017-11-03,1266.5,1267.9000244140625,1265.300048828125,1265.300048828125,75,1279.9800109863281,1295.5480004882813,-0.0065887710825977,0.09241483574356386,29.17699776406893,-5.8430793882641865,-5.469594825494969,94.94000244140624,0.0002107487657689866,2587.840087890625,0.002622950695621018
2017-11-06,1279.4000244140625,1280.5,1269.0,1269.0,128,1279.860009765625,1295.2860009765625,0.010185570007155587,0.09523970747124683,47.63780599747849,-4.979380653027647,-5.371551991001505,94.72000122070312,0.0024341555945974758,2591.1298828125,0.007112714066541237
2017-11-07,1273.699951171875,1276.800048828125,1270.4000244140625,1276.800048828125,11,1279.0150085449218,1294.5660009765625,-0.004455270543548773,0.09274029008520063,46.065939717657926,-4.700655228466758,-5.237372638494556,94.91000366210938,0.0038075155868002586,2590.639892578125,0.005972166986703442
2017-11-08,1281.5999755859375,1284.9000244140625,1274.699951171875,1275.9000244140625,15,1278.8050048828125,1293.9360009765626,0.006202421855158402,0.09503359544590022,46.67499869812009,-3.798510509771859,-4.949600212750017,94.87000274658205,0.0005273470989111129,2594.3798828125,0.005823062606654661
2017-11-09,1285.5999755859375,1286.9000244140625,1279.699951171875,1279.699951171875,18,1278.4200012207032,1293.4860009765625,0.0031210986861724965,0.09324114181882903,55.52557720212027,-2.7293257813385026,-4.505545326467714,94.44000244140624,-0.002640194250229322,2584.6201171875,0.0018489522067903774
2017-11-10,1272.4000244140625,1283.5,1272.4000244140625,1283.5,10,1276.9650024414063,1292.6100024414063,-0.010267541554563886,0.0961860958604613,46.957561283938986,-2.9135295687115104,-4.187142174916474,94.38999938964844,-0.005793164499834913,2582.300048828125,-0.002140796523101951
2017-11-13,1277.300048828125,1277.300048828125,1277.0,1277.300048828125,3,1275.8350036621093,1291.6660034179688,0.003851009368157632,0.09778153005866902,51.28782058817901,-2.6337610207315265,-3.8764659440794844,94.48999786376952,-0.0024282448687652503,2584.840087890625,-0.0024274332844511637
2017-11-14,1281.5,1281.5,1276.9000244140625,1276.9000244140625,4,1275.7600036621093,1290.5120043945312,0.003288147664073371,0.08750882733719854,53.27603500835873,-2.0495159278825668,-3.511075940840101,93.83000183105467,-0.011379220202115237,2578.8701171875,-0.004543192368937077
2017-11-15,1276.5,1284.699951171875,1275.9000244140625,1281.4000244140625,13,1275.5900024414063,1289.36400390625,-0.003901677721420249,0.08819904743732886,55.73030964712079,-1.9672781380108972,-3.2023163802742602,93.80999755859376,-0.01117323871930076,2564.6201171875,-0.01147085892168509
2017-11-16,1277.4000244140625,1277.5,1277.4000244140625,1277.5,43,1275.1150024414062,1288.0100048828126,0.0007050720047492298,0.08578423584592944,55.074125987035785,-1.808630877724454,-2.923579279764299,93.93000030517578,-0.005400276609976551,2585.639892578125,0.00039455523225395694
2017-11-17,1295.800048828125,1295.800048828125,1288.300048828125,1288.300048828125,1,1276.0350036621094,1287.006005859375,0.014404277487392703,0.09632920443073441,60.79604322619905,-0.19591519771461208,-2.3780464633543614,93.66000366210938,-0.007733824899453512,2578.85009765625,-0.0013359993442437768
2017-11-20,1274.5999755859375,1275.9000244140625,1274.5999755859375,1274.5999755859375,1,1275.8800048828125,1285.8780053710936,-0.016360605373768933,0.11388008499705171,53.315864316870915,-0.6213327988193669,-2.0267037304473625,94.08000183105467,-0.004339041612700156,2582.139892578125,-0.001044627605842896
2017-11-21,1281.0999755859375,1281.0999755859375,1281.0999755859375,1281.0999755859375,4,1276.1850036621095,1284.9400048828124,0.0050996392001434465,0.11505837453634646,53.07016886357066,-0.4290379529745678,-1.7071705749528037,93.9499969482422,0.0012788566007233548,2599.030029296875,0.0078173429421724
2017-11-22,1291.5999755859375,1291.5999755859375,1282.9000244140625,1284.699951171875,4,1276.9950012207032,1284.30400390625,0.008196081648661036,0.11845570907689658,56.75017170736328,0.5641165610402368,-1.2529131477541957,93.22000122070312,-0.006289269302263145,2597.080078125,0.012656830038866529
2017-11-24,1286.699951171875,1286.699951171875,1286.699951171875,1286.699951171875,0,1278.0149963378906,1283.54400390625,-0.003793763167144415,0.11611089902923954,58.40262826502011,0.9449152548183974,-0.8133474672396771,92.76000213623048,-0.012456064783817777,2602.419921875,0.006489700806767695
2017-11-27,1293.800048828125,1293.800048828125,1293.800048828125,1293.800048828125,1,1279.2799987792969,1283.0120043945312,0.005518067867946508,0.1172747126187065,56.29370218968444,1.7988831013844901,-0.2909013535148437,92.9000015258789,-0.0081144790360278,2601.419921875,0.008751894590252496
2017-11-28,1294.699951171875,1294.699951171875,1294.699951171875,1294.699951171875,275442,1280.3099975585938,1282.7800024414062,0.0006955497834191249,0.11658532696470304,59.580283434538735,2.5192332182650716,0.27112556084113937,93.26000213623048,-0.00871598298113041,2627.0400390625,0.017388735061733884
2017-11-29,1282.0999755859375,1296.199951171875,1281.0999755859375,1293.4000244140625,47244,1281.0649963378905,1282.2980029296875,-0.009731965753557725,0.12048368671679041,50.21872256623086,2.049774622433006,0.6268553731595127,93.26000213623048,-0.007344277109363251,2626.070068359375,0.010403896360449139
2017-11-30,1273.199951171875,1284.5,1269.699951171875,1283.0999755859375,3049,1281.0199951171876,1281.522001953125,-0.00694175538845565,0.12182318269102992,44.798650673280854,0.9486324687652541,0.691210792280661,93.01000213623048,-0.0022527256138460405,2647.580078125,0.019444914473510932
2017-12-01,1278.800048828125,1288.5999755859375,1271.0,1274.0999755859375,823,1281.2149963378906,1281.2860034179687,0.004398443191185875,0.1228151287275184,52.867388805211824,0.5218350677432682,0.6573356473731824,92.9000015258789,0.0015092646229439843,2642.219970703125,0.015293476849596921
2017-12-04,1274.300048828125,1276.0999755859375,1270.300048828125,1272.5,850,1281.604998779297,1280.9060034179688,-0.0035189238568795744,0.1210413447811656,48.651081505941036,-0.17747155776078216,0.4903742063463895,93.19000244140624,0.003121645971626119,2639.43994140625,0.01461510277965683
2017-12-05,1261.5999755859375,1275.800048828125,1260.0,1275.4000244140625,1499,1280.7149963378906,1280.002001953125,-0.009966313078200728,0.12042429001081435,41.68756405615016,-1.7364501519598434,0.0450093346851429,93.37999725341795,0.0012866728976930197,2629.570068359375,0.0009630722254914126
2017-12-06,1262.800048828125,1267.800048828125,1261.5999755859375,1264.9000244140625,373,1280.1700012207032,1279.3180029296875,0.0009512311869142032,0.11969905561165878,44.08977351241132,-2.842351183343226,-0.5324627689205308,93.61000061035156,0.003752932297919287,2629.27001953125,0.0012185322891533623
2017-12-07,1249.800048828125,1262.4000244140625,1243.9000244140625,1262.300048828125,358,1278.5800048828125,1278.6460034179688,-0.010294583067259166,0.12192862857460773,39.2187903820313,-4.71344343091323,-1.3686589013190709,93.8000030517578,0.008493720001965022,2636.97998046875,-0.004003692935987346
2017-12-08,1245.199951171875,1249.300048828125,1241.5,1246.300048828125,157,1276.5600036621095,1277.8400024414063,-0.0036806668879260096,0.12109884876171899,27.84592690774214,-6.492643797674191,-2.393455880590095,93.9000015258789,0.010764262471206099,2651.5,0.003512209202780836
2017-12-11,1243.699951171875,1249.199951171875,1239.9000244140625,1248.4000244140625,146,1275.125,1277.0840014648438,-0.0012046258101667817,0.1166546763546059,33.65084409033426,-7.93227207593236,-3.5012191196585483,93.87000274658205,0.0072969233540192135,2659.989990234375,0.0077857611024769735
2017-12-12,1238.5,1244.4000244140625,1236.5,1241.300048828125,692,1273.1849975585938,1276.4000024414063,-0.004181033509710552,0.11559956952984023,27.14601367130453,-9.384600625874782,-4.6778954209017956,94.0999984741211,0.007710443798249145,2664.110107421875,0.013135241946243381
2017-12-13,1245.4000244140625,1254.5,1239.800048828125,1241.9000244140625,349,1271.3799987792968,1275.8780029296875,0.005571275263675846,0.11713194164109983,24.218875595022382,-9.865088560737604,-5.715334048868957,93.43000030517578,-0.0019228747356281328,2662.85009765625,0.012771635425632866
2017-12-14,1253.800048828125,1257.699951171875,1250.300048828125,1252.9000244140625,139,1270.2450012207032,1275.4800048828124,0.0067448404122318895,0.12017523504020775,32.33094438281948,-9.459029142647978,-6.464073067624762,93.48999786376952,-0.003304959252690254,2652.010009765625,0.005699713083981539
2017-12-15,1254.300048828125,1260.300048828125,1253.0999755859375,1253.0999755859375,578,1269.0900024414063,1275.1680053710938,0.00039878766990586456,0.12012691814370087,27.167694500500986,-8.993210178131903,-6.969900489726191,93.93000030517578,0.00031947581266655867,2675.81005859375,0.009168417346313351
2017-12-18,1262.199951171875,1262.4000244140625,1255.699951171875,1256.199951171875,45,1267.4099975585937,1274.9800048828124,0.006298255629608507,0.10941156216504107,32.62036623609251,-7.895573934315507,-7.155035178644055,93.6999969482422,-0.0018110769507357904,2690.159912109375,0.011342118574040772
2017-12-19,1260.699951171875,1264.300048828125,1259.5,1261.0999755859375,329,1266.7149963378906,1274.5580029296875,-0.001188401250219795,0.09384051405371993,37.01459061394946,-7.065282587344882,-7.137084660384221,93.47000122070312,-0.006694976234151828,2681.469970703125,0.006516195870766683
2017-12-20,1266.0999755859375,1266.5999755859375,1261.300048828125,1261.300048828125,63,1265.9649963378906,1274.0680029296875,0.004283354186730204,0.09323361318835263,45.50066449962946,-5.903482204552574,-6.890364169217891,93.3499984741211,-0.0008562756158982943,2679.25,0.0061587779042404645
2017-12-21,1267.300048828125,1267.4000244140625,1264.300048828125,1266.4000244140625,226,1264.75,1273.6980029296874,0.0009478503003936822,0.08757044466157618,42.281904487257215,-4.830231250514544,-6.478337585477222,93.27999877929688,-0.0022462198018086132,2684.570068359375,0.01227750214888057
2017-12-22,1275.4000244140625,1276.300048828125,1266.300048828125,1266.300048828125,119,1264.1850036621095,1273.3400024414063,0.006391521560681346,0.09057182774817105,50.70420774089281,-3.288167849463889,-5.840303638274556,93.3499984741211,-0.006174830503250073,2683.340087890625,0.0028141120378448736
2017-12-26,1284.0999755859375,1284.0999755859375,1281.800048828125,1282.4000244140625,84,1263.7,1272.992001953125,0.006821350952907368,0.09181575551592279,65.18216622626963,-1.348513320975826,-4.9419455748148104,93.26000213623048,-0.004695782565017126,2680.5,-0.003590831930061933
2017-12-27,1287.0,1287.0,1284.0,1284.0,456,1263.3150024414062,1272.7340014648437,0.0022584101465614737,0.09222082607292502,65.96301819458446,0.41786768247675354,-3.8699829233564977,93.02999877929688,-0.0047074188045350684,2682.6201171875,0.00042892387270465626
2017-12-28,1294.0999755859375,1294.0999755859375,1288.199951171875,1288.199951171875,245,1263.9150024414062,1272.9560009765626,0.005516686546960026,0.0872472806937704,81.68806243571228,2.3634022170228945,-2.6233058952806196,92.5999984741211,-0.00803427972425641,2687.5400390625,0.0030941640617709876
2017-12-29,1306.300048828125,1306.300048828125,1294.0,1294.199951171875,65,1265.5700073242188,1273.4840014648437,0.009427458057607696,0.08812214058558111,89.41941784274194,4.833973268058344,-1.131850062612827,92.12000274658205,-0.01243563516182511,2673.610107421875,-0.004082575853271764
2018-01-02,1313.699951171875,1317.5999755859375,1302.300048828125,1302.300048828125,68,1267.3150024414062,1274.02,0.005664779964134947,0.08882477040272316,91.96647599866513,7.3048234435211725,0.5554846386139731,91.8499984741211,-0.01606855944851282,2695.81005859375,0.004647182352844226
2018-01-03,1316.199951171875,1320.0999755859375,1312.0999755859375,1320.0,42,1269.4099975585937,1274.7959985351563,0.0019030220696665268,0.08693816235811838,98.14126281587792,9.356859068815538,2.315759524654286,92.16000366210938,-0.011794965139656277,2713.06005859375,0.012147009361592964
2018-01-04,1319.4000244140625,1322.0,1319.4000244140625,1319.4000244140625,2,1272.3,1275.63,0.002431297189563253,0.07536734539601345,98.05194805194805,11.11322491343617,4.075252602410663,91.8499984741211,-0.012684083851008054,2723.989990234375,0.015421442932534113
2018-01-05,1320.300048828125,1320.300048828125,1320.300048828125,1320.300048828125,1,1275.175,1276.5360009765625,0.0006821467313995466,0.07543501277934866,97.84172661870504,12.43444540121618,5.747091162171767,91.9499969482422,-0.007019455038765998,2743.14990234375,0.020691733880418228
2018-01-08,1318.5999755859375,1319.9000244140625,1314.5999755859375,1319.9000244140625,41,1278.6149963378907,1277.4,-0.0012876415809394137,0.06097491395493459,95.47373419087495,13.19226819823416,7.236126569384245,92.33000183105467,0.0022796252519696747,2747.7099609375,0.027715280290841804
2018-01-09,1311.699951171875,1311.699951171875,1309.5999755859375,1309.5999755859375,16,1281.9399963378905,1278.307998046875,-0.005232841302758584,0.06332926917921862,85.50922617796645,13.08523547114919,8.405948349737235,92.52999877929688,0.007403378513581194,2751.2900390625,0.020580077699424715
2018-01-10,1317.4000244140625,1320.699951171875,1315.300048828125,1320.300048828125,70,1285.625,1279.2859985351563,0.004345561831495814,0.061941743710219696,88.36256237704228,13.306965126272644,9.386151705044318,92.33000183105467,0.0018445981140426948,2748.22998046875,0.012963193263487716
2018-01-11,1320.5999755859375,1320.5999755859375,1316.300048828125,1317.0999755859375,9,1289.729998779297,1280.2159985351564,0.0024289897620870526,0.05610259451741708,88.00547527274213,13.584305375464737,10.225782439128402,91.8499984741211,0.0,2767.56005859375,0.01599494437041815
2018-01-12,1333.4000244140625,1338.199951171875,1327.800048828125,1327.800048828125,14,1294.1299987792968,1281.5439990234374,0.00969260113945225,0.06015421383584001,89.67577429494648,14.667874361827899,11.114200823668302,90.97000122070312,-0.01065792017470868,2786.239990234375,0.015708251252988026
2018-01-16,1335.4000244140625,1335.4000244140625,1331.0,1331.0999755859375,13,1298.2099975585938,1282.77,0.001499924976286815,0.05918999807126684,88.86000531289135,15.509213318530328,11.993203322640708,90.38999938964844,-0.021011614891506825,2776.419921875,0.01044868685037792
2018-01-17,1338.0,1338.0,1326.800048828125,1334.4000244140625,27,1302.3949951171876,1284.0319995117188,0.0019469638598204053,0.05848153272841514,87.90426008622154,16.19904430492693,12.834371519097953,90.54000091552734,-0.02150651561680106,2802.56005859375,0.018634901738211695
2018-01-18,1326.0,1328.9000244140625,1326.0,1328.9000244140625,211,1305.5849975585938,1285.2219995117186,-0.008968609865470878,0.0715470661711011,74.31415525114156,15.59764072669168,13.387025360616699,90.5,-0.019820229554454172,2798.030029296875,0.018120771981255723
2018-01-19,1331.9000244140625,1333.0,1330.0999755859375,1330.0999755859375,50,1309.145001220703,1286.2719995117188,0.004449490508342757,0.07050625149861035,73.92400760233014,15.419361913792272,13.793492671251816,90.56999969482422,-0.013935751775298266,2810.300048828125,0.01544320243445485
2018-01-22,1330.9000244140625,1330.9000244140625,1328.4000244140625,1328.4000244140625,162,1312.3850036621093,1287.4160009765626,-0.000750807103888973,0.07132349335185925,68.14152918787438,15.024193477317795,14.039632832465013,90.4000015258789,-0.006265798473953366,2832.969970703125,0.01677169972168091
2018-01-23,1335.699951171875,1335.9000244140625,1335.699951171875,1335.800048828125,47,1315.804998779297,1288.4980004882811,0.0036065269139398115,0.07117616471237881,66.8711151052198,14.926272837087026,14.216960833389416,90.12000274658205,-0.002987018972115507,2839.1298828125,0.02258662691598534
2018-01-24,1355.9000244140625,1357.199951171875,1355.9000244140625,1355.9000244140625,18,1319.8299987792968,1289.9040014648438,0.015123211784551671,0.08303803896935341,73.94447806643608,16.290856265489992,14.631739919809533,89.20999908447266,-0.01468966001331895,2837.5400390625,0.012481438305483428
2018-01-25,1362.4000244140625,1362.4000244140625,1346.699951171875,1356.300048828125,4,1323.7450012207032,1291.7040014648437,0.0047938637679492135,0.08213271452030428,74.94193884602748,17.69284207104215,15.243960350056058,89.38999938964844,-0.012265200114381924,2839.25,0.014731782815598837
2018-01-26,1351.5999755859375,1352.0,1350.9000244140625,1351.5999755859375,280546,1326.975,1293.19,-0.007927223014231655,0.09081315601091555,66.28504432501369,17.728093811940198,15.740787042432887,89.06999969482422,-0.016561775478130203,2872.8701171875,0.02226455085657708
2018-01-30,1335.4000244140625,1347.800048828125,1332.800048828125,1338.699951171875,52100,1329.0400024414062,1294.2680004882814,-0.011985758704125549,0.10339772111404252,57.59495207695941,16.26137934096232,15.844905502138774,89.19000244140625,-0.013384945398770443,2822.429931640625,-0.0037204909234827
2018-01-31,1339.0,1346.9000244140625,1331.800048828125,1337.5,4881,1330.675,1295.5180004882814,0.0026958031452164466,0.09931233527947693,62.7213589957702,15.21410674701201,15.718745751113422,89.12999725341797,-0.010985413481932271,2823.81005859375,-0.005395957512015603
2018-02-01,1344.300048828125,1350.5999755859375,1336.800048828125,1343.800048828125,1680,1332.2050048828125,1296.8560009765624,0.003958214210698197,0.09848875795183938,62.58186074395501,14.643009814998095,15.503598563890357,88.66999816894531,-0.006053143381562154,2821.97998046875,-0.005483643712351216
2018-02-02,1333.699951171875,1352.0999755859375,1327.699951171875,1348.5,2841,1333.0800048828125,1297.6139990234376,-0.007885217043241521,0.10352280915044952,55.730514435353555,13.183105456198291,15.039499942351945,89.19999694824219,-0.0021255447220447365,2762.1298828125,-0.027162143942062178
2018-02-05,1333.0,1340.199951171875,1329.0,1331.0999755859375,641,1333.7600036621093,1298.7819995117188,-0.0005248190728807112,0.10339156446469339,49.8042934797539,11.833234364154805,14.398246826712517,89.55000305175781,0.005389057579187284,2648.93994140625,-0.07794650180721518
2018-02-06,1326.0999755859375,1343.699951171875,1319.5,1338.199951171875,529,1334.05,1299.6819995117187,-0.005176312388644022,0.1053522287748733,45.65824446865839,10.090362081070907,13.536669877584195,89.58999633789062,0.004484739158373108,2695.139892578125,-0.04509945052506892
2018-02-07,1311.5999755859375,1331.0999755859375,1310.5,1325.4000244140625,491,1333.7,1300.0819995117188,-0.010934318880138072,0.11252804877202195,38.90756414583182,7.453178815622778,12.319971665191911,90.26000213623048,0.012678165798655217,2681.659912109375,-0.05033983998030145
2018-02-08,1316.9000244140625,1321.0999755859375,1307.0,1317.0999755859375,459,1333.9600036621093,1300.6860009765626,0.0040409034208446215,0.11188615361077034,45.94836966269296,5.724868997750264,11.000951131703582,90.2300033569336,0.0175933824315182,2581.0,-0.08539393692960273
2018-02-09,1313.0999755859375,1322.0,1311.9000244140625,1320.9000244140625,451,1333.7450012207032,1301.0719995117188,-0.0028856016080763824,0.11129371342316008,41.47004741016438,4.002401638509809,9.601241233064828,90.44000244140624,0.01390140734963885,2619.550048828125,-0.05161952552325133
2018-02-12,1324.199951171875,1325.5,1318.0,1323.800048828125,140,1333.925,1301.6619995117187,0.008453260065734547,0.11512651316535663,47.21526861011529,3.492746897943107,8.379542366040484,90.20999908447266,0.0073701397009822145,2656.0,0.0026652392088595267
2018-02-13,1328.0999755859375,1329.5999755859375,1323.4000244140625,1324.5,71,1333.6599975585937,1302.5819995117188,0.002945192990387202,0.11009893984426665,46.81743781737954,3.364754425994988,7.376584778031385,89.69999694824219,0.0012278224673287763,2662.93994140625,-0.011947413661363981
2018-02-14,1355.5,1355.5,1324.0,1332.800048828125,400,1334.6649963378907,1304.2280004882812,0.02063099534504098,0.13260459027722016,49.842012748901034,5.411887577288553,6.983645337882819,89.12000274658203,-0.01263017242042419,2698.6298828125,0.0063281591474351195
2018-02-15,1352.0999755859375,1355.9000244140625,1349.699951171875,1352.0,111,1335.3699951171875,1305.6939990234375,-0.0025083175315843143,0.13302706919387022,45.82994798925388,6.682865875586913,6.9234894454236375,88.58999633789062,-0.018175850138843486,2731.199951171875,0.05819447933819255
2018-02-16,1353.199951171875,1361.4000244140625,1344.9000244140625,1354.0,110,1336.7299926757812,1307.2719970703124,0.0008135312519776949,0.12817963130377125,50.702975915284625,7.690235918139479,7.0768387399668065,89.0999984741211,-0.014816496363468157,2732.219970703125,0.04301117358891604
2018-02-20,1328.800048828125,1350.199951171875,1328.5,1348.4000244140625,283,1336.5749938964843,1308.6159985351562,-0.018031261619999017,0.14411324203771897,47.29509467944069,6.445416979120637,6.950554387797572,89.72000122070312,-0.005431746688199124,2716.260009765625,0.022688256688864872
2018-02-21,1330.0,1331.5,1324.4000244140625,1326.800048828125,119,1336.5299926757812,1309.9599975585938,0.0009030336602811051,0.14413031477201738,46.23746126618247,5.492402040846628,6.658923918407384,90.08000183105467,0.004236397945829973,2701.330078125,0.014416448573179919
2018-02-22,1330.5999755859375,1331.4000244140625,1322.0,1322.0,70,1336.2749938964844,1311.57599609375,0.0004511094631109991,0.14351854187546087,44.03826356345371,4.731007739471806,6.273340682620269,89.75,0.007069089250472782,2703.9599609375,0.001975105278032796
2018-02-23,1328.199951171875,1332.0999755859375,1327.699951171875,1328.0,427,1334.889990234375,1313.23599609375,-0.001803715961294583,0.13171487743711718,47.42267923293589,3.8891041855413278,5.796493383204481,89.87999725341797,0.014561473855435825,2747.300048828125,0.005894880618074749
2018-02-26,1330.699951171875,1340.5,1330.699951171875,1335.0,652,1333.3049865722655,1314.97599609375,0.0018822467187973313,0.1304156041729845,48.94006966445852,3.384603062826045,5.314115319128795,89.81999969482422,0.008080821919567605,2779.60009765625,0.017341256363385682
2018-02-27,1315.5,1332.5999755859375,1312.699951171875,1331.699951171875,710,1331.4999877929688,1316.51599609375,-0.011422523280690933,0.13338309625127975,45.462336372899955,1.7382359579528384,4.598939446893604,90.36000061035156,0.007133296711333115,2744.280029296875,0.010315661766734818
2018-02-28,1315.5,1321.0,1315.4000244140625,1315.4000244140625,58,1330.5049865722656,1317.9179956054688,0.0,0.12731784923409248,51.906171655086084,0.42853824378789795,3.7648592062724626,90.61000061035156,0.00588364529888552,2713.830078125,0.004627350097355043
2018-03-01,1302.9000244140625,1318.0999755859375,1301.800048828125,1310.4000244140625,43,1328.6999877929688,1318.8999951171875,-0.00957808862480991,0.13036839966622485,43.61313014984819,-1.6075880832115672,2.690369748375657,90.31999969482422,0.0063509715300749114,2677.669921875,-0.009722791551020182
2018-03-02,1321.0999755859375,1323.199951171875,1314.300048828125,1314.300048828125,155,1327.5399841308595,1320.2359936523437,0.013968801006093878,0.1402276514356241,53.225812802838334,-1.7326757036660183,1.8057606579673222,89.94000244140625,0.0006676144840003229,2691.25,-0.020401866498722443
2018-03-05,1318.0999755859375,1325.9000244140625,1318.0999755859375,1323.5,18,1326.7599853515626,1321.353994140625,-0.00227083495226732,0.13787926569718092,47.36842659600127,-2.050249472356427,1.0345586319025726,90.08000183105467,0.0028947020386755895,2720.93994140625,-0.02110381140778561
2018-03-06,1333.5999755859375,1333.5999755859375,1321.4000244140625,1321.5999755859375,18,1326.7899841308595,1322.8119946289062,0.01175935079818946,0.14464096533932064,52.15686687512806,-1.0392289267733759,0.619801120167383,89.62000274658203,-0.008189440668117443,2728.1201171875,-0.005888579859510745
2018-03-07,1326.0,1338.0999755859375,1326.0,1338.0999755859375,27,1326.7849853515625,1324.0099951171876,-0.005698842025396944,0.1449036041089614,36.304512420149706,-0.8415416067273327,0.3275325747884399,89.63999938964844,-0.010705233574320405,2726.800048828125,0.004779212526115906
2018-03-08,1319.9000244140625,1326.800048828125,1319.300048828125,1324.800048828125,62,1327.1999877929688,1325.0619946289062,-0.004600283247313319,0.14021195137793166,35.41664363098384,-1.163675900079852,0.02929087981478154,90.12000274658205,-0.0022143152005971167,2738.969970703125,0.0228930565068306
2018-03-09,1322.4000244140625,1322.4000244140625,1313.0,1316.800048828125,88,1327.4749877929687,1326.0019946289062,0.0018940828500324525,0.13966894896779788,36.22539615641204,-1.2033688546996473,-0.21724106708810426,90.08999633789062,0.0016677106116613771,2786.570068359375,0.03541851123432416
2018-03-12,1319.4000244140625,1319.4000244140625,1319.4000244140625,1319.4000244140625,0,1327.789990234375,1326.7079956054688,-0.0022686024989519993,0.1395025898226674,44.80085881534795,-1.4600699575535145,-0.4658068451811863,89.9000015258789,-0.001998227148278242,2783.02001953125,0.02281567379723759
2018-03-13,1325.9000244140625,1325.9000244140625,1325.300048828125,1325.9000244140625,13,1327.8749938964843,1327.48599609375,0.004926481642962388,0.13730508655482615,47.85789816741138,-1.1260315628373974,-0.5978517887124286,89.66000366210938,0.00044633914641201144,2765.31005859375,0.013632076231522516
2018-03-14,1324.4000244140625,1324.4000244140625,1322.199951171875,1322.199951171875,19,1327.6899963378905,1328.0919970703126,-0.0011313070158988081,0.1369465837724973,46.79091067624023,-0.9711464209619862,-0.6725107151623402,89.69999694824219,0.0006693168117164472,2749.47998046875,0.008317416471505412
2018-03-15,1316.800048828125,1316.800048828125,1316.800048828125,1316.800048828125,0,1325.7549987792968,1328.3019970703126,-0.0057384290590751785,0.11406926620928369,44.400823076849285,-1.4449963261090488,-0.827007837351682,90.13999938964844,0.00022188906410303133,2747.330078125,0.0030522815187086216
2018-03-16,1311.300048828125,1311.300048828125,1310.0999755859375,1310.0999755859375,34,1323.7150024414063,1328.2539990234375,-0.004176792068693147,0.11443304682120209,40.74430415133019,-2.238525495941076,-1.1093113690695608,90.2300033569336,0.001554079528628849,2752.010009765625,-0.012402364823396517
2018-03-19,1316.800048828125,1316.9000244140625,1307.300048828125,1309.4000244140625,6,1321.8950073242188,1328.2660009765625,0.004194310832913661,0.11596102755500667,50.683517786865664,-2.3959796831775293,-1.3666450318911547,89.9000015258789,0.0,2712.919921875,-0.0251884992433713
2018-03-20,1311.0999755859375,1311.0999755859375,1311.0999755859375,1311.0999755859375,4,1321.0100036621093,1328.1,-0.004328731037988809,0.09871554879157221,47.81744662144733,-2.9467433114925825,-1.6826646878114402,90.37000274658205,0.00791879383753269,2716.93994140625,-0.017491751797300337
2018-03-21,1320.699951171875,1328.800048828125,1312.4000244140625,1312.4000244140625,34,1320.5450012207032,1328.107998046875,0.007322077465257593,0.1026094629760398,59.10017386919495,-2.5788621380863788,-1.8619041778664283,89.77999877929688,0.0008918822048662456,2711.929931640625,-0.013657145749329413
2018-03-22,1326.5999755859375,1326.5999755859375,1326.5999755859375,1326.5999755859375,0,1320.3450012207031,1328.267998046875,0.00446734658302006,0.10399645692378057,53.216374269005854,-1.7905901869958143,-1.8476413796923055,89.86000061035156,-0.003106265600097524,2643.68994140625,-0.03772394789543543
2018-03-23,1349.300048828125,1349.300048828125,1343.199951171875,1343.199951171875,8,1321.4000061035156,1329.02,0.017111468159164644,0.12034800878957795,64.82892182515877,0.6582394371612281,-1.3464652163215989,89.44000244140625,-0.00875541268021729,2588.260009765625,-0.059501963807880864
2018-03-26,1354.4000244140625,1354.4000244140625,1345.0999755859375,1348.5,10,1322.585009765625,1329.76,0.0037797194110877896,0.12075883592062871,60.970484237743406,2.9761725006962934,-0.4819376729180205,89.02999877929688,-0.009677449742106936,2658.550048828125,-0.02004109026900358
2018-03-27,1341.300048828125,1341.300048828125,1341.0,1341.0,290889,1323.8750122070312,1330.1740014648437,-0.00967216136281801,0.11852709157304488,57.62713927205723,3.7132881305058163,0.35710748776674683,89.37000274658203,-0.011065618785076725,2612.6201171875,-0.038396072960212524
2018-03-28,1324.199951171875,1346.4000244140625,1322.4000244140625,1345.0,59284,1324.310009765625,1329.99,-0.012748898109106954,0.12819556359354548,51.931680213562394,2.884373347886367,0.8625606597906709,90.05999755859375,0.003118721130584756,2605.0,-0.03942945958634558
2018-03-29,1322.800048828125,1327.0999755859375,1321.699951171875,1324.0,5585,1325.3050109863282,1329.7380004882812,-0.001057168400067643,0.12289233546207626,50.181499159797916,2.0903952161575035,1.1081275710640375,90.1500015258789,0.003227252543485326,2640.8701171875,-0.0010666244080234089
2018-04-02,1342.0999755859375,1344.199951171875,1324.699951171875,1327.0,649,1326.3550109863281,1329.82,0.014590207170698477,0.12379290056537468,58.972312716156125,2.984105706552782,1.4833231981617865,90.05000305175781,0.006820221307028529,2581.8798828125,-0.002465025510981267
2018-04-03,1332.800048828125,1341.5,1328.5,1340.4000244140625,702,1327.0900146484375,1329.9560009765626,-0.006929384492203927,0.12641117584447292,52.6682244093559,2.9084248313777152,1.7683435248049721,90.1999969482422,0.013141617263701555,2614.449951171875,-0.016588026121866384
2018-04-04,1335.800048828125,1347.300048828125,1331.5999755859375,1331.800048828125,718,1327.200018310547,1330.0340014648436,0.002250900277680712,0.11958448071665609,54.357809937910226,3.055302495199612,2.0257353188839002,90.13999938964844,0.008615828794923619,2644.68994140625,0.012274966424614897
2018-04-05,1324.300048828125,1333.699951171875,1322.5999755859375,1333.5,258,1327.1150207519531,1329.902001953125,-0.00860907289986157,0.12188329756213555,52.783965374430664,2.2181804085048498,2.06422433680809,90.45999908447266,0.0044415005187921075,2662.840087890625,0.022203488633637303
2018-04-06,1331.9000244140625,1333.0,1319.0,1326.5,348,1327.715020751953,1329.8260034179686,0.0057388622711769255,0.12227310606079729,57.52923487393645,2.14330297526044,2.08004006449856,90.11000061035156,-0.00044371508430718354,2604.469970703125,-0.013783391408563772
2018-04-09,1336.300048828125,1337.5,1327.0,1333.0,290,1328.4100219726563,1329.43400390625,0.003303569587363109,0.12259113688250796,57.184969423939464,2.4112123130112195,2.1462745142010924,89.83999633789062,-0.0023321122348711754,2613.159912109375,0.012115214772424165
2018-04-10,1342.0,1342.0,1333.0,1335.199951171875,105,1329.540020751953,1329.0260034179687,0.00426547254628451,0.12279164236751725,61.38543232465526,3.048331547888438,2.3266859209385617,89.58999633789062,-0.006762756441129447,2656.8701171875,0.01622527369346316
2018-04-11,1356.5,1365.4000244140625,1340.0999755859375,1340.0999755859375,118,1331.07001953125,1329.12400390625,0.0108047690014903,0.12706085153524768,62.73118283304132,4.669455375237703,2.79523981179839,89.56999969482422,-0.006323493440024142,2642.18994140625,-0.0009452903952402725
2018-04-12,1338.4000244140625,1351.5,1334.5999755859375,1351.199951171875,34,1331.77001953125,1329.18400390625,-0.013343144552847352,0.13700202366640615,53.861277457866514,4.442480772998124,3.1246880040383367,89.75,-0.007848762896953465,2663.989990234375,0.00043183304509319953
2018-04-13,1344.800048828125,1346.0,1335.9000244140625,1335.9000244140625,67,1333.17001953125,1329.3000048828126,0.004781847203614964,0.13566893953952214,48.35164540344087,4.724568365265441,3.4446640762837575,89.80000305175781,-0.003440212590101077,2656.300048828125,0.019900432221534592
2018-04-16,1347.5,1348.800048828125,1341.0,1341.0,60,1334.9800170898438,1329.36400390625,0.0020076971102340746,0.1342550112186098,47.42727880969829,5.10711664795781,3.777154590618568,89.43000030517578,-0.0045636247710078015,2677.840087890625,0.02475170979071062
2018-04-17,1347.199951171875,1348.0999755859375,1339.0,1348.0,409,1336.5000122070312,1329.63400390625,-0.00022267074443416135,0.1339493178584493,52.43195047137533,5.324697684884086,4.086663209471672,89.5199966430664,-0.0007813338283909621,2706.389892578125,0.018638387729335237
2018-04-18,1351.199951171875,1354.199951171875,1343.5,1343.5,45,1338.5050109863282,1329.9980029296876,0.002969121247755835,0.13246854430521954,62.47692842282924,5.753575161850222,4.420045599947382,89.62000274658203,0.0005582566922872623,2708.639892578125,0.02514957389343042
2018-04-19,1346.800048828125,1355.199951171875,1341.5999755859375,1348.5999755859375,387,1339.8100158691407,1330.4120043945313,-0.0032562925568003775,0.1316645227088734,60.791395337604335,5.673033110264214,4.670643102010748,89.94000244140625,0.0021170188457519945,2693.1298828125,0.010938439215216977
2018-04-20,1336.699951171875,1343.4000244140625,1335.300048828125,1342.5,310,1340.3150146484375,1330.91400390625,-0.007499329737208016,0.13432394591889532,47.35292604086009,4.739574617380185,4.684429405084636,90.31999969482422,0.0057906083006109554,2670.139892578125,0.0052101959475947535
2018-04-23,1322.5,1334.4000244140625,1322.5,1334.0,68,1338.9750122070313,1331.0260034179687,-0.01062314033858236,0.12429859102247637,45.18238623127834,2.8214606093315524,4.3118356459340195,90.94000244140624,0.016884738131249577,2670.2900390625,-0.002819454702417401
2018-04-24,1331.4000244140625,1331.699951171875,1326.199951171875,1326.4000244140625,28,1337.8250122070312,1331.3920043945313,0.006729697099480125,0.1262209774724889,48.049633301841766,1.9964847943542736,3.8487654756180705,90.7699966430664,0.013963360666600533,2634.56005859375,-0.026540829974778468
2018-04-25,1321.199951171875,1325.0,1320.0,1324.0,278,1336.8200073242188,1331.3320043945312,-0.007661163478404176,0.1245423452625073,48.60982167881166,0.5137032015413752,3.1817530208027316,91.16999816894533,0.017295194988402374,2639.39990234375,-0.02556264139212372
2018-04-26,1316.300048828125,1316.300048828125,1315.699951171875,1315.699951171875,569,1336.4250122070312,1331.096005859375,-0.0037086758438069634,0.11686427852521394,42.83088874652329,-1.0447498367911976,2.336452449283946,91.55999755859376,0.018011953226740207,2666.93994140625,-0.009724722737434077
2018-04-27,1320.300048828125,1321.699951171875,1312.800048828125,1315.300048828125,622,1336.3000122070312,1330.3920068359375,0.003038820824751154,0.11740312280180773,42.6199195506367,-1.9347657518744654,1.4822088090522638,91.54000091552734,0.013507542347489965,2669.909912109375,-8.613049428207731e-05
2018-04-30,1316.199951171875,1316.199951171875,1309.5999755859375,1309.5999755859375,49,1335.0050109863282,1329.6740063476564,-0.003105428693946588,0.10415449369486494,37.9213309772707,-2.9370963730009407,0.598347772641623,91.83999633789062,0.00989656776251202,2648.050048828125,-0.00832867962245143
2018-05-01,1303.800048828125,1313.800048828125,1303.4000244140625,1313.199951171875,28,1333.5550109863282,1328.6860083007812,-0.009420986782980645,0.10640184588127817,24.832867359525792,-4.6780929568835745,-0.4569403732634166,92.4499969482422,0.01850832177268935,2654.800048828125,0.007682493389495448
2018-05-02,1302.5999755859375,1309.300048828125,1302.5999755859375,1309.0,23,1331.8950073242188,1328.1620068359375,-0.0009204427038226326,0.10567894433637788,29.612739795733944,-6.084542357229566,-1.5824607700566466,92.51000213623048,0.01469786107489024,2635.669921875,-0.0014131926220948277
2018-05-03,1310.699951171875,1310.699951171875,1310.699951171875,1310.699951171875,4,1331.2150024414063,1327.776005859375,0.006218313939622133,0.10506391438015619,30.949666113826808,-6.470969990449021,-2.5601626141351215,92.41000366210938,0.009283596834650965,2629.72998046875,-0.013952305546813148
2018-05-04,1312.699951171875,1312.699951171875,1312.699951171875,1312.699951171875,0,1330.2549987792968,1327.4180053710938,0.001525902246514832,0.10278806155465924,30.405388686507663,-6.54043927584371,-3.356217946476839,92.56999969482422,0.011251898284853068,2663.419921875,-0.0024307899697063595
2018-05-07,1312.199951171875,1312.5,1310.199951171875,1310.5999755859375,4,1329.0499938964845,1327.0980053710937,-0.0003808943540781762,0.10170829359693948,30.337078651685403,-6.560217898009341,-3.99701793678334,92.75,0.009908576855353513,2672.6298828125,0.009282239206639176
2018-05-08,1312.0,1312.0,1308.5,1310.0999755859375,337,1327.5499938964845,1326.7240063476563,-0.00015237858505967594,0.0999316113434186,26.995320635339084,-6.516904172414115,-4.500995183909495,93.12000274658205,0.00724722358525276,2671.919921875,0.00644864876148854
2018-05-09,1311.300048828125,1311.300048828125,1311.300048828125,1311.300048828125,70,1325.2899963378907,1326.6400073242187,-0.0005334993688071998,0.08956754290743771,28.22085889570552,-6.46453876382202,-4.893703899892,93.04000091552734,0.005729097038787101,2697.7900390625,0.02356900485600577
2018-05-10,1320.800048828125,1320.800048828125,1312.199951171875,1312.199951171875,8,1324.4099975585937,1326.7460083007813,0.007244718711396203,0.08362009334467414,40.17310164591419,-5.592007019040921,-5.033364523721785,92.6500015258789,0.0025970983038487994,2723.070068359375,0.03549417186702453
2018-05-11,1319.0,1319.0,1319.0,1319.0,3,1323.1199951171875,1327.0680078125,-0.001362847336144557,0.08113535647834516,47.44525547445255,-4.988266589686418,-5.024344936914712,92.54000091552734,-0.0003240658895513615,2727.719970703125,0.02414191179544045
2018-05-14,1316.5,1319.9000244140625,1316.5,1319.9000244140625,4,1321.5699951171875,1326.9760083007814,-0.0018953752843062777,0.08042439987804627,38.00319623842445,-4.657834440309671,-4.951042837593704,92.58999633789062,-0.0017251068691037652,2730.1298828125,0.021514389392178312
2018-05-15,1288.9000244140625,1304.699951171875,1288.9000244140625,1304.5999755859375,8,1318.6549987792969,1326.3920092773437,-0.020964660528627,0.10666913336232442,29.685549463120125,-6.547575572977166,-5.270349384670396,93.22000122070312,0.0010738667436813731,2711.449951171875,0.014794616026192475
2018-05-16,1290.199951171875,1294.0,1285.4000244140625,1290.9000244140625,26,1315.604998779297,1325.5240087890625,0.0010085551502752033,0.10563396996804726,32.80623765624699,-7.849827880592329,-5.786245083854783,93.38999938964844,0.0037618064346200963,2722.4599609375,0.009144492906339341
2018-05-17,1288.199951171875,1291.300048828125,1288.199951171875,1291.300048828125,2,1312.6749938964845,1324.7680078125,-0.0015501473226560147,0.10559970679033429,28.281366660720067,-8.940198459144767,-6.41703575891278,93.47000122070312,0.008850509242519289,2720.1298828125,-0.00107973187360777
2018-05-18,1290.199951171875,1290.199951171875,1285.199951171875,1285.199951171875,2,1310.3499938964844,1324.1740063476564,0.0015525540100980173,0.10445772453625915,31.89410116562165,-9.533050639387511,-7.040238735007726,93.63999938964844,0.011886735068494358,2712.969970703125,-0.0054074465701836605
2018-05-21,1290.199951171875,1292.0999755859375,1287.4000244140625,1287.4000244140625,52,1308.7349914550782,1323.5300048828126,0.0,0.0991584841554061,38.55208752907909,-9.888897212063512,-7.609970430418883,93.68000030517578,0.01177237293872846,2733.010009765625,0.0010549413679021846
2018-05-22,1291.699951171875,1291.699951171875,1291.699951171875,1291.699951171875,50,1306.7499877929688,1322.9760034179687,0.0011626104919919555,0.09512834595367159,40.87097519532329,-9.935342279407223,-8.075044800216553,93.61000061035156,0.00418364497469903,2724.43994140625,0.004790791077947443
2018-05-23,1289.300048828125,1289.300048828125,1289.300048828125,1289.300048828125,10,1305.1549926757812,1322.24400390625,-0.001857941034659527,0.09232858952946113,30.18518602243391,-10.049952792304339,-8.470026398634111,94.01000213623048,0.006638855880009453,2733.2900390625,0.0039780486326310704
2018-05-24,1303.699951171875,1303.699951171875,1303.699951171875,1303.699951171875,0,1304.5249877929687,1321.8300024414064,0.01116877514806447,0.10161402048254578,43.222856680626386,-8.87650781866455,-8.5513226826402,93.77999877929688,0.003316545999200171,2727.760009765625,0.002805059788261177
2018-05-25,1303.300048828125,1303.300048828125,1303.300048828125,1303.300048828125,1,1303.6749877929688,1321.5600024414061,-0.00030674415795639565,0.10077611720208943,43.28811362372636,-7.887886355985074,-8.418635417309176,94.19000244140624,0.005873590937022222,2721.330078125,0.00308153334248229
2018-05-29,1298.699951171875,1298.699951171875,1298.699951171875,1298.699951171875,386334,1302.7999877929688,1321.3080004882813,-0.00352957683104993,0.10092552079283018,40.59398589710828,-7.390394295342048,-8.212987192915751,94.83000183105467,0.01227584886990396,2689.860107421875,-0.015788417235782615
2018-05-30,1301.5,1303.699951171875,1295.199951171875,1298.0,50845,1302.6849853515625,1321.0019995117189,0.0021560398347582055,0.09581796761190273,43.26917917555368,-6.693034577262779,-7.908996669785157,94.1500015258789,0.0057686242068843985,2724.010009765625,-0.0001578055122782862
2018-05-31,1300.0999755859375,1306.800048828125,1296.5999755859375,1301.0,4082,1302.5599853515625,1320.7819995117188,-0.0010757006638973943,0.09583780889552464,34.002992334266,-6.182079086701378,-7.563613153168402,93.98999786376952,-0.00021278876722052864,2705.27001953125,-0.01025138903329137
2018-06-01,1294.800048828125,1299.5,1288.9000244140625,1298.5999755859375,663,1301.764990234375,1320.2640014648437,-0.004076553232318814,0.09381200099004927,32.25802409914587,-6.134092969799667,-7.2777091164946555,94.19000244140624,0.004371973421265052,2734.6201171875,0.0025149233793717585
2018-06-04,1293.0999755859375,1297.0999755859375,1290.0,1293.9000244140625,144,1300.7849914550782,1319.5940014648438,-0.0013130006009237638,0.09350212477239722,32.64087485216585,-6.162211194170368,-7.054609532029799,94.0199966430664,-0.0018049240251967191,2746.8701171875,0.009385130921015339
2018-06-05,1297.5,1299.800048828125,1289.9000244140625,1292.0999755859375,357,1300.0499938964845,1318.5580004882813,0.0034026946849710082,0.09464984604397568,59.72851678473287,-5.763017414488331,-6.7962911085215065,93.88999938964844,-0.009912500508867494,2748.800048828125,0.02191189840825647
2018-06-06,1297.0999755859375,1300.4000244140625,1294.0999755859375,1296.0999755859375,373,1299.3049926757812,1317.4119995117187,-0.00030830398000958326,0.09464286088457076,57.967709105671354,-5.416494122531503,-6.520331711323506,93.66000366210938,-0.0052044381925457905,2772.35009765625,0.01774592887593096
2018-06-07,1298.699951171875,1302.800048828125,1296.199951171875,1298.4000244140625,79,1298.6749877929688,1316.5599975585938,0.0012335021324896278,0.09485551742897375,62.237790095493914,-4.955641706051665,-6.207393710269139,93.4000015258789,-0.006277224718589269,2770.3701171875,0.024064177396802
2018-06-08,1298.0999755859375,1299.4000244140625,1294.800048828125,1295.300048828125,650,1297.5399841308595,1316.037998046875,-0.000461981680523027,0.09038642999522885,59.5181297008239,-4.585961748929321,-5.883107318001176,93.5500030517578,-0.006794769859429284,2779.030029296875,0.016239883496158125
2018-06-11,1298.9000244140625,1302.0,1295.199951171875,1299.300048828125,71,1296.5349853515625,1315.5599975585938,0.0006163229667759396,0.09051069195688506,60.28379232427472,-4.180243223596335,-5.542534499120208,93.58000183105467,-0.004679800337391127,2782.0,0.012789058569856682
2018-06-12,1295.0999755859375,1298.0999755859375,1292.699951171875,1297.800048828125,153,1295.4649841308594,1314.6199975585937,-0.0029255899273996633,0.09075684911388095,53.81168864937062,-4.117872282931103,-5.257602055882387,93.8000030517578,-0.0009585295396280502,2786.85009765625,0.01384242147563497
2018-06-13,1296.9000244140625,1299.4000244140625,1290.9000244140625,1294.0,135,1295.8649841308593,1313.9019970703125,0.0013898917937285038,0.0507748378763819,58.63631193317224,-3.878485203152877,-4.981778685336486,93.70999908447266,0.000533796929409025,2775.6298828125,0.0011830342636101054
2018-06-14,1304.0,1307.699951171875,1297.199951171875,1297.199951171875,42,1296.5549865722655,1313.26599609375,0.005474574332855919,0.05395966223934125,50.40878369388787,-3.0803521428740623,-4.601493376844001,94.7699966430664,0.01466804170027669,2782.489990234375,0.004374820884647468
2018-06-15,1274.5999755859375,1307.699951171875,1274.0,1297.199951171875,589,1295.8749877929688,1312.2719946289062,-0.022546030992379174,0.09812649077597373,28.158345054132454,-4.765231582889783,-4.6342410180531575,94.79000091552734,0.013254920612707055,2779.659912109375,0.00022665563374979492
2018-06-18,1276.199951171875,1280.699951171875,1276.199951171875,1280.699951171875,35,1295.1749877929688,1311.1579931640624,0.0012552766488183043,0.09804916902508279,32.05747215948914,-5.903355808720335,-4.888063976186594,94.75,0.012502651699639822,2773.75,-0.0029654924514737058
2018-06-19,1275.5999755859375,1281.800048828125,1269.9000244140625,1278.699951171875,34,1294.4449890136718,1309.9439916992187,-0.0004701266328889231,0.09802984867512732,28.595064333951413,-6.775635168477493,-5.265578214644774,95.08999633789062,0.013752593221356468,2762.590087890625,-0.008705172117448257
2018-06-20,1271.199951171875,1274.4000244140625,1271.199951171875,1274.4000244140625,7,1293.419989013672,1308.5279907226563,-0.00344937637055176,0.09832734569921082,27.244119009675245,-7.73282880623583,-5.759028332962985,95.05999755859376,0.014406130480314916,2767.320068359375,-0.0029938481728352118
2018-06-21,1267.199951171875,1268.9000244140625,1260.0,1262.699951171875,46,1292.3149841308593,1306.7419897460939,-0.0031466332234457717,0.09862048432978661,27.813495988570182,-8.713731755405433,-6.349969017451475,94.87000274658205,0.001055250681207598,2749.760009765625,-0.011762838530820052
2018-06-22,1267.4000244140625,1270.199951171875,1267.0,1268.0999755859375,74,1290.4999877929688,1305.3219897460938,0.00015788608735545218,0.08800269007663516,28.830421352381876,-9.366983416997527,-6.953371897360686,94.5199966430664,-0.0028484467755365284,2754.8798828125,-0.00891477018066944
2018-06-25,1265.5999755859375,1271.199951171875,1265.5999755859375,1270.5999755859375,37,1288.6149841308593,1303.73798828125,-0.0014202688917867023,0.08790857457544077,22.547414997573313,-9.915637663314783,-7.545825050551506,94.27999877929688,-0.0049604350469987235,2717.070068359375,-0.020434405278278556
2018-06-26,1256.5999755859375,1267.199951171875,1256.5999755859375,1267.199951171875,89,1286.5099853515626,1301.9199877929686,-0.007111251717457745,0.08992751233819446,19.640268810119906,-10.950444976944027,-8.22674903583001,94.68000030517578,-0.004311663145489808,2723.06005859375,-0.014309046235324141
2018-06-27,1252.800048828125,1255.5,1252.300048828125,1255.5,1162,1284.0749877929688,1300.0319897460938,-0.003023974877956359,0.08890833696968427,16.69099799798026,-11.939528112439802,-8.96930485115197,95.29000091552734,0.0024195598868157475,2699.6298828125,-0.024460555293484898
2018-06-28,1247.800048828125,1251.699951171875,1244.800048828125,1251.699951171875,378,1281.4599914550781,1297.9639916992187,-0.0039910598699904876,0.08915613403626713,15.689079478745981,-12.977248197373228,-9.770893520396221,95.38999938964844,0.005481149235922578,2716.31005859375,-0.012164680209574397
2018-06-29,1251.300048828125,1253.300048828125,1249.0999755859375,1250.300048828125,48,1279.2849914550782,1296.0539916992188,0.0028049365788109792,0.09040436668813065,18.68427688714779,-13.363185606396428,-10.489351937596263,94.62999725341795,0.0011637813611753423,2718.3701171875,-0.01325276134643183
2018-07-02,1239.800048828125,1249.9000244140625,1239.800048828125,1249.9000244140625,29,1276.6199951171875,1294.1159936523438,-0.009190441581753306,0.09421100560613684,16.965425109126684,-14.430650122225188,-11.277611574522048,94.87000274658205,0.006257997188420905,2726.7099609375,0.003547899883180383
2018-07-03,1251.5999755859375,1254.0999755859375,1237.0,1238.0999755859375,36,1274.3249938964843,1292.6979931640626,0.009517604688728643,0.10117841799420371,25.827069138472353,-14.16122616822281,-11.8543344932622,94.58999633789062,-0.0009506122411814255,2713.219970703125,-0.003613613977984209
2018-07-05,1257.300048828125,1257.300048828125,1253.5999755859375,1255.5,9,1272.3349975585938,1291.2159936523437,0.004554229269235099,0.10356053519017343,24.70209833862789,-13.334050832596631,-12.150277761129088,94.47000122070312,-0.00860530682071392,2736.610107421875,0.013698257248081935
2018-07-06,1254.300048828125,1255.5,1254.300048828125,1255.5,7,1270.1150024414062,1289.8779956054686,-0.0023860652855268727,0.10307225608803391,34.597936845770974,-12.773340232518194,-12.27489025540691,94.04000091552734,-0.0141524109734672,2759.820068359375,0.016018057153663223
2018-07-09,1258.0999755859375,1262.300048828125,1257.699951171875,1258.199951171875,37,1268.1150024414062,1288.713994140625,0.003029519740003872,0.10437328614834537,36.71073269101501,-11.88534386451147,-12.196980977227824,94.08000183105467,-0.00581206211905938,2784.169921875,0.024205609188927557
2018-07-10,1253.800048828125,1256.9000244140625,1249.300048828125,1256.199951171875,65,1265.8600036621094,1287.383994140625,-0.003417794166802879,0.10424856700697087,34.81897702253542,-11.397188800576487,-12.037022541897556,94.11000061035156,-0.00801098465508232,2793.840087890625,0.024619460050692155
2018-07-11,1242.800048828125,1253.199951171875,1242.800048828125,1253.199951171875,30,1263.2450073242187,1285.91599609375,-0.008773328737928576,0.10715319398908701,31.887794821970203,-11.762341513441243,-11.982086336206294,94.72000122070312,0.0013744041425702846,2774.02001953125,0.022408816640240525
2018-07-12,1245.0,1246.699951171875,1240.9000244140625,1240.9000244140625,7,1260.6500061035156,1284.7399951171874,0.0017701569725150357,0.10732286505807023,35.509142542063344,-11.738891362932918,-11.93344734155162,94.80999755859376,0.003598987334575421,2798.2900390625,0.022538808679155586
2018-07-13,1239.5999755859375,1247.0,1239.5999755859375,1244.699951171875,2,1257.4300048828125,1283.4799951171874,-0.004337369007279102,0.10383206095140533,33.00726454401108,-12.017513376471925,-11.950260548535681,94.75,0.00754996892344173,2801.31005859375,0.015033585236243097
2018-07-16,1238.0999755859375,1243.800048828125,1238.0999755859375,1242.699951171875,2,1255.6050048828124,1282.0279956054687,-0.0012100677876272226,0.07194786980746185,33.12878381657346,-12.218513377090858,-12.003911114246716,94.51000213623048,0.004570581386126982,2798.429931640625,0.005121817333628043
2018-07-17,1225.699951171875,1225.699951171875,1225.699951171875,1225.699951171875,0,1253.0800048828125,1280.2879956054687,-0.01001536601129005,0.07727009525364766,31.802058665792472,-13.22592542910138,-12.24831397721765,94.97000122070312,0.009138248908447721,2809.550048828125,0.005623070914327455
2018-07-18,1226.300048828125,1226.699951171875,1222.199951171875,1226.699951171875,67,1250.615008544922,1278.5699975585937,0.0004895958881911966,0.07759741564826247,33.78212005032228,-13.81661454081518,-12.561974089937157,95.08000183105467,0.0038006820704397093,2815.6201171875,0.014996322075310653
2018-07-19,1222.4000244140625,1228.0,1211.699951171875,1227.199951171875,33,1248.1750122070312,1276.777998046875,-0.0031803182408656205,0.07753465691840722,34.24315626064897,-14.433063917315849,-12.936192055412896,95.16999816894533,0.0037970743552553365,2804.489990234375,0.0022156213563737648
2018-07-20,1229.5,1229.5,1229.5,1229.5,0,1246.2900146484376,1275.1419970703125,0.005808225985058257,0.08207519774853556,37.05459532653102,-14.185177895840525,-13.185989223498423,94.45999908447266,-0.0030606956783888473,2801.830078125,0.00018563440689289834
2018-07-23,1224.0,1224.0,1222.0,1222.0,1,1244.1200134277344,1273.20599609375,-0.004473363155754417,0.08248258779513726,39.89766068178342,-14.268057190743548,-13.402402816947449,94.66999816894533,0.0016929005300858613,2806.97998046875,0.003055302093310619
2018-07-24,1223.9000244140625,1223.9000244140625,1223.9000244140625,1223.9000244140625,0,1242.0350158691406,1271.3039965820312,-8.167940027570264e-05,0.082685396066298,29.172969043703006,-14.178367429323544,-13.557595739422668,94.61000061035156,-0.003790677116186858,2820.39990234375,0.0038617762015489276
2018-07-25,1231.4000244140625,1231.4000244140625,1231.4000244140625,1231.4000244140625,0,1240.7750183105468,1269.6019970703126,0.006127951507796325,0.08444679449036473,31.039493273614738,-13.348230238133056,-13.515722639164746,94.36000061035156,-0.007572583159836999,2846.070068359375,0.010814651801213548
2018-07-26,1225.300048828125,1227.800048828125,1225.300048828125,1227.800048828125,1,1239.4000183105468,1268.3299975585937,-0.004953691298520191,0.08533369538219053,29.69184897453958,-13.03232900701164,-13.419043912734125,94.75,-0.004413136251192773,2837.43994140625,0.011748999385489345
2018-07-27,1222.5999755859375,1222.5999755859375,1222.5999755859375,1222.5999755859375,254428,1238.1400146484375,1266.977998046875,-0.0022036016768054445,0.08476320329910271,24.75108439341689,-12.851701930643685,-13.305575516316038,94.68000030517578,0.0023290411056047233,2818.820068359375,0.006063890300494146
2018-07-30,1221.300048828125,1223.9000244140625,1218.0999755859375,1222.5,62239,1236.6400146484375,1265.64,-0.0010632478192137418,0.08356011568641447,25.854400876438817,-12.667424709831494,-13.17794535501913,94.36000061035156,-0.003274506861620008,2802.60009765625,-0.0015603541325466264
2018-07-31,1223.699951171875,1228.0999755859375,1213.0,1220.4000244140625,2722,1235.835009765625,1264.31,0.001965039095882082,0.07864892118608872,33.730738037307376,-12.18724465231685,-12.979805214478676,94.48999786376952,-0.0012683938886786095,2816.2900390625,-0.0014571916832909482
2018-08-01,1217.9000244140625,1223.699951171875,1214.4000244140625,1222.9000244140625,1026,1234.1500122070313,1262.8640014648438,-0.004739664124574161,0.07003344418939968,28.250395308418945,-12.134821446598835,-12.81080846090271,94.62000274658205,0.002755427453886128,2813.360107421875,-0.011493027280370383
2018-08-02,1210.5999755859375,1219.300048828125,1205.800048828125,1214.699951171875,411,1231.815008544922,1261.242001953125,-0.005993963939393998,0.06821519274098073,27.4143130402376,-12.537800648389748,-12.756206898400118,95.16999816894533,0.004432698352984987,2827.219970703125,-0.003601828026026821
2018-08-03,1214.199951171875,1218.5999755859375,1205.0999755859375,1206.5,784,1229.8100036621095,1259.74,0.0029737119267618795,0.07031075984396995,31.975828946714316,-12.423466635548493,-12.689658845829793,95.13999938964844,0.004858460952576804,2840.35009765625,0.007637958001840861
2018-08-06,1208.5999755859375,1214.4000244140625,1206.5999755859375,1214.4000244140625,297,1227.3350036621093,1257.8380004882813,-0.004612070343548269,0.06883398272568791,35.630243135838896,-12.639032437066362,-12.679533564077108,95.36000061035156,0.010597710825897222,2850.39990234375,0.01705552095265883
2018-08-07,1209.5999755859375,1214.800048828125,1207.800048828125,1207.800048828125,715,1225.125,1255.9639990234375,0.0008274036241935345,0.06931874159635064,36.059987894819436,-12.584116384841536,-12.660450128229993,95.22000122070312,0.0077257209592287435,2858.449951171875,0.014970017833606963
2018-08-08,1212.5999755859375,1215.199951171875,1205.9000244140625,1212.0,209,1223.6149963378907,1254.2419995117189,0.0024801587802172342,0.0656832542878235,41.694839507909776,-12.158366014752346,-12.560033305534464,95.0999984741211,0.00507287797089373,2857.699951171875,0.015760457977998632
2018-08-09,1211.9000244140625,1215.300048828125,1211.5999755859375,1214.5,44,1221.9599975585938,1252.45,-0.0005772317218930567,0.06478780771781077,33.26989976722976,-11.7420805930401,-12.396442763035592,95.5,0.003467498554206694,2853.580078125,0.009323684642521535
2018-08-10,1211.0999755859375,1216.4000244140625,1205.5999755859375,1212.5,75,1220.5349975585937,1250.67,-0.0006601607492431327,0.06383819565131284,36.534359510187436,-11.345939720802107,-12.186342154588896,96.36000061035156,0.012823220817004488,2833.280029296875,-0.002489153842411551
2018-08-13,1191.300048828125,1207.4000244140625,1191.300048828125,1207.0,78,1218.195001220703,1248.6,-0.016348713695773287,0.0835777069888265,25.887496230432106,-12.485755819007636,-12.246224887472644,96.38999938964844,0.010801161626514011,2821.929931640625,-0.00998806191359869
2018-08-14,1193.0,1197.5,1192.800048828125,1193.0999755859375,92,1216.5600036621095,1246.5980004882813,0.0014269714615955387,0.07858256274238594,18.93185952755782,-13.10087767347477,-12.417155444673071,96.7300033569336,0.015858035253859537,2839.9599609375,-0.006468537336746016
2018-08-15,1177.5,1188.0999755859375,1174.5999755859375,1187.800048828125,71,1214.1200012207032,1244.1980004882812,-0.012992455993294239,0.08838186135885046,16.432411858699595,-14.669980235539015,-12.86772040284626,96.6999969482422,0.016824379598244787,2818.3701171875,-0.013762758391848262
2018-08-16,1176.199951171875,1180.199951171875,1161.4000244140625,1173.199951171875,123,1211.8099975585938,1241.78,-0.0011040754378981443,0.08832558307752039,16.762009027647835,-15.835862431587657,-13.46134880859454,96.6500015258789,0.012041900794543592,2840.68994140625,-0.004517180652319319
2018-08-17,1176.5,1181.199951171875,1174.699951171875,1174.699951171875,66,1209.1599975585937,1239.3360009765624,0.00025510018753704955,0.08398257516327015,17.4417325517026,-16.54490171078851,-14.078059389033333,96.0999984741211,-0.0026982371791572923,2850.1298828125,0.005947119007437607
2018-08-20,1186.800048828125,1190.0,1184.4000244140625,1184.800048828125,68,1207.3,1237.1100024414063,0.008754822633340487,0.09195510982781455,25.94528954714592,-16.090214610360135,-14.480490433298694,95.9000015258789,-0.005083492757259611,2857.050048828125,0.012445424953227535
2018-08-21,1192.5999755859375,1192.5999755859375,1189.800048828125,1189.800048828125,22,1205.7349975585937,1234.9840014648437,0.004887029422976141,0.09464233501285776,33.50712846515981,-15.087941789055321,-14.601980704450021,95.26000213623048,-0.015196952028201705,2862.9599609375,0.00809870572696636
2018-08-22,1196.300048828125,1196.300048828125,1194.699951171875,1194.699951171875,17,1203.979998779297,1233.0080029296876,0.00310252667946731,0.09207706883289359,40.21892507952942,-13.835580410718421,-14.448700645703703,95.1500015258789,-0.01602890869989293,2861.820068359375,0.015416694530963282
2018-08-23,1187.0,1190.300048828125,1184.9000244140625,1189.300048828125,95,1202.0649963378905,1230.8100024414061,-0.007774010238681517,0.09403252427270208,32.741158427958425,-13.438599403601529,-14.246680397283267,95.62000274658205,-0.010656997030890625,2856.97998046875,0.005734536115699962
2018-08-24,1206.300048828125,1208.0,1185.300048828125,1185.300048828125,12,1201.25,1228.8560034179689,0.016259518810551876,0.11325586213154254,48.75679798775603,-11.434822931353438,-13.684308904097303,95.1500015258789,-0.009885504301001768,2874.68994140625,0.00861717170921139
2018-08-27,1209.0,1211.4000244140625,1205.199951171875,1210.300048828125,154,1200.6349975585938,1227.54400390625,0.002238208623549287,0.11370023334632566,49.68154186865918,-9.519220497147899,-12.851291222707424,94.77999877929688,-0.011678860571027183,2896.739990234375,0.013891930742525815
2018-08-28,1207.4000244140625,1217.0,1202.300048828125,1209.699951171875,136,1199.820001220703,1226.1680053710938,-0.0013233875814205875,0.1133603854868212,47.19830364448092,-8.03754461398853,-11.888541900963645,94.72000122070312,-0.005668705683578579,2897.52001953125,0.01207144321446707
2018-08-29,1204.5,1205.199951171875,1202.4000244140625,1205.199951171875,817,1199.15,1224.746005859375,-0.0024018753978987117,0.11254145913501365,46.10525531294291,-7.016432469455822,-10.91412001466208,94.5999984741211,-0.0057803788012364965,2914.0400390625,0.01824711877608065
2018-08-30,1197.699951171875,1205.5999755859375,1196.0,1205.4000244140625,493,1198.5049987792968,1223.276005859375,-0.005645536594541256,0.11232364373283996,43.36633256505676,-6.678910525191441,-10.067078116767952,94.72000122070312,-0.009412272537412059,2901.1298828125,0.015453346766716392
2018-08-31,1200.300048828125,1208.199951171875,1199.0999755859375,1207.0999755859375,191,1197.8100036621095,1221.9380078125,0.0021709090442110224,0.1120290061807054,55.36990962749748,-6.130942117361201,-9.279850916886604,95.13999938964844,-0.00010511966442527942,2901.52001953125,0.009333207640429997
2018-09-04,1192.699951171875,1193.800048828125,1189.9000244140625,1193.800048828125,26,1197.0150024414063,1220.4440063476563,-0.0063318314980242985,0.11301763982387335,49.832749521655465,-6.238029449988517,-8.671486623506986,95.41999816894533,0.0067524730733405924,2896.719970703125,-6.911055640990149e-06
2018-09-05,1194.9000244140625,1196.0,1192.5,1192.5,21,1196.2800048828126,1219.0300073242188,0.0018446158566753912,0.11324999194020208,61.387374115835,-6.075336708938039,-8.152256640593198,95.12999725341795,0.004328505357168666,2888.60009765625,-0.003078467729255907
2018-09-06,1197.9000244140625,1202.0,1197.9000244140625,1202.0,7,1195.5450073242187,1217.8560083007812,0.002510670297685369,0.11326100304532116,63.892409960003064,-5.639320040491839,-7.649669320572927,95.0199966430664,0.004439727016065431,2878.050048828125,-0.012350547608108275
2018-09-07,1193.5999755859375,1198.300048828125,1193.0999755859375,1198.300048828125,29,1194.6300048828125,1216.6720068359375,-0.003589655848139972,0.11376176723889099,60.41405540265877,-5.576469622266359,-7.235029380911613,95.37000274658205,0.006862347102006172,2871.679931640625,-0.01015120051892493
2018-09-10,1193.0,1193.0,1193.0,1193.0,11,1193.7250061035156,1215.576005859375,-0.0005026605212881119,0.11376453477103292,54.28171113329198,-5.511539630543439,-6.890331430837979,95.1500015258789,0.0001051307157309278,2877.1298828125,-0.00840598601924869
2018-09-11,1195.4000244140625,1196.300048828125,1190.4000244140625,1190.4000244140625,21,1193.9300048828125,1214.4580053710938,0.0020117555859702207,0.09788853332181277,52.02900653160006,-5.206404046954049,-6.553545954061193,95.05999755859376,-0.0037728004324016906,2887.889892578125,-0.0030483022916628633
2018-09-12,1204.699951171875,1205.0,1204.699951171875,1205.0,37,1194.5150024414063,1213.7560034179687,0.007779761224591786,0.10148474221520315,55.62993556156996,-4.16613096748506,-6.076062956745967,94.8000030517578,-0.003468876392176079,2888.919921875,0.0001107194516158927
2018-09-13,1202.0,1203.4000244140625,1200.0,1203.4000244140625,22,1195.7400024414062,1212.76400390625,-0.002241181440447937,0.08891298209609269,61.029372165914495,-3.519005645800007,-5.5646514945567755,94.54000091552734,-0.005051523305585004,2904.179931640625,0.009079023077843695
2018-09-14,1195.0,1195.0,1195.0,1195.0,1,1196.6800048828125,1211.5180029296876,-0.005823627287853572,0.09195229782017898,39.85636516647089,-3.530300557348255,-5.157781307115072,94.9800033569336,-0.00408932975167009,2904.97998046875,0.011596016833637979
2018-09-17,1199.699951171875,1199.699951171875,1199.699951171875,1199.699951171875,0,1197.8400024414063,1210.4260009765626,0.003933013532949836,0.09258304893689352,41.94105949056445,-3.123993621832142,-4.751023770058486,94.51000213623048,-0.006726215232633059,2888.800048828125,0.004056183241966549
2018-09-18,1196.800048828125,1198.699951171875,1196.800048828125,1198.699951171875,2,1198.3400024414063,1209.2000024414062,-0.0024171896822345884,0.08856651471870522,41.01698842817211,-3.0013921513786954,-4.401097446322528,94.62000274658205,-0.004628601128887189,2904.31005859375,0.005685869831057122
2018-09-19,1202.199951171875,1202.199951171875,1202.199951171875,1202.199951171875,0,1198.820001220703,1208.1680004882812,0.004511950303676349,0.08832609122349823,48.13004160315041,-2.4403715285716316,-4.008952262772349,94.5500030517578,-0.0026371307167945,2907.949951171875,0.006587247072090463
2018-09-20,1206.199951171875,1206.199951171875,1206.199951171875,1206.199951171875,0,1199.3149963378905,1207.4359985351562,0.003327233540561192,0.08842030552477839,57.24021045188928,-1.6539266357335691,-3.537947137364593,93.91000366210938,-0.006663816874519335,2930.75,0.009148905709972732
2018-09-21,1196.199951171875,1196.199951171875,1196.199951171875,1196.199951171875,0,1199.7749938964844,1206.4599975585938,-0.008290499423652453,0.0890722613305771,46.898557683429054,-1.8166387380883862,-3.1936854575093516,94.22000122070312,-0.00800170677373413,2929.669921875,0.008499177816112091
2018-09-24,1199.300048828125,1199.300048828125,1199.300048828125,1199.300048828125,0,1199.4249938964845,1205.6539990234376,0.0025916216207941822,0.06736502788568624,55.35723486304708,-1.6761160566645685,-2.8901715773403955,94.26000213623048,-0.0026452226679630764,2919.3701171875,0.01058227216929608
2018-09-25,1200.0,1202.800048828125,1200.0,1202.0999755859375,21,1198.9749938964844,1204.8919995117187,0.0005836330721065153,0.06679754973833896,54.24292710074603,-1.4910823403379254,-2.610353729939902,94.12999725341795,-0.005178667078212351,2915.56005859375,0.0038735533648384113
2018-09-26,1194.0,1194.0,1194.0,1194.0,17857,1198.3049926757812,1204.2580004882811,-0.0050000000000000044,0.0687436572305445,46.909634696747815,-1.807752991758889,-2.4498335823036994,94.19000244140624,-0.0038075155868000365,2905.969970703125,-0.0006808853322775033
2018-09-27,1182.300048828125,1197.300048828125,1180.5,1194.5999755859375,4947,1197.1949951171875,1203.3780004882813,-0.009798954080297295,0.07601775259924921,41.98582591817265,-2.968585043001667,-2.553583874443293,95.0,0.011606818181079559,2914.0,-0.00571526059882288
2018-09-28,1191.5,1191.9000244140625,1180.0,1181.699951171875,404,1196.8849975585938,1202.76,0.0077814013295471884,0.0797919246651094,49.051828440208396,-3.110339576070828,-2.6649350147688002,95.19000244140624,0.01029506695113458,2913.97998046875,-0.005355532133192842
2018-10-01,1187.0999755859375,1191.5999755859375,1185.800048828125,1191.5999755859375,180,1196.2249938964844,1201.9119995117187,-0.003692844661403738,0.08014875991550374,44.88280591479421,-3.536954453232056,-2.839338902461452,95.3000030517578,0.011033321578162392,2924.590087890625,0.001788046905184526
2018-10-02,1202.4000244140625,1206.0,1190.300048828125,1193.0,451,1196.7099975585938,1201.48,0.012888593330627529,0.09014406839301999,48.67971650448971,-2.6103729894680328,-2.793545719862768,95.51000213623048,0.014660628100277684,2923.429931640625,0.002699266312034432
2018-10-03,1198.300048828125,1202.5999755859375,1196.5999755859375,1202.5999755859375,76,1196.8799987792968,1200.9680004882812,-0.0034098265990434307,0.09096877151170833,47.90962633967365,-2.18173459036052,-2.6711834939623187,95.76000213623048,0.016668432467670025,2925.510009765625,0.006724102196338899
2018-10-04,1197.199951171875,1204.5999755859375,1197.199951171875,1199.300048828125,496,1196.8449951171874,1200.2839990234374,-0.0009180485783387704,0.09060593298578806,51.33169193300013,-1.9088007905286304,-2.518706953275581,95.75,0.007894736842105177,2901.610107421875,-0.00425185057588362
2018-10-05,1201.199951171875,1205.300048828125,1196.9000244140625,1197.0999755859375,34,1197.2249938964844,1199.8019970703126,0.003341129437972823,0.09031758937668755,50.91575200767896,-1.3541227332182189,-2.285790109264109,95.62000274658205,0.004517284317126613,2885.570068359375,-0.009749522062538318
2018-10-08,1184.4000244140625,1201.0,1183.699951171875,1201.0,250,1196.7949951171875,1199.037998046875,-0.01398595358035326,0.10366646565469781,43.528166025945694,-2.2442794070800574,-2.2774879688272986,95.7699966430664,0.004931726928207425,2884.429931640625,-0.013731892348361807
2018-10-09,1187.199951171875,1189.0999755859375,1185.5999755859375,1185.5999755859375,9,1196.384991455078,1198.35599609375,0.002364004306059986,0.10377999360223891,41.95278548357943,-2.692763790171284,-2.3605431330960958,95.68000030517578,0.001779899122008377,2880.340087890625,-0.014739482305915264
2018-10-10,1189.300048828125,1192.0,1189.300048828125,1189.300048828125,1078,1195.6149963378907,1197.667998046875,0.0017689502549060876,0.0996667208426567,40.744855802013554,-2.8459245189872036,-2.4576194102743174,95.51000213623048,-0.002610693341927317,2785.679931640625,-0.04779682095027338
2018-10-11,1223.5,1224.5999755859375,1196.300048828125,1198.0999755859375,126,1196.6899963378905,1197.7799975585938,0.028756369097582946,0.14391207094662029,61.818202955898265,-0.20528881965924484,-2.007153292151303,95.0199966430664,-0.007624055947087149,2728.3701171875,-0.05970477900916238
2018-10-12,1218.0999755859375,1221.5999755859375,1216.0,1221.5999755859375,122,1197.8449951171874,1197.9299975585936,-0.004413587588118051,0.14311986294833887,57.97960035937191,1.4351535991443143,-1.3186919138921795,95.22000122070312,-0.004183241104259605,2767.1298828125,-0.0410456799665293
2018-10-15,1226.4000244140625,1232.300048828125,1222.4000244140625,1222.4000244140625,136,1199.179998779297,1198.1739990234375,0.00681393070723324,0.14426473687067548,60.526323474583776,3.3661576389220045,-0.3817220033293427,95.06999969482422,-0.007309146630244401,2750.7900390625,-0.04633147476115407
2018-10-16,1227.300048828125,1230.5,1227.0999755859375,1227.0999755859375,426,1200.7049987792968,1198.5480004882813,0.0007338750783967285,0.14366656741990294,63.840413679175406,4.912488590422981,0.6771201154211222,95.0500030517578,-0.006584419433618094,2809.919921875,-0.02444855949881819
2018-10-17,1223.699951171875,1225.9000244140625,1223.699951171875,1225.9000244140625,1,1201.7799987792969,1198.83,-0.0029333476028844396,0.14388786914794605,68.44912222676751,5.7808313907821685,1.6978623704933313,95.58000183105467,0.0007329043373316413,2809.2099609375,0.008446781351157284
2018-10-18,1226.5,1226.5,1226.5,1226.5,165,1202.7950012207032,1199.1080004882813,0.00228818251193319,0.14370498231126247,66.54059691986762,6.618644244694224,2.68201874533351,95.9000015258789,0.009261259881097939,2768.780029296875,0.014811008174738127
2018-10-19,1225.300048828125,1225.300048828125,1225.300048828125,1225.300048828125,55,1204.2500061035157,1199.3760009765624,-0.000978353992560077,0.1398117907541147,68.61598023083852,7.103901580975162,3.5663953124618404,95.70999908447266,0.005145955235116961,2767.780029296875,0.00023495336753542873
2018-10-22,1221.199951171875,1224.5,1219.5999755859375,1224.5,18,1205.3450012207031,1199.5780004882813,-0.0033461988842417023,0.1406361998226251,60.28439361015878,7.076059492024342,4.268328148374341,96.01000213623048,0.0098874770634656,2755.8798828125,0.0018503206997706467
2018-10-23,1233.4000244140625,1237.800048828125,1224.800048828125,1224.800048828125,33,1207.0150024414063,1200.42,0.009990233974772167,0.14423586039127878,67.63811376911252,7.946832250861235,5.00402896887172,95.95999908447266,0.00957386642291147,2740.68994140625,-0.024637705839871127
2018-10-24,1227.800048828125,1231.5999755859375,1227.800048828125,1231.5999755859375,36,1208.7050048828125,1201.1160009765624,-0.004540275235196178,0.14397377359231092,64.71155087620456,8.091777730264312,5.621578721150239,96.43000030517578,0.00889305773004212,2656.10009765625,-0.054502819443995376
2018-10-25,1229.0999755859375,1238.5999755859375,1229.0999755859375,1238.5999755859375,7,1211.0450012207032,1202.1480004882812,0.0010587446702361447,0.13776131047969012,63.770966113193815,8.21682287309477,6.140627551539145,96.68000030517578,0.008133459508719465,2705.570068359375,-0.022829535126902778
2018-10-26,1232.5,1234.800048828125,1232.5,1234.300048828125,20,1213.0950012207031,1203.2740014648436,0.0027662716472203197,0.1360995625128983,77.36053960745974,8.492380726028387,6.610978186436994,96.36000061035156,0.006791364874063177,2658.68994140625,-0.03941429114160422
2018-10-29,1224.5,1224.5,1224.5,1224.5,214,1214.9650024414063,1204.2340014648437,-0.006490872210953347,0.13792769124992846,70.0321760952853,7.973317725038896,6.8834460941573745,96.58000183105467,0.005936878264156231,2641.25,-0.04159465857979083
2018-10-30,1222.5999755859375,1227.699951171875,1219.800048828125,1227.699951171875,72,1215.975,1204.95,-0.001551673674203724,0.1316154963499786,67.92240607905771,7.324211514879153,6.97159917830173,97.01000213623048,0.010942091098120166,2682.6298828125,-0.021184468084689434
2018-10-31,1212.300048828125,1216.5999755859375,1212.0,1216.0,121,1216.675,1205.3440014648438,-0.0084246090000748,0.13493793988942207,41.88412206988058,5.910539141454137,6.759387170932212,97.12999725341795,0.007259120045907563,2711.739990234375,0.02094796526201015
2018-11-01,1236.0,1236.0,1215.4000244140625,1215.4000244140625,14,1218.6150024414062,1206.1380004882812,0.01954957536691082,0.1505137191167383,60.25199849544789,6.626198895171456,6.7327495157800605,96.27999877929688,-0.0041373761338051596,2740.3701171875,0.012862372050570281
2018-11-02,1230.9000244140625,1233.300048828125,1230.9000244140625,1233.300048828125,18,1220.1000061035156,1207.0160009765625,-0.00412619383975521,0.1517223572048852,52.675383338074866,6.704553084018471,6.727110229427743,96.54000091552734,0.001867998173885832,2723.06005859375,0.024211216277988834
2018-11-05,1229.800048828125,1231.5,1226.699951171875,1230.5999755859375,15,1222.3700073242187,1207.4860009765625,-0.0008936351971079448,0.1410068161033052,51.48279866663963,6.601789189975079,6.702046021537211,96.3499984741211,-0.002381480146748438,2738.31005859375,0.03674777419545672
2018-11-06,1223.800048828125,1233.800048828125,1223.800048828125,1230.699951171875,4,1224.2000122070312,1207.782001953125,-0.004878841894434327,0.1430332683123156,50.05772647786822,5.967409624100583,6.555118742049886,96.31999969482422,-0.00711269380694679,2755.449951171875,0.027145029892468697
2018-11-07,1226.199951171875,1228.5999755859375,1226.199951171875,1228.5999755859375,1,1226.0450073242187,1208.1580004882812,0.0019610248798798136,0.1430386605374817,49.82615903407226,5.59382912983574,6.362860819607056,96.0,-0.01163386477268935,2813.889892578125,0.03766950471343722
2018-11-08,1222.9000244140625,1222.9000244140625,1222.9000244140625,1222.9000244140625,2,1226.0150085449218,1208.5260009765625,-0.0026911816092136664,0.10119188912100627,48.642516753639676,4.974148498323302,6.085118355350306,96.63999938964844,0.0037391006950133754,2806.830078125,0.02425218422893516
2018-11-09,1206.4000244140625,1207.9000244140625,1206.4000244140625,1207.9000244140625,14,1225.4300109863282,1208.7000024414062,-0.013492517516226044,0.11108563087083764,42.658743374213294,3.115718960832737,5.491238476446792,96.91000366210938,0.0038326366591376893,2781.010009765625,0.021281187313144212
2018-11-12,1201.300048828125,1201.5999755859375,1201.300048828125,1201.5999755859375,1,1224.1750122070312,1208.7200024414062,-0.004227433258230051,0.10837838560263281,32.870801615973164,1.2173419948512674,4.636459180127687,97.54000091552734,0.012350829893639004,2726.219970703125,-0.004415163963146562
2018-11-13,1199.199951171875,1201.300048828125,1196.300048828125,1196.300048828125,5,1222.7700073242188,1208.8500024414063,-0.0017481874393484587,0.10820624816155307,34.14623583736176,-0.4513923869130849,3.618888866719533,97.3000030517578,0.010174453488772661,2722.179931640625,-0.012074260146550775
2018-11-14,1207.9000244140625,1207.9000244140625,1207.9000244140625,1207.9000244140625,0,1221.9800109863281,1209.1100024414063,0.0072548979289781546,0.1119401031050861,39.139352976343844,-1.059638354594881,2.6831834224566506,96.8000030517578,0.008333365122477066,2701.580078125,-0.03991265427597279
2018-11-15,1212.800048828125,1212.800048828125,1212.800048828125,1212.800048828125,0,1221.2950134277344,1209.4080029296874,0.004056647334235608,0.11272400818297271,40.06055484796003,-1.1332235514621516,1.9199020276728904,96.93000030517578,0.003000837307107984,2730.199951171875,-0.02730130603570946
2018-11-16,1220.800048828125,1223.800048828125,1216.699951171875,1216.699951171875,5,1221.0700134277345,1209.9520043945313,0.006596305803030056,0.11550358879313988,48.13322066551207,-0.5397849045464227,1.4279646412290279,96.47000122070312,-0.004540320140120735,2736.27001953125,-0.016087676807084006
2018-11-19,1223.0999755859375,1223.0999755859375,1223.0999755859375,1223.0999755859375,0,1221.1650146484376,1210.55400390625,0.0018839504143370878,0.11508062256064952,50.251256897909705,0.11478124000836942,1.165327960984896,96.19000244140624,-0.013840459928745052,2690.72998046875,-0.013018021515417866
2018-11-20,1219.0,1228.800048828125,1219.0,1225.300048828125,12,1220.4450134277345,1211.0260034179687,-0.0033521181160790503,0.109485705131265,53.590549409141815,0.29924633512587206,0.9921116358130914,96.80999755859376,-0.005036027521020503,2641.889892578125,-0.029494758274156485
2018-11-21,1225.800048828125,1225.800048828125,1225.800048828125,1225.800048828125,0,1220.3450134277343,1211.4480053710938,0.005578382959905648,0.11049913944241613,43.32463075281049,0.982814092973058,0.9902521272450848,96.70999908447266,-0.0009297930211532579,2649.929931640625,-0.019118495469592767
2018-11-23,1221.0,1224.800048828125,1221.0,1224.800048828125,1,1219.9400146484375,1211.8280053710937,-0.003915849760908308,0.11124040723538531,43.49538266087701,1.124262838980485,1.017054269592165,96.91999816894533,-0.00010318927266028677,2632.56005859375,-0.03576290906320445
2018-11-26,1220.199951171875,1222.0,1220.199951171875,1220.199951171875,2,1219.3250122070312,1212.3320043945312,-0.0006552406454750637,0.1106479788734895,43.667485836309936,1.1584508350163105,1.045333582676994,97.06999969482422,0.006219534223373957,2673.449951171875,-0.022958285516769594
2018-11-27,1211.199951171875,1222.0,1211.199951171875,1221.9000244140625,5,1218.660009765625,1212.5620043945312,-0.0073758403213805,0.11132828079037504,42.005019131566314,0.45408586512962756,0.9270840391675208,97.37000274658205,0.012267390323590144,2682.169921875,-0.0031813146082606547
2018-11-28,1221.4000244140625,1221.4000244140625,1211.5,1211.5,247168,1218.6000122070313,1213.05400390625,0.00842146107446462,0.11565029307286027,47.228686732569436,0.7107392571579112,0.883815082765599,96.79000091552734,-0.00020655555800752623,2743.7900390625,0.038570928625997425
2018-11-29,1224.0999755859375,1228.699951171875,1220.5,1221.0,55478,1219.190008544922,1213.4920043945312,0.0022105380038535127,0.11149087604391533,50.69764404965693,1.1191021021484175,0.9308724866421627,96.77999877929688,0.000723810314206208,2737.800048828125,0.033159411552100115
2018-11-30,1220.199951171875,1225.0,1216.0999755859375,1224.0999755859375,2060,1218.4000061035156,1213.7720043945312,-0.003186034222568912,0.08636727500868067,59.40046067238211,1.1151781430887695,0.9677336179314842,97.2699966430664,0.003611210077728133,2760.169921875,0.04847367598117258
2018-12-03,1233.9000244140625,1234.0999755859375,1221.300048828125,1222.5,751,1218.5500061035157,1214.526005859375,0.011227728069510334,0.09489634706254345,69.87794511921899,2.1922785689216653,1.2126426081295205,97.04000091552734,-0.00030904274638088314,2790.3701171875,0.043733815164325174
2018-12-04,1241.0999755859375,1241.4000244140625,1230.4000244140625,1231.0,474,1219.1150024414062,1215.3620043945311,0.005835117132195533,0.09690993063098899,74.05276619599874,3.5855325166164675,1.68722058982691,96.97000122070312,-0.004108057046275038,2700.06005859375,0.006670023615149567
2018-12-06,1238.0999755859375,1244.4000244140625,1234.800048828125,1237.5,434,1219.8299987792968,1216.12400390625,-0.002417210586587615,0.09548969361904043,68.55030517523207,4.396936236131296,2.2291637190877873,96.80999755859376,0.0002065982320205162,2695.949951171875,-0.017435768484301062
2018-12-07,1246.800048828125,1249.800048828125,1237.5999755859375,1238.300048828125,211,1220.8600036621094,1217.1800048828125,0.007026955345888153,0.09810595134165355,69.95300590291707,5.676566802237403,2.9186443357177105,96.51000213623048,-0.0027897979589988076,2633.080078125,-0.038249678148683186
2018-12-10,1243.699951171875,1249.5999755859375,1241.699951171875,1249.5999755859375,131,1221.9,1218.4080029296874,-0.0024864433227795857,0.09801053829327988,64.25891581283634,6.367134905072817,3.608342449588732,97.22000122070312,-0.0005139860603341484,2637.719970703125,-0.04436319307787184
2018-12-11,1241.9000244140625,1248.699951171875,1241.5,1245.800048828125,117,1223.675,1219.4160034179688,-0.0014472355298531525,0.08275113990504755,61.77943596992003,6.692034447638889,4.225080849198764,97.38999938964844,0.003606744340674206,2636.780029296875,-0.05504290880431062
2018-12-12,1244.4000244140625,1245.5999755859375,1244.0999755859375,1245.300048828125,84,1225.8299987792968,1220.5620043945312,0.0020130444889712162,0.07997683842523076,66.24035890399412,7.069753069904209,4.794015293339854,97.04000091552734,0.0007218695879449566,2651.070068359375,-0.01814403723296809
2018-12-13,1242.699951171875,1243.5,1241.0,1243.5,194,1228.0049987792968,1221.3680029296875,-0.0013661790492072168,0.07976478801088746,61.55938667886807,7.149501098571136,5.26511245438611,97.05999755859376,0.0025823779186513462,2650.5400390625,-0.0168437518988942
2018-12-14,1237.0,1241.699951171875,1234.0999755859375,1241.699951171875,33,1229.4599975585938,1222.142001953125,-0.004586747723374307,0.08008906973580904,60.810775143927025,6.675808992236853,5.547251761956259,97.44000244140624,0.009636310067250742,2599.949951171875,-0.012582270941306373
2018-12-17,1247.4000244140625,1247.4000244140625,1239.300048828125,1239.300048828125,10,1231.1899963378905,1223.1460034179688,0.00840745708493329,0.08355899962422583,66.26794363169907,7.058236679937181,5.8494487455524435,97.0999984741211,-0.0012343421628807638,2545.93994140625,-0.034795213410167114
2018-12-18,1249.199951171875,1249.199951171875,1245.5999755859375,1248.199951171875,31,1232.6099914550782,1224.1060034179689,0.0014429426988811223,0.08129704289093335,74.86906226532666,7.4210076674489756,6.16376052993175,97.13999938964844,-0.0025669986812483225,2546.159912109375,-0.03436771978725306
2018-12-19,1252.0999755859375,1255.800048828125,1252.0999755859375,1255.800048828125,268,1234.059991455078,1225.4600024414062,0.0023215053853804513,0.08136332186813994,72.21411561861825,7.852001042063421,6.501408632358084,97.04000091552734,0.0,2506.9599609375,-0.05435922239168056
2018-12-20,1263.5999755859375,1263.5999755859375,1243.199951171875,1243.199951171875,49,1236.289990234375,1226.9880029296876,0.00918457010161533,0.08421133025652641,75.35296901394327,9.017571337934442,7.004641173473356,96.27999877929688,-0.0080362538524279,2467.419921875,-0.0690878517165392
2018-12-21,1253.800048828125,1261.300048828125,1253.800048828125,1260.300048828125,96,1237.689990234375,1228.2780029296875,-0.007755561053464088,0.08943968331816332,70.04777928301942,9.046242553871934,7.412961449553071,96.95999908447266,-0.004926142702246117,2416.6201171875,-0.07051283194960845
2018-12-24,1267.5,1268.5,1260.300048828125,1260.300048828125,27,1240.014990234375,1229.1580029296874,0.010926743211311596,0.09371624807600944,70.0477356519915,10.058488271763053,7.942066813995067,96.5500030517578,-0.005664216591207083,2351.10009765625,-0.07652963079811703
2018-12-26,1269.199951171875,1277.4000244140625,1269.199951171875,1269.300048828125,63,1242.464990234375,1230.1800024414063,0.0013411843565089843,0.09326478169827536,67.94380706948348,10.87254027217773,8.528161505631601,97.0500030517578,-0.0009264601446994369,2467.699951171875,-0.030815016984734322
2018-12-27,1277.300048828125,1277.300048828125,1276.699951171875,1276.699951171875,480,1245.7699951171876,1231.1980029296874,0.006382050084993374,0.08755767192163709,73.50123607132768,12.032588344543,9.229046873413882,96.4800033569336,-0.005770790945078708,2488.830078125,-0.007231819851530541
2018-12-28,1279.9000244140625,1280.0999755859375,1273.5,1273.5,805,1248.6949951171875,1232.2500024414062,0.0020355245334273686,0.08489238779425173,71.4100950506995,13.011739862858121,9.98558547130273,96.38999938964844,0.0011425073924618001,2485.739990234375,0.007424787405239774
2018-12-31,1278.300048828125,1281.300048828125,1277.5999755859375,1278.0,19,1251.4049987792969,1233.3420043945312,-0.0012500785650582102,0.0858540641526775,72.82334222290933,13.502966049977658,10.689061587037717,96.16999816894533,-0.008147699288229893,2506.85009765625,0.037337262827126017
2019-01-02,1281.0,1286.0,1277.5999755859375,1286.0,149,1254.445001220703,1234.4320043945313,0.0021121419609975156,0.08348721937942473,75.48895873950583,13.94933063707299,11.341115397044772,96.81999969482422,0.002796443651293057,2510.030029296875,0.06759811366562318
2019-01-03,1291.800048828125,1292.0,1286.699951171875,1286.800048828125,10,1257.3400024414063,1235.7620043945312,0.008430951466139813,0.08010789044323978,77.88240734490944,15.001622107416097,12.073216739119037,96.30999755859376,-0.007624991961817651,2447.889892578125,-0.00802774202120582
2019-01-04,1282.699951171875,1294.199951171875,1275.300048828125,1294.199951171875,34,1259.4200012207032,1236.9920043945312,-0.0070445094536923936,0.08545307392060303,71.64504452136234,14.929174618925344,12.644408315080298,96.19000244140624,-0.003005813696486781,2531.93994140625,0.01732133650270229
2019-01-07,1286.800048828125,1286.800048828125,1286.5999755859375,1286.800048828125,2,1261.8550048828124,1238.0600048828126,0.0031964588854191955,0.08421180745390365,77.42291962991743,15.02935403933634,13.121397459931508,95.70999908447266,-0.0070546769320636304,2549.68994140625,0.025726725813284057
2019-01-08,1283.199951171875,1283.199951171875,1278.199951171875,1280.5,54,1263.675,1239.1680029296874,-0.002797713335128127,0.08356562738015288,71.3094492457083,14.649380221902675,13.426994012325743,95.9000015258789,-0.0028074934824486864,2574.409912109375,0.026950081505188184
2019-01-09,1289.300048828125,1289.300048828125,1279.199951171875,1279.4000244140625,102,1265.9550048828125,1240.3720043945314,0.004753816932956623,0.08298869165965887,72.7066617267293,14.671352910486803,13.675865791957955,95.22000122070312,-0.01652549555013716,2584.9599609375,0.02985220525892074
2019-01-10,1284.699951171875,1284.699951171875,1284.699951171875,1284.699951171875,0,1268.0950012207031,1241.4160034179688,-0.003567903111794002,0.08442334537568738,68.11102385379834,14.15441371773386,13.771575377113136,95.54000091552734,-0.00799498144102817,2596.639892578125,0.060766622081737554
2019-01-11,1287.0999755859375,1291.199951171875,1286.300048828125,1291.199951171875,11,1270.229998779297,1242.6680029296874,0.0018681594965994641,0.08441799072430944,64.5240337027112,13.779555457664856,13.77317139322348,95.66999816894533,-0.0054060116359563315,2596.260009765625,0.025403473165975354
2019-01-14,1289.0999755859375,1293.9000244140625,1289.0999755859375,1292.4000244140625,7,1272.55,1243.9980029296876,0.0015538808468158471,0.08364327800691143,74.14480352816032,13.488375277181603,13.716212170015105,95.58999633789062,-0.0012538161919333213,2582.610107421875,0.012911438948324916
2019-01-15,1286.199951171875,1292.699951171875,1286.199951171875,1290.0999755859375,3,1275.0099975585938,1245.4760009765625,-0.0022496505073195117,0.08164628506966294,65.00785710646869,12.875187999872878,13.54800733598666,95.97000122070312,0.000729923813456157,2610.300048828125,0.013941111922360028
2019-01-16,1291.5999755859375,1291.5999755859375,1291.5999755859375,1291.5999755859375,2,1277.2199951171874,1246.5880004882813,0.004198433073444363,0.07854929332252544,66.96955853494785,12.67881600652322,13.374169070093973,96.05999755859376,0.00882163754591514,2616.10009765625,0.01204666114343067
2019-01-17,1291.0,1292.699951171875,1288.5,1291.5999755859375,10,1279.3099975585938,1247.79,-0.00046452121189100026,0.07894036917397781,61.70926224240249,12.332614073180139,13.165858070711208,96.06999969482422,0.0055474018653765,2635.9599609375,0.015142672833365234
2019-01-18,1281.300048828125,1281.300048828125,1281.300048828125,1281.300048828125,3,1280.770001220703,1248.82,-0.007513517561483329,0.0853079872874585,51.067084233502484,11.147045353024623,12.762095527173893,96.33999633789062,0.00700322129997466,2670.7099609375,0.02867584559783598
2019-01-22,1282.5,1283.300048828125,1282.5,1282.5,7,1281.7150024414063,1249.9939990234375,0.0009365106736494155,0.07987786067186059,53.220799742380954,10.1868717158668,12.247050764912474,96.3000030517578,0.007427625704236274,2632.89990234375,0.01947246887067955
2019-01-23,1283.0999755859375,1283.9000244140625,1278.699951171875,1281.699951171875,14,1283.179998779297,1251.1319995117187,0.0004678172210039744,0.07332228952347516,51.66399377852237,9.366370517360792,11.670914715402139,96.12000274658205,0.0015630043135455018,2638.699951171875,0.010879937866338452
2019-01-24,1279.0999755859375,1279.0999755859375,1278.5,1279.0999755859375,1,1283.7599975585938,1252.2559985351563,-0.0031174499852775206,0.06500016414791722,38.72115486770754,8.297700113774908,10.996271795076693,96.5999984741211,0.005621496244552215,2642.330078125,0.010026367298502592
2019-01-25,1297.4000244140625,1297.4000244140625,1297.4000244140625,1297.4000244140625,0,1285.1700012207032,1254.0759985351563,0.014306973010254298,0.08151728160785109,61.221367217129256,8.825695001940858,10.562156436449527,95.79000091552734,-0.002914528783036552,2664.760009765625,0.010925829396089215
2019-01-28,1302.4000244140625,1307.0999755859375,1298.4000244140625,1300.800048828125,54,1286.425,1256.097998046875,0.0038538614967715823,0.0798258487821201,61.74692205731766,9.53764888865885,10.357254926891393,95.75,-0.0061241058783243485,2643.85009765625,-0.010057199648823456
2019-01-29,1308.199951171875,1308.199951171875,1308.199951171875,1308.199951171875,213607,1287.8399963378906,1258.277998046875,0.004453260633515255,0.08070417135210171,68.22154840454685,10.449428582423934,10.375689657997901,95.81999969482422,-0.004984458377177758,2640.0,0.0026966834743431534
2019-01-30,1309.9000244140625,1323.4000244140625,1308.0999755859375,1310.4000244140625,54958,1289.4199951171875,1260.317998046875,0.0012995515254869971,0.08022281846131334,66.0435763898792,11.180322463440916,10.536616219086504,95.33999633789062,-0.00811492287144322,2681.050048828125,0.0160496071701679
2019-01-31,1319.699951171875,1325.4000244140625,1316.699951171875,1320.0,1970,1291.3549926757812,1262.45599609375,0.007481431082647871,0.08321084924100876,75.21617381148377,12.40730957638857,10.910754890546919,95.58000183105467,-0.010558971627102842,2704.10009765625,0.02337710191570097
2019-02-01,1316.9000244140625,1320.699951171875,1315.4000244140625,1320.300048828125,878,1292.6099914550782,1264.3779956054686,-0.0021216389038479777,0.07992287553955028,71.34679958027283,13.003874444013263,11.329378801240187,95.58000183105467,-0.0021922860681237166,2706.530029296875,0.01567496486669495
2019-02-04,1314.300048828125,1318.0999755859375,1308.300048828125,1318.0999755859375,675,1294.1899963378905,1266.2019970703125,-0.001974315086746503,0.07505361738710187,67.89783515254501,13.115670809866742,11.6866372029655,95.8499984741211,0.0010443704869043113,2724.8701171875,0.03064471000193003
2019-02-05,1314.199951171875,1315.0999755859375,1311.0,1311.0999755859375,362,1295.559991455078,1268.10599609375,-7.616042952995894e-05,0.07481392877937863,70.7101040489149,13.045809222958269,11.958471606964054,96.0999984741211,0.0029221329595976453,2737.699951171875,0.03700755726207383
2019-02-06,1309.5,1313.5,1305.0,1312.5,358,1296.8749938964843,1269.7799951171876,-0.003576283173412076,0.07539580394750497,63.37823856887142,12.467479291037762,12.060273143778796,96.41999816894533,0.011327898809929682,2731.610107421875,0.018858304646662383
2019-02-07,1309.4000244140625,1310.4000244140625,1302.199951171875,1302.9000244140625,203,1297.8799926757813,1271.5479956054687,-7.634638101372548e-05,0.07416744405670565,63.85548592050328,11.864316998021877,12.021081914627413,96.51000213623048,0.009730072058584671,2706.050048828125,0.0007211090941363629
2019-02-08,1313.699951171875,1314.0,1307.800048828125,1309.5,122,1299.3299926757813,1273.4179956054688,0.003283890848968518,0.07281039183566294,76.55740329391047,11.599562156561205,11.936777963014173,96.63999938964844,0.01109016047590572,2707.8798828125,0.0004987395303261977
2019-02-11,1307.0,1313.4000244140625,1304.699951171875,1313.4000244140625,119,1300.3249938964843,1275.3339965820312,-0.0051000619783067025,0.0760007026889086,68.42112026080923,10.725475367842137,11.694517443979766,97.05999755859376,0.012623882146428622,2709.800048828125,-0.005530563920943754
2019-02-12,1309.199951171875,1312.0,1307.5999755859375,1310.0,109,1301.3299926757813,1277.0899951171875,0.0016832067114576077,0.07601959131713659,69.16305323971585,10.09391657708261,11.374397270600335,96.70999908447266,0.006347561082592934,2744.72998046875,0.0025678596713514246
2019-02-13,1310.800048828125,1316.0,1308.0999755859375,1311.5999755859375,143,1302.5599975585938,1278.8239965820312,0.001222195016748806,0.07517580150456553,74.12492823473235,9.611718288215798,11.021861474123428,97.12999725341795,0.0073636081513772655,2753.030029296875,0.007841500445763261
2019-02-14,1309.800048828125,1311.800048828125,1301.5999755859375,1305.0,858,1303.4700012207031,1280.6159985351562,-0.0007628928614200614,0.07439847158308914,62.81000073141635,9.044620275135003,10.626413234325744,96.9800033569336,0.004869974202670324,2745.72998046875,0.01466341380411973
2019-02-15,1318.0999755859375,1318.800048828125,1313.5999755859375,1313.5999755859375,190,1304.825,1282.2999975585938,0.0063367891650625285,0.07685071051272716,65.18379123733249,9.159342538727742,10.332999095206144,96.91999816894533,0.0028973383802284314,2775.60009765625,0.025008574151898166
2019-02-19,1340.0999755859375,1340.0999755859375,1320.5,1320.9000244140625,390,1307.7649963378906,1284.2799975585938,0.016690691455494733,0.08825672920522626,73.49052109270362,10.899830437112769,10.446365363587471,96.5199966430664,-0.005563578498972932,2779.760009765625,0.02581738861793692
2019-02-20,1343.300048828125,1344.0,1338.0,1342.199951171875,581,1310.804998779297,1286.3839990234376,0.002387936199154339,0.08811819906051446,74.06349435291096,12.394522463006524,10.835996783471282,96.4499969482422,-0.002688472119654839,2784.699951171875,0.014562441838558815
2019-02-21,1323.5,1334.9000244140625,1320.9000244140625,1331.300048828125,414,1312.825,1287.917998046875,-0.014739855660243828,0.10691740560061493,52.39298079465719,11.844838275203756,11.037765081817778,96.61000061035156,-0.005353615337903128,2774.8798828125,0.007936656441486667
2019-02-22,1329.199951171875,1331.300048828125,1321.0,1324.199951171875,718,1315.3299987792968,1289.627998046875,0.004306725479316098,0.10584023825317966,57.4726231494762,11.733887073112555,11.176989480076735,96.51000213623048,-0.004846372493649831,2792.669921875,0.017095614550647342
2019-02-25,1325.9000244140625,1331.5999755859375,1325.5999755859375,1329.199951171875,185,1316.7549987792968,1291.307998046875,-0.0024826413474535736,0.0961660330759116,56.98794737732283,11.249997961755525,11.191591176412494,96.41000366210938,-0.005262015233914452,2796.110107421875,0.007389396542730964
2019-02-26,1325.0999755859375,1325.5,1323.300048828125,1323.300048828125,939,1317.8899963378906,1292.9219970703125,-0.0006034005682129528,0.09577660740469607,56.511377938918045,10.678855897203448,11.089044120570685,96.0,-0.005387449866884775,2793.89990234375,0.005086731418701529
2019-02-27,1317.699951171875,1327.9000244140625,1316.5,1327.699951171875,604,1318.3649963378907,1294.4219970703125,-0.005584502717080109,0.09742528498924041,54.745347476928124,9.519368219327589,10.775108940322067,96.1500015258789,-0.0031103725438610397,2792.3798828125,0.0027579027454620597
2019-02-28,1312.800048828125,1323.699951171875,1311.5,1321.0999755859375,141,1318.5099975585938,1295.937998046875,-0.003718526618591955,0.0984201593497602,51.86405196564357,8.111579473121992,10.242403046882051,96.16000366210938,-0.004657871290748905,2784.489990234375,0.003463251682135793
2019-03-01,1296.4000244140625,1312.199951171875,1288.9000244140625,1312.199951171875,110,1317.3450012207031,1296.917998046875,-0.012492400825778516,0.10400814169445853,41.62636058863222,5.607907374282377,9.315503912362116,96.52999877929688,0.0002071976232904671,2803.68994140625,0.003946051570552722
2019-03-04,1284.800048828125,1287.0,1281.9000244140625,1285.5,28,1315.7400024414062,1297.63,-0.008947836599417225,0.10784932236698236,39.741237897321,2.657078960936815,7.983818922077056,96.68000030517578,0.0028005044374095345,2792.81005859375,-0.0011802284964979037
2019-03-05,1282.0,1287.0,1282.0,1287.0,114,1314.125,1298.2280004882812,-0.0021793654434236753,0.1078710198632622,37.50002804923201,0.0915305372864168,6.405361245118928,96.8499984741211,0.008854150772094727,2789.64990234375,-0.0015211711759732793
2019-03-06,1284.9000244140625,1287.0999755859375,1282.5999755859375,1287.0999755859375,14,1312.6600036621094,1298.6540014648438,0.0022621095273498426,0.10851766852711052,38.23795179053129,-1.688216628124792,4.786645670470184,96.87000274658205,0.007488312108963946,2771.449951171875,-0.0074953740246632705
2019-03-07,1283.800048828125,1284.5999755859375,1281.0,1281.0,11,1311.3750061035157,1299.2540014648437,-0.0008560787337824616,0.10812476047840346,38.20326156068404,-3.1511138371895413,3.1990937689382393,97.66999816894533,0.01570293728504657,2748.929931640625,-0.012770761869665304
2019-03-08,1297.0,1297.4000244140625,1291.5999755859375,1292.0999755859375,10,1310.7550048828125,1299.8440014648438,0.01028193696045121,0.11527362287772387,40.83406600282745,-3.208360687136974,1.9176028777231966,97.37000274658205,0.008701999149567374,2743.070068359375,-0.02162146111508667
2019-03-11,1288.800048828125,1291.0,1288.800048828125,1291.0,9,1309.510009765625,1300.2360034179687,-0.006322244542694699,0.11618563649088054,24.679188623472456,-3.8707768518077046,0.7599269318170165,97.22000122070312,0.005585445943554035,2783.300048828125,-0.003405175993391185
2019-03-12,1296.300048828125,1296.300048828125,1294.699951171875,1294.699951171875,1,1308.9750122070313,1300.6160034179688,0.005819366632410894,0.1174472038601274,27.74618125154612,-3.747361860005185,-0.14153082654742377,96.94000244140624,0.0009293130480449996,2791.52001953125,0.0006703770196858638
2019-03-13,1307.5,1307.5,1307.5,1307.5,0,1308.8900146484375,1301.1680029296874,0.008639937321609947,0.12159475678628814,41.75255656148458,-2.714520825822092,-0.6561288264023575,96.5500030517578,-0.0033033930602994754,2810.919921875,0.01424163214148444
2019-03-14,1293.4000244140625,1293.4000244140625,1293.4000244140625,1293.4000244140625,1,1308.0200134277343,1301.4700024414062,-0.010783920142208414,0.12728109005669105,33.01707713956465,-2.9991645543195773,-1.1247359719858014,96.79000091552734,-0.009009903449530121,2808.47998046875,0.021662992622218047
2019-03-15,1301.800048828125,1304.699951171875,1300.5,1300.9000244140625,26,1307.6200134277344,1301.8860034179688,0.006494529345526967,0.1297688823232761,39.0950216246969,-2.5179100914299397,-1.403370795874629,96.5999984741211,-0.007908023526146835,2822.47998046875,0.028949283150054628
2019-03-18,1300.300048828125,1302.199951171875,1297.300048828125,1297.300048828125,8,1306.7300170898438,1302.0560034179687,-0.0011522506865400128,0.12740980707429578,38.848936658363975,-2.2318228616286433,-1.5690612090254321,96.5199966430664,-0.007200211570123405,2832.93994140625,0.017834905223037323
2019-03-19,1305.0,1306.9000244140625,1304.800048828125,1306.9000244140625,20,1304.9750183105468,1302.5020043945312,0.0036145128011881855,0.11123487364023232,44.14747477020352,-1.6073216865449922,-1.5767133045293442,96.37999725341795,-0.005776822507579049,2832.570068359375,0.014705267574981695
2019-03-20,1300.5,1300.699951171875,1300.5,1300.699951171875,2,1302.8350158691405,1302.7760034179687,-0.0034482758620689724,0.11059383314490981,44.31079301770417,-1.4586974418318732,-1.5531101319898502,95.76000213623048,-0.008182298193235904,2824.22998046875,0.004735125497588477
2019-03-21,1306.0999755859375,1306.0999755859375,1306.0999755859375,1306.0999755859375,0,1301.9650146484375,1303.23400390625,0.004306017367118331,0.10079874246160744,54.98456867566618,-0.878908913428404,-1.418269888277561,96.5,-0.0029961867216060645,2854.8798828125,0.01652135769755625
2019-03-22,1311.5999755859375,1311.5999755859375,1311.5999755859375,1311.5999755859375,0,1301.0850158691405,1303.6800024414063,0.004211009955445988,0.10073696639919258,64.6929698343883,0.024103852852476848,-1.1297951400515533,96.6500015258789,0.0005176299435574183,2800.7099609375,-0.007713081999481397
2019-03-25,1321.9000244140625,1322.9000244140625,1320.699951171875,1320.699951171875,19,1300.8850158691407,1304.42400390625,0.007853041338708122,0.10483655200991855,70.21281332362045,1.5529741163950348,-0.5932412887622357,96.56999969482422,0.0005180589877424868,2798.360107421875,-0.012206342068519005
2019-03-26,1314.300048828125,1315.5999755859375,1314.300048828125,1315.5999755859375,1,1300.34501953125,1304.9680053710938,-0.005749281674539808,0.10671892192799262,64.21667644569217,2.1268433745215134,-0.04922435610548587,96.73999786376952,0.00373522121405534,2818.4599609375,-0.004981379835750199
2019-03-27,1309.9000244140625,1309.9000244140625,1309.9000244140625,1309.9000244140625,206263,1299.9550231933595,1305.3840063476562,-0.003347808149277376,0.10556337172869157,62.23056110103708,2.2012194112535326,0.40086439736631785,96.7699966430664,0.010547143737518638,2805.3701171875,-0.006677878009821225
2019-03-28,1289.800048828125,1311.0999755859375,1287.699951171875,1308.4000244140625,87798,1298.8050231933594,1305.4560083007811,-0.015344663876106557,0.1179341757442452,46.83100332040275,0.6309892575500271,0.4468893694030597,97.1999969482422,0.007253854385929515,2815.43994140625,-0.013814921476624664
2019-03-29,1293.0,1298.5,1286.0999755859375,1289.5999755859375,1265,1298.6350219726562,1305.4840087890625,0.0024809668558956055,0.11005453177743049,51.93368178497161,-0.35117204298057914,0.2872770869263319,97.27999877929688,0.0065183367146588456,2834.39990234375,0.012029071869681385
2019-04-01,1288.4000244140625,1295.9000244140625,1285.699951171875,1291.800048828125,675,1298.8150207519532,1305.4320092773437,-0.0035575990610499097,0.10589712172207913,46.262990923820844,-1.4836192962004588,-0.06690218969902623,97.25,0.0070415274653068405,2867.18994140625,0.024596489137271194
2019-04-02,1290.0,1290.9000244140625,1284.5,1286.300048828125,525,1299.215020751953,1305.6060083007812,0.0012418313843676199,0.10559013750457619,40.894887265798666,-2.226323572680485,-0.49878646629531803,97.36000061035156,0.006408959688578353,2867.239990234375,0.017307334492220106
2019-04-03,1289.9000244140625,1293.0999755859375,1287.5,1291.4000244140625,172,1299.465020751953,1305.7540087890625,-7.750045421506258e-05,0.10534928313776526,47.8684493028152,-2.7908184391976647,-0.9571928608757874,97.08999633789062,0.0033068069228578967,2873.39990234375,0.024249843091810108
2019-04-04,1289.0,1292.5999755859375,1279.5,1290.5999755859375,269,1299.7250183105468,1305.8720092773438,-0.0006977474199765243,0.10532942661319879,41.420861955550606,-3.273079117628413,-1.4203701122263124,97.30999755859376,0.0011316935576668463,2879.389892578125,0.02271401717059307
2019-04-05,1290.4000244140625,1292.0,1283.5999755859375,1292.0,181,1299.39501953125,1306.0980102539063,0.0010861322064099621,0.09851963062934324,43.35567742580325,-3.5019357743356068,-1.8366832446481713,97.4000015258789,0.0012335808808374704,2892.739990234375,0.02058287111934476
2019-04-08,1297.0999755859375,1302.0999755859375,1291.800048828125,1292.199951171875,63,1299.8100158691407,1306.0920092773438,0.005192150530931139,0.09755975592448697,44.83657711106182,-3.1068622834086455,-2.0907190524002663,97.0500030517578,-0.0020565238893799354,2895.77001953125,0.009967975163508891
2019-04-09,1303.5,1304.9000244140625,1298.5,1298.5,30,1300.1700134277344,1306.1140087890626,0.004934102640138827,0.09694888712658191,51.91326768931822,-2.25138267448483,-2.1228517768171793,97.01000213623048,-0.003594889810260238,2878.199951171875,0.0038224777049806757
2019-04-10,1309.0999755859375,1309.0999755859375,1301.5,1304.0,66,1300.2500122070312,1306.1320092773437,0.004296107085490997,0.09314104593273996,51.91326768931822,-1.108756635857162,-1.920032748625176,96.9499969482422,-0.0014419548349883238,2888.2099609375,0.005154193323967826
2019-04-11,1288.5999755859375,1307.0999755859375,1288.5999755859375,1307.0,420,1300.010009765625,1305.7060083007811,-0.015659613766950464,0.10188006797479432,37.687353293287956,-1.8362290370937444,-1.9032720063188897,97.18000030517578,-0.0013359085055952846,2888.320068359375,0.003101412491676836
2019-04-12,1290.5999755859375,1293.4000244140625,1289.199951171875,1293.4000244140625,607,1299.4500061035155,1305.1240087890626,0.0015520720455473036,0.09906604476484922,31.60981039621997,-2.2257162000325934,-1.9677608450616306,96.97000122070312,-0.004414787458309588,2907.409912109375,0.005071289477977414
2019-04-15,1286.800048828125,1287.300048828125,1282.300048828125,1284.800048828125,523,1298.7750061035156,1304.5220092773438,-0.0029443102663064824,0.0994468262642159,33.08729024275985,-2.808633733442548,-2.1359354227378144,96.94000244140624,-0.0011334426264046904,2905.580078125,0.003387720201391442
2019-04-16,1272.5999755859375,1285.199951171875,1272.199951171875,1285.199951171875,643,1297.1550048828126,1303.6880078125,-0.011035182393037135,0.104851079745068,29.527931501159074,-4.366097658044282,-2.581967869799108,97.04000091552734,0.00030923387935533064,2907.06005859375,0.010027137763700011
2019-04-17,1272.199951171875,1273.5,1271.5999755859375,1273.5,308,1295.7400024414062,1302.8480078125,-0.00031433633642674597,0.10456358151031447,37.67498478393183,-5.568487607409224,-3.1792718173211316,97.01000213623048,0.0006189292406095781,2900.449951171875,0.0042379156639991145
2019-04-18,1271.9000244140625,1273.5999755859375,1270.0999755859375,1270.800048828125,27,1294.0300048828126,1302.0960083007812,-0.00023575441701295663,0.1026874678006433,34.59853052030559,-6.470998248048545,-3.8376171034666147,97.47000122070312,0.002984162529498402,2905.030029296875,0.0057853563808776265
2019-04-22,1273.5,1273.5,1273.5,1273.5,147,1292.1250061035157,1301.3780078125,0.001257941312387878,0.10110608447382727,38.62591436425476,-6.9767165294654205,-4.465436988666376,97.27999877929688,0.0031968397926303016,2907.969970703125,0.0001926314522824324
2019-04-23,1269.300048828125,1269.800048828125,1266.0,1266.4000244140625,206,1289.4950073242187,1300.490009765625,-0.0032979593026108978,0.09505979710319253,34.80176527316205,-7.628466655061857,-5.098042921945472,97.56999969482422,0.0064988367810159264,2933.679931640625,0.0096709960696586
2019-04-24,1275.5,1275.5,1267.800048828125,1268.4000244140625,518,1287.5550048828125,1299.860009765625,0.004884543396653118,0.09698802445611938,40.29645715601839,-7.557580002943041,-5.589950338144987,98.0999984741211,0.010923305323507382,2927.25,0.006945140794929694
2019-04-25,1275.800048828125,1280.800048828125,1275.800048828125,1280.5999755859375,95,1285.8500061035156,1299.19201171875,0.00023524016317133523,0.09690639373191218,41.03262401937206,-7.391980240743578,-5.950356318664705,98.1999969482422,0.012266722871942859,2926.169921875,0.00886757956045181
2019-04-26,1284.9000244140625,1284.9000244140625,1284.9000244140625,1284.9000244140625,804,1285.6050048828124,1298.6740112304688,0.007132760023246698,0.08592366193068265,46.61745804855197,-6.452073767883348,-6.050699808508433,98.01000213623048,0.005540175528516045,2939.8798828125,0.01199638322639296
2019-04-29,1278.5999755859375,1284.9000244140625,1277.0999755859375,1284.800048828125,568,1284.8850036621093,1298.050009765625,-0.004903143208358163,0.08688729897855221,38.5661172238552,-6.1447198991634195,-6.069503826639432,97.86000061035156,0.0059621899499666675,2943.030029296875,0.012056540798897064
2019-04-30,1282.800048828125,1283.300048828125,1280.800048828125,1281.699951171875,114,1284.6050048828124,1297.3440112304688,0.003284900142644487,0.0871356391957451,36.84881574661476,-5.498841710343186,-5.955371403380183,97.4800033569336,-0.0009223771463781061,2945.830078125,0.004141606026387468
2019-05-01,1281.4000244140625,1283.300048828125,1278.699951171875,1278.699951171875,70,1284.1750061035157,1296.1700122070313,-0.0010913816345279326,0.08701589315841522,31.409428743708062,-5.041829786772951,-5.772663080058736,97.69000244140624,-0.004179368390337057,2923.72998046875,-0.0012025004803997152
2019-05-02,1269.699951171875,1270.800048828125,1266.5999755859375,1269.199951171875,63,1283.1650024414062,1294.6980102539062,-0.009130695348267603,0.0924457592155607,35.61643581096773,-5.5596544382040065,-5.730061351687791,97.83000183105467,-0.003767771167880407,2917.52001953125,-0.002956049229775215
2019-05-03,1279.199951171875,1279.199951171875,1270.0999755859375,1270.0999755859375,15,1282.675,1293.8120092773438,0.007482082669399093,0.09698218792002937,42.21310586920813,-5.144164869516771,-5.612882055253587,97.5199966430664,-0.004999545785979942,2945.639892578125,0.0019592670432897474
2019-05-06,1281.699951171875,1282.199951171875,1280.300048828125,1282.199951171875,12,1282.2399963378907,1292.8620092773438,0.0019543465411406835,0.0972030524331776,46.4533468249899,-4.560585693257281,-5.402422782854326,97.5199966430664,-0.003474391632582785,2932.469970703125,-0.003588158628565874
2019-05-07,1283.5,1283.5,1280.5,1280.5,8,1281.5599975585938,1292.0140087890625,0.001404422951314821,0.09526459447539744,59.159665589577884,-3.9077994156734803,-5.103498109418156,97.62999725341795,0.0015387145190706164,2884.050048828125,-0.02097202746201765
2019-05-08,1279.4000244140625,1279.4000244140625,1279.4000244140625,1279.4000244140625,5,1280.354998779297,1291.100009765625,-0.0031943713174424904,0.09345623806978585,55.69625387505191,-3.678887428231974,-4.81857597318092,97.62000274658205,-0.0007165492176763877,2879.419921875,-0.01515531833984407
2019-05-09,1283.5,1285.0,1278.800048828125,1278.9000244140625,38,1279.075,1290.4160107421876,0.0032046080254024556,0.09272630612606586,58.656682426461884,-3.1305522069624203,-4.480971219937221,97.37000274658205,-0.0047020246945003175,2870.719970703125,-0.016041037770031852
2019-05-10,1285.699951171875,1286.5,1283.300048828125,1285.4000244140625,6,1278.929998779297,1289.8740087890626,0.001714025065738145,0.07504583387634496,59.02361948788328,-2.4897743508672647,-4.08273184612323,97.33000183105467,-0.0019482651615251312,2881.39990234375,-0.021808500895250327
2019-05-13,1300.0999755859375,1300.0999755859375,1281.800048828125,1286.699951171875,56,1279.4049987792969,1289.9480078125,0.011200143860110812,0.0850180998820571,69.7942539213825,-0.8106470248744699,-3.428314881873478,97.31999969482422,-0.0020508301387067718,2811.8701171875,-0.041125690875091436
2019-05-14,1294.699951171875,1297.800048828125,1294.699951171875,1297.800048828125,6,1279.7999938964845,1290.146005859375,-0.004153545508397416,0.08575049106590459,62.46746123090874,0.08337553681712961,-2.7259767981353566,97.52999877929688,-0.0010242597248212304,2834.409912109375,-0.017211953980798778
2019-05-15,1296.300048828125,1296.9000244140625,1296.0,1296.9000244140625,55,1280.9849975585937,1290.4320068359375,0.0012358829972933805,0.07452706210749507,63.09062790364121,0.9105135330930807,-1.9986787318896693,97.56999969482422,-0.0005122213721672209,2850.9599609375,-0.009883921661196116
2019-05-16,1285.0,1285.4000244140625,1285.0,1285.199951171875,3,1281.625,1290.4340063476564,-0.00871715529004291,0.08198823138855944,50.06209635473927,0.6467515036229088,-1.4695926847871537,97.83999633789062,0.004826882798101506,2876.320068359375,0.0019507641683624843
2019-05-17,1274.5,1280.0,1274.5,1280.0,1,1281.7549987792968,1290.2480053710938,-0.008171206225680905,0.08759676780102876,47.5797165154605,-0.4048768841796573,-1.2566495246656544,98.0,0.006883778447968281,2859.530029296875,-0.007590016585023784
2019-05-20,1276.0999755859375,1276.0999755859375,1276.0999755859375,1276.0999755859375,20,1281.8849975585938,1289.8300048828125,0.0012553751164672278,0.08759632479267879,45.9195765465048,-1.0965548975775619,-1.224630599248036,97.93000030517578,0.006267988206580366,2840.22998046875,0.010085765735728947
2019-05-21,1272.0,1272.0,1272.0,1272.0,0,1282.0199951171876,1289.49400390625,-0.003212895278095207,0.08755285780849163,44.45754394450419,-1.9530350984334746,-1.3703114990851237,98.05999755859376,0.005434212918388637,2864.360107421875,0.010566642172871621
2019-05-22,1273.5999755859375,1273.5999755859375,1273.5999755859375,1273.5999755859375,0,1281.9249938964845,1289.0400024414062,0.001257842441774848,0.08586578949122656,52.61045554896453,-2.474176404517266,-1.5910844801715522,98.11000061035156,0.0055344974604523145,2856.27001953125,0.0018625510938441447
2019-05-23,1284.800048828125,1284.800048828125,1284.800048828125,1284.800048828125,0,1282.3749938964843,1288.5860034179686,0.008794027525820924,0.09144995233386322,53.66497835013661,-1.9608291189722422,-1.6650334079316904,97.8499984741211,0.00010222952376159888,2822.239990234375,-0.0188018290175358
2019-05-24,1283.0,1283.0,1283.0,1283.0,9,1282.2799926757812,1288.3780029296875,-0.0014010342152204203,0.08802953573117707,50.858682611556176,-1.6798819599600847,-1.6680031183373694,97.61000061035156,-0.003979585608657521,2826.06005859375,-0.011704710340585178
2019-05-28,1276.5,1276.5,1276.5,1276.5,0,1282.1749938964845,1287.872001953125,-0.005066250974279041,0.08815039191768007,45.64677410049223,-1.9591412289967138,-1.7262307404692383,97.95999908447266,0.00030632879815573055,2802.389892578125,-0.013322895734091178
2019-05-29,1280.5999755859375,1280.5999755859375,1280.5999755859375,1280.5999755859375,189694,1282.064990234375,1287.4780004882812,0.0032118884339502607,0.08811393747691117,50.746236931364415,-1.8285441283210275,-1.7466934180395963,98.13999938964844,0.0008158457377778205,2783.02001953125,-0.02839729811899827
2019-05-30,1287.0999755859375,1288.300048828125,1273.9000244140625,1279.4000244140625,55573,1282.3499877929687,1287.12,0.005075745840949164,0.08986875977492863,52.17389381379008,-1.1868678343066676,-1.6347283012930107,98.13999938964844,0.00030576678330707097,2788.860107421875,-0.02360067908440877
2019-05-31,1305.800048828125,1306.4000244140625,1287.5,1287.699951171875,2814,1284.1549926757812,1287.2260009765625,0.014528842822543409,0.09617833660811889,60.120865233789154,0.8211392966691164,-1.1435547817005853,97.75,-0.001021956828620052,2752.06005859375,-0.02486674835714342
2019-06-03,1322.699951171875,1327.800048828125,1307.0,1307.0,812,1286.3299926757813,1287.5580004882813,0.012942182349370057,0.10248854572325368,61.100165837876986,3.7331469019588894,-0.1682144449686903,97.13999938964844,-0.004815092897902162,2744.449951171875,-0.028877697476282327
2019-06-04,1323.4000244140625,1328.5999755859375,1320.800048828125,1324.300048828125,302,1288.4149963378907,1287.7940014648439,0.0005292759265373981,0.10256518152293376,64.77858305728239,6.027937655884898,1.0710159752020274,97.06999969482422,-0.009085334809782686,2803.27001953125,0.0003140629915401316
2019-06-05,1328.300048828125,1343.300048828125,1326.300048828125,1328.9000244140625,622,1290.6549987792969,1287.922001953125,0.0037026026323612182,0.1028246454145507,65.93623172899458,8.148041331953209,2.486421046552264,97.37000274658205,-0.007845900222693603,2826.14990234375,0.01549751080114925
2019-06-06,1337.5999755859375,1338.699951171875,1326.199951171875,1330.800048828125,161,1293.5649963378905,1288.3880004882812,0.007001375002596122,0.10270859724833296,76.72762323950215,10.45811054793512,4.080758946828835,97.02999877929688,-0.011310379226155187,2843.489990234375,0.019588606351073512
2019-06-07,1341.199951171875,1347.699951171875,1329.800048828125,1333.0999755859375,240,1296.4499938964843,1289.0139990234375,0.0026913693567918173,0.10266124946869314,86.44806074965847,12.43599062944395,5.7518052833518585,96.61000061035156,-0.011662397848065886,2873.340087890625,0.04406881634656146
2019-06-10,1324.699951171875,1336.5,1324.0999755859375,1335.800048828125,268,1298.3999938964844,1289.7119970703125,-0.012302416194977517,0.11490519385466576,72.83832915150826,12.527651768751866,7.10697458043186,96.76000213623048,-0.003911851511278153,2886.72998046875,0.05184282163211673
2019-06-11,1326.4000244140625,1328.4000244140625,1319.0999755859375,1328.4000244140625,201,1299.7149963378906,1290.3799975585937,0.0012833647654955094,0.10906846453711781,76.15382719324295,12.592319167657706,8.20404349787703,96.69000244140624,-0.003914672448878553,2885.719970703125,0.029412061841142867
2019-06-12,1331.9000244140625,1334.5,1326.9000244140625,1326.9000244140625,139,1301.575,1291.2499975585938,0.0041465620467171505,0.10781447782962708,77.01574127916842,12.938228734690483,9.150880545239723,97.0,-0.003799966479871908,2879.840087890625,0.018997642517953217
2019-06-13,1339.199951171875,1341.0999755859375,1331.5999755859375,1331.5999755859375,157,1303.7199951171874,1292.2339965820313,0.005480836867634897,0.1087571015787562,76.15379920372595,13.64412664128281,10.04952976444834,97.01000213623048,-0.0002060872237242828,2891.639892578125,0.016933382044288958
2019-06-14,1340.0999755859375,1355.4000244140625,1339.300048828125,1345.4000244140625,914,1306.4749938964844,1293.2379956054688,0.0006720612655899405,0.10176666975146763,77.69155630805297,14.113488753367164,10.862321562232106,97.56999969482422,0.009936849999044428,2886.97998046875,0.004747051222933507
2019-06-17,1338.699951171875,1340.300048828125,1335.0,1339.0,76,1309.684991455078,1294.2319946289062,-0.0010447163939767412,0.09513537728193823,81.73466896524235,14.20870226395391,11.531597702576468,97.55999755859376,0.008267831797243552,2889.669921875,0.0010184331150266956
2019-06-18,1346.5999755859375,1349.300048828125,1341.5999755859375,1349.300048828125,29,1313.2099914550781,1295.3559936523438,0.005901265931284261,0.09577115400537864,82.41648739846465,14.751578588595748,12.175593879780324,97.63999938964844,0.0098251827929976,2917.75,0.011099493236369273
2019-06-19,1344.5999755859375,1344.5999755859375,1344.0,1344.0,129,1316.839990234375,1296.3059936523437,-0.0014852220676223604,0.09454259562175787,79.54777551117702,14.849255725126113,12.710326248849482,97.12000274658205,0.001237141717340684,2926.4599609375,0.016188354778067682
2019-06-20,1392.9000244140625,1392.9000244140625,1379.5,1381.5,76,1322.8049926757812,1298.093994140625,0.0359215005987763,0.15054487020865792,84.31834469225109,18.60955645684362,13.890172290448309,96.62999725341795,-0.0039171721930166825,2954.179931640625,0.021627879468332
2019-06-21,1396.199951171875,1406.0,1390.300048828125,1406.0,35,1328.3749877929688,1299.8359936523439,0.0023691052480243613,0.14985667301738956,82.4359966126311,21.606828321839657,15.43350349672658,96.22000122070312,-0.013836204554100284,2950.4599609375,0.021988368779212397
2019-06-24,1414.300048828125,1420.5999755859375,1402.0999755859375,1406.0,125,1334.939990234375,1302.3499951171875,0.012963829171500851,0.1513927017960745,84.77428212516169,25.152769016887078,17.37735660075868,95.9800033569336,-0.016195102923318938,2945.35009765625,0.019268697562911052
2019-06-25,1414.9000244140625,1433.300048828125,1414.9000244140625,1418.0999755859375,105,1341.8599914550782,1304.83599609375,0.00042422086206861387,0.14779805838221755,84.25631283988221,27.69214773904264,19.440314828415474,96.16000366210938,-0.01515767858245165,2917.3798828125,-0.00012685020563785177
2019-06-26,1411.5999755859375,1413.300048828125,1405.800048828125,1407.199951171875,1333,1348.4099914550782,1307.3319946289062,-0.002332354775024914,0.15008018412973465,80.73085962133916,29.102857683342336,21.372823399400847,96.20999908447266,-0.009369889171892742,2913.780029296875,-0.004332856697128018
2019-06-27,1408.4000244140625,1410.800048828125,1399.800048828125,1407.0,437,1354.4749938964844,1310.0479956054687,-0.002266896590549128,0.1522291828965085,78.00000203450314,29.621191504244052,23.02249702036949,96.19000244140624,-0.0045533977493324995,2924.919921875,-0.009904613274309026
2019-06-28,1409.699951171875,1422.0,1408.300048828125,1408.300048828125,356,1359.669989013672,1312.7979956054687,0.0009229812093713985,0.1480102007652841,90.55341621996874,29.79342792575335,24.376683201446262,96.12999725341795,-0.0009353976942769737,2941.760009765625,-0.002948676235928538
2019-07-01,1385.5999755859375,1395.800048828125,1382.800048828125,1386.5999755859375,214,1362.814990234375,1315.0719946289062,-0.0170958192670031,0.16140598597279926,73.2704299909215,27.666339571923572,25.034614475541726,96.83999633789062,0.008960126598025475,2964.330078125,0.006444049039824984
2019-07-02,1404.5999755859375,1418.4000244140625,1390.800048828125,1391.0999755859375,38,1366.8749877929688,1317.693994140625,0.013712471373251489,0.16612217153308478,75.83510177735131,27.200200952006753,25.467731770834735,96.7300033569336,0.005927617232910132,2973.010009765625,0.0190685235340331
2019-07-03,1417.699951171875,1434.0,1413.0999755859375,1431.0,46,1371.3449829101562,1320.6619921875,0.009326481427904598,0.16761543790517078,76.79180887372014,27.57003112898974,25.88819164246574,96.7699966430664,0.005820575448733489,2995.820068359375,0.02815587938609676
2019-07-05,1396.699951171875,1418.300048828125,1390.199951171875,1418.300048828125,20,1374.299981689453,1323.0859912109374,-0.014812725346178723,0.1787660647277036,66.98678988003257,25.87038205250633,25.88462972447386,97.25,0.01101983087316638,2990.409912109375,0.02239035323483085
2019-07-08,1397.0,1397.0,1393.5999755859375,1395.9000244140625,14,1377.0899841308594,1325.509990234375,0.0002148269768844635,0.1788962503313076,67.61330780305892,24.267864511037715,25.561276681786634,97.37999725341795,0.013003225171272392,2975.949951171875,0.01162227418033801
2019-07-09,1397.5,1397.5,1386.199951171875,1394.5,53,1380.7299865722657,1327.7619897460938,0.0003579098067287845,0.17084105569061,66.09741691148936,22.77566000406364,25.004153346242035,97.48999786376952,0.006712118447536275,2979.6298828125,0.005161302649932198
2019-07-10,1410.0999755859375,1410.0999755859375,1409.9000244140625,1409.9000244140625,50,1384.9149841308595,1330.3919897460937,0.00901608270907861,0.17217065866979256,69.41316507355336,22.352128485465528,24.473748374086735,97.0999984741211,0.0038250295083959163,2993.070068359375,0.006747390196419678
2019-07-11,1404.300048828125,1424.0,1404.300048828125,1424.0,6,1388.5349853515625,1332.8219897460938,-0.004113131592249353,0.17400384330831026,54.516656042730474,21.302904466163227,23.839579592502037,97.0500030517578,0.002893525042934497,2999.909912109375,0.0013651833743939523
2019-07-12,1409.9000244140625,1410.0999755859375,1405.5999755859375,1405.5999755859375,8,1392.0699890136718,1335.3919897460937,0.00398773438098976,0.17376867072504054,55.330772862556294,20.6848164126975,23.20862695654113,96.80999755859376,-0.004524446698264684,3013.77001953125,0.007811674020768988
2019-07-15,1411.4000244140625,1415.0,1411.4000244140625,1414.4000244140625,25,1395.634991455078,1338.2259912109375,0.0010639052230836388,0.17371561186859488,48.70418672540017,20.084493106845912,22.58380018660209,96.93000030517578,-0.004621040880409155,3014.300048828125,0.012886674267202691
2019-07-16,1409.199951171875,1413.699951171875,1405.0,1413.5999755859375,13,1399.1599914550782,1340.8259912109374,-0.001558787873126799,0.17387020376789725,47.488951818204306,19.209766803946195,21.908993510070914,97.4000015258789,-0.000923134063623321,3004.0400390625,0.008192345093196218
2019-07-17,1421.300048828125,1421.300048828125,1404.5999755859375,1404.5999755859375,6,1402.8949951171876,1343.6179931640625,0.008586501614755049,0.17479989856981315,53.9656905361016,19.27077516252666,21.381349840562063,97.22000122070312,0.00123586764642436,2984.419921875,-0.0028900581298841876
2019-07-18,1426.0999755859375,1444.199951171875,1419.5,1422.300048828125,66,1406.9699951171874,1346.4699926757812,0.00337713824872532,0.1740842695474747,57.14284306809538,19.481863900926555,21.00145265263496,96.79000091552734,-0.002679053354504246,2995.110107421875,-0.0015999829421960987
2019-07-19,1425.0999755859375,1442.0,1425.0999755859375,1440.5,22,1408.5799926757813,1349.3839916992188,-0.0007012131106650665,0.12339284048682643,56.229784569558866,19.345459192824592,20.670253960672888,97.1500015258789,0.003512074949483912,2976.610107421875,-0.0123300423949253
2019-07-22,1425.300048828125,1425.300048828125,1424.0,1425.300048828125,1,1410.0349975585937,1352.2199926757812,0.00014039242552454922,0.1233596922739184,69.90975129263428,19.034088592488388,20.34302088703599,97.26000213623048,0.003404537604619007,2985.030029296875,-0.009710386841757623
2019-07-23,1420.0999755859375,1421.300048828125,1416.300048828125,1418.5999755859375,5,1410.3249938964843,1354.9079931640624,-0.003648405994557402,0.11597210991341568,59.022103357425244,18.158403919429475,19.906097493514686,97.70999908447266,0.0031827264244075337,3005.469970703125,0.0004760028568298047
2019-07-24,1422.800048828125,1422.800048828125,1422.800048828125,1422.800048828125,20,1410.7199951171874,1357.3619946289064,0.0019013261661902092,0.11612333480495624,53.37753719494646,17.48078326419386,19.421034647650522,97.7300033569336,0.005245856097786827,3019.56005859375,0.011774528262990858
2019-07-25,1413.9000244140625,1413.9000244140625,1413.9000244140625,1413.9000244140625,4,1410.8349975585938,1359.74599609375,-0.006255288240531676,0.11812226216079072,63.56466907340553,16.04069922761164,18.744967563642746,97.81999969482422,0.010641582493586377,3003.669921875,0.00285792980762678
2019-07-26,1418.5,1423.0,1418.5,1422.800048828125,5,1411.3399963378906,1362.1899951171874,0.003253395223501654,0.11827555232470056,65.87883159033538,15.096577886972682,18.015289628308736,98.01000213623048,0.008852296416305139,3025.860107421875,0.01654566712556682
2019-07-29,1419.5999755859375,1419.5999755859375,1419.5999755859375,1419.5999755859375,224267,1411.8349975585938,1364.8819946289063,0.0007754498314680447,0.1182677911053665,66.17856536464618,14.272588246467421,17.266749351940476,98.04000091552734,0.008019728173605412,3020.969970703125,0.0120400602518278
2019-07-30,1429.699951171875,1433.9000244140625,1422.0999755859375,1426.300048828125,73874,1414.0399963378907,1367.9859936523437,0.007114663116113862,0.10075614606922434,64.89355978739786,14.270057797126583,16.667411040977697,98.0500030517578,0.003479725416752899,3013.179931640625,0.0025653095897333333
2019-07-31,1426.0999755859375,1435.800048828125,1411.199951171875,1431.300048828125,3294,1415.1149963378907,1370.9859936523437,-0.0025179937811333764,0.09083244610550757,67.13824798997338,13.818275970450259,16.09758402687221,98.5199966430664,0.00808342636853876,2980.3798828125,-0.012975458351868863
2019-08-01,1420.9000244140625,1445.199951171875,1400.9000244140625,1411.300048828125,2431,1415.275,1373.963994140625,-0.0036462739365369368,0.08618833281214335,58.70250475145634,12.892031699708696,15.456473561439507,98.38999938964844,0.005827026135784896,2953.56005859375,-0.016682879472312173
2019-08-02,1445.5999755859375,1448.0,1432.300048828125,1448.0,1873,1417.7200012207031,1377.403994140625,0.017383313918979404,0.08792288356969102,69.79160485454724,13.989790479081194,15.163136944967846,98.0999984741211,0.0009182362608819439,2932.050048828125,-0.031002774504892416
2019-08-05,1464.5999755859375,1469.699951171875,1440.4000244140625,1440.4000244140625,1008,1421.1,1380.9999926757812,0.013143331710626871,0.09651216737042052,76.84107805042494,16.20609960275965,15.371729476526209,97.5,-0.005507965223221611,2844.739990234375,-0.058335561815509474
2019-08-06,1472.4000244140625,1475.0,1457.699951171875,1469.699951171875,460,1424.8450012207031,1384.7879931640625,0.0053257196218403635,0.0967403406206021,75.8341572151683,18.38006535144359,15.973396651509686,97.62999725341795,-0.004283587815067547,2881.77001953125,-0.043611704276094954
2019-08-07,1507.300048828125,1509.9000244140625,1473.199951171875,1473.5,824,1429.7050048828125,1389.403994140625,0.023702814340790912,0.12068095614271193,81.47286682330764,22.65790296704472,17.310297914616694,97.54000091552734,-0.00994717581131821,2883.97998046875,-0.032344837280534944
2019-08-08,1497.699951171875,1508.5,1492.0,1498.4000244140625,367,1434.375,1393.7459936523437,-0.006369068762197561,0.12278259459771663,76.38076295597757,24.985455668033865,18.84532946530013,97.62000274658205,-0.007825964506992356,2938.090087890625,-0.005237736966991147
2019-08-09,1496.5999755859375,1507.5,1495.5999755859375,1506.199951171875,74,1438.7099975585938,1397.9359936523438,-0.0007344432274815071,0.12354954366868062,75.74002307435353,26.43655496630595,20.363574565501295,97.48999786376952,-0.006218151068702604,2918.64990234375,-0.004570231156091897
2019-08-12,1505.300048828125,1514.9000244140625,1488.0999755859375,1496.0,257,1443.4049987792969,1401.9259936523438,0.005813225567360636,0.12370393428075188,80.0,27.966207780952573,21.884101208591552,97.37999725341795,-0.0012307974008415323,2882.699951171875,0.01334391229701537
2019-08-13,1502.199951171875,1531.4000244140625,1483.699951171875,1510.4000244140625,672,1448.054998779297,1405.5159936523437,-0.0020594549629248116,0.12397476979888164,77.87915051494073,28.598649258243086,23.227010818521862,97.80999755859376,0.0018436987630818802,2926.320068359375,0.015459265842238112
2019-08-14,1515.9000244140625,1520.5,1497.0,1500.0,328,1452.7849975585937,1409.3659936523438,0.009120006448875229,0.12429459016457511,84.6466931594276,29.861124642867253,24.55383358339094,97.98999786376952,0.004613460570211503,2840.60009765625,-0.015041672655941696
2019-08-15,1519.5999755859375,1522.699951171875,1510.5999755859375,1519.800048828125,87,1457.4599975585938,1413.1919921875,0.0024407619976820616,0.12432691675003586,84.55224110986232,30.8050986172625,25.804086590165255,98.13999938964844,0.005326742762098435,2847.60009765625,-0.030798916141928645
2019-08-16,1512.5,1524.5999755859375,1504.699951171875,1524.5999755859375,1815,1461.8299987792968,1416.6899926757812,-0.004672266188474938,0.12675874149247357,80.49898889345751,30.627244292713613,26.768718130674927,98.13999938964844,0.006667366295229682,2888.679931640625,-0.010268436333887965
2019-08-19,1500.4000244140625,1507.5999755859375,1492.9000244140625,1507.199951171875,205,1465.5849975585938,1419.873994140625,-0.007999983858471116,0.1323725578276904,72.90991410784738,29.173631093773565,27.249700723294655,98.3499984741211,0.009960990429880967,2923.64990234375,0.014205415709404035
2019-08-20,1504.5999755859375,1506.0999755859375,1497.5,1497.5,486,1469.8099975585938,1423.4719946289063,0.0027992209434382076,0.13029588699529743,75.33890437860832,28.037336161377198,27.407227810911166,98.19000244140624,0.003885133343192626,2900.510009765625,-0.00881997115517863
2019-08-21,1504.5999755859375,1505.0,1498.800048828125,1504.9000244140625,350,1473.8999938964844,1427.0359936523437,0.0,0.13066844837459649,77.95585904118258,26.8275627965495,27.291294808038835,98.3000030517578,0.00316364113426415,2924.429931640625,0.029511311378726646
2019-08-22,1497.300048828125,1497.300048828125,1493.800048828125,1495.0999755859375,686,1478.0699951171875,1430.343994140625,-0.0048517392504739965,0.12946342595913415,69.53892912272802,24.991677110701858,26.83137126857144,98.16999816894533,0.00030567331855979596,2922.949951171875,0.026460826988186525
2019-08-23,1526.5999755859375,1527.5999755859375,1493.5,1493.5,983,1483.4749938964844,1434.0919946289061,0.019568507181138672,0.14236283847021097,71.73911554726155,25.605815792091335,26.58626017327542,97.63999938964844,-0.005094762615748927,2847.110107421875,-0.014390595428528608
2019-08-26,1526.300048828125,1543.300048828125,1524.300048828125,1543.199951171875,334,1488.8099975585938,1437.81599609375,-0.00019646715748000698,0.1426706410239456,69.94819916890975,25.77124862683513,26.423257863987363,98.08000183105467,-0.0027452633172888596,2878.3798828125,-0.015484076768206512
2019-08-27,1541.0,1542.0999755859375,1528.5,1530.5,166,1494.375,1441.8619970703126,0.009631101815898768,0.1437524227809154,64.66491723859508,26.779817481136433,26.494569787417177,98.0,-0.0019350487491801571,2869.159912109375,-0.01080847766451365
2019-08-28,1537.800048828125,1538.0999755859375,1537.800048828125,1538.0999755859375,2756,1499.9600036621093,1445.6859985351562,-0.002076541967472423,0.14350365967498155,68.47934925688827,27.009556889101532,26.597567207754047,98.20999908447266,-0.0009156049286972445,2887.93994140625,-0.012477642168675196
2019-08-29,1526.5,1549.300048828125,1519.5999755859375,1537.5,704,1505.2400024414062,1449.3239990234374,-0.007348191227290024,0.1466245678166498,62.594805165422486,25.98032253709721,26.474118273622683,98.51000213623048,0.003463420328276179,2924.580078125,0.0005576992354834331
2019-08-30,1519.0999755859375,1530.4000244140625,1516.699951171875,1524.5999755859375,276,1508.9150024414062,1451.847998046875,-0.004847706789428474,0.14005739145099871,55.877322225676615,24.28755495720179,26.036805610338504,98.91999816894533,0.013109368980932068,2926.4599609375,0.02787031429124398
2019-09-03,1545.9000244140625,1547.300048828125,1521.0,1522.9000244140625,139,1512.9800048828124,1454.8419995117188,0.017642057309485315,0.145392146567091,65.48552672445192,24.82242693123999,25.793929874518803,98.9499969482422,0.008870260001484498,2906.27001953125,0.00968952600221007
2019-09-04,1550.300048828125,1553.199951171875,1534.800048828125,1549.0,46,1516.8750061035157,1457.5619995117188,0.002846254184988517,0.14507432666596912,63.050116559831736,25.309608608531562,25.697065621321357,98.4499969482422,0.004591805594308163,2937.780029296875,0.023916449166143217
2019-09-05,1515.4000244140625,1551.0999755859375,1511.0999755859375,1551.0,125,1517.2800048828126,1459.5719995117188,-0.022511786954043878,0.148702771951199,48.711669490014934,22.618827535105083,25.081418004078106,98.41000366210938,0.002036499129428604,2976.0,0.030492344155491624
2019-09-06,1506.199951171875,1526.0,1504.5,1517.300048828125,54,1517.7050048828125,1461.4639990234375,-0.006071052589394554,0.14852890682825923,48.09204893463798,19.518992332501284,23.968932869762746,98.38999938964844,-0.0012181782964139076,2978.7099609375,0.01850859999265375
2019-09-09,1502.199951171875,1513.0,1498.0,1509.0,69,1517.9850036621094,1463.3399975585937,-0.002655689901521985,0.14886677440784046,50.573225527799,16.548819540347267,22.48491020387965,98.27999877929688,-0.006469868595785799,2978.429931640625,0.017758647443266717
2019-09-10,1490.300048828125,1498.5,1486.9000244140625,1498.5,23,1517.2350036621094,1464.9519995117187,-0.007921650066934682,0.15001185399616002,45.65879125806669,13.08389058983812,20.604706281071344,98.33000183105467,-0.0062657416504199315,2979.389892578125,0.025159352900962828
2019-09-11,1494.4000244140625,1496.5999755859375,1490.199951171875,1491.699951171875,8,1516.8450073242188,1467.1280004882813,0.0027511074626627163,0.15030240450572957,46.9786839532314,10.547162078888732,18.59319744063482,98.6500015258789,0.002031534625052789,3000.929931640625,0.021495789920957575
2019-09-12,1498.699951171875,1515.4000244140625,1498.699951171875,1499.5,27,1515.9850036621094,1469.01,0.0028773599354687818,0.14675002659646902,50.42216646346132,8.782515242399313,16.63106100098772,98.30999755859376,-0.0010162188781028814,3009.570068359375,0.011280264905703996
2019-09-13,1490.9000244140625,1490.9000244140625,1486.9000244140625,1490.9000244140625,1,1514.5500061035157,1470.4740014648437,-0.005204461874915967,0.14720596913620115,37.629937805810656,6.677655156294122,14.640379832049002,98.26000213623048,-0.0013212445799815065,3007.389892578125,0.009628306218709026
2019-09-16,1503.0999755859375,1506.800048828125,1496.9000244140625,1506.5999755859375,21,1514.0800048828125,1472.602001953125,0.008182943840697732,0.14989865011170517,42.57359198930281,5.92566509506446,12.897436884652093,98.6500015258789,0.003764781758014868,2997.9599609375,0.006557155865713815
2019-09-17,1505.0999755859375,1505.0999755859375,1497.9000244140625,1497.9000244140625,3,1514.3150024414062,1474.7640014648437,0.001330583482459513,0.14715018307193897,37.491270051235546,5.428514305268436,11.403652368775361,98.26000213623048,-0.000711885421750158,3005.699951171875,0.008830686664840437
2019-09-18,1507.5,1509.4000244140625,1489.300048828125,1508.9000244140625,8,1514.4600036621093,1476.9640014648437,0.0015945946800830502,0.14692962449608307,39.383300912405325,5.16860022885453,10.156641940791195,98.5999984741211,-0.0005068732993855907,3006.72998046875,0.0019327505007602497
2019-09-19,1498.4000244140625,1502.4000244140625,1496.0999755859375,1496.0999755859375,10,1514.1500061035156,1478.7300024414062,-0.006036468050373167,0.14855765282577785,39.99999999999999,4.180138438724725,8.961341240377902,98.2699966430664,-0.00040688553067569355,3006.7900390625,-0.000923729713457222
2019-09-20,1507.300048828125,1507.300048828125,1503.0,1503.0,2,1514.6500061035156,1480.7900024414062,0.005939685176889142,0.1489800561517889,45.845092640271375,4.068039115514466,7.982680815405216,98.51000213623048,0.0025442702479629986,2992.070068359375,-0.005094059887797542
2019-09-23,1523.699951171875,1523.699951171875,1515.5,1515.5,5,1514.5050048828125,1483.0660009765625,0.010880316998928219,0.13683074218082486,41.56530450390283,5.242106908335472,7.434566033991268,98.5999984741211,-0.0005068732993855907,2991.780029296875,-0.002061378978087669
2019-09-24,1532.0999755859375,1533.0,1515.0999755859375,1515.0999755859375,25,1514.7950012207032,1485.48,0.0055129124389627915,0.13824854887234425,43.28904524802558,6.772308899749078,7.30211460714283,98.33999633789062,0.0008141074691738748,2966.60009765625,-0.013008568436906232
2019-09-25,1504.5999755859375,1527.9000244140625,1504.5999755859375,1527.5999755859375,25,1512.975,1487.3880004882812,-0.01794922031082391,0.14770298945411225,45.78780284361634,5.700275600717077,6.9817468058576795,99.04000091552734,0.004462499474802151,2984.8701171875,-0.007270311409154906
2019-09-26,1507.5,1507.5,1507.5,1507.5,8178,1511.4599975585938,1489.1119995117188,0.001927438828339234,0.14805441797353633,50.53324547717708,5.026744045039095,6.590746253693963,99.20999908447266,0.009565508023985148,2977.6201171875,-0.009701349777018309
2019-09-27,1499.0999755859375,1506.0999755859375,1485.5999755859375,1504.199951171875,7827,1510.0899963378906,1490.5719995117188,-0.005572155498548947,0.14716850532336656,48.77276984324122,3.7716761316903558,6.026932229293242,99.11000061035156,0.006090736586233492,2961.7900390625,-0.010120093649236717
2019-09-30,1465.699951171875,1495.9000244140625,1463.5,1495.9000244140625,1078,1507.4199951171875,1491.3839990234376,-0.022280051336141082,0.16531653178240246,41.6778991324572,0.08098933883752579,4.837743651202099,99.37999725341795,0.007910738249165217,2976.739990234375,-0.005027120615560321
2019-10-01,1482.0,1485.5,1458.300048828125,1468.699951171875,219,1504.2249938964844,1492.517998046875,0.01112099977563119,0.15656747678367097,46.12498941420701,-1.5112085477792334,3.5679532114058325,99.12999725341795,0.008033363279910333,2940.25,-0.008882254698591718
2019-10-02,1501.0,1503.699951171875,1474.0999755859375,1476.5999755859375,205,1501.759991455078,1494.1359985351562,0.012820512820512775,0.1645159623917448,50.658285481105295,-1.2257657689428925,2.6092094153360876,99.04000091552734,0.0,2887.610107421875,-0.03258433564850338
2019-10-03,1507.0999755859375,1518.199951171875,1496.5999755859375,1497.4000244140625,1213,1501.344989013672,1495.8219970703126,0.004063941096560608,0.14559073764531855,54.68206681268064,-0.5015516844357535,1.9870571953817195,98.86000061035156,-0.0035278548266398646,2910.6298828125,-0.02249791166721271
2019-10-04,1506.199951171875,1508.699951171875,1497.0999755859375,1505.5999755859375,233,1501.344989013672,1497.6679956054688,-0.0005971895883765121,0.14396774373286997,50.958557260915555,-0.0002286178162194119,1.5896000327421318,98.80999755859376,-0.0030269705368810573,2952.010009765625,-0.003302067049955615
2019-10-07,1497.699951171875,1505.800048828125,1489.0999755859375,1504.800048828125,121,1501.1199890136718,1499.2519946289062,-0.005643341040734162,0.14509569016118185,47.80023151256083,-0.2855142081532449,1.2145771845630566,98.98999786376952,-0.003924324818141645,2938.7900390625,-0.012748829691667796
2019-10-08,1497.199951171875,1506.300048828125,1489.300048828125,1489.4000244140625,46,1501.4649841308594,1500.803994140625,-0.0003338452402357195,0.1421475341586448,46.903173239963884,-0.5456608762731321,0.8625295723958188,99.13999938964844,0.00010089918801181597,2893.06005859375,-0.0160496357133747
2019-10-09,1506.0999755859375,1507.699951171875,1498.4000244140625,1507.699951171875,120,1502.049981689453,1502.3319946289062,0.005944446102269962,0.1433340085520588,52.31786473353264,-0.03328767580069325,0.6833661227565164,99.12000274658205,0.0008077729232145447,2919.39990234375,0.011009032985501488
2019-10-10,1494.800048828125,1511.199951171875,1490.5999755859375,1511.199951171875,78,1501.8549865722657,1503.70599609375,-0.007502773349037706,0.14569862992741325,46.29080118694362,-0.5328949931385978,0.4401138995774936,98.70999908447266,-0.0015173126133199988,2938.1298828125,0.00944812673105222
2019-10-11,1482.699951171875,1494.9000244140625,1476.9000244140625,1491.9000244140625,57,1501.4449829101563,1504.9419946289063,-0.00809479345798525,0.14739563105095732,37.51524018532066,-1.8835023055896727,-0.024609341455939626,98.3000030517578,-0.00516136544314294,2970.27001953125,0.006185619190049785
2019-10-14,1491.699951171875,1493.5,1481.300048828125,1484.4000244140625,400,1500.874981689453,1505.863994140625,0.006070007618794726,0.14597923234049354,37.742723750280554,-2.2022572961927835,-0.46013893240330844,98.4499969482422,-0.005455105840798891,2966.14990234375,0.009309907450883337
2019-10-15,1477.5999755859375,1495.4000244140625,1476.5999755859375,1488.9000244140625,367,1499.499981689453,1506.123994140625,-0.009452286684638267,0.1493219418407116,41.08323187693002,-3.5516815401738313,-1.0784474539574131,98.29000091552734,-0.00857371877500579,2995.679931640625,0.03547104829090775
2019-10-16,1488.0,1488.0,1480.0,1482.0,383,1498.5249816894532,1506.4359936523438,0.007038457353749195,0.1517488215705026,43.86407110646764,-3.7388161764711185,-1.6105211984601544,98.01000213623048,-0.011198553062891636,2989.68994140625,0.024076879294977704
2019-10-17,1492.300048828125,1493.199951171875,1485.800048828125,1486.199951171875,271,1498.2199829101562,1506.1359936523438,0.0028898177608367437,0.1508180950794826,47.80364365286333,-3.499800202363758,-1.9883769992408753,97.61000061035156,-0.01114373907733246,2997.949951171875,0.020359912851134032
2019-10-18,1488.199951171875,1489.0999755859375,1486.5999755859375,1487.300048828125,82,1497.2649780273437,1505.9459936523438,-0.0027475021926520737,0.14930231664587798,58.96412598798947,-3.5997265291046006,-2.3106469052136207,97.27999877929688,-0.010376441920595503,2986.199951171875,0.005363125754856091
2019-10-21,1482.4000244140625,1489.9000244140625,1481.5,1489.9000244140625,72,1495.1999816894531,1505.6619946289063,-0.0038972765408609167,0.14333311812852415,50.173923473671586,-4.0996660816861095,-2.668450740508119,97.33000183105467,-0.011376283919808938,3006.719970703125,0.01367768646059253
2019-10-22,1481.699951171875,1483.5,1481.699951171875,1483.4000244140625,99,1492.67998046875,1505.1899926757812,-0.00047225663158245723,0.14109812708643957,40.02067743205986,-4.500483071470626,-3.0348572067006203,97.52999877929688,-0.007732242640669296,2995.989990234375,0.0001035019096917722
2019-10-23,1489.9000244140625,1490.300048828125,1486.4000244140625,1486.4000244140625,67,1491.9449829101563,1504.943994140625,0.005534233321464299,0.12920372017589427,41.29559708020539,-4.109089023389743,-3.249703570038445,97.47000122070312,-0.005509651094352308,3004.52001953125,0.004960406736366885
2019-10-24,1498.9000244140625,1501.199951171875,1485.9000244140625,1490.5,115,1491.5149841308594,1504.603994140625,0.006040673771744887,0.13102358017023,46.58563684801314,-3.037665321635359,-3.207295920357828,97.62999725341795,0.00020486264666885745,3010.2900390625,0.004116175417071766
2019-10-25,1499.5,1514.300048828125,1499.0,1501.4000244140625,93,1491.5349853515625,1504.2019946289063,0.000400277254096304,0.12951450223234373,50.90911332782579,-2.11575222854367,-2.9889871819949967,97.83000183105467,0.005653814336548324,3022.550048828125,0.012172693808391921
2019-10-28,1490.0,1504.0999755859375,1490.0,1504.0999755859375,37,1492.7499877929688,1503.7519946289062,-0.006335445148382801,0.10263941396622678,46.66669680741643,-2.127179266964049,-2.8166255989888076,97.76000213623048,0.0044179625715223825,3039.419921875,0.010875622435909227
2019-10-29,1487.0,1487.0,1485.9000244140625,1485.9000244140625,425,1492.9999877929688,1503.483994140625,-0.00201342281879191,0.09553714282721183,40.646457158912256,-2.351206954991767,-2.7235418701893996,97.69000244140624,0.0016405584344509894,3036.889892578125,0.013651548395377189
2019-10-30,1493.199951171875,1495.4000244140625,1481.0,1487.199951171875,320,1492.6099853515625,1503.2559936523437,0.004169435892316775,0.08468099949460063,49.17520946961211,-2.005349842670512,-2.5799034646856223,97.6500015258789,0.001846725176172015,3046.77001953125,0.014062146274729015
2019-10-31,1511.4000244140625,1513.0999755859375,1496.0999755859375,1496.0999755859375,210,1492.8249877929688,1503.3919946289063,0.012188637715869088,0.09450756859107706,63.91853156002212,-0.2596684864302006,-2.115856469034538,97.3499984741211,-0.0028679584879027775,3037.56005859375,0.009058934247991202
2019-11-01,1508.0,1511.5999755859375,1503.0,1511.0,235,1492.914990234375,1503.6059936523438,-0.002249586052098018,0.09486433398776346,58.35897846810279,0.8397627480940173,-1.524732625608827,97.23999786376952,-0.006030910316285665,3066.909912109375,0.014676303970036386
2019-11-04,1508.0,1511.5999755859375,1508.0,1511.5999755859375,101,1493.4299926757812,1503.233994140625,0.0,0.09243510495796028,68.2253756138258,1.6915705500935019,-0.8814719904683612,97.51000213623048,-0.0025572830865083773,3078.27001953125,0.012782076401040232
2019-11-05,1480.800048828125,1507.0999755859375,1480.800048828125,1507.0999755859375,31,1492.6099975585937,1502.323994140625,-0.018037102899121304,0.11321855984012705,46.407216997222356,0.16986750319028943,-0.6712040917366311,97.9800033569336,0.0029685833583767973,3074.6201171875,0.012423968581009248
2019-11-06,1490.199951171875,1491.0,1483.199951171875,1483.199951171875,567,1491.8149963378905,1501.3079931640625,0.006347853885599886,0.11353297312052552,49.00280309476501,-0.2744360360863993,-0.5918504806065849,97.9499969482422,0.0030721496945782523,3076.780029296875,0.009849778477944326
2019-11-07,1464.199951171875,1489.0999755859375,1464.199951171875,1489.0999755859375,581,1490.2849914550782,1499.8359912109374,-0.01744732307872776,0.1264177824317708,40.56603411444288,-2.6934836975017333,-1.0121771239856145,98.13999938964844,0.00811505832470405,3085.179931640625,0.01567701448804293
2019-11-08,1461.300048828125,1469.0999755859375,1461.300048828125,1469.0999755859375,21,1489.2149963378906,1498.5319921875,-0.0019805371127277205,0.1237026623679692,41.51247465050846,-4.7893852294794215,-1.767618745084376,98.3499984741211,0.011415062060230241,3093.080078125,0.008533072951472986
2019-11-11,1455.5,1461.0,1449.300048828125,1461.0,22,1487.4049987792969,1497.2599926757812,-0.0039691019190591925,0.12153183841670735,39.87636362264208,-6.839575393477844,-2.78201007476307,98.1999969482422,0.007076143953393954,3087.010009765625,0.002839253924743712
2019-11-12,1452.0999755859375,1454.9000244140625,1447.0999755859375,1454.9000244140625,6,1486.1299987792968,1495.3839916992188,-0.00233598379530231,0.1176869764563793,34.831423247466006,-8.63913287814853,-3.953434635440162,98.30999755859376,0.0033679749985109364,3091.840087890625,0.005600682375966892
2019-11-13,1461.699951171875,1463.300048828125,1456.800048828125,1456.800048828125,56,1484.8149963378905,1493.6119897460937,0.006611098235205004,0.11731653852348206,35.14372043910272,-9.184780913378063,-4.9997038910277425,98.37000274658205,0.004287961321344236,3094.0400390625,0.0056097639744396854
2019-11-14,1471.800048828125,1471.800048828125,1463.699951171875,1463.800048828125,83,1483.7899963378907,1492.739990234375,0.006909829646058796,0.11986329843496898,39.71790600854403,-8.70190727138288,-5.74014456709877,98.16000366210938,0.00020383403897850094,3096.6298828125,0.003711275006831105
2019-11-15,1467.300048828125,1469.0999755859375,1467.300048828125,1469.0999755859375,13,1482.7450012207032,1491.9619921875,-0.003057480534521595,0.11993978211882715,41.249051766490794,-8.58339479094343,-6.308794611867702,98.0,-0.0035587034016394403,3120.4599609375,0.008851979942626542
2019-11-18,1470.9000244140625,1472.0,1469.699951171875,1472.0,141,1482.1700012207032,1491.3359936523439,0.0024534692742719244,0.1197985423873053,43.821955243358495,-8.10554912800626,-6.668145515095414,97.79000091552734,-0.0041751124791883365,3122.030029296875,0.011344316805085075
2019-11-19,1473.300048828125,1474.300048828125,1467.699951171875,1467.699951171875,18,1481.7500061035157,1490.9959936523437,0.0016316706602941267,0.12000549589361151,42.13442595108695,-7.447342753609064,-6.823984962798145,97.86000061035156,-0.004577326410510785,3120.179931640625,0.009166012130121137
2019-11-20,1473.300048828125,1474.5,1467.300048828125,1472.5999755859375,31,1480.9200073242187,1490.573994140625,0.0,0.11805535965418133,32.409971674708885,-6.846783995849364,-6.828544769408389,97.93000030517578,-0.004472933100752141,3108.4599609375,0.00466054792211712
2019-11-21,1463.0999755859375,1463.0999755859375,1463.0999755859375,1463.0999755859375,16,1479.1300048828125,1489.8619946289064,-0.0069232830408855195,0.11744725599911474,30.495206803697954,-7.111915780504432,-6.885218971627599,97.98999786376952,-0.0017319253463463635,3103.5400390625,0.0022315086114599314
2019-11-22,1463.0999755859375,1468.5999755859375,1463.0999755859375,1468.5999755859375,19,1477.3100036621095,1489.3059936523437,0.0,0.11738431710419202,30.495206803697954,-7.238592639929266,-6.955893705287933,98.2699966430664,0.002755067786391896,3110.2900390625,-0.003259109875566102
2019-11-25,1456.5999755859375,1457.0999755859375,1455.5,1457.0999755859375,14,1475.6400024414063,1488.3759936523438,-0.004442621904492183,0.11647517207708478,37.182167911292154,-7.773868325918102,-7.119488629413967,98.31999969482422,0.005419764539676075,3133.639892578125,0.003718690458549112
2019-11-26,1459.800048828125,1459.800048828125,1459.800048828125,1459.800048828125,346362,1474.2800048828126,1487.4699951171874,0.0021969472029548243,0.11699837215007779,32.7665334322442,-7.849376273388543,-7.265466158208882,98.25,0.003985278839321538,3140.52001953125,0.006518882992728514
2019-11-27,1453.4000244140625,1461.9000244140625,1452.0,1461.0999755859375,88364,1472.2900085449219,1486.3879956054689,-0.00438417879160935,0.11602156396244638,42.1283584798558,-8.329626598329924,-7.478298246233091,98.41000366210938,0.004901494490327618,3153.6298828125,0.014531286374162233
2019-11-29,1465.5999755859375,1465.5999755859375,1452.0999755859375,1453.5999755859375,7020,1470.0000061035157,1485.7319946289062,0.008394076625114488,0.11082537514435019,52.75989212719715,-7.637751100190599,-7.510188817024593,98.2699966430664,0.002857422036952828,3140.97998046875,0.012063624420827423
2019-12-02,1462.300048828125,1464.4000244140625,1453.300048828125,1462.800048828125,2172,1467.7150085449218,1484.8319946289062,-0.0022515876178922367,0.11082555154706179,54.509307438503555,-7.271885524206937,-7.462528158461062,97.86000061035156,-0.004172138462607444,3113.8701171875,0.0011510431760501927
2019-12-03,1478.199951171875,1480.4000244140625,1459.5,1461.5999755859375,1460,1466.2250061035156,1483.9219946289063,0.010873214670608755,0.11920024892588543,64.84639837128529,-5.633999936977716,-7.096822514164393,97.73999786376952,-0.005899123605115686,3093.199951171875,-0.01290510166851977
2019-12-04,1474.0,1483.4000244140625,1471.199951171875,1477.5,613,1465.8850036621093,1482.7599951171876,-0.002841260526727396,0.10118725177831663,57.45457504734849,-4.621589955714853,-6.601776002474486,97.6500015258789,-0.006106854698433528,3112.760009765625,-0.008839303552590771
2019-12-05,1476.9000244140625,1478.0,1472.300048828125,1474.699951171875,907,1465.2200073242188,1482.20599609375,0.001967452112661139,0.09858267364218093,53.38644126596602,-3.544382581743548,-5.990297318328299,97.41000366210938,-0.010161568568105128,3117.429931640625,-0.011478820444075333
2019-12-06,1459.0999755859375,1476.0,1458.199951171875,1475.0,899,1464.9650085449218,1481.2379956054688,-0.012052304512072065,0.0874637179994287,45.372417888403454,-4.079971781225822,-5.608232210907804,97.6999969482422,-0.005800343078208758,3145.909912109375,0.0015695520733274293
2019-12-09,1459.300048828125,1464.199951171875,1458.5999755859375,1458.800048828125,1461,1464.865008544922,1480.4419970703125,0.0001371209961862352,0.08720173018984367,43.19250844247298,-4.437137285361132,-5.374013225798469,97.63999938964844,-0.0022481220041996597,3135.9599609375,0.007094015780578555
2019-12-10,1462.5999755859375,1467.199951171875,1460.699951171875,1460.699951171875,367,1465.2200073242188,1480.3799975585937,0.002261307919822597,0.08629150945605145,43.786250710659246,-4.4031601209082964,-5.179842604820435,97.41000366210938,-0.003376245230945152,3132.52001953125,0.012711777117569989
2019-12-11,1469.4000244140625,1475.4000244140625,1463.0999755859375,1463.0999755859375,393,1466.085009765625,1480.127998046875,0.004649288213888214,0.08706604869221399,47.90095619529668,-3.7839073348809507,-4.900655550832539,97.16000366210938,-0.005017899192143571,3141.6298828125,0.009274686437856339
2019-12-12,1466.699951171875,1483.9000244140625,1463.699951171875,1475.0999755859375,955,1466.335009765625,1479.4419970703125,-0.001837534502059257,0.08446425877288301,52.10771344073802,-3.471006780134985,-4.614725796693029,97.4000015258789,-0.00010268079103215033,3168.570068359375,0.016404582569667037
2019-12-13,1475.5999755859375,1475.9000244140625,1463.0999755859375,1463.0999755859375,468,1466.5250061035156,1478.8119970703126,0.006068060755679117,0.08362393452354618,56.6277802373056,-2.476327682501278,-4.187046173854679,97.16999816894533,-0.005424757378218237,3168.800048828125,0.007276157728052013
2019-12-16,1475.0,1475.300048828125,1473.800048828125,1473.800048828125,99,1466.9100036621094,1478.187998046875,-0.0004065977201573867,0.08280407619991587,60.40725075361827,-1.7166617389884777,-3.6929692868814388,97.06999969482422,-0.005837768316133807,3191.449951171875,0.01769473811068245
2019-12-17,1474.5999755859375,1476.9000244140625,1474.0,1474.0999755859375,410,1467.0950012207031,1477.7259985351564,-0.00027120299258476255,0.08241711584033927,58.64481949703024,-1.1338295514433412,-3.1811413397938195,97.20999908447266,-0.002053224208167448,3192.52001953125,0.019153907916278357
2019-12-18,1472.5999755859375,1472.5999755859375,1472.5999755859375,1472.5999755859375,250,1467.0599975585938,1477.2339990234375,-0.0013563000360183874,0.08238154663296324,61.82263714126791,-0.8238176717263741,-2.709676606180331,97.41000366210938,0.0025730752426627035,3191.139892578125,0.015759338818518653
2019-12-19,1478.199951171875,1478.9000244140625,1473.300048828125,1475.9000244140625,319,1467.3049926757812,1476.6759985351562,0.003802781256810217,0.08348674300426832,58.445026614936765,-0.1248209366399351,-2.1927054722722517,97.41999816894533,0.00020530434038135148,3205.3701171875,0.011614087122643113
2019-12-20,1474.699951171875,1478.0999755859375,1474.699951171875,1476.699951171875,118,1467.884991455078,1476.2739965820313,-0.0023677446323991935,0.07983264471807856,58.28869936451673,0.14504625964286788,-1.7251551258892277,97.70999908447266,0.005557280289214983,3221.219970703125,0.016542514853338908
2019-12-23,1482.5,1482.5,1479.9000244140625,1482.300048828125,391,1468.8549926757812,1476.2699975585938,0.00528924465070113,0.08166182668693975,53.22341546975887,0.9770538412005862,-1.184713332471265,97.66000366210938,0.00607812886720982,3224.010009765625,0.010202277676889304
2019-12-24,1499.0999755859375,1499.0999755859375,1488.699951171875,1488.699951171875,52,1470.9799926757812,1476.417998046875,0.011197285386804312,0.08734440594502255,65.86593290935494,2.941991692966212,-0.3593723273837697,97.6500015258789,0.004526308461580086,3223.3798828125,0.00966630219777942
2019-12-26,1509.300048828125,1512.300048828125,1505.0,1505.199951171875,126,1473.4549926757813,1477.0519995117188,0.00680413141771985,0.08937205596153928,68.74995584854851,5.261627001356601,0.7648275383643045,97.58999633789062,0.001847784303607991,3239.909912109375,0.015282946274050246
2019-12-27,1513.800048828125,1513.800048828125,1513.800048828125,1513.800048828125,839,1476.4749938964844,1477.5680004882813,0.0029815145129650222,0.08651806024584098,87.4144383196095,7.378017889680905,2.0874656086276246,96.91999816894533,-0.005132416438079823,3240.02001953125,0.010809953633108993
2019-12-30,1514.5,1515.0999755859375,1510.0,1512.5999755859375,446,1478.9199951171875,1478.0119995117188,0.0004623802016765488,0.08332891999091681,87.49991707190861,9.007915483820398,3.4715555836661793,96.73999786376952,-0.009927348580410333,3221.2900390625,2.1752118766205086e-05
2019-12-31,1519.5,1523.4000244140625,1513.800048828125,1513.800048828125,301,1481.7799926757812,1478.6380004882812,0.003301419610432399,0.08219932734462626,87.78213497736111,10.581106869726682,4.89346584087828,96.38999938964844,-0.013004343895531512,3230.780029296875,0.002099875468979162
2020-01-02,1524.5,1528.699951171875,1518.0,1518.0999755859375,214,1484.0949951171874,1479.48,0.0032905561039815456,0.07538551538683919,87.48291433667767,12.09194220774748,6.333161114252119,96.8499984741211,-0.008192555445539873,3257.85009765625,0.010693810874588427
2020-01-03,1549.199951171875,1552.699951171875,1530.0999755859375,1530.0999755859375,107,1487.8549926757812,1480.83,0.01620200142464734,0.08962180685076877,93.19371727748691,15.10821167195627,8.08817122579295,96.83999633789062,-0.0076852139373305706,3234.85009765625,-0.00156171455083165
2020-01-06,1566.199951171875,1580.0,1560.4000244140625,1580.0,416,1492.3199890136718,1482.3559985351562,0.010973405974574524,0.09447395728338094,93.72586724732558,18.655337757339566,10.201604532102273,96.66999816894533,-0.0025794470153024385,3246.280029296875,0.0019320898413863752
2020-01-07,1571.800048828125,1576.300048828125,1558.300048828125,1558.300048828125,47,1497.9549926757813,1483.8139990234374,0.003575595601353454,0.07603129598216335,94.56720155746292,21.66856014145924,12.494995653973668,96.9800033569336,0.002480933413933517,3237.179931640625,0.004932773014984182
2020-01-08,1557.4000244140625,1604.199951171875,1552.300048828125,1579.699951171875,236,1502.8599914550782,1484.9719995117186,-0.009161486173001832,0.08808149580360931,83.76834538104626,22.63369185505894,14.522734894190723,97.3000030517578,0.009440851414789897,3253.050048828125,0.006893078244047723
2020-01-09,1551.699951171875,1555.699951171875,1543.300048828125,1555.699951171875,54,1507.314990234375,1486.2059985351561,-0.0036599930350791343,0.09142767937897674,81.3142789211048,22.677208672831966,16.153629649918972,97.4499969482422,0.006195131477275462,3274.699951171875,0.005172077600423375
2020-01-10,1557.5,1558.800048828125,1545.4000244140625,1551.199951171875,16,1511.719989013672,1487.6159985351562,0.0037378675070167677,0.0912636458919427,81.34383232492836,22.915555275064662,17.50601477494811,97.36000061035156,0.0053697262714318406,3265.35009765625,0.009428566727743615
2020-01-13,1548.4000244140625,1558.0,1548.4000244140625,1557.4000244140625,48,1515.8049926757812,1488.72,-0.005842680954052937,0.0950674410945705,77.89551500926385,22.115224158561887,18.427856651670865,97.3499984741211,0.007034243488733383,3288.1298828125,0.012891633851035866
2020-01-14,1542.4000244140625,1546.699951171875,1534.9000244140625,1546.699951171875,32,1519.1449951171876,1489.34,-0.0038749676475047234,0.09697086886258023,72.98539748683507,20.75752628485111,18.893790578306916,97.37000274658205,0.0040214412883969874,3283.14990234375,0.014200622663512963
2020-01-15,1552.0999755859375,1553.9000244140625,1545.5999755859375,1548.0,11,1522.9999938964843,1490.2219995117186,0.0062888686581550335,0.09746402842572503,71.47485295194156,20.231035152095046,19.161239493064542,97.2300033569336,-0.000719421301425549,3289.2900390625,0.011140311304902895
2020-01-16,1549.0,1556.0999755859375,1548.5,1555.699951171875,98,1526.7199951171874,1491.0419995117188,-0.001997278290509108,0.09831989843012637,67.06789961479117,19.340697492486697,19.197131092948975,97.31999969482422,-0.0013339893020933857,3316.81005859375,0.012859226203855822
2020-01-17,1558.800048828125,1558.800048828125,1553.5999755859375,1554.0999755859375,108,1531.0299987792969,1492.6019995117188,0.006326693885167822,0.09812360342281899,68.50327461381241,19.204502964923222,19.198605467343825,97.61000061035156,0.0025677896305746906,3329.6201171875,0.019682428410166652
2020-01-21,1556.4000244140625,1566.199951171875,1551.0,1559.300048828125,45,1534.9400024414062,1493.9260009765626,-0.001539661495306488,0.09927325235140991,66.99106501992426,18.687488177078876,19.096382009290835,97.52999877929688,0.0018490016229804063,3320.7900390625,0.009932745181605807
2020-01-22,1555.300048828125,1557.0999755859375,1549.800048828125,1549.800048828125,42,1538.9700073242188,1495.7480029296876,-0.000706743490544226,0.09834169696902975,64.99162684562111,17.98170944268645,18.87344749596996,97.52999877929688,0.0016431758057071644,3321.75,0.011757031754381586
2020-01-23,1564.5999755859375,1564.5999755859375,1552.199951171875,1553.0999755859375,15,1543.0750061035155,1497.8140014648438,0.005979506504111276,0.09861452343482598,66.20854965357512,17.965703629267864,18.69189872262954,97.69000244140624,0.004731040507979456,3325.5400390625,0.011020615260286304
2020-01-24,1571.0999755859375,1571.0999755859375,1556.300048828125,1556.300048828125,43,1546.6750061035157,1500.1260009765624,0.004154416529097649,0.09362422858114963,60.37914648073431,18.266944617281524,18.606907901559936,97.8499984741211,0.005445938974094178,3295.469970703125,-0.006433919191523696
2020-01-27,1576.800048828125,1584.5,1576.800048828125,1584.300048828125,22,1550.0500061035157,1502.6200024414063,0.0036280779904294125,0.09229618208021491,55.62636713283088,18.749496024734526,18.635425526194854,97.95999908447266,0.0035856825318365537,3243.6298828125,-0.025825839389640448
2020-01-28,1569.199951171875,1576.4000244140625,1569.199951171875,1576.4000244140625,3,1552.820001220703,1504.7700024414062,-0.004819950165462217,0.09552467610000738,48.648600635474935,18.307618299878413,18.569864080931566,98.0199966430664,0.005024073309775723,3276.239990234375,-0.013415497006459942
2020-01-29,1569.800048828125,1569.800048828125,1569.800048828125,1569.800048828125,251274,1555.5850036621093,1506.7300024414062,0.000382422683483874,0.09554012292049878,57.52426213625313,17.80065501452259,18.416022267649772,97.98999786376952,0.0047164881598489306,3273.39990234375,-0.014555610041770195
2020-01-30,1583.5,1585.0,1571.4000244140625,1576.800048828125,62336,1558.7850036621094,1509.0540014648439,0.008727195022131706,0.0985557041140626,67.5884940814899,18.293478687689458,18.39151355165771,97.87000274658205,0.0018425662880270366,3283.659912109375,-0.012593481498100245
2020-01-31,1582.9000244140625,1589.0,1570.0,1573.4000244140625,1095,1561.7050048828125,1511.2940014648439,-0.00037889206563779254,0.09881985036214248,64.90610479985213,18.423260109238754,18.39786286317392,97.38999938964844,-0.004701063787898918,3225.52001953125,-0.02122609272538767
2020-02-03,1577.199951171875,1593.300048828125,1568.199951171875,1592.9000244140625,1062,1563.1050048828124,1513.3719995117187,-0.003601031748229011,0.08481491780547311,67.60383043305023,17.860282330628706,18.290346756664878,97.8000030517578,-0.0016332792385684858,3248.919921875,0.0016309009515946826
2020-02-04,1550.4000244140625,1577.699951171875,1547.800048828125,1577.699951171875,978,1562.315008544922,1514.9139990234376,-0.01699209205395924,0.09788803898710367,53.89863176680547,15.07778099826669,17.64783360498524,97.95999908447266,-0.0006120950892523069,3297.590087890625,0.006516646436124596
2020-02-05,1557.800048828125,1560.699951171875,1547.699951171875,1553.199951171875,1305,1561.615008544922,1516.8080004882813,0.004772977488090024,0.09863682875888485,52.84150724327246,13.316247360663283,16.78151635612085,98.2699966430664,0.002857422036952828,3334.68994140625,0.018723663741364582
2020-02-06,1565.0999755859375,1565.5999755859375,1551.5999755859375,1553.5999755859375,110,1562.0000061035157,1518.8480004882813,0.004686048612788207,0.09453896035737833,57.70332860238417,12.366706646803323,15.898554414257346,98.5,0.006437082208419209,3345.780029296875,0.018917950960273044
2020-02-07,1568.5999755859375,1571.9000244140625,1560.5,1564.9000244140625,431,1562.8450073242188,1521.0880004882813,0.0022362788669072486,0.09360556324939726,54.989775686645004,11.761035641393846,15.071050659684646,98.68000030517578,0.01324572259587109,3327.7099609375,0.03168169497862894
2020-02-10,1574.699951171875,1574.699951171875,1568.5999755859375,1569.300048828125,128,1563.7050048828125,1523.3859985351562,0.003888802550604975,0.09367506872568487,58.979353470737266,11.639085918752926,14.384657711498303,98.83000183105467,0.010531684531254859,3352.090087890625,0.031755219733481166
2020-02-11,1565.5999755859375,1571.0999755859375,1561.9000244140625,1570.9000244140625,440,1564.5650024414062,1525.6299975585937,-0.005778863191787997,0.09361741852152992,54.686043889765756,10.684978130127547,13.644721795224152,98.72000122070312,0.007758290560773817,3357.75,0.018243599266717148
2020-02-12,1567.4000244140625,1568.699951171875,1561.0,1565.199951171875,36,1565.8150024414062,1527.6659985351562,0.001149750163640162,0.09214123347622662,51.36720938604919,9.959285289087802,12.907634493996882,99.0500030517578,0.00793738104545283,3379.449951171875,0.01342254019177247
2020-02-13,1575.0999755859375,1575.0999755859375,1570.199951171875,1570.199951171875,74,1566.9650024414063,1529.9219970703125,0.004912562876061788,0.09118238176862811,51.930500110758665,9.891467512364898,12.304401097670485,99.06999969482422,0.005786798932225556,3373.93994140625,0.008416546175419981
2020-02-14,1582.699951171875,1582.699951171875,1574.800048828125,1575.800048828125,68,1568.65,1532.0119970703124,0.004825075045227001,0.09166915448784746,52.79616224822275,10.331876508826326,11.909896179901654,99.12000274658205,0.0044588816380779495,3380.159912109375,0.01576157531382294
2020-02-18,1600.0,1604.300048828125,1579.800048828125,1579.800048828125,310,1570.7099975585938,1534.5319970703124,0.0109307192530812,0.09648596652717013,63.36808241445008,11.939244985120013,11.915765940945327,99.45999908447266,0.006374554707536451,3370.2900390625,0.005429433784498228
2020-02-19,1607.5,1610.5,1599.699951171875,1600.5999755859375,542,1573.2649963378906,1537.1439965820311,0.004687499999999956,0.09656760300235583,65.43816396432064,13.660810087798836,12.26477477031603,99.5999984741211,0.008914072554057295,3386.14990234375,0.008458015737845326
2020-02-20,1616.5999755859375,1621.0,1603.0,1606.5,117,1576.3299926757813,1540.2939965820312,0.0056609490425738596,0.09716373025142183,64.08511062698494,15.579859886350732,12.927791793522971,99.87000274658205,0.008278643811810538,3373.22998046875,-0.0018405275393909015
2020-02-21,1644.5999755859375,1645.0,1619.300048828125,1619.300048828125,186,1580.3299926757813,1543.9999951171876,0.017320302129691267,0.11078241288874967,71.29054270357702,19.139458903605373,14.170125215539452,99.26000213623048,0.001917860522777426,3337.75,-0.010726314645413071
2020-02-24,1672.4000244140625,1686.5999755859375,1650.0,1657.0,435,1585.3949951171876,1548.19599609375,0.01690383633759951,0.12195788978782846,78.50303677535318,23.927872753514748,16.12167472313451,99.29000091552734,0.0017150742961531407,3225.889892578125,-0.045639858332908956
2020-02-25,1646.9000244140625,1653.699951171875,1632.300048828125,1645.0999755859375,409,1588.8999938964844,1551.74599609375,-0.015247548210802098,0.13830091921872084,79.11889814014,25.372608701409035,17.971861518789417,98.97000122070312,-0.004926582226824405,3128.2099609375,-0.0718276692270492
2020-02-26,1640.0,1648.0999755859375,1636.4000244140625,1644.0,1990,1592.4399963378905,1555.2119970703125,-0.004189704482223999,0.13789331568550595,74.87892719966777,25.66494849420542,19.510478913872618,99.0,-0.006024081157762207,3116.389892578125,-0.07966570221209301
2020-02-27,1640.0,1658.0,1638.5,1641.0999755859375,707,1595.9499938964843,1558.4999975585938,0.0,0.13796848125327274,73.71754681229547,25.60151159688985,20.728685450476064,98.44000244140624,-0.014318616860404032,2978.760009765625,-0.11694132122242928
2020-02-28,1564.0999755859375,1642.5,1564.0999755859375,1640.300048828125,289,1594.9799926757812,1560.2819970703124,-0.046280502691501524,0.21834444162297864,49.023013667843735,19.205352403889492,20.424018841158748,98.12999725341795,-0.011384292348308067,2954.219970703125,-0.11490675733559286
2020-03-02,1592.300048828125,1608.300048828125,1574.300048828125,1583.9000244140625,537,1595.4499938964843,1562.6359985351562,0.01802958486181372,0.2280685815978076,53.4865466406018,16.22483064631274,19.584181202189548,97.36000061035156,-0.019438012764424917,3090.22998046875,-0.042053484969059474
2020-03-03,1642.0999755859375,1645.300048828125,1594.0,1594.5,610,1598.6949951171875,1566.0259985351563,0.03127546645147916,0.25227753619071575,63.05014918311623,17.67740940215276,19.20282684218219,97.1500015258789,-0.01838940762227148,3003.3701171875,-0.03990775725059914
2020-03-04,1641.0999755859375,1645.9000244140625,1631.300048828125,1645.4000244140625,83,1603.2299926757812,1569.2839990234374,-0.0006089763198755538,0.2423047131188596,62.606900249820214,18.534245642174028,19.069110602180558,97.33999633789062,-0.01676771375868058,3130.1201171875,0.004405810916687347
2020-03-05,1666.4000244140625,1672.9000244140625,1637.199951171875,1637.300048828125,154,1608.6599914550782,1573.1180004882813,0.015416518922981348,0.2462746295013087,64.7305591597596,21.012577125435428,19.457803906831533,96.81999969482422,-0.016456752401507457,3023.93994140625,0.015167362087749936
2020-03-06,1670.800048828125,1686.199951171875,1647.199951171875,1670.800048828125,175,1613.9449951171875,1576.8840014648438,0.0026404370796919707,0.24625000676548509,64.36257606006475,23.0658293561728,20.179408996699788,95.9499969482422,-0.0222154322449023,2972.3701171875,0.006143803326891462
2020-03-09,1674.5,1701.5999755859375,1657.699951171875,1696.0999755859375,161,1619.2399963378907,1580.392001953125,0.0022144787309947844,0.2462513719488628,62.70896881231581,24.70679710215768,21.084886617791366,94.9000015258789,-0.02526704056132789,2746.56005859375,-0.1112117622465334
2020-03-10,1659.0999755859375,1674.5999755859375,1643.0,1671.5999755859375,48,1623.4599975585938,1583.3880004882812,-0.009196789736675148,0.2502464162846435,58.571421039803425,24.482404675215776,21.76439022927625,96.41000366210938,-0.007617064870270807,2882.22998046875,-0.0403347346454227
2020-03-11,1641.4000244140625,1666.5,1635.0,1656.5999755859375,47,1627.25,1585.94,-0.010668405420007354,0.25303860929576166,54.00517458099457,22.61563496318604,21.93463917605821,96.51000213623048,-0.008526753984857693,2741.3798828125,-0.12419339188947609
2020-03-12,1589.300048828125,1647.5,1566.4000244140625,1637.0,256,1628.3450012207031,1587.4360009765626,-0.031741181193497225,0.28076260697364563,41.7141272669608,16.73921465815124,20.895554272476815,97.47000122070312,0.006713504729680908,2480.639892578125,-0.17966628284802155
2020-03-13,1515.699951171875,1589.800048828125,1513.800048828125,1574.9000244140625,89,1625.375,1587.36,-0.04630975611591981,0.3261269163363121,29.354410693291598,6.073188513159494,17.93108112061335,98.75,0.02918189828883677,2711.02001953125,-0.08792649883842296
2020-03-16,1485.9000244140625,1569.0999755859375,1452.0999755859375,1569.0999755859375,193,1620.5350036621094,1586.5880004882813,-0.019660835071461547,0.33115565677865616,29.02553680079133,-4.72979693739353,13.398905509011975,98.08999633789062,0.03361427566617925,2386.1298828125,-0.13122967205959868
2020-03-17,1524.9000244140625,1537.699951171875,1469.300048828125,1469.300048828125,122,1616.7800048828126,1586.102001953125,0.026246718728858642,0.3438831420332111,36.16254281926345,-10.028662496232528,8.713391907963075,99.58000183105467,0.03288038635549961,2529.18994140625,-0.12248850419808743
2020-03-18,1477.300048828125,1542.0,1477.300048828125,1537.5,333,1610.2700073242188,1584.32400390625,-0.031215145139910194,0.35771641534613596,32.4487647063781,-17.863057638973487,3.3981019985757626,101.16000366210938,0.04818155033625526,2398.10009765625,-0.1252215307001029
2020-03-19,1478.5999755859375,1491.5999755859375,1471.0,1481.5,262,1603.3700073242187,1582.4600024414062,0.0008799341466505517,0.3564092534331198,39.00745416947595,-23.693851042047754,-2.0202886095489405,102.76000213623048,0.05427311838797566,2409.389892578125,-0.028722427714387044
2020-03-20,1484.0,1484.0,1483.5,1483.5,14,1595.3400085449218,1580.992001953125,0.003652119912907814,0.3486767329837086,35.208946713836525,-27.561349896986485,-7.12850086703645,102.81999969482422,0.041215186783030155,2304.919921875,-0.14979605267779128
2020-03-23,1567.0,1567.0,1490.199951171875,1505.300048828125,51,1590.0700073242188,1581.2980029296875,0.055929919137466255,0.4041412815968724,40.59604440755535,-23.656269513853204,-10.4340545963998,102.48999786376952,0.04485678142674421,2237.39990234375,-0.06233104976391479
2020-03-24,1660.199951171875,1685.5,1592.699951171875,1592.699951171875,442,1590.7350036621094,1583.352001953125,0.059476675923340716,0.45748523944946096,51.94302953506226,-12.892392544538097,-10.92572218602746,101.73999786376952,0.021691062392019678,2447.330078125,-0.03236604018586886
2020-03-25,1632.300048828125,1676.5,1631.0999755859375,1676.5,476,1590.3500061035156,1585.0300024414062,-0.016805145864542737,0.4614823460078927,46.549282116973615,-6.537866985806659,-10.0481511459833,101.0500030517578,-0.001087392312865032,2475.56005859375,0.03230055368130991
2020-03-26,1650.0999755859375,1660.5,1650.0999755859375,1660.5,3,1590.8550048828124,1587.1840014648437,0.010904812978834055,0.46305174144063377,47.96058244538643,-0.06480731112560534,-8.051482379011762,99.41999816894533,-0.03250295735550168,2630.070068359375,0.09159172471878985
2020-03-27,1623.9000244140625,1623.9000244140625,1623.9000244140625,1623.9000244140625,100638,1593.8450073242188,1588.6200024414063,-0.01587779623023844,0.43378300923109014,45.2264140991769,2.917392138929472,-5.857707475423516,98.37000274658205,-0.04327948805144932,2541.469970703125,0.10262831544954354
2020-03-30,1622.0,1652.800048828125,1607.199951171875,1641.199951171875,16389,1595.3300048828125,1590.0800024414064,-0.0011700378012791113,0.4298433258419698,46.40851869402399,5.06905765635338,-3.672354449068137,99.18000030517578,-0.032295810592106844,2626.64990234375,0.17397426342615274
2020-03-31,1583.4000244140625,1621.0,1576.0,1618.699951171875,2874,1592.3950073242188,1590.572001953125,-0.023797765466052723,0.42325633705528254,44.60364375798716,3.6178681129340475,-2.2143099366677,99.0500030517578,-0.026439894520281393,2584.590087890625,0.05608561386651423
2020-04-01,1578.199951171875,1600.0,1570.0,1570.0,2158,1589.2500061035157,1591.0080004882811,-0.0032841184552284686,0.4232894611487467,48.86849101109111,2.024846324691225,-1.366478684395915,99.66999816894533,-0.013656653549091291,2470.5,-0.0020440055882241515
2020-04-02,1625.699951171875,1631.199951171875,1586.0,1590.9000244140625,1294,1587.2150024414063,1592.4159985351562,0.03009758045216593,0.43419307246788164,61.84324730401576,4.542850948436126,-0.18461275782950692,100.18000030517578,0.0076443587832195625,2526.89990234375,-0.03922715491758055
2020-04-03,1633.699951171875,1636.0,1619.800048828125,1624.5,643,1585.3599975585937,1593.797998046875,0.004920957273962578,0.43451395087254535,66.69679354246,7.102052850818154,1.2727203639000253,100.58000183105467,0.02246618911016962,2488.64990234375,-0.020783274627778403
2020-04-06,1677.0,1696.699951171875,1625.9000244140625,1629.0999755859375,1063,1585.4849975585937,1595.9159985351562,0.026504284827250757,0.44515096852136593,67.01723544067022,12.480325440388697,3.5142413791977596,100.69000244140624,0.01522486521056865,2663.679931640625,0.014097816866965429
2020-04-07,1664.800048828125,1724.4000244140625,1658.0,1695.699951171875,1144,1585.770001220703,1597.6759985351562,-0.007274866530635027,0.4446508842066288,72.78251655440542,15.578630362205786,5.9271191757993655,99.9800033569336,0.009389200166806999,2659.409912109375,0.028948429605645254
2020-04-08,1665.4000244140625,1677.0,1662.5,1669.699951171875,747,1586.9700012207031,1599.6,0.0003603889766581325,0.44268253747567693,72.73614138767981,17.876404289434277,8.316976198526348,100.12000274658205,0.004514945178126117,2749.97998046875,0.1131268894834041
2020-04-09,1736.199951171875,1736.199951171875,1662.699951171875,1662.699951171875,825,1594.3149963378905,1602.927998046875,0.04251226475316172,0.4480721384803429,76.48048155511829,25.12079221549925,11.677739401920928,99.5199966430664,-0.006588177880802792,2789.820068359375,0.10404850851898062
2020-04-13,1744.800048828125,1756.800048828125,1710.699951171875,1722.0,696,1605.770001220703,1606.1539990234376,0.004953402775092375,0.40543061658267243,72.12545237128836,31.196365563592735,15.58146463425529,99.3499984741211,-0.012229104539087543,2761.6298828125,0.10968998902242699
2020-04-14,1756.699951171875,1775.0,1739.5,1756.800048828125,675,1619.3099975585938,1609.6299975585937,0.006820209772313124,0.3927131989364593,65.05461365192757,36.55019597412365,19.775210902228963,98.88999938964844,-0.017876680982357285,2846.06005859375,0.068469234905709
2020-04-15,1727.199951171875,1744.9000244140625,1722.699951171875,1739.4000244140625,642,1629.4249938964845,1612.6299975585937,-0.016792850697309403,0.3968900871193736,64.73144140053861,37.97498964648685,23.41516665108054,99.45999908447266,-0.005201082766565834,2783.360107421875,0.04660815722619671
2020-04-16,1720.4000244140625,1750.5999755859375,1715.0,1731.0,162,1641.5799926757813,1616.0299975585938,-0.0039369655801569925,0.37360185537034485,61.29863097550353,38.11607327068987,26.355347975002406,100.02999877929688,-0.0008989608950868977,2799.550048828125,0.018025610626781985
2020-04-17,1689.199951171875,1725.0,1684.9000244140625,1715.699951171875,223,1652.1099914550782,1618.6579956054688,-0.018135359683463026,0.3842877493647878,60.328999019498426,35.30334293676333,28.144946967354592,99.77999877929688,0.0026125617463892414,2874.56005859375,0.03037471527122837
2020-04-20,1701.5999755859375,1701.5999755859375,1680.0,1686.0,106,1662.989990234375,1621.3879956054689,0.007340767684405947,0.38409054136255255,62.18615761423909,33.686495272993625,29.2532566284824,99.95999908447266,0.006139915648921246,2823.159912109375,0.022280331509960227
2020-04-21,1678.199951171875,1707.0999755859375,1659.9000244140625,1697.0,666,1668.5499877929688,1623.5799951171875,-0.013751777591560432,0.34426320351633216,65.221567007933,30.16917398461078,29.43644009970808,100.26000213623048,0.013853804783473977,2736.56005859375,-0.03847424079100581
2020-04-22,1728.699951171875,1728.699951171875,1684.800048828125,1696.0,453,1671.9749877929687,1626.6599951171875,0.030091765861830932,0.2930597606737254,71.09616212527627,31.09811971041222,29.768776021848907,100.38999938964844,0.009350495814763882,2799.31005859375,0.00573046625528062
2020-04-23,1733.300048828125,1745.0999755859375,1733.300048828125,1734.0,482,1677.0249877929687,1630.0139965820313,0.002661015668526945,0.28434701552320535,67.14469103145119,31.83849102132035,30.182719021743196,100.43000030517578,0.003998815662903832,2797.800048828125,-0.0006251004516717451
2020-04-24,1723.5,1744.0,1714.5,1744.0,221,1680.6949890136718,1633.13599609375,-0.005653982895085452,0.2844380719792818,64.22687278853994,31.27395193079883,30.400965603554322,100.37999725341795,0.006013213885161628,2836.739990234375,-0.013156819683175058
2020-04-27,1711.9000244140625,1731.9000244140625,1711.9000244140625,1731.9000244140625,169,1685.094989013672,1635.8719970703125,-0.006730476116006634,0.2784626248923991,56.146534239666266,29.549896734152526,30.230751829673963,100.04000091552734,0.0008003384532555557,2878.47998046875,0.01959508851131342
2020-04-28,1710.5,1716.5999755859375,1707.0999755859375,1716.5999755859375,1255,1689.5199890136719,1638.427998046875,-0.0008178190280367925,0.2783990451228109,58.36688664047959,27.750707419029823,29.734742947545136,99.87000274658205,-0.003889880125062417,2863.389892578125,0.04634644636651952
2020-04-29,1703.4000244140625,1713.5,1702.0,1710.0,373,1695.5199890136719,1640.4959985351563,-0.004150818816683666,0.2617358991313316,56.795419658028614,25.458458963926887,28.879486150821485,99.56999969482422,-0.008168141247232308,2939.510009765625,0.05008375215223748
2020-04-30,1684.199951171875,1719.300048828125,1680.800048828125,1719.300048828125,327,1700.8199890136718,1642.0299975585938,-0.011271617334156159,0.26609719237291,38.59650343884552,21.84078314686053,27.471745550029294,99.0199966430664,-0.01403966601438622,2912.429931640625,0.04097143498889899
2020-05-01,1694.5,1701.5,1670.5,1686.5999755859375,337,1704.259991455078,1643.587998046875,0.006115692392080874,0.24710846580287626,39.05093468473256,19.579180254857192,25.893232490994876,98.8000030517578,-0.015740129955087778,2830.7099609375,-0.002125689812120135
2020-05-04,1706.9000244140625,1709.0,1699.5999755859375,1702.5999755859375,320,1707.9199951171875,1644.8339990234374,0.007317807267077203,0.24760599025910232,39.18334967475359,18.573320332559433,24.42925005930779,99.4800033569336,-0.005597736440112633,2842.739990234375,-0.012416271948000435
2020-05-05,1704.4000244140625,1704.4000244140625,1697.199951171875,1701.5,82,1709.2899963378907,1645.4739990234375,-0.0014646434848216705,0.2306810021278576,44.38979056443614,17.374161472268497,23.01823234189993,99.70999908447266,-0.0016021193322222071,2868.43994140625,0.0017636609115700974
2020-05-06,1684.199951171875,1704.0,1684.199951171875,1704.0,469,1710.259991455078,1646.2199975585938,-0.01185172081250807,0.23339091129360065,41.64358362953825,14.62525154847799,21.339636183215546,100.08999633789062,0.005222422864920695,2848.419921875,-0.03098818768706557
2020-05-07,1721.800048828125,1721.800048828125,1685.5999755859375,1686.199951171875,853,1713.0799926757813,1647.8559985351562,0.022325198163132498,0.24568996346246885,57.309422931651724,15.304315648588272,20.132572076290096,99.88999938964844,0.008786131852923651,2881.18994140625,-0.010726434958995501
2020-05-08,1709.9000244140625,1728.9000244140625,1703.800048828125,1726.199951171875,330,1711.7649963378906,1649.2539990234375,-0.006911385803573311,0.19426560351424746,51.865175418768835,14.712648074064873,19.048587275845055,99.7300033569336,0.009412958263661286,2929.800048828125,0.03500538354618543
2020-05-11,1695.300048828125,1704.5,1690.199951171875,1702.300048828125,749,1709.2899963378907,1651.8780004882813,-0.008538496624058811,0.19496722973479844,54.00095051278566,12.916754935328527,17.82222080774175,100.23999786376952,0.0076396711016291086,2930.18994140625,0.03076255706546882
2020-05-12,1704.4000244140625,1713.0999755859375,1699.300048828125,1699.300048828125,324,1706.675,1654.12,0.005367766957965925,0.1942250596404987,42.948384148609435,12.0884406433413,16.67546477486166,99.93000030517578,0.0022064108186055087,2870.1201171875,0.0005857454977518106
2020-05-13,1713.9000244140625,1721.300048828125,1701.9000244140625,1702.0,431,1706.0100036621093,1655.5560009765625,0.005573808885191767,0.18686214337245505,44.52596228364764,12.0595512049656,15.752282060882447,100.23999786376952,0.0014986665138092548,2820.0,-0.00997743403517981
2020-05-14,1738.0999755859375,1743.0999755859375,1720.5,1724.300048828125,672,1706.895001220703,1657.4960009765625,0.01411981494086767,0.19311579923828245,53.810010136411506,13.829966682000759,15.36781898510611,100.47000122070312,0.0058064053919175684,2852.5,-0.00995767095877309
2020-05-15,1753.4000244140625,1753.4000244140625,1739.699951171875,1739.699951171875,719,1710.1050048828124,1659.2360009765625,0.00880274382546209,0.18183059950387115,60.62466404150259,16.279954592667536,15.550246106618397,100.4000015258789,0.006718120388980564,2863.699951171875,-0.022561299936727397
2020-05-18,1731.800048828125,1770.5,1731.800048828125,1755.699951171875,229,1711.615008544922,1660.4560009765626,-0.01231890913949063,0.18737637866186538,54.94200108985158,16.29085926690277,15.698368738675272,99.66999816894533,-0.005686349830123172,2953.909912109375,0.008095028369301316
2020-05-19,1744.199951171875,1749.5,1744.199951171875,1744.199951171875,167,1714.9150085449219,1661.85,0.007160123567464316,0.1801861887629897,59.239106698105644,17.102917996168117,15.979278590173841,99.37000274658205,-0.005603898297643961,2922.93994140625,0.01840334970736679
2020-05-20,1750.5999755859375,1752.0999755859375,1745.5999755859375,1751.5999755859375,16,1716.010009765625,1663.68,0.0036693180789062474,0.14686168126000074,65.96153496285368,18.054784555019978,16.39437978314307,99.12000274658205,-0.011173135884436025,2971.610107421875,0.05376244944038122
2020-05-21,1720.5,1746.800048828125,1720.5,1746.800048828125,528,1715.3700073242187,1665.2619995117188,-0.017194091172006765,0.15964663502417795,55.70675909284308,16.193658768860132,16.35423558028648,99.37000274658205,-0.010948526532857383,2948.510009765625,0.03365819798970193
2020-05-22,1734.5999755859375,1734.5999755859375,1726.5999755859375,1726.5999755859375,6,1715.9250061035157,1668.167998046875,0.008195277876162477,0.16107500866530824,56.03484774986383,15.675753042754195,16.218539072780025,99.86000061035156,-0.005378495092832836,2955.449951171875,0.03203897110884624
2020-05-26,1704.800048828125,1726.4000244140625,1704.800048828125,1726.4000244140625,39,1715.5700073242188,1671.95,-0.017179711274783238,0.17114024309146142,50.07788639566859,12.714143253384464,15.517659908900914,98.91000366210938,-0.007625108064592601,2991.77001953125,0.01281694721517046
2020-05-27,1710.300048828125,1710.300048828125,1685.5999755859375,1685.5999755859375,137416,1715.560009765625,1676.4380004882812,0.003226184797320286,0.1715333240227028,55.39035800254326,10.687649620648699,14.551657851250472,99.05999755859376,-0.0031197059416298023,3036.1298828125,0.03872468941383489
2020-05-28,1713.300048828125,1727.800048828125,1705.0,1709.300048828125,23355,1716.0550109863282,1680.2060009765626,0.0017540781818112805,0.1708949375305722,47.95180481904746,9.217460596474893,13.484818400295357,98.37999725341795,-0.007465753356121763,3029.72998046875,0.01955837776352798
2020-05-29,1751.699951171875,1754.5,1725.300048828125,1732.699951171875,150112,1719.4300109863282,1685.6939990234375,0.022412829772587184,0.18199440174809617,58.93162225960849,11.02380088590894,12.992614897418074,98.33999633789062,-0.010365365605535803,3044.31005859375,0.032491003425740406
2020-06-01,1750.300048828125,1761.0,1737.5999755859375,1749.800048828125,146131,1722.2200134277343,1691.1280004882813,-0.0007991678842106387,0.1815897732072963,62.45473493329795,12.201724277435233,12.834436773421507,97.83000183105467,-0.020328447495387425,3055.72998046875,0.03393054558650621
2020-06-02,1734.0,1757.0,1728.0,1750.300048828125,175351,1723.5750122070312,1696.1280004882813,-0.009312716890477302,0.1843205284290553,56.49123314235724,11.685258945163014,12.604601207769809,97.66999816894533,-0.012536704552151057,3080.820068359375,0.02976500474527688
2020-06-03,1704.800048828125,1738.9000244140625,1690.300048828125,1733.699951171875,256523,1723.5950134277343,1698.8840014648438,-0.016839648888047898,0.19467236795716872,48.16310237512659,8.818114685994942,11.847303903414836,97.27999877929688,-0.017968895852677802,3122.8701171875,0.028569342459963787
2020-06-04,1727.4000244140625,1729.0,1698.9000244140625,1702.800048828125,198723,1725.7550170898437,1700.2280029296876,0.013256672300937966,0.19465817089389492,47.82609342634699,8.274132311040603,11.13266958493999,96.68000030517578,-0.01727990440844529,3112.35009765625,0.02726979556597886
2020-06-05,1683.0,1723.199951171875,1671.699951171875,1720.800048828125,273683,1723.8150146484375,1701.242001953125,-0.02570338299556474,0.20054741356583541,37.20927859973786,4.211760898076591,9.74848784756731,96.94000244140624,-0.014236261425860652,3193.929931640625,0.04914738320576606
2020-06-08,1705.0999755859375,1707.5999755859375,1680.699951171875,1686.699951171875,154767,1723.5750122070312,1702.342001953125,0.013131298625037147,0.205356828614158,45.157759623401226,2.7439550127458006,8.347581280603007,96.62000274658205,-0.01236838456327749,3232.389892578125,0.05781267102739074
2020-06-09,1721.9000244140625,1729.4000244140625,1697.5999755859375,1703.9000244140625,182910,1724.905010986328,1704.302001953125,0.009852823335096073,0.20566328408052437,46.019288086649524,2.902869339442532,7.258638892370913,96.31999969482422,-0.013822038491143829,3207.179931640625,0.04101500914610057
2020-06-10,1720.699951171875,1749.4000244140625,1714.0999755859375,1718.9000244140625,198763,1725.7200073242188,1706.2760009765625,-0.0006969471079459888,0.20502545920053047,44.56164999762431,2.8985613955751433,6.386623393011759,95.95999908447266,-0.013569075980551348,3190.139892578125,0.021541009669402866
2020-06-11,1739.800048828125,1754.9000244140625,1727.5,1746.5999755859375,205348,1727.0150085449218,1709.4040014648438,0.011100190735312099,0.20774000102178009,53.6566987438641,4.385808701071255,5.986460454623659,96.7300033569336,0.0005172016094330267,3002.10009765625,-0.03542339278702089
2020-06-12,1737.300048828125,1753.0,1728.199951171875,1733.5999755859375,151397,1726.9750122070313,1712.5860034179686,-0.001436946735163036,0.2017964472358085,50.53509195917829,5.3016200235988435,5.849492368418696,97.31999969482422,0.003919922053309932,3041.31005859375,-0.04778435229118472
2020-06-15,1727.199951171875,1743.800048828125,1706.199951171875,1740.699951171875,200225,1725.6650085449219,1714.6160034179688,-0.005813674881931297,0.20005400767319004,54.81511026208894,5.153012898885663,5.71019647451209,96.68000030517578,0.000620964157402204,3066.590087890625,-0.051293256753522254
2020-06-16,1736.5,1741.300048828125,1721.800048828125,1732.300048828125,182423,1725.9000061035156,1716.6720043945313,0.0053844656617869635,0.19622277781509934,55.54144139957348,5.71974325870292,5.712105831350256,96.95999908447266,0.006644511956771071,3124.739990234375,-0.02570480707768652
2020-06-17,1735.5999755859375,1739.300048828125,1717.300048828125,1735.300048828125,140069,1725.4700073242188,1717.84400390625,-0.0005182979637561314,0.19450015987587446,54.75883706620916,6.026783692666186,5.775041403613443,97.16000366210938,0.012505258327278224,3113.489990234375,-0.024027128879857695
2020-06-18,1731.0999755859375,1749.199951171875,1722.699951171875,1735.5,155912,1724.4950073242187,1719.1700024414063,-0.0025927633459897903,0.19412812729099488,44.860292420138165,5.839686782607032,5.787970479412161,97.41999816894533,0.007133203639677843,3115.340087890625,0.037720258002983176
2020-06-19,1753.0,1760.9000244140625,1728.300048828125,1729.800048828125,181151,1726.1200073242187,1720.922001953125,0.01265092988442218,0.18890090371126642,50.6111241279918,7.373562241857826,6.105088831901294,97.62000274658205,0.0030826454243586543,3097.739990234375,0.018554481638980658
2020-06-22,1766.4000244140625,1779.0,1753.5,1765.800048828125,228682,1727.710009765625,1721.5260034179687,0.007644052717662664,0.1886325078956101,57.43118577670466,9.560235136217898,6.796118092764615,97.04000091552734,0.0037236306290360233,3117.860107421875,0.016718902123145085
2020-06-23,1782.0,1786.800048828125,1758.300048828125,1764.9000244140625,194678,1731.5700073242188,1722.2700024414062,0.008831507795699967,0.17770778137392232,68.88449208336121,12.408934343654892,7.918681342942671,96.69000244140624,-0.0027846188698000818,3131.2900390625,0.002096190034561518
2020-06-24,1775.0999755859375,1796.0999755859375,1770.5999755859375,1784.4000244140625,239533,1734.8100036621095,1722.6380029296874,-0.0038720675724256415,0.17898632993539904,62.63906732546962,13.94897953190798,9.124740980735734,97.1500015258789,-0.00010294499643348498,3050.330078125,-0.020285888924480022
2020-06-25,1770.5999755859375,1779.5999755859375,1764.0999755859375,1772.300048828125,152200,1737.675,1723.5060034179687,-0.0025350684817144753,0.1796857606568188,79.43539356491078,14.637630553679855,10.227318895324558,97.43000030517578,0.00010267025681010011,3083.760009765625,-0.01013696008591558
2020-06-26,1780.300048828125,1786.199951171875,1754.0,1774.800048828125,201233,1739.1050048828124,1724.70400390625,0.005478410355776342,0.16309262558067875,77.56590563928717,15.78415636437444,11.338686389134534,97.5,-0.0012292844007960602,3009.050048828125,-0.028630531189139496
2020-06-29,1781.199951171875,1790.4000244140625,1776.5,1789.199951171875,130505,1740.65,1726.54400390625,0.0005054779076945071,0.16298225269365574,74.60570395861171,16.57434222793131,12.385817556893889,97.54000091552734,0.005152514378428785,3053.239990234375,-0.020725791074999056
2020-06-30,1800.5,1804.0,1774.800048828125,1784.199951171875,199417,1743.975,1728.5220043945312,0.010835419580731198,0.16188317382537082,78.78782540993858,18.544157358284338,13.61748551717198,97.38999938964844,0.007239600067922236,3100.2900390625,-0.009900073009295962
2020-07-01,1779.9000244140625,1807.699951171875,1767.9000244140625,1798.9000244140625,263254,1747.729998779297,1730.556005859375,-0.011441252755311049,0.15454807383390573,64.31117512313747,18.232827486511496,14.540553911039884,97.1999969482422,0.0005146209117656841,3115.860107421875,0.02148293057423989
2020-07-02,1790.0,1791.699951171875,1766.300048828125,1779.0,186306,1750.8599975585937,1731.7820068359374,0.005674462299792626,0.14962046791108147,67.84017653476148,18.586822619624627,15.349807652756834,97.31999969482422,-0.0011290219645593291,3130.010009765625,0.01499792456401794
2020-07-06,1793.5,1799.0,1779.199951171875,1787.9000244140625,184653,1756.3849975585938,1732.986005859375,0.001955307262569761,0.10876119225325152,73.49397694594305,18.931555870700095,16.066157296345487,96.79000091552734,-0.007282041892027191,3179.719970703125,0.05671887110733409
2020-07-07,1809.9000244140625,1810.800048828125,1781.199951171875,1793.9000244140625,221733,1761.625,1734.7140063476563,0.009144145198808129,0.1047838325312197,74.76382865685657,20.294165854052608,16.911759007886914,96.87999725341795,-0.0067664922689611995,3145.320068359375,0.030158152788353654
2020-07-08,1820.5999755859373,1829.800048828125,1803.800048828125,1807.9000244140625,247500,1766.5599975585938,1736.8880053710936,0.005911901777745365,0.10227289005533047,76.89873417721516,21.984022591426537,17.92621172459484,96.43000030517578,-0.00985726553536348,3169.93994140625,0.022465608528939862
2020-07-09,1803.800048828125,1825.5,1799.5999755859375,1818.800048828125,283371,1770.7150024414063,1738.7540063476563,-0.009227687016971076,0.11031944084150692,71.34471653225552,21.71728915323115,18.684427210322102,96.6999969482422,-0.005144033083316235,3152.050048828125,0.011614751676446211
2020-07-10,1801.9000244140625,1817.0,1796.5,1808.4000244140625,223832,1773.820001220703,1740.7240063476563,-0.001053345361253788,0.10593149396514646,66.26748111888912,21.109250589953717,19.169391886248427,96.6500015258789,-0.006884485933480122,3185.0400390625,0.017581422783052192
2020-07-13,1814.0999755859373,1818.800048828125,1802.0999755859373,1803.4000244140625,230398,1777.6599975585937,1743.3220068359376,0.006770603810742459,0.10663349400940893,65.99597519620508,21.365521318020228,19.608617772602788,96.45999908447266,-0.003409462009848485,3155.219970703125,-0.007705081021516014
2020-07-14,1813.4000244140625,1815.0,1791.0999755859375,1805.199951171875,253207,1781.9700012207031,1745.7000073242189,-0.00038583935907321454,0.10290786394449371,61.6989807752658,21.266984942332783,19.940291206548785,96.26000213623048,-0.006399619475274121,3197.52001953125,0.016596069728160634
2020-07-15,1813.800048828125,1819.5,1804.0,1811.0999755859373,183055,1785.8350036621093,1747.8380078125,0.000220593585903206,0.10259217468030947,65.15275060055436,20.979336054897885,20.148100176218605,96.08000183105467,-0.0036295600229540037,3226.56005859375,0.017861574109944156
2020-07-16,1800.300048828125,1816.199951171875,1794.0999755859375,1813.0999755859373,196566,1789.0700073242188,1749.7560083007813,-0.007442937278958728,0.10783603769978385,60.86324446686825,19.437966287763402,20.006073398527565,96.3499984741211,-0.0036194259065844836,3215.570068359375,0.02015197047866213
2020-07-17,1810.0,1813.9000244140625,1795.199951171875,1796.9000244140625,167012,1793.0150085449218,1752.2720092773438,0.005387963622057956,0.10719067079332446,60.863209518468715,18.782610395169286,19.76138079785591,95.94000244140624,-0.007346084565581279,3224.72998046875,0.012461363411284676
2020-07-20,1817.4000244140625,1823.4000244140625,1806.5999755859373,1812.300048828125,177739,1796.235009765625,1754.1840087890625,0.00408841127848758,0.1002588798324885,62.63970546239735,18.64542341952756,19.53818932219024,95.83000183105467,-0.006531176232608904,3251.840087890625,0.030622307821526862
2020-07-21,1843.9000244140625,1844.9000244140625,1817.199951171875,1819.5999755859373,271085,1800.110009765625,1756.8640087890626,0.014581269750199244,0.10830108195727871,64.42822068461751,20.439417402491472,19.71843493825049,95.12000274658205,-0.011842918806869274,3257.300048828125,0.018695748246054356
2020-07-22,1865.0999755859373,1871.800048828125,1842.0999755859373,1842.800048828125,382234,1804.2650085449218,1760.2600073242188,0.01149734307238881,0.11085864496881218,78.21194997534352,23.303204606245345,20.43538887184946,94.97000122070312,-0.011552878738526173,3276.02001953125,0.01532900675620974
2020-07-23,1890.0,1897.699951171875,1863.0999755859373,1871.5999755859373,418749,1810.010009765625,1763.9720068359375,0.013350503855022566,0.1149137438125881,80.15685096507829,27.26767567804336,21.80184623308824,94.69000244140624,-0.01722881223667816,3235.659912109375,0.006247677184111344
2020-07-24,1897.5,1904.5999755859373,1880.5,1884.9000244140625,300174,1816.3550109863281,1767.6440063476562,0.003968253968253954,0.11293632467579826,80.62429906542073,30.661290612608582,23.57373510899231,94.44000244140624,-0.01563477133447122,3215.6298828125,-0.0028219719825742784
2020-07-27,1931.0,1941.9000244140625,1899.0,1901.199951171875,428229,1823.8900085449218,1771.5020068359374,0.01765480895915683,0.12355034639153323,82.39703530115627,35.64305398740885,25.987598884675617,93.66999816894533,-0.02253995221577232,3239.409912109375,-0.003822505241736218
2020-07-28,1944.5999755859373,1974.699951171875,1900.199951171875,1937.0999755859373,434445,1832.060009765625,1775.326005859375,0.007042970267186588,0.12320669927043494,82.66599778755386,40.22485463848193,28.835050035436883,93.76000213623048,-0.01429773518799049,3218.43994140625,-0.011930158978094685
2020-07-29,1953.4000244140625,1974.9000244140625,1935.199951171875,1950.5999755859373,209835,1839.705010986328,1779.7580053710938,0.004525377423947319,0.12086714060207793,91.14412427273135,44.05817978856362,31.87967598606223,93.26000213623048,-0.018005676134495663,3258.43994140625,-0.005366291420745184
2020-07-30,1942.300048828125,1965.0999755859373,1930.0,1963.4000244140625,28853,1847.8250122070312,1783.7200073242188,-0.005682387348831419,0.11247636097529783,86.753956582566,45.67394155697389,34.63852910024456,93.0199966430664,-0.01763655882650572,3246.219970703125,0.0032636491104114373
2020-07-31,1962.800048828125,1981.0999755859373,1948.0,1948.5999755859373,2914,1856.4650146484375,1787.9640087890625,0.010554496980200723,0.11452551727084957,87.30560157778856,48.05467865123296,37.32175901044224,93.48999786376952,-0.010059345119417307,3271.1201171875,0.01725641208635187
2020-08-03,1966.0,1984.300048828125,1955.5,1984.300048828125,178754,1865.0900146484375,1792.8740087890626,0.0016302991095733521,0.11463244360136081,87.80972026047323,49.62756360601588,39.78291992955697,93.5,-0.0018148625202139002,3294.610107421875,0.01704020078044266
2020-08-04,2021.0,2037.699951171875,1982.5999755859373,1993.5,274420,1875.6450134277343,1798.6020092773438,0.027975584944048837,0.14094457594374749,90.40562209225929,54.68178898533574,42.76269374071272,93.37999725341795,-0.004052953009326843,3306.510009765625,0.027364210599777117
2020-08-05,2049.300048828125,2070.300048828125,2027.5,2037.0,366379,1887.0800170898438,1805.4920092773436,0.014002992987691698,0.14409706704359992,95.90708791134597,60.27605163650128,46.26536531987043,92.83000183105467,-0.004610768768240847,3327.77001953125,0.021277077181627968
2020-08-06,2069.39990234375,2081.800048828125,2049.0,2055.0,312758,1900.360009765625,1812.6740063476564,0.009808155485634629,0.13286896533318668,96.05824525568455,65.57552149679191,50.127396555254734,92.79000091552734,-0.002472540699196113,3349.159912109375,0.03171071040634166
2020-08-07,2028.0,2089.199951171875,2024.800048828125,2076.39990234375,398127,1911.6650085449219,1818.9680053710938,-0.02000575253572856,0.1618360098103045,83.36504353496741,65.67767209499061,53.23745166320191,93.44000244140624,-0.000534767606221731,3351.280029296875,0.024505340445369006
2020-08-10,2039.699951171875,2060.800048828125,2027.800048828125,2044.800048828125,251306,1922.9450073242188,1824.7280053710938,0.0057692066922461205,0.16180992586824716,82.54656471945104,65.94257055350113,55.778475441261754,93.58000183105467,0.0008556345567345414,3360.469970703125,0.019990184311304393
2020-08-11,1946.300048828125,2040.5,1911.300048828125,2038.4000244140625,565001,1929.5900085449218,1828.6480053710939,-0.04579100092152699,0.2444635687700082,60.8847390032704,57.94792533484406,56.21236541997821,93.62999725341795,0.002677232890910597,3333.68994140625,0.008220126828695662
2020-08-12,1949.0,1961.0,1874.199951171875,1921.5999755859373,459842,1936.3500061035156,1832.9480053710938,0.0013872224755380191,0.24428108196198675,58.409360591561544,51.239319911318034,55.21775631824618,93.44000244140624,0.006571158012705025,3380.35009765625,0.01580039420284418
2020-08-13,1970.4000244140625,1974.800048828125,1923.0,1927.300048828125,349891,1944.8550048828124,1838.2600048828126,0.01098000226478324,0.24186127349331635,59.994530761787225,47.10649060214109,53.595503175025165,93.33999633789062,0.005927313470596607,3373.429931640625,0.007246599197457959
2020-08-14,1949.800048828125,1970.0,1939.0999755859373,1963.800048828125,241798,1951.8450073242188,1842.7080053710938,-0.01045471748411253,0.2476761303363809,52.67198298924822,41.68838992168958,51.21408052435805,93.0999984741211,-0.0036387409931667447,3372.85009765625,0.006436367051040115
2020-08-17,1998.699951171875,2000.800048828125,1939.0999755859373,1956.4000244140625,289437,1960.9100036621094,1849.0220043945312,0.025079444619534152,0.25890409138842013,56.98786453614642,40.86920479010587,49.14510537750762,92.8499984741211,-0.007800847859048998,3381.989990234375,0.006403871993757804
2020-08-18,2013.0999755859373,2024.5999755859373,1985.199951171875,1993.5999755859373,361475,1969.3700012207032,1855.1820043945313,0.007204695434959829,0.2565567084155202,57.60122648658963,40.910367050071045,47.49815771202031,92.2699966430664,-0.01452526594303516,3389.780029296875,0.016825226363722523
2020-08-19,1970.300048828125,2015.5999755859373,1930.5,2010.5,443256,1974.6300048828125,1860.1500048828125,-0.021260706014044284,0.2707093409295165,53.29877929518967,37.06216250326611,45.41095867026947,92.88999938964844,-0.005886162643271464,3374.85009765625,-0.0016270504063509161
2020-08-20,1946.5,1963.0999755859373,1928.9000244140625,1934.4000244140625,383338,1977.4550048828125,1864.666005859375,-0.012079403257529542,0.2727149052291573,48.09445063152986,31.72624721103807,42.6740163784232,92.79000091552734,-0.005892387443131031,3385.510009765625,0.003580948284028773
2020-08-21,1947.0,1963.0999755859373,1916.5999755859373,1955.5999755859373,355065,1979.9300048828125,1868.8100048828126,0.00025687130747487075,0.2726084137373189,47.764703314227155,27.224020162015677,39.58401713514169,93.25,0.0016111872001867145,3397.159912109375,0.007207499221509206
2020-08-24,1939.199951171875,1970.300048828125,1930.800048828125,1947.9000244140625,286258,1980.3400024414063,1872.8480029296875,-0.004006188406843858,0.2662792592351655,39.174147170828185,22.76416293604234,36.22004629532182,93.3000030517578,0.004846576036962702,3431.280029296875,0.014574271125824323
2020-08-25,1923.0999755859373,1944.0999755859373,1919.0999755859373,1935.9000244140625,274113,1979.2650024414063,1876.7660034179687,-0.00830238035856401,0.26673207376395586,32.740665998662394,17.726223604722918,32.52128175720204,93.0199966430664,0.008128319359339109,3443.6201171875,0.015883062448094343
2020-08-26,1952.5,1963.4000244140625,1908.4000244140625,1939.0,342207,1979.2200012207031,1881.0860034179686,0.015287829435443268,0.27206143725191606,34.409174590336335,15.922412986666131,29.201508003094858,93.01000213623048,0.001291880152551883,3478.72998046875,0.030780591672691537
2020-08-27,1932.5999755859373,1987.0,1914.699951171875,1963.0,467170,1978.7349975585937,1885.0260034179687,-0.010192073963668502,0.2738019621439532,36.502534843082195,12.740252714568896,25.909256945389664,93.01000213623048,0.002370958277103874,3484.550048828125,0.02925409724880912
2020-08-28,1974.9000244140625,1983.0,1928.199951171875,1937.5,334102,1979.3399963378906,1889.9020043945313,0.02188763808470018,0.2824733964141313,41.56250685453633,13.476282006598694,23.422661957631473,92.37000274658205,-0.009436967865071866,3508.010009765625,0.03263022657871306
2020-08-31,1978.5999755859373,1985.800048828125,1962.300048828125,1973.9000244140625,245105,1979.9699951171874,1894.41400390625,0.0018734878354018658,0.2824880909440691,55.48758661166653,14.19452006954566,21.577033580014312,92.13999938964844,-0.012433050634155451,3500.31005859375,0.020117865259461354
2020-09-01,1978.9000244140625,2001.199951171875,1969.199951171875,1973.699951171875,304894,1977.8649963378907,1898.66400390625,0.00015164703923353784,0.2631613606300331,55.121620745678506,14.619416805214314,20.185510225054315,92.33999633789062,-0.007310259403524366,3526.64990234375,0.02411119180708665
2020-09-02,1944.699951171875,1980.4000244140625,1938.9000244140625,1976.800048828125,332591,1972.634991455078,1901.9180029296874,-0.017282365364725272,0.26306263806295727,45.782726113465685,12.057499096686797,18.559907999380812,92.8499984741211,-0.0017202844687073116,3580.840087890625,0.029352697103589565
2020-09-03,1937.800048828125,1956.5999755859373,1927.199951171875,1948.9000244140625,303029,1966.054998779297,1905.1720043945313,-0.003548054978657289,0.2590260518130948,47.938144329896915,9.362471655499121,16.720420730604474,92.73999786376952,-0.0029029595340240855,3455.06005859375,-0.008463069785521582
2020-09-04,1934.300048828125,1956.5999755859373,1921.5999755859373,1938.0,304742,1961.3700012207032,1908.446005859375,-0.001806171902058007,0.2512600022872879,36.8892759086183,6.865085806642583,14.749353745812098,92.72000122070312,0.0037890923862078374,3426.9599609375,-0.023104280946319222
2020-09-08,1943.199951171875,1948.300048828125,1911.699951171875,1938.0,416013,1956.5450012207032,1911.70400390625,0.004601097099254048,0.25079980268355734,35.44355861688891,5.540173595710712,12.907517715791823,93.4800033569336,0.014543129760815843,3331.840087890625,-0.04813001359394087
2020-09-09,1954.9000244140625,1959.699951171875,1926.300048828125,1939.4000244140625,227182,1956.975,1915.1780053710938,0.006021034137599468,0.19223088365532237,46.31578578483281,5.372340257796395,11.400482224192737,93.26000213623048,0.009963242742325518,3398.9599609375,-0.03620714982833695
2020-09-10,1964.300048828125,1975.199951171875,1948.5999755859373,1955.300048828125,271478,1957.7400024414062,1918.4540063476563,0.004808442527325596,0.1928724265585527,54.57349432053412,5.9294831484976385,10.306282409053718,93.33999633789062,0.0052773061047071135,3339.18994140625,-0.06748420497792307
2020-09-11,1947.9000244140625,1963.4000244140625,1944.0,1953.800048828125,205234,1956.6150024414062,1921.8140063476562,-0.00834904241021961,0.19108609684140618,50.2137823971812,4.9901545979423645,9.243056846831449,93.33000183105467,0.00636191482505577,3340.969970703125,-0.03302115909876857
2020-09-14,1963.699951171875,1972.5,1945.199951171875,1948.9000244140625,200091,1957.3099975585938,1925.2880053710937,0.008111261645763923,0.18962376835875236,55.60640732265445,5.457738584906338,8.485993194446426,93.06999969482422,0.003774789360582398,3383.5400390625,-0.01267009897107807
2020-09-15,1966.199951171875,1982.4000244140625,1955.5999755859373,1966.199951171875,239538,1955.6849975585938,1928.7420043945312,0.001273106921710676,0.16591449273802206,60.51731831394052,5.961313063754005,7.981057168307942,93.0500030517578,-0.004599917519621077,3401.199951171875,0.02081728457897314
2020-09-16,1970.5,1983.800048828125,1957.199951171875,1961.4000244140625,298385,1953.554998779297,1931.95400390625,0.002186984505600398,0.16365741352749438,55.005560375905844,6.630940119638581,7.71103375857407,93.20999908447266,-0.0005361682458979722,3385.489990234375,-0.00396296833676435
2020-09-17,1949.9000244140625,1969.300048828125,1938.199951171875,1967.5999755859373,273140,1952.5349975585937,1934.5400048828126,-0.01045418705198553,0.14984182249197112,54.79225729310947,5.436707536970516,7.25616851425336,92.97000122070312,-0.0039639504146552484,3357.010009765625,0.005336644117905465
2020-09-18,1962.0999755859373,1968.199951171875,1951.0999755859373,1951.0999755859373,176074,1953.3149963378905,1937.7060034179688,0.0062567059947296055,0.1450726226685354,45.744661855275076,5.4123139256623745,6.8873975965351635,92.93000030517578,-0.004285883617606401,3319.469970703125,-0.0064352568830408075
2020-09-21,1910.5999755859373,1962.9000244140625,1885.4000244140625,1957.300048828125,386667,1951.4949951171875,1939.8800024414063,-0.026247388329241783,0.17327768157733936,32.84560626833057,1.22326122249342,5.754570321726815,93.54000091552734,0.005049975526423722,3281.06005859375,-0.03028779895778766
2020-09-22,1907.5999755859373,1925.5,1898.9000244140625,1918.0999755859373,282714,1949.9149963378907,1941.7500024414062,-0.0015701873957576495,0.17291134057762345,32.25483238261428,-2.31201666429115,4.141252924523222,93.98999786376952,0.010102039561340481,3315.570068359375,-0.02517637423315744
2020-09-23,1868.4000244140625,1909.9000244140625,1856.0,1905.0999755859373,411558,1947.179998779297,1942.8500024414063,-0.020549356088051973,0.18503230231110113,31.47158616282023,-8.182535140135087,1.6764953115915602,94.38999938964844,0.01265958927975519,3236.919921875,-0.043884362023793644
2020-09-24,1876.9000244140625,1880.9000244140625,1851.0,1866.9000244140625,345036,1943.4,1944.112001953125,0.00454934697545073,0.1759059734673742,35.32528668891581,-12.010633260638087,-1.0609304028543693,94.3499984741211,0.014843468164983387,3246.590087890625,-0.03289234215977488
2020-09-25,1866.300048828125,1879.300048828125,1854.0999755859373,1872.699951171875,230857,1940.0850036621093,1945.432001953125,-0.005647597340325383,0.1737964653641979,34.15655954885145,-15.718564219333075,-3.9924571661501105,94.58000183105467,0.017755316049288705,3298.4599609375,-0.006329326654873957
2020-09-28,1882.300048828125,1888.199951171875,1851.0999755859373,1862.699951171875,235915,1935.4550048828125,1946.8780029296875,0.008573112351385692,0.1552829468117677,36.26524227410928,-17.168156118945262,-6.627596956709141,94.26000213623048,0.0076972547964089255,3351.60009765625,0.0214991611865627
2020-09-29,1903.199951171875,1904.800048828125,1880.800048828125,1886.4000244140625,217795,1931.6850036621095,1948.5940014648438,0.011103385114802355,0.16192852651853676,38.804650835751545,-16.44099908843964,-8.590277383055241,93.88999938964844,-0.0010639267623563375,3335.469970703125,0.006001954998223535
2020-09-30,1895.5,1908.199951171875,1885.800048828125,1903.199951171875,259868,1927.5150024414063,1949.6260009765624,-0.004045792018402383,0.16191175678784042,34.9912441601104,-16.298168470404562,-10.131855600525107,93.88999938964844,-0.005297171344773144,3363.0,0.0389506324431923
2020-10-01,1916.300048828125,1917.9000244140625,1890.0,1891.199951171875,262086,1926.0950073242188,1950.6500024414063,0.010973383713070328,0.1577852472697189,43.23629881968949,-14.341266872032293,-10.973737854826545,93.70999908447266,-0.006783247482764709,3380.800048828125,0.041338745361814144
2020-10-02,1907.5999755859373,1923.5999755859373,1895.199951171875,1911.0,212728,1924.5850036621093,1951.002001953125,-0.004540037061267155,0.15806277725233103,37.61589275484004,-13.338671555054134,-11.446724594872064,93.83999633789062,-0.007824122212282236,3348.419921875,0.015146450625188157
2020-10-05,1920.0999755859373,1924.9000244140625,1891.199951171875,1910.9000244140625,177587,1923.875,1951.4540014648437,0.006552736506594048,0.16008523939576694,40.25369991953156,-11.404003753375491,-11.43818042657275,93.51000213623048,-0.007956715287530503,3408.60009765625,0.017006802225557838
2020-10-06,1908.800048828125,1927.0,1878.199951171875,1917.800048828125,219440,1922.1550048828126,1951.0100024414062,-0.005885072080355602,0.16013751762334988,37.33059280611604,-10.65969688369887,-11.282483717997975,93.83000183105467,-0.0006390196930854408,3360.969970703125,0.007645099558376334
2020-10-07,1890.800048828125,1902.4000244140625,1877.0999755859373,1882.5999755859373,188588,1918.9500061035155,1949.93400390625,-0.00943000814100503,0.1607432782683628,37.7334932562298,-11.390969884565493,-11.30418095131148,93.62999725341795,-0.0027692207681401237,3419.43994140625,0.016782617129423194
2020-10-08,1895.0999755859373,1905.300048828125,1885.300048828125,1890.5999755859373,185453,1915.4900024414062,1948.7680029296876,0.002274130868822999,0.15964775108065526,35.62230253141608,-11.491078848900088,-11.341560530829202,93.61000061035156,-0.0010671056994777661,3446.830078125,0.019530888648609412
2020-10-09,1926.199951171875,1936.800048828125,1898.0,1898.4000244140625,229847,1914.4049987792969,1948.4460009765626,0.016410730825070052,0.16992110999305038,53.66886060482879,-8.957649599298975,-10.864778344523156,93.05999755859376,-0.008312007776388963,3477.139892578125,0.03844200360361194
2020-10-12,1928.9000244140625,1939.4000244140625,1923.800048828125,1935.0,157212,1912.6650024414062,1947.7680004882814,0.00140176166059236,0.16705344301026828,55.016502219462325,-6.655297198105927,-10.02288211523971,93.06999969482422,-0.00470540510484907,3534.219970703125,0.03685380198552801
2020-10-13,1894.5999755859373,1930.5999755859373,1889.300048828125,1927.300048828125,267538,1909.0850036621093,1946.34,-0.01778218072164961,0.17723853486876048,56.3162882132052,-7.511802235334017,-9.520666139258573,93.52999877929688,-0.0031973041234505395,3511.929931640625,0.044915593490387096
2020-10-14,1907.300048828125,1917.5,1885.0,1895.4000244140625,188302,1905.9250061035157,1944.0660009765625,0.006703300647019184,0.17929686542337178,57.18337143704348,-7.084137350761694,-9.033360381559199,93.37999725341795,-0.002670084452991661,3488.669921875,0.020245999828930827
2020-10-15,1908.9000244140625,1913.199951171875,1892.699951171875,1906.0,213574,1903.8750061035157,1941.2580004882811,0.000838869367680628,0.17632982495142316,60.51332199392779,-6.540707980201205,-8.534829901287601,93.86000061035156,0.0026706548271548947,3483.340087890625,0.010592343961871586
2020-10-16,1906.4000244140625,1918.699951171875,1901.0999755859373,1912.699951171875,146910,1901.0900085449218,1937.9980029296876,-0.0013096547582513995,0.1742310953035471,56.37228416113282,-6.239836445087576,-8.075831210047596,93.68000030517578,0.006662398053381091,3483.81005859375,0.0019182909579975593
2020-10-19,1911.699951171875,1923.4000244140625,1900.199951171875,1903.199951171875,159852,1901.1450073242188,1935.672001953125,0.002780070651458022,0.14773792073482736,52.44956772334293,-5.510215456040896,-7.5627080592462566,93.43000030517578,0.0038680628723757327,3426.919921875,-0.030360319877536623
2020-10-20,1915.4000244140625,1917.5999755859373,1896.5999755859373,1906.4000244140625,163912,1901.535009765625,1933.1860034179688,0.0019354884849578369,0.1477457764502488,55.87020946386323,-4.5806180640374805,-6.966290060204502,93.06999969482422,-0.004918198337178659,3443.1201171875,-0.019593162674797382
2020-10-21,1929.5,1936.0,1911.5999755859373,1911.5999755859373,201272,1904.5900085449218,1932.8500024414063,0.0073613738155040576,0.12746994809816586,54.05403784178551,-2.6753158661360885,-6.108095221390819,92.61000061035156,-0.00824584135483264,3435.56005859375,-0.015223527725634178
2020-10-22,1904.5999755859373,1929.4000244140625,1894.199951171875,1927.4000244140625,215581,1905.9750061035156,1931.962001953125,-0.012904910294927574,0.13689621537022773,49.16201117318436,-3.1383965376639935,-5.514155484645454,92.9499969482422,-0.00969532981239929,3453.489990234375,-0.008569389408751626
2020-10-23,1905.199951171875,1917.300048828125,1895.199951171875,1906.5,172958,1907.9200012207032,1930.6580004882812,0.0003150139628418369,0.13481017654194516,45.541583904541234,-3.417582526590877,-5.094840893034539,92.7699966430664,-0.00971395878677317,3465.389892578125,-0.0052873623147698945
2020-10-26,1905.699951171875,1911.0999755859373,1892.5,1906.0,166313,1909.0899963378906,1929.7759985351563,0.0002624396456090139,0.13186788807310446,49.008286408259856,-3.557485138694801,-4.787369742166591,93.0500030517578,-0.004067186687110924,3400.969970703125,-0.007572383295632035
2020-10-27,1911.9000244140625,1913.800048828125,1898.699951171875,1904.4000244140625,153297,1909.525,1928.04,0.003253436218211947,0.12644769300087247,57.301023446772696,-3.1319615688730664,-4.456288107507887,92.94000244140624,-0.0013967686026028492,3390.679931640625,-0.015230425823688831
2020-10-28,1879.199951171875,1912.5999755859373,1869.0999755859373,1909.800048828125,297085,1908.7099975585938,1925.3619995117188,-0.017103443079984793,0.1401004846281495,45.40196653626565,-5.3714351381174765,-4.639317513629805,93.41000366210938,0.008638408881172177,3271.030029296875,-0.0478903079820473
2020-10-29,1868.0,1885.0999755859373,1859.199951171875,1877.5,225159,1906.2949951171875,1923.3159985351563,-0.005959957142873895,0.13466540379868988,30.980438463097443,-7.958238909633792,-5.303101792830603,93.95999908447266,0.010866080359237307,3310.110107421875,-0.041517387691275554
2020-10-30,1879.9000244140625,1890.9000244140625,1863.300048828125,1867.9000244140625,213173,1904.9099975585937,1921.9839990234375,0.006370462748427563,0.13667463546145353,34.89520931044663,-8.944955143065954,-6.031472462877674,94.04000091552734,0.013689816949625344,3269.9599609375,-0.05639478895554584
2020-11-02,1892.5,1897.0999755859373,1873.300048828125,1877.0,164943,1903.5299987792969,1920.8939990234376,0.006702471100751506,0.1367809521570622,49.2526783767183,-8.610960348807566,-6.547370040063653,94.0500030517578,0.010746909910833269,3310.239990234375,-0.02667767761853901
2020-11-03,1910.4000244140625,1912.199951171875,1887.5999755859373,1896.4000244140625,171368,1903.6099975585937,1920.3180004882813,0.009458401275594497,0.1398578750186211,51.06382087426429,-6.823230737953054,-6.602542179641533,93.5500030517578,0.006563380614672765,3369.159912109375,-0.006346815377775039
2020-11-04,1896.199951171875,1917.9000244140625,1881.800048828125,1910.300048828125,293946,1903.8799926757813,1919.78,-0.007433036568633256,0.13822722056057868,45.98861038174886,-6.477599640643803,-6.577553671841988,93.41000366210938,0.0,3443.43994140625,0.05270814103361676
2020-11-05,1946.800048828125,1954.300048828125,1902.199951171875,1903.4000244140625,297512,1906.4649963378906,1919.6660009765626,0.02668500103323934,0.16724776903217167,59.78681488569819,-2.096512219853139,-5.681345381444219,92.52999877929688,-0.015219245626962752,3510.449951171875,0.06052361922970517
2020-11-06,1951.699951171875,1961.800048828125,1937.199951171875,1950.0,246779,1907.7399963378907,1920.0480004882813,0.002516900668201316,0.15770732433720352,59.708726357793566,1.7507309574175451,-4.194930113671867,92.2300033569336,-0.01924710273258723,3509.43994140625,0.07323636476579076
2020-11-09,1854.4000244140625,1966.0999755859373,1848.0,1956.0,496088,1904.0149963378906,1917.6380004882812,-0.049853937178914176,0.23880066328541982,39.819762997876424,-3.016816049132103,-3.959307300763914,92.7300033569336,-0.014035084019059285,3550.5,0.0725808432241839
2020-11-10,1876.4000244140625,1888.9000244140625,1858.9000244140625,1864.0999755859373,264872,1903.104998779297,1915.5940014648438,0.011863675426207587,0.23574786470338213,41.36586105585421,-4.962708250285004,-4.159987490668133,92.75,-0.00855160903966179,3545.530029296875,0.052348395976573814
2020-11-11,1861.5999755859373,1882.5,1853.9000244140625,1876.0999755859373,215170,1900.819995117187,1913.2480004882811,-0.007887469961394222,0.235625862245203,42.770682780706174,-7.611343263115032,-4.850258645157513,93.04000091552734,-0.003961061257640397,3572.659912109375,0.037526419191836746
2020-11-12,1873.300048828125,1883.0,1860.699951171875,1863.9000244140625,209934,1899.0399963378902,1911.8200024414064,0.006284955627217981,0.23701085429688715,44.82984163714164,-8.666406524353306,-5.613488220996672,92.95999908447266,0.0046471448270675175,3537.010009765625,0.007565998365788973
2020-11-13,1886.199951171875,1895.800048828125,1872.0999755859373,1875.5999755859373,162538,1898.029992675781,1910.7880004882813,0.006886191217375881,0.23857265773835085,46.96167168921042,-8.36520853323691,-6.1638322834447195,92.76000213623048,0.005746489862369142,3585.14990234375,0.021573231684131056
2020-11-16,1887.800048828125,1898.0,1861.5,1886.5999755859373,222937,1896.8349975585934,1909.8580004882813,0.0008483181516656391,0.23832704796733178,46.19033155791815,-7.906254071513558,-6.512316641058488,92.56999969482422,-0.0017254788775699081,3626.909912109375,0.02152088779309258
2020-11-17,1885.0999755859373,1892.699951171875,1876.300048828125,1888.199951171875,160884,1895.319995117187,1908.6960009765626,-0.0014302750144877807,0.23816653018355144,51.03039135386253,-7.671965061602577,-6.744246325167307,92.41999816894533,-0.00355797122430912,3609.530029296875,0.018050897741991978
2020-11-18,1873.9000244140625,1884.199951171875,1860.300048828125,1879.5,209000,1892.5399963378902,1907.0760009765625,-0.005941303547252752,0.23688085476792878,51.03039135386257,-8.294418893057127,-7.054280838745271,92.31999969482422,-0.007738620094778659,3567.7900390625,-0.001363094491689143
2020-11-19,1861.5,1872.5999755859373,1850.0,1872.0,222347,1890.3849975585938,1905.02,-0.006617228375318307,0.23384611732720945,46.79218733440394,-9.676748840839082,-7.578774439164034,92.29000091552734,-0.0072073814064529396,3581.8701171875,0.012683059221776816
2020-11-20,1872.4000244140625,1879.199951171875,1859.0999755859373,1864.800048828125,186166,1888.7450012207032,1903.51,0.005855505997347521,0.23509526320011037,46.474928078762055,-9.779976922557125,-8.019014935842652,92.38999938964844,-0.003988817788497356,3557.5400390625,-0.007701174018748924
2020-11-23,1837.800048828125,1875.0,1828.0,1869.800048828125,319657,1885.3500061035156,1900.992001953125,-0.018478944207857007,0.24328201298954866,37.972177853675085,-12.509512908849047,-8.917114530443932,92.51000213623048,-0.000648131779102612,3577.590087890625,-0.013598304180118426
2020-11-24,1804.5999755859373,1836.9000244140625,1797.0999755859375,1835.699951171875,367879,1879.9850036621094,1897.7600024414062,-0.018065117183644563,0.24922273403529224,35.723203430752335,-17.153918593681283,-10.564475343091402,92.2300033569336,-0.0020557759768012884,3635.409912109375,0.007169876023317423
2020-11-25,1805.5,1816.300048828125,1798.5999755859375,1805.199951171875,205754,1876.3000061035157,1894.4600024414062,0.0004987390148725179,0.24355895983934403,23.939506099461013,-20.525414905249136,-12.556663255522949,91.98999786376952,-0.0035745432424779677,3629.64990234375,0.017338425917435618
2020-11-27,1781.9000244140625,1817.0,1770.699951171875,1806.0999755859373,71804,1871.9950073242187,1891.1000024414063,-0.013071157898608465,0.24642817503940598,20.703963660304467,-24.81561189233321,-15.008452982885004,91.79000091552734,-0.0054177050063922705,3638.35009765625,0.015768293830011437
2020-11-30,1775.699951171875,1787.199951171875,1762.300048828125,1785.0,3145,1866.7850036621094,1887.372001953125,-0.0034794731226440723,0.24433470322083392,30.196288994706293,-28.38867107939882,-17.684496602187767,91.87000274658205,-0.005628278455478086,3621.6298828125,0.01801521361566727
2020-12-01,1814.0999755859373,1815.9000244140625,1774.9000244140625,1775.0,203653,1862.8650024414062,1885.442001953125,0.02162528888324866,0.2573719293085471,35.518375213239636,-27.801308995443378,-19.70785908083889,91.30999755859376,-0.012971619824087677,3662.449951171875,0.02371983966762503
2020-12-02,1830.199951171875,1835.699951171875,1810.5,1819.0999755859373,185323,1858.854998779297,1883.8940014648438,0.008874910866330632,0.2570358992190681,42.74492018337608,-25.73997245562623,-20.91428175579636,91.12000274658205,-0.01203513574704973,3669.010009765625,0.009242450911609579
2020-12-03,1841.0999755859373,1847.4000244140625,1826.699951171875,1833.9000244140625,180357,1856.1,1883.3480004882813,0.005955646762575206,0.25768622102776007,42.53245815727233,-22.962114558572466,-21.323848316351583,90.70999908447266,-0.013914542983166966,3666.719970703125,0.010213125055239525
2020-12-04,1840.0,1852.699951171875,1832.0,1844.699951171875,171259,1850.7599975585938,1882.61,-0.0005974556517970298,0.23557228697136487,38.66538646758492,-20.61180098729642,-21.18143885054055,90.6999969482422,-0.011874975012673206,3699.1201171875,0.016702631110292687
2020-12-07,1866.0,1873.0,1824.800048828125,1841.0999755859373,209042,1846.475,1882.6039990234376,0.01413043478260878,0.2424956220624483,45.2234815578769,-16.461420827609572,-20.23743524595436,90.79000091552734,-0.011755761388554942,3691.9599609375,0.01941945488653385
2020-12-08,1874.9000244140625,1879.800048828125,1863.9000244140625,1866.0999755859373,151792,1847.5,1882.4559985351561,0.004769573640976743,0.16507242173509115,47.82424385716954,-12.312130483398505,-18.652374293443188,90.97000122070312,-0.003723539009761412,3702.25,0.01086705603045579
2020-12-09,1838.5,1875.9000244140625,1828.199951171875,1875.4000244140625,219587,1845.604998779297,1881.1619995117187,-0.019414381535057146,0.173871645419163,43.181819250509605,-11.824658452065705,-17.28683112516769,91.08999633789062,-0.0003293064945890656,3672.820068359375,0.0010384432268129018
2020-12-10,1837.4000244140625,1854.199951171875,1831.5,1843.0,164803,1844.395001220703,1880.0,-0.0005983005634688787,0.17193564858247012,45.147007853692706,-11.395729318109716,-16.108610763756097,90.79000091552734,0.0008819516245412995,3668.10009765625,0.00037639278814638466
2020-12-11,1843.5999755859373,1851.800048828125,1826.800048828125,1840.0,153800,1842.9099975585937,1878.5459985351563,0.0033743066776392716,0.17069614081662643,44.08866229832845,-10.435224868187333,-14.973933584642344,90.9800033569336,0.003087171092752916,3663.4599609375,-0.00964017256003924
2020-12-14,1832.0999755859373,1845.5999755859373,1820.0,1845.0,168491,1840.2049987792968,1877.0359985351563,-0.006237795699875259,0.16926656470192003,48.70746710054652,-10.481151867613335,-14.075377241236543,90.70999908447266,-0.0008811744712847736,3647.489990234375,-0.012045084771675763
2020-12-15,1855.300048828125,1859.300048828125,1828.5,1830.5,173607,1838.5799987792968,1875.74,0.0126631043891412,0.17639331723198556,62.04276575793449,-8.546973139950978,-12.969696420979432,90.47000122070312,-0.005496317393543282,3694.6201171875,-0.00206087725369708
2020-12-16,1859.0999755859373,1870.0,1848.199951171875,1857.699951171875,199679,1837.2799987792969,1874.7459985351563,0.0020481467459736447,0.17666280948561425,62.55856828814996,-6.631061482156838,-11.701969433214915,90.4499969482422,-0.007026011805669641,3701.169921875,0.0077188244967003605
2020-12-17,1890.4000244140625,1902.0,1865.9000244140625,1868.4000244140625,219866,1838.104998779297,1874.737998046875,0.01683612997642059,0.1858517232374563,74.53639802744183,-2.557553450790465,-9.873086236730026,89.81999969482422,-0.01068400937241576,3722.47998046875,0.014825081476715019
2020-12-18,1888.9000244140625,1895.699951171875,1881.9000244140625,1891.300048828125,153231,1839.475,1874.6139990234376,-0.0007934828505226088,0.18403304549261218,76.15528199423612,0.5434292341917626,-7.7897831425456685,90.0199966430664,-0.01055184302533907,3709.409912109375,0.012542774224865827
2020-12-21,1882.800048828125,1912.0,1859.0,1892.9000244140625,232045,1839.9950012207032,1873.7460009765625,-0.0032293798015221586,0.1835443506543302,68.65836022615841,2.480173408058363,-5.735791832424862,90.04000091552734,-0.007386155613576695,3694.919921875,0.01300344394847186
2020-12-22,1870.300048828125,1889.4000244140625,1863.699951171875,1883.0,176016,1841.6200012207032,1872.5740014648438,-0.006639048053870722,0.17188433046766732,61.108060292590054,2.9721504854971954,-3.994203368840451,90.6500015258789,0.001989613161789139,3687.260009765625,-0.0019921148016369683
2020-12-23,1878.0999755859373,1883.699951171875,1860.9000244140625,1865.5999755859373,162537,1845.2950012207032,1872.2440014648437,0.004170414668330569,0.15674366963915848,60.42841611273966,3.945948330433339,-2.406173028985693,90.41000366210938,-0.0004421590655853125,3690.010009765625,-0.003015239058173691
2020-12-24,1883.199951171875,1887.4000244140625,1873.0999755859373,1877.300048828125,89405,1849.179998779297,1871.7619995117188,0.0027154973921696968,0.1566512406547891,61.907379941696924,5.070762947077128,-0.9107858337731287,90.33000183105467,0.005678046514843604,3703.06005859375,-0.005216931179453765
2020-12-28,1880.4000244140625,1904.0999755859373,1873.0,1887.0,196760,1854.104998779297,1871.1919995117187,-0.0014867920722226868,0.14680463187659223,54.551213644111414,5.670885507105368,0.4055484344025705,90.33999633789062,0.0035547623501146486,3735.360107421875,0.006995774510599517
2020-12-29,1882.9000244140625,1891.300048828125,1875.5999755859373,1878.0,149267,1859.4650024414063,1870.7219995117186,0.0013295043435128662,0.14508730374340917,52.63504950367659,6.275871723570617,1.57961309223618,90.01000213623047,-0.00033317169026925164,3727.0400390625,0.008693048257240932
2020-12-30,1893.4000244140625,1899.0,1879.5,1881.800048828125,133658,1863.4300048828125,1870.3560009765624,0.005576504256123549,0.12788994193335873,71.8030660160117,7.51595070543317,2.766880614875578,89.62999725341797,-0.011252115336917501,3732.0400390625,0.012144527149774209
2020-12-31,1895.0999755859373,1904.9000244140625,1889.0999755859373,1899.0,130631,1866.6750061035157,1869.95,0.000897829909134451,0.12545656613777015,72.80634882648222,8.537479337920331,3.9210003594845286,89.94000244140625,-0.0051985532758042075,3756.070068359375,0.01790240634007012
2021-01-04,1946.5999755859373,1948.699951171875,1906.0999755859373,1908.199951171875,273370,1871.9500061035155,1870.2919995117188,0.027175347297483388,0.154165040091401,79.97675119228299,13.348791180034823,5.806558523594588,89.87999725341797,-0.00498178421913853,3700.64990234375,-0.0006508552958537361
2021-01-05,1954.4000244140625,1957.0,1938.4000244140625,1946.0,201945,1877.6700073242187,1871.2880004882813,0.0040070116746906415,0.15367112673658972,86.37720267756129,17.58844063601441,8.162934946078554,89.44000244140625,-0.009962297243384932,3726.860107421875,-0.0022755503500482277
2021-01-06,1908.5999755859373,1962.5,1902.5999755859373,1952.800048828125,366605,1879.8000061035157,1871.3560009765624,-0.023434326778549952,0.17426515750744195,63.97482289546936,17.056100096592218,9.941567976181288,89.52999877929688,-0.005332777975131098,3748.139892578125,0.0056612897351466795
2021-01-07,1913.5999755859373,1929.5999755859373,1907.5,1921.5,199982,1881.7350036621094,1871.5140014648437,0.002619721295168187,0.17384546562753742,64.20011144726226,16.84351306318058,11.321956993581146,89.83000183105469,0.0022314468790090025,3803.7900390625,0.019225410030173196
2021-01-08,1835.4000244140625,1918.4000244140625,1827.800048828125,1915.199951171875,443506,1881.5800048828125,1869.9840014648437,-0.040865359620382624,0.2183600616427857,38.484077683402106,10.246834660749528,11.106932527014823,90.0999984741211,0.001778919594972006,3824.679931640625,0.018266396002356355
2021-01-11,1850.800048828125,1856.0,1817.0999755859373,1849.4000244140625,268363,1882.2500061035157,1869.4160034179688,0.008390554761477098,0.2203519743922939,42.4614164320181,6.190215812550605,10.123589184121979,90.54000091552734,0.007343165134378937,3799.610107421875,0.026741304281566958
2021-01-12,1844.199951171875,1864.0,1835.800048828125,1845.4000244140625,240656,1882.2800048828126,1868.9400024414062,-0.003566078172749676,0.22050993923528822,42.37754638624559,2.4149058955135843,8.5818525264003,90.05000305175781,0.006820221307028529,3801.18994140625,0.01994435847923315
2021-01-13,1854.9000244140625,1863.0,1841.5999755859373,1855.0,225988,1883.4200073242187,1868.4400024414062,0.005802013624058633,0.2200548658992827,46.93714739090513,0.28308880153667815,6.922099781427576,90.31999969482422,0.008823868270955826,3809.840087890625,0.016461550817427062
2021-01-14,1851.4000244140625,1857.5999755859373,1826.5999755859373,1845.5999755859373,257661,1883.2250061035156,1867.6180029296875,-0.0018868941473574319,0.21558880892078533,44.59734103201003,-1.6695666288046596,5.203766499381129,90.23999786376952,0.0045641325209579975,3795.5400390625,-0.0021688894274599635
2021-01-15,1829.9000244140625,1856.5999755859373,1822.0999755859373,1847.300048828125,231105,1881.7650085449218,1866.0080029296876,-0.011612833378245369,0.21927551275624507,39.88616659092288,-4.89549818672117,3.1839135621606696,90.77999877929688,0.007547173326213796,3768.25,-0.014754157903199783
2021-01-19,1840.199951171875,1845.0,1800.800048828125,1828.800048828125,331589,1879.2550048828125,1864.8880029296874,0.005628682780694838,0.21083437841711955,42.58301565787535,-6.545501709403197,1.2380305078478961,90.5,-0.00044180378973779355,3798.909912109375,-0.0001842808321654843
2021-01-20,1866.5,1872.0,1831.0999755859373,1839.9000244140625,274396,1878.1350036621093,1863.282001953125,0.014291951704148653,0.21795693516894238,47.218450660309735,-5.665637306874487,-0.14270305509658043,90.47000122070312,0.0046640550217851295,3851.85009765625,0.013327446676147492
2021-01-21,1865.9000244140625,1874.5999755859373,1857.5,1871.0,196937,1877.2900024414062,1861.5660034179687,-0.00032144419284085846,0.21771927520358014,45.17374765521431,-4.959580487738776,-1.1060785416250196,90.12999725341795,-0.0021036585700647814,3853.070068359375,0.011346927816249908
2021-01-22,1856.199951171875,1870.800048828125,1836.300048828125,1870.0999755859373,249715,1876.5849975585938,1861.602001953125,-0.005198602880791325,0.21722780793397206,43.35951028552929,-5.123677648900866,-1.909598363080189,90.23999786376952,0.0,3841.469970703125,0.012101026775617862
2021-01-25,1855.199951171875,1867.4000244140625,1846.199951171875,1855.300048828125,211978,1875.4399963378905,1861.1780004882812,-0.0005387350642740429,0.21658800666570652,31.146880537914583,-5.273626391704283,-2.582403968805008,90.38999938964844,-0.004296093797011347,3855.360107421875,0.02311685992751933
2021-01-26,1850.9000244140625,1860.800048828125,1847.199951171875,1854.9000244140625,170259,1873.825,1860.9640014648437,-0.00231776998220401,0.21632631739662847,28.338230109296035,-5.674023394333972,-3.2007278539108013,90.16999816894533,-0.003646429072427293,3849.6201171875,0.013348620065056549
2021-01-27,1844.9000244140625,1851.5,1828.4000244140625,1849.699951171875,195540,1872.05,1860.3960009765624,-0.003241666173676494,0.21649247077169614,34.00303366956304,-6.401695993039766,-3.8409214817365944,90.6500015258789,0.001989613161789139,3750.77001953125,-0.026241955310385645
2021-01-28,1837.9000244140625,1862.9000244140625,1831.5,1843.4000244140625,27283,1869.8,1859.4300024414063,-0.0037942435402282815,0.21656812213980547,31.17853943033076,-7.457260610338608,-4.5641893074569975,90.45999908447266,0.003661398436825003,3787.3798828125,-0.01704879080354893
2021-01-29,1847.300048828125,1876.0,1838.699951171875,1842.0,276173,1867.4950012207032,1858.6200024414063,0.005114546106532281,0.21638481531188106,54.49735791467638,-7.449427401569665,-5.141236926279531,90.58000183105467,0.0037677745493571724,3714.239990234375,-0.03312012886709159
2021-02-01,1863.9000244140625,1876.0,1851.699951171875,1865.0,242045,1865.9350036621095,1858.1960034179688,0.008986074350221696,0.21928163430688846,54.906353411062035,-6.034181935974402,-5.319825928218506,91.0199966430664,0.006969767205132982,3773.860107421875,-0.021139400141404696
2021-02-02,1833.4000244140625,1866.300048828125,1830.4000244140625,1863.5999755859373,235995,1860.2750061035156,1857.3860034179688,-0.01636353860212436,0.1993275078317845,46.56927411605674,-7.289654212946971,-5.713791585164199,91.1999969482422,0.011422854610322108,3826.31005859375,-0.006055158141364925
2021-02-03,1835.0999755859373,1845.9000244140625,1830.0999755859373,1838.5,137228,1854.3100036621095,1856.8580029296875,0.0009272123645891472,0.1982056150251142,43.32882012878253,-8.054604715804999,-6.18195421129236,91.12000274658205,0.0051847899921873,3830.169921875,0.0211689604881915
2021-02-04,1791.199951171875,1835.699951171875,1784.5999755859375,1834.5,279616,1848.4400024414062,1855.2340014648437,-0.023922415671138175,0.19887720085482674,34.05717780828097,-12.064130792774904,-7.358389527588869,91.52999877929688,0.011828429202448199,3871.739990234375,0.02227400208907193
2021-02-05,1813.0,1816.0,1792.199951171875,1794.300048828125,205758,1843.4100036621094,1854.7380004882812,0.012170639472082634,0.20530208732458893,45.53145780117189,-13.328979171145875,-8.55250745630027,91.04000091552734,0.005078373539124437,3886.830078125,0.046467134149760225
2021-02-08,1834.199951171875,1840.5999755859373,1807.300048828125,1818.0999755859373,177562,1843.35,1855.33,0.011693299046814598,0.1537153793750047,48.49999999999999,-12.476895850789333,-9.337385135198083,90.93000030517578,-0.0009887534740694592,3915.590087890625,0.037555705944164686
2021-02-09,1837.5,1849.5,1830.300048828125,1832.4000244140625,154392,1842.6849975585938,1855.97,0.0017991761618010305,0.15070135743913635,41.80790960451976,-11.403870598114963,-9.75068222778146,90.44000244140624,-0.008333273380121686,3911.22998046875,0.02219368545010436
2021-02-10,1842.699951171875,1856.5999755859373,1834.0,1838.300048828125,176443,1842.6099975585937,1857.1859985351562,0.002829905399659882,0.15058284430732483,43.612313777209536,-10.018411738598388,-9.804228129944846,90.37000274658205,-0.008230904053919574,3909.8798828125,0.020811076940022266
2021-02-11,1826.800048828125,1848.5999755859373,1821.699951171875,1844.300048828125,147019,1841.2049987792968,1858.2080004882812,-0.008628589984841728,0.1519176001004053,42.17254182115054,-10.087136616956059,-9.860809827347088,90.41999816894533,-0.012127178249265125,3916.3798828125,0.011529672108850253
2021-02-12,1823.199951171875,1831.5,1810.0999755859373,1825.4000244140625,171902,1839.7949951171875,1858.39,-0.001970712480853898,0.1519264356342468,41.59663434537195,-10.31321504845323,-9.951290871568318,90.4800033569336,-0.006151115476298763,3934.830078125,0.012349395017328568
2021-02-16,1799.0,1827.0999755859373,1788.0999755859375,1826.0,355922,1838.2499938964843,1857.7660009765625,-0.013273339085118074,0.15360999044749962,37.66047491927275,-12.303292943839097,-10.421691286022474,90.51000213623048,-0.004618917491869712,3932.590087890625,0.004341618917816259
2021-02-17,1772.800048828125,1794.199951171875,1767.9000244140625,1793.0999755859375,257335,1834.8799987792968,1856.4000024414063,-0.014563619328446409,0.1590175046309945,34.36008378105707,-15.812286910415423,-11.499810410901064,90.9499969482422,0.005639036853922974,3931.330078125,0.005139073323896293
2021-02-18,1775.0,1788.800048828125,1766.5999755859375,1776.0,224767,1830.304998779297,1855.1000024414063,0.001240947152121974,0.14783836714761517,36.06555781091038,-18.205807025384956,-12.841009733797843,90.58999633789062,0.0024343652165805807,3913.969970703125,0.001046090420476764
2021-02-19,1777.4000244140625,1790.9000244140625,1759.0,1774.5999755859375,251783,1825.8799987792968,1853.3280029296875,0.0013521264304576786,0.14827945044788618,34.01918632007673,-19.682143549377315,-14.209236496913737,90.36000061035156,-0.0006635430193402403,3906.7099609375,-0.0024690970141679758
2021-02-22,1808.4000244140625,1812.4000244140625,1778.5999755859375,1782.0,221198,1823.4900024414062,1851.9980029296876,0.017441206016760136,0.1635705697549859,38.0952306140596,-18.14158505906471,-14.995706209343933,90.01000213623047,-0.005194531424242088,3876.5,-0.014824039911984
2021-02-23,1805.9000244140625,1815.199951171875,1794.5,1809.300048828125,191147,1821.0250061035156,1851.3460034179689,-0.001382437495160982,0.16354912253628126,43.295948405466554,-16.927283278232153,-15.382021623121577,90.16999816894533,-0.0037565347393694326,3881.3701171875,-0.013024487566309917
2021-02-24,1797.9000244140625,1813.0,1782.199951171875,1805.0,224060,1818.3750061035157,1850.5560034179687,-0.004429924077660741,0.16389576257467006,41.20152120236431,-16.42118036415286,-15.589853371327834,90.18000030517578,-0.008466153588818859,3925.429931640625,-0.0015008016033060123
2021-02-25,1775.4000244140625,1805.0,1763.9000244140625,1804.9000244140625,316252,1814.9000061035156,1849.1920043945313,-0.012514600197156556,0.16851729676994698,45.84212186608364,-17.63239682333119,-15.998362061728507,90.12999725341795,-0.00507781325828649,3829.340087890625,-0.021622517149076814
2021-02-26,1728.800048828125,1773.800048828125,1714.9000244140625,1770.9000244140625,362549,1809.4450073242188,1847.126005859375,-0.02624759206101568,0.18947247949029813,30.40036598395126,-22.097793562325478,-17.218248361847902,90.93000030517578,0.006308097509673205,3811.14990234375,-0.02446049477674006
2021-03-01,1723.0,1757.4000244140625,1717.199951171875,1732.800048828125,241917,1803.2300048828124,1844.4800048828124,-0.0033549564231309947,0.1870387656273155,22.116347634871232,-25.80717902147535,-18.93603449377339,91.04000091552734,0.011443159147335402,3901.820068359375,0.006531682796175664
2021-03-02,1733.5999755859375,1737.800048828125,1704.5999755859375,1722.800048828125,235964,1796.7150024414063,1841.9700048828124,0.0061520461903292745,0.184804670582318,24.866930256867562,-27.573711696045393,-20.663569934227795,90.79000091552734,0.00687593167541567,3870.2900390625,-0.0028546821845036874
2021-03-03,1715.800048828125,1739.0999755859375,1699.4000244140625,1736.5,255653,1790.8350036621093,1838.4780053710938,-0.010267609026584301,0.18041443969428247,21.067027960973093,-30.06345411183247,-22.54354676974873,90.9499969482422,0.008538441344651648,3819.719970703125,-0.026929524352334755
2021-03-04,1700.699951171875,1721.5999755859375,1687.5999755859375,1708.4000244140625,277449,1784.1150024414062,1834.71400390625,-0.008800616171192654,0.18073314268163573,21.144142412757432,-32.876069730833024,-24.610051361965592,91.62999725341795,0.016642627823259204,3768.469970703125,-0.015895719834335797
2021-03-05,1698.5,1705.699951171875,1683.0,1695.300048828125,269333,1779.4800048828124,1831.0280029296875,-0.001293556320948408,0.16431098398318045,21.28050775886402,-34.88052457161439,-26.664146003895354,91.9800033569336,0.011547377633716494,3841.93994140625,0.008078936764876365
2021-03-08,1678.0,1712.0,1673.300048828125,1701.5999755859375,273905,1772.7300048828124,1827.182001953125,-0.012069473064468594,0.15780545596638268,21.649471562294778,-37.68879517824803,-28.86907583876589,92.30999755859376,0.013949875113081323,3821.35009765625,-0.020623701065990097
2021-03-09,1716.9000244140625,1718.699951171875,1676.699951171875,1679.300048828125,248946,1766.865008544922,1823.9580029296876,0.023182374501825143,0.17689523122219494,37.63820644624182,-36.356369401944676,-30.36653455140165,91.95999908447266,0.012886861517204862,3875.43994140625,0.001330624395529112
2021-03-10,1721.800048828125,1725.300048828125,1705.5999755859375,1714.5,226890,1761.080010986328,1820.7300048828124,0.002853995191557379,0.17733284962463378,38.37413902567851,-34.507243334466466,-31.194676308014614,91.79000091552734,0.009235887800668863,3898.81005859375,0.020705729345930735
2021-03-11,1722.5999755859375,1738.0,1716.800048828125,1725.0,215341,1755.0750122070312,1817.57400390625,0.00046458748700639596,0.1764650093930674,37.940127507626705,-32.60144108058262,-31.476029262528215,91.41999816894533,-0.002291815898366134,3939.340087890625,0.04534204027519917
2021-03-12,1719.800048828125,1728.0,1696.5999755859375,1720.5,232207,1749.7250122070313,1814.3120043945312,-0.0016254074059534052,0.17541093334613245,27.738685946017895,-30.960120753170713,-31.372847560656716,91.68000030517578,-0.0032616116635006964,3943.340087890625,0.026392954609087305
2021-03-15,1729.199951171875,1733.199951171875,1719.199951171875,1726.5,163045,1745.0250122070313,1811.0280029296875,0.005465694892935469,0.17793258056758168,31.374415956071232,-28.571514375176548,-30.81258092356068,91.83000183105467,-0.00519982385693829,3968.93994140625,0.038622434474276934
2021-03-16,1730.9000244140625,1740.5,1724.4000244140625,1730.699951171875,173891,1741.6200134277344,1807.74400390625,0.0009831559624065012,0.17371909968830693,33.21642054843615,-26.238879440047185,-29.897840626857985,91.87000274658205,-0.0009786465722769755,3962.7099609375,0.02251873873694521
2021-03-17,1727.0999755859375,1750.5999755859375,1722.0,1730.0,220553,1739.335009765625,1803.35400390625,-0.0021954178603766916,0.16715694295123693,36.65006221608009,-24.41543568582142,-28.801359638650673,91.4000015258789,-0.004248822156645904,3974.1201171875,0.01931616505085998
2021-03-18,1732.5,1754.199951171875,1716.5999755859375,1744.0,251758,1737.210009765625,1798.9160034179688,0.0031266426323874885,0.1676632323976496,51.32424927168474,-22.277801900211443,-27.49664809096283,91.8499984741211,0.004703569391689477,3915.4599609375,-0.00606196124740066
2021-03-19,1741.699951171875,1746.0999755859375,1727.0999755859375,1733.699951171875,213282,1735.4250061035157,1795.5780029296875,0.005310217126623273,0.16903225442005218,56.533882010519726,-19.615240272131587,-25.92036652719658,91.91999816894533,0.0026177777374636335,3913.10009765625,-0.00766862344113739
2021-03-22,1738.0999755859375,1747.0,1726.4000244140625,1745.5999755859375,196311,1731.9100036621094,1792.0680029296875,-0.002066932127726906,0.15441752312288246,51.65319795861623,-17.592829752461057,-24.254859172249475,91.8000030517578,-0.00032667732438973474,3940.590087890625,-0.007142928321958952
2021-03-23,1725.0999755859375,1742.0,1722.699951171875,1738.5,226204,1727.8700012207032,1789.862001953125,-0.007479431668260372,0.15563967944834242,53.54148208131394,-16.844869034742487,-22.772861144748077,92.33999633789062,0.005115854764966343,3910.52001953125,-0.013170265278234727
2021-03-24,1733.199951171875,1737.699951171875,1722.300048828125,1725.9000244140625,186524,1724.6349975585938,1787.51,0.004695365892163128,0.1572987983829286,63.07323051782249,-15.420743707341444,-21.302437657266754,92.52999877929688,0.012363208255505631,3889.139892578125,-0.021383406163756224
2021-03-25,1725.0999755859375,1744.800048828125,1720.300048828125,1733.199951171875,226207,1722.1199951171875,1785.1280004882813,-0.00467342246372715,0.1525964886188057,60.215057795962295,-14.775392928257588,-19.99702871146492,92.87999725341795,0.011213922660946674,3909.52001953125,-0.0015170481796543678
2021-03-26,1732.300048828125,1735.5,1718.800048828125,1725.5,172944,1722.2949951171875,1782.6760009765626,0.004173713607376284,0.12201986954386083,73.22501890055176,-13.527030857766704,-18.703029140725278,92.7699966430664,0.009247155037566568,3974.5400390625,0.0157010911739901
2021-03-29,1712.199951171875,1732.5999755859375,1703.300048828125,1731.5,135457,1721.7549926757813,1779.8919995117187,-0.011603127108290145,0.1284847606230878,47.60444729261419,-13.99824180237897,-17.762071673056017,92.94000244140624,0.012418293592056706,3971.090087890625,0.007739957549435461
2021-03-30,1683.9000244140625,1712.5999755859375,1676.5,1711.0,25316,1719.2699951171876,1776.9719995117186,-0.01652840063360783,0.138268153646267,34.40326646418714,-16.465444058155754,-17.502746150075964,93.3000030517578,0.010396434393979304,3958.550048828125,0.012282261452949195
2021-03-31,1713.800048828125,1713.800048828125,1676.5,1683.699951171875,210770,1719.1699951171875,1774.4440014648437,0.017756413077116395,0.14978120919196103,47.078377096817334,-15.825609757620896,-17.167318871584953,93.2300033569336,0.007565163588798551,3972.889892578125,0.021534324378463587
2021-04-01,1728.4000244140625,1732.0,1706.4000244140625,1709.0,170430,1720.554998779297,1771.682001953125,0.008519065917824475,0.14892360586932601,52.647775336538935,-13.979295831456056,-16.529714263559175,92.93000030517578,0.0005383618996175343,4019.8701171875,0.02822599631283662
2021-04-05,1728.800048828125,1734.4000244140625,1721.5999755859375,1730.0,101746,1722.070001220703,1768.9400024414062,0.0002314420321753996,0.1487307593280453,49.86965385858001,-12.341534587538945,-15.69207832835513,92.5999984741211,-0.0018324692799049913,4077.909912109375,0.02600800898492328
2021-04-06,1743.0,1746.699951171875,1728.199951171875,1729.199951171875,152598,1725.320001220703,1766.6760034179688,0.008213761436147937,0.14252190613443733,53.646767271033575,-9.784984407368256,-14.510659544157756,92.33999633789062,-0.006455843423222252,4073.93994140625,0.025899652548617258
2021-04-07,1741.5999755859375,1745.4000244140625,1731.199951171875,1744.4000244140625,122802,1726.554998779297,1764.40400390625,-0.0008032268583261226,0.11851612332472154,54.434250764526,-7.782162317389293,-13.164960098804062,92.45999908447266,-0.009003257661408193,4079.949951171875,0.030667769977971826
2021-04-08,1758.199951171875,1759.4000244140625,1733.5999755859375,1738.5999755859375,144574,1728.3749938964843,1762.5500024414061,0.00953145143468026,0.12240166864391198,57.35545459500176,-4.800099524169809,-11.491987983877213,92.05999755859376,-0.012549670237170685,4097.169921875,0.031282022068884086
2021-04-09,1744.800048828125,1758.199951171875,1730.800048828125,1756.5,171395,1729.4849975585937,1760.5480029296875,-0.007621375677333342,0.12624134943515802,50.86643357979405,-3.477961630702339,-9.889182713242237,92.16000366210938,-0.00828577037057776,4128.7998046875,0.02709781269654865
2021-04-12,1732.699951171875,1746.199951171875,1727.0,1744.5,125360,1730.1299926757813,1758.4440014648437,-0.0069349480270687325,0.12890093265371536,48.55922526399167,-3.3677136738608624,-8.584888905365963,92.13999938964844,-0.00496759278674519,4127.990234375,0.012280879996125371
2021-04-13,1747.5999755859375,1749.5,1723.199951171875,1732.199951171875,175594,1731.0499938964845,1756.45,0.00859931022909377,0.13099555545216562,55.94294616913408,-2.0543526299277346,-7.278781650278318,91.8499984741211,-0.0053064531427587935,4141.58984375,0.01660552274130933
2021-04-14,1736.300048828125,1750.699951171875,1732.300048828125,1746.4000244140625,145260,1731.3199951171875,1753.8980004882812,-0.006465968708899705,0.13332564073351183,50.80522017045455,-1.903373289806268,-6.203699978183908,91.69000244140624,-0.008327889365031704,4124.66015625,0.010958518024291708
2021-04-15,1766.800048828125,1770.5999755859375,1734.4000244140625,1736.5999755859375,198143,1733.304998779297,1752.5660009765625,0.01756608831554507,0.14644519801459216,59.702203002509,0.6696546637338088,-4.829029049800365,91.66999816894533,-0.004236361068771677,4170.419921875,0.0178781943138151
2021-04-16,1780.199951171875,1784.699951171875,1760.300048828125,1764.800048828125,173498,1735.6899963378905,1751.4680004882812,0.007584277775313453,0.14807788490970364,60.832187715665974,3.746866442063265,-3.113849951427639,91.55999755859376,-0.00651048263534626,4185.47021484375,0.013725637676089475
2021-04-19,1770.5999755859375,1790.4000244140625,1766.5999755859375,1778.800048828125,180726,1737.1349975585938,1751.0560009765625,-0.005392638944641037,0.1491989461586385,63.86517067549716,5.349278000086088,-1.4212243611248938,91.06999969482422,-0.011612759951292406,4163.259765625,0.008543995806070459
2021-04-20,1778.4000244140625,1780.800048828125,1763.5,1770.5,169041,1739.15,1750.3640014648438,0.004405313981518555,0.14928080477560457,74.855358447773,7.16599433525289,0.2962193781506628,91.23999786376952,-0.006641269684108275,4134.93994140625,-0.0016056400065267429
2021-04-21,1793.0999755859375,1798.4000244140625,1776.5999755859375,1779.0999755859375,173968,1742.55,1749.542001953125,0.008265829380382561,0.14760795394955478,72.67010474050778,9.680329513720835,2.1730414052646974,91.16000366210938,-0.0057803333535251245,4173.419921875,0.011821523174731174
2021-04-22,1782.0,1798.0999755859375,1777.0999755859375,1794.5,163753,1744.9900024414062,1748.432001953125,-0.006190382988717769,0.14998648518942453,65.63595224580462,10.654464954226796,3.869326115057117,91.33000183105467,-0.0037089161632145595,4134.97998046875,-0.008497931160446837
2021-04-23,1777.800048828125,1796.300048828125,1769.5,1784.0,175847,1747.6250061035157,1747.13400390625,-0.002356874956158772,0.14895773988428024,63.98404164889955,10.961219237730575,5.287704739591809,90.86000061035156,-0.0076452268120064115,4180.169921875,-0.0012663554383812725
2021-04-26,1780.0999755859375,1783.0999755859375,1768.199951171875,1776.0999755859375,143358,1750.0150024414063,1746.2000024414062,0.0012936925945796762,0.14863473703601862,61.35947571708038,11.260109551779578,6.482185702029362,90.80999755859376,-0.0028549702108457975,4187.6201171875,0.0058512687014240505
2021-04-27,1778.800048828125,1785.9000244140625,1773.9000244140625,1781.0999755859375,147945,1753.3450073242188,1745.3120043945312,-0.0007302549158142435,0.14082087076944302,61.397110247275286,11.262264676958011,7.4382014970150925,90.91000366210938,-0.0036167712558790033,4186.72021484375,0.01252261802377963
2021-04-28,1773.9000244140625,1782.699951171875,1761.800048828125,1776.4000244140625,198578,1757.8450073242188,1744.8100048828126,-0.0027546797164136327,0.12438086656585788,55.18155484918439,10.744723130298553,8.099505823671786,90.61000061035156,-0.0060333811941960525,4183.18017578125,0.0023386704642616163
2021-04-29,1768.300048828125,1789.9000244140625,1754.5999755859375,1781.9000244140625,231520,1760.5700073242188,1744.7200048828124,-0.0031568721511163744,0.11221950334649491,58.17677380333472,9.770073175145399,8.433619293966508,90.61000061035156,-0.007883512605583842,4211.47021484375,0.018498332455367583
2021-04-30,1767.699951171875,1773.300048828125,1763.300048828125,1772.4000244140625,167292,1762.5350036621094,1744.57400390625,-0.0003393641574842565,0.10933340921984135,63.237548246505014,8.847247634567793,8.516344962086766,91.27999877929688,0.004622475964384476,4181.169921875,0.00023922472499671166
2021-05-03,1791.800048828125,1798.9000244140625,1765.5999755859375,1768.0999755859375,204543,1765.6850036621095,1744.8620043945311,0.013633590723512334,0.1178618043042552,65.62947027099824,9.945927749034581,8.802261519476328,90.9499969482422,0.0015416737519247103,4192.66015625,0.001203556894240121
2021-05-04,1776.0,1799.5,1769.199951171875,1793.199951171875,246585,1767.3350036621093,1744.21400390625,-0.008817975442325987,0.12106435376929676,63.60520142033379,9.432970351014092,8.928403285783881,91.29000091552734,0.004179927819938589,4164.66015625,-0.00526905488347118
2021-05-05,1784.300048828125,1788.0999755859375,1769.300048828125,1778.4000244140625,178811,1769.4700073242188,1743.7820043945312,0.0046734509167369875,0.12156279107798086,57.073567868949524,9.585694571321483,9.0598615428914,91.30999755859376,0.007725382888500221,4167.58984375,-0.0037269090443464714
2021-05-06,1815.699951171875,1818.5999755859373,1781.800048828125,1787.0,287629,1772.3450073242188,1744.1380029296874,0.017597882354132288,0.13180134132624724,62.526468677798015,12.100947129509905,9.668078660215102,90.9499969482422,0.0037523047743119875,4201.6201171875,-0.0023388738739104076
2021-05-07,1831.300048828125,1844.5999755859373,1813.4000244140625,1815.4000244140625,367695,1776.6700073242187,1745.2560034179687,0.008591781723726655,0.12922605202771342,70.54842354162415,15.178136301472023,10.770090188466487,90.2300033569336,-0.011503017489099987,4232.60009765625,0.0123004270915128
2021-05-10,1837.5999755859373,1846.300048828125,1830.5,1835.4000244140625,269707,1781.9150085449219,1747.432001953125,0.0034401390213709693,0.1243858048349689,70.2462280928803,17.91862754449926,12.199797659673042,90.20999908447266,-0.008136315432651031,4188.43017578125,-0.0010089013445185868
2021-05-11,1836.0999755859373,1842.5,1817.800048828125,1836.199951171875,311104,1786.3400085449218,1749.6940014648437,-0.0008162821179411583,0.12322117417589465,66.16541353383452,19.741877064882374,13.708213540714908,90.13999938964844,-0.01259723424631165,4152.10009765625,-0.0030158663906587613
2021-05-12,1822.800048828125,1844.699951171875,1813.0,1838.199951171875,339207,1790.6650085449219,1751.4780029296876,-0.007243574388463236,0.12400019956432445,65.0887809035735,19.884407437039272,14.943452319979782,90.70999908447266,-0.006571005258609097,4063.0400390625,-0.025086394920625366
2021-05-13,1824.0,1829.0999755859373,1808.4000244140625,1816.199951171875,249928,1793.5250061035156,1753.642001953125,0.0006583010422049895,0.11047236853412,67.47351294850705,19.86519619888395,15.927801095760616,90.75,-0.002198976964848276,4112.5,-0.02121089358434325
2021-05-14,1838.0999755859373,1847.0999755859373,1819.0,1826.4000244140625,224380,1796.4200073242187,1756.390002441406,0.0077302497729918596,0.11057810607253352,70.13888888888891,20.748545033977962,16.891949883404084,90.31999969482422,0.0009974103351699792,4173.85009765625,-0.013880356906983082
2021-05-17,1867.5999755859373,1869.300048828125,1841.0999755859373,1845.9000244140625,267705,1801.2700073242188,1759.7720019531248,0.01604918143290668,0.11844490259374332,75.78393989209333,23.557453152253856,18.225050537174038,90.22000122070312,0.00011087613714644284,4163.2900390625,-0.006002281442846424
2021-05-18,1868.0,1875.9000244140625,1863.5,1867.300048828125,229016,1805.7500061035157,1763.5720019531248,0.00021419170019920664,0.11857723388791434,78.05603294222816,25.521614415817112,19.684363312902654,89.75,-0.004326596320048615,4127.830078125,-0.005845239507821565
2021-05-19,1881.5,1891.300048828125,1852.199951171875,1870.199951171875,398212,1810.1700073242187,1766.8640014648436,0.007226980728051391,0.11796149792034256,82.23231441290895,27.846565668855874,21.3168037840933,90.19000244140624,-0.00573251734444602,4115.68017578125,0.012955849859381585
2021-05-20,1881.9000244140625,1885.300048828125,1864.199951171875,1869.9000244140625,223568,1815.1650085449219,1770.0660009765622,0.00021260930856370486,0.11387038420441035,82.55417826299686,29.382679673140956,22.92997896190283,89.80999755859375,-0.01035815362431125,4159.1201171875,0.01133619870820679
2021-05-21,1876.699951171875,1890.300048828125,1870.300048828125,1878.0999755859373,234291,1820.1100036621094,1773.148000488281,-0.0027632037699806267,0.11412118949120838,77.12456943889784,29.836521786259254,24.311287526774116,90.0199966430664,-0.0033215572716062125,4155.85986328125,-0.004310225320526495
2021-05-24,1884.5,1887.9000244140625,1875.699951171875,1883.5,183312,1825.3300048828125,1776.4419995117184,0.004156257809488695,0.11409404525815296,86.53198653198665,30.474304866458624,25.54389099471102,89.83000183105469,-0.00432275974696994,4197.0498046875,0.008108915138807404
2021-05-25,1898.0,1901.199951171875,1873.199951171875,1881.199951171875,316673,1831.2900024414062,1779.8180004882809,0.007163703900238794,0.11422359490713652,86.98763412251522,31.703630016284933,26.775838799025802,89.63999938964844,-0.001225633541521609,4188.1298828125,0.014608112142758145
2021-05-26,1901.199951171875,1913.300048828125,1890.699951171875,1900.0,170526,1837.6549987792969,1783.2239990234373,0.0016859595215357182,0.11218507306081119,84.06374501992045,32.5607483323804,27.932820705696724,90.04000091552734,-0.0016631724339550846,4195.990234375,0.01951319227046233
2021-05-27,1895.699951171875,1903.9000244140625,1888.199951171875,1896.800048828125,35794,1844.0249938964844,1786.595998535156,-0.0028929098155140442,0.1119812194946757,77.9029275743742,32.42247067880999,28.830750700319378,89.97000122070312,0.0017815796287599106,4200.8798828125,0.010040528873505927
2021-05-28,1902.5,1905.4000244140625,1881.9000244140625,1897.5,198141,1850.7649963378906,1789.9959985351559,0.0035870913136444305,0.11105549708233725,77.9982790090717,32.48710067807042,29.562020695869588,90.02999877929688,0.00011111016000286966,4204.10986328125,0.011610112368395376
2021-06-01,1905.0,1919.199951171875,1894.5,1906.800048828125,290653,1856.4249938964845,1793.2619995117184,0.0013140604467805073,0.1048849314343946,79.46963645192128,32.3669435472566,30.123005266146993,89.83000183105469,0.0,4202.0400390625,0.0011889862182303812
2021-06-02,1909.9000244140625,1911.800048828125,1896.4000244140625,1903.0,166036,1863.1199951171875,1796.698000488281,0.0025721912934710822,0.0950691352013896,90.13819243884959,32.294834425977115,30.55737109811302,89.9000015258789,0.0029005147032663547,4208.1201171875,0.004773069349409909
2021-06-03,1873.300048828125,1912.300048828125,1866.699951171875,1910.5,278578,1867.5699951171875,1799.6620019531247,-0.01916329395155958,0.12472051822552804,67.12995088350314,28.95065020243851,30.23602691897812,90.5,0.0051088302953730125,4192.85009765625,-0.000748366069354689
2021-06-04,1892.0,1899.0,1855.5999755859373,1872.699951171875,228826,1871.3849975585938,1802.8380029296873,0.009982357702693179,0.11501806084194321,68.14814145019417,27.49237490480232,29.68729651614296,90.13999938964844,0.0018894983509925023,4229.89013671875,0.006905756583267975
2021-06-07,1898.800048828125,1902.9000244140625,1883.699951171875,1894.300048828125,146018,1874.7599975585938,1806.312004394531,0.0035941061459434653,0.11261126218558057,62.40064819441958,26.579002143316075,29.065637641577588,89.94999694824219,-0.0008886130416463356,4226.52001953125,0.005330535352020771
2021-06-08,1894.4000244140625,1906.9000244140625,1885.699951171875,1901.5999755859373,173604,1877.6,1809.5540039062498,-0.0023172657999340762,0.11337494554304435,60.16948754047453,25.209502993527394,28.29441071196755,90.08000183105467,0.002783034564222353,4227.259765625,0.0060017815937152275
2021-06-09,1895.5,1901.699951171875,1889.300048828125,1894.4000244140625,147332,1880.570001220703,1813.2200048828122,0.0005806458888100163,0.11309674581681384,55.96251385506716,23.93699313096431,27.422927195766903,90.12000274658205,0.002447177051935867,4219.5498046875,0.002716102958496114
2021-06-10,1896.4000244140625,1903.0,1871.800048828125,1891.4000244140625,250551,1884.25,1817.4700048828122,0.0004748216375956016,0.1082926780576193,56.14927140990518,22.73902304226067,26.486146365065657,90.08000183105467,-0.004640863745252188,4239.18017578125,0.011049781663050151
2021-06-11,1879.5999755859373,1906.199951171875,1876.0999755859373,1901.9000244140625,220455,1887.0299987792969,1820.7860034179685,-0.008858916163173913,0.11492664670886911,51.119699490510015,20.20113348741711,25.22914378953595,90.55999755859376,0.004659398400146397,4247.43994140625,0.0041489977565030145
2021-06-14,1865.9000244140625,1879.699951171875,1845.699951171875,1879.5999755859373,242302,1888.4200012207032,1823.5360034179685,-0.007288758964579145,0.11652952992167188,43.13147258782705,16.88967253486976,23.561249538602716,90.5199966430664,0.006336850629936164,4255.14990234375,0.006773866604250722
2021-06-15,1856.4000244140625,1870.9000244140625,1853.0,1867.800048828125,155343,1887.8600036621094,1826.0880029296873,-0.00509137674886051,0.10317813196197506,34.17048407279998,13.34491341210628,21.517982313303428,90.54000091552734,0.00510656166876422,4246.58984375,0.0045727206740846515
2021-06-16,1861.4000244140625,1866.0,1804.4000244140625,1861.0,234104,1887.5300048828126,1828.4560034179685,0.0026933850109047697,0.10370972396788657,35.06009576832314,10.814462094703458,19.377278269583435,91.12999725341795,0.011207217887864607,4223.7001953125,0.0009836098202677945
2021-06-17,1774.800048828125,1826.4000244140625,1767.9000244140625,1812.300048828125,385888,1882.1950073242188,1829.1200048828123,-0.046524107902705,0.19139424174194986,21.791909753432833,1.8004128722793666,15.861905190122622,91.88999938964844,0.020093222932970445,4221.85986328125,-0.004085769366197756
2021-06-18,1769.0,1797.9000244140625,1761.199951171875,1773.9000244140625,264605,1876.5500061035157,1829.3360058593746,-0.0032680012782029255,0.19105543232976652,18.706054983706807,-5.745075887957682,11.540508974506562,92.2300033569336,0.01844087724559973,4166.4501953125,-0.019067896712139487
2021-06-21,1782.9000244140625,1786.9000244140625,1764.0999755859375,1764.300048828125,195523,1871.860009765625,1830.0980053710934,0.007857560437570577,0.19492382025004798,22.83045487610167,-10.482478799409591,7.135911419723332,91.86000061035156,0.014803402750543482,4224.7900390625,-0.007134851645185902
2021-06-22,1777.4000244140625,1790.0999755859375,1771.199951171875,1783.199951171875,172745,1866.5050109863282,1830.9920068359372,-0.003084861699863106,0.19333882015667364,20.59476891168353,-14.513407247989562,2.806047686180753,91.7300033569336,0.013143388881964979,4246.43994140625,-3.529946363212133e-05
2021-06-23,1783.4000244140625,1795.5999755859375,1773.0999755859375,1779.0999755859375,179273,1860.7750122070313,1831.7080078124998,0.0033757172935664492,0.19119253873875933,26.91320220967873,-17.02751463935033,-1.1606647789254634,91.8000030517578,0.007352198162331458,4241.83984375,0.004294729170794653
2021-06-24,1776.699951171875,1788.5999755859375,1772.699951171875,1778.199951171875,152232,1854.5500122070312,1832.5160058593747,-0.0037569099195167155,0.19038312463660806,18.44555950503782,-19.337689923817834,-4.796069807903938,91.81999969482422,-0.0007617770735571794,4266.490234375,0.010571258293510244
2021-06-25,1777.800048828125,1791.0,1773.5999755859375,1775.699951171875,161203,1848.6550170898438,1832.7360058593747,0.0006191803267199258,0.19089284170333243,15.819256185921788,-20.839526702046214,-8.004761186732393,91.80999755859376,-0.0045538955117934155,4280.7001953125,0.027421424628701452
2021-06-28,1780.699951171875,1786.0999755859375,1770.4000244140625,1782.0,160788,1842.5650146484375,1832.7460058593747,0.0016311746338748545,0.19010394394755592,17.60683927141811,-21.547360723640622,-10.713281094114041,91.87999725341795,0.00021768607591465816,4290.60986328125,0.015579430838024821
2021-06-29,1763.5999755859375,1779.199951171875,1750.0999755859375,1778.800048828125,239910,1835.4950134277344,1832.6060058593748,-0.009602951679020366,0.1905897220005075,15.561373280578593,-23.220478186461605,-13.214720512583554,92.0500030517578,0.0034884954007801117,4291.7998046875,0.010681856780536236
2021-06-30,1771.5999755859375,1774.699951171875,1753.199951171875,1761.9000244140625,177887,1828.580010986328,1832.4700048828122,0.0045361760664246464,0.1915826476173848,18.58006357979312,-23.62852772928227,-15.297481955923299,92.44000244140624,0.006971670679440045,4297.5,0.013121701502240901
2021-07-01,1776.800048828125,1783.4000244140625,1765.9000244140625,1770.800048828125,171443,1823.7550109863282,1832.144006347656,0.0029352412022176644,0.18379662298604582,22.513406510194855,-23.2641330357701,-16.890812171892662,92.5999984741211,0.008494868023189994,4319.93994140625,0.012527793126211106
2021-07-02,1783.300048828125,1795.9000244140625,1774.4000244140625,1777.5,205858,1818.3200134277345,1832.1700073242184,0.0036582619435918673,0.17938355303092182,27.03006199237842,-22.195001774063712,-17.951650092326872,92.2300033569336,0.004574728346679047,4352.33984375,0.016735497738418426
2021-07-06,1794.199951171875,1815.699951171875,1784.699951171875,1787.5,276597,1813.0900085449218,1832.4980053710935,0.006112208851736911,0.18080815562753969,32.83663131883715,-20.234920948734725,-18.408304263608443,92.5500030517578,0.0072921834824599685,4343.5400390625,0.012336282595680093
2021-07-07,1802.0999755859373,1810.199951171875,1794.0999755859375,1797.0,171075,1808.4750061035156,1832.9380053710934,0.0044030903071323735,0.1825941635587092,33.89461776960874,-17.838446320944968,-18.29433267507575,92.63999938964844,0.006409520025316029,4358.1298828125,0.015455072730222508
2021-07-08,1800.199951171875,1819.5,1793.5,1803.800048828125,249340,1803.7100036621093,1833.3660034179684,-0.0010543390709744083,0.18232866453195276,62.77659200821339,-15.909148245924598,-17.81729578924552,92.36000061035156,-0.0008654460075916415,4320.81982421875,0.00542636980075617
2021-07-09,1810.5999755859373,1813.0,1796.5999755859375,1803.199951171875,185581,1799.4200012207032,1834.1000024414059,0.00577714959235065,0.18443980223811,69.9999647874512,-13.386657513138061,-16.93116813402403,92.12999725341795,-0.00507560721865985,4369.5498046875,0.01148392430314682
2021-07-12,1805.9000244140625,1811.0,1791.0,1808.5,201416,1795.7350036621094,1834.8520019531247,-0.0025957976556106876,0.18279424338371691,62.13079543962041,-11.632717488191247,-15.871478004857474,92.2300033569336,0.0,4384.6298828125,0.007419006838096154
2021-07-13,1809.9000244140625,1818.0,1798.699951171875,1806.699951171875,242177,1792.9350036621095,1835.6960034179685,0.002214962038830315,0.1822133277949915,67.41692550443943,-9.806893052826126,-14.658561014451205,92.75,0.0021609610118582534,4369.2099609375,0.005909907965425454
2021-07-14,1825.0,1831.0999755859373,1804.9000244140625,1808.300048828125,229879,1791.3650024414062,1836.3600024414059,0.00834298877410422,0.1848811572200018,70.31248323619783,-7.0600879008518405,-13.138866391731334,92.41000366210938,-0.002482682740224229,4374.2998046875,0.0037102891170752716
2021-07-15,1829.0,1835.0,1820.5999755859373,1828.699951171875,175611,1789.7450012207032,1837.420002441406,0.0021917808219178436,0.18476447245129687,76.22872339123028,-4.508487421090194,-11.412790597603106,92.62000274658205,0.002815094570293164,4360.02978515625,0.009074657711419354
2021-07-16,1815.0,1832.699951171875,1809.5,1830.699951171875,184655,1791.7549987792968,1838.0340014648434,-0.007654455986878084,0.07772938291360944,66.51864989625108,-3.5748005788711907,-9.845192593856723,92.69000244140624,0.006078424016967121,4327.16015625,-0.00970114779147857
2021-07-19,1809.199951171875,1818.0,1795.0,1811.5999755859373,249675,1793.7649963378906,1837.9040014648435,-0.0031956191890495367,0.0776754467106682,62.33766233766244,-3.265223038306658,-8.52919868274671,92.88999938964844,0.0071559797104270295,4258.490234375,-0.028768596622478992
2021-07-20,1811.4000244140625,1825.9000244140625,1805.199951171875,1813.5,221136,1795.1899963378905,1837.5060009765623,0.0012160475909599455,0.07351873200238726,73.75745647457418,-2.809961595030927,-7.385351265203553,92.97000122070312,0.002371980816206154,4323.06005859375,-0.010562527952730272
2021-07-21,1803.4000244140625,1814.4000244140625,1794.300048828125,1810.5999755859373,218636,1796.4899963378907,1836.8220019531248,-0.004416473386428144,0.07459686383274565,65.8051779118475,-3.059429562891637,-6.52016692474117,92.75,0.003679215717097062,4358.68994140625,-0.0035685398756899467
2021-07-22,1805.4000244140625,1808.4000244140625,1791.9000244140625,1803.9000244140625,193318,1797.5899963378906,1836.2080029296876,0.0011090162875260212,0.07396461034592546,64.68170863302603,-3.0604722207554005,-5.828227983944017,92.81999969482422,0.002159327815929535,4367.47998046875,0.0017087487195304174
2021-07-23,1801.800048828125,1810.699951171875,1789.0999755859375,1807.699951171875,236764,1798.8450012207031,1835.7880029296875,-0.0019940043963972975,0.07283596497552948,59.788359788359884,-3.313589481256031,-5.3253002834064205,92.91000366210938,0.002373516181987556,4411.7900390625,0.01955783464364358
2021-07-26,1799.199951171875,1812.0,1796.0,1802.300048828125,204547,1799.9149963378907,1835.292001953125,-0.001443055603168153,0.07323744566660693,52.90022544721253,-3.6815542193974125,-4.996551070604619,92.6500015258789,-0.002583678171455328,4422.2998046875,0.038466583530052834
2021-07-27,1799.800048828125,1805.4000244140625,1792.800048828125,1797.0999755859375,177043,1800.8700012207032,1834.5260034179687,0.00033353583400175246,0.0731419202875246,48.54251018409515,-3.8800196089596284,-4.773244778275622,92.43000030517578,-0.0058083350375076614,4401.4599609375,0.01813527947359872
2021-07-28,1799.699951171875,1809.0,1790.699951171875,1798.5999755859375,209783,1802.675,1833.1680029296874,-5.5615987073265316e-05,0.06267820298661518,49.67574722216065,-3.9992806860786914,-4.618451959836236,92.31999969482422,-0.004636121888687672,4400.64013671875,0.009624496322618858
2021-07-29,1831.199951171875,1832.5999755859373,1806.0999755859373,1806.5999755859373,30496,1805.6549987792969,1832.432001953125,0.017502917627735037,0.08518295757506784,60.488752040196196,-1.5343224908174307,-4.001626066032475,91.86000061035156,-0.01034258874842664,4419.14990234375,0.011830603026474318
2021-07-30,1812.5999755859373,1830.5,1808.9000244140625,1828.0,157136,1807.4449951171875,1831.0540014648439,-0.010157260857305395,0.09474346191313664,52.98837232094039,-1.069361017159963,-3.4151730562579727,92.16999816894533,-0.007964755828180459,4395.259765625,-0.003746840464106227
2021-08-02,1822.199951171875,1823.199951171875,1808.199951171875,1817.0,159755,1809.389990234375,1829.86,0.005296246118967618,0.09552480466215024,55.22510347946121,0.07292150628950367,-2.717554143748478,92.0500030517578,-0.006475968313433,4387.16015625,-0.007946012253681412
2021-08-03,1814.0999755859373,1818.199951171875,1809.5,1816.800048828125,103450,1810.384991455078,1828.6080004882813,-0.004445162881674181,0.09552364489306134,45.07678718915985,0.32088928838970787,-2.109865457320841,92.08000183105467,-0.003786632835286352,4423.14990234375,0.004927897015705174
2021-08-04,1814.5,1835.9000244140625,1808.300048828125,1813.699951171875,244683,1811.0049926757813,1827.2080004882812,0.0002205084722155526,0.09444459769452485,43.23064718714886,0.5434199622295637,-1.57920837341076,92.2699966430664,-0.0005416275121653547,4402.66015625,0.00045902856595692043
2021-08-05,1808.9000244140625,1817.9000244140625,1799.699951171875,1814.9000244140625,169840,1811.4399963378905,1825.4260009765626,-0.0030862362005718014,0.0951210581152255,46.90985006548738,0.26485283701799744,-1.2103961313250087,92.23999786376952,0.004136699879089045,4429.10009765625,0.002251608461442567
2021-08-06,1763.0999755859375,1807.0,1759.5,1806.699951171875,323149,1809.0649963378905,1822.6640014648438,-0.025319281447276465,0.12914923090203442,33.38144553097834,-3.609981174288805,-1.6903131399177682,92.8000030517578,0.006835248945732841,4436.52001953125,0.009387443770432657
2021-08-09,1726.5,1765.699951171875,1677.9000244140625,1765.0,289543,1805.0949951171874,1819.2800024414062,-0.020758877030653933,0.14649953351280262,25.476627196610664,-9.524336572632365,-3.2571178264606875,92.9499969482422,0.009777228317725983,4432.35009765625,0.010300499593540513
2021-08-10,1731.699951171875,1739.4000244140625,1718.5,1732.0,182561,1801.184991455078,1815.8640014648438,0.0030118454514189708,0.14684530425266812,28.948913302926996,-13.634740434288688,-5.332642348026288,93.05999755859376,0.010642872589611274,4436.75,0.003074753955104148
2021-08-11,1753.300048828125,1756.699951171875,1724.5999755859375,1730.4000244140625,185442,1797.5999938964844,1812.8300024414064,0.01247334888566165,0.15142586765494845,36.282279645398845,-14.9766759495119,-7.26144906832341,92.91000366210938,0.006936241923999997,4442.41015625,0.009028632369811884
2021-08-12,1751.800048828125,1759.5999755859375,1742.5999755859375,1752.9000244140625,137119,1793.7399963378907,1809.6680029296874,-0.0008555295489797166,0.15070272588203995,36.68798668798675,-15.977033678538646,-9.004565990366459,93.04000091552734,0.008673060172218916,4460.830078125,0.007163979085851091
2021-08-13,1778.199951171875,1781.9000244140625,1753.0,1754.4000244140625,144809,1791.8999938964844,1807.7660009765625,0.015070157328406442,0.160861428517317,45.037809473482625,-14.472740160428202,-10.098200824378807,92.5199966430664,-0.00301731033925956,4468.0,0.007095647113089409
2021-08-16,1789.800048828125,1791.300048828125,1772.0,1780.699951171875,137698,1790.929998779297,1805.722001953125,0.006523505778191829,0.16276985366459393,47.75381949395133,-12.20386719035082,-10.51933409757321,92.62999725341795,-0.0034427079648258196,4479.7099609375,0.010685045684070138
2021-08-17,1787.800048828125,1797.5999755859375,1782.0999755859375,1789.0999755859375,144815,1789.75,1803.502001953125,-0.0011174432592676586,0.16265642120409726,47.349687673997785,-10.446728912479784,-10.504813060554527,93.12999725341795,0.0007521996202515258,4448.080078125,0.002553688651603103
2021-08-18,1784.4000244140625,1795.699951171875,1778.800048828125,1787.800048828125,132725,1788.8,1801.302001953125,-0.001901792326435614,0.16211899952494252,38.08555984210423,-9.22222960059753,-10.248296368563128,93.13999938964844,0.0024754678557057375,4400.27001953125,-0.009485872586407429
2021-08-19,1783.0999755859375,1795.0,1774.5999755859375,1789.5,151245,1787.6849975585938,1799.0540014648439,-0.000728563556566808,0.16201135048382292,41.764381933331066,-8.261475008054731,-9.850932096461449,93.56999969482422,0.0056964614583148165,4405.7998046875,-0.01233633034070436
2021-08-20,1784.0,1791.0,1780.0,1782.800048828125,107966,1786.7949951171875,1796.8060009765625,0.0005047526366359634,0.16196315725719837,38.79110377543669,-7.342802368239518,-9.349306150817062,93.5,0.010592341034277863,4441.669921875,-0.005893034495299876
2021-08-23,1806.300048828125,1809.0999755859373,1778.0,1781.199951171875,156318,1787.15,1795.3400024414063,0.012500027370025313,0.16826490161091587,47.88734629640045,-4.7604446684968025,-8.431533854353011,92.95999908447266,0.0035625805985062264,4479.52978515625,-4.0220412218849866e-05
2021-08-24,1808.5,1812.199951171875,1802.5999755859373,1807.5999755859373,114785,1787.5849975585938,1794.192001953125,0.0012179322993997044,0.16829996739878347,48.390559204709916,-2.507485184406505,-7.2467241203637105,92.88999938964844,-0.002577019981182316,4486.22998046875,0.008576712126062036
2021-08-25,1791.0,1805.300048828125,1784.0,1805.0999755859373,163463,1787.15,1792.8840014648438,-0.0096765275089854,0.17199006230853223,45.48663414333862,-2.109782053744084,-6.219335707039786,92.83000183105467,-0.003328296764281702,4496.18994140625,0.02179864450346125
2021-08-26,1795.199951171875,1800.4000244140625,1781.300048828125,1793.0,134534,1785.35,1791.56,0.0023450313634143516,0.1592578302996383,60.242489017961546,-1.439109341608173,-5.263290433953463,93.05999755859376,-0.005450487740662702,4470.0,0.014571745916415635
2021-08-27,1819.5,1821.9000244140625,1785.199951171875,1795.199951171875,203642,1785.695001220703,1792.4539990234375,0.013536123824124724,0.1632359841560034,82.20218339946877,1.0412120270277683,-4.002389941757217,92.69000244140624,-0.008663075492981398,4509.3701171875,0.015242059068612868
2021-08-30,1812.199951171875,1826.5,1810.0,1821.5999755859373,104875,1785.195001220703,1793.317998046875,-0.00401211806986812,0.16275556754145998,77.47435694466432,2.390278013008583,-2.7238563508040574,92.6500015258789,-0.0033347414118631846,4528.7900390625,0.010996746593689988
2021-08-31,1818.0999755859373,1821.9000244140625,1803.4000244140625,1812.199951171875,170387,1785.395001220703,1794.0219970703124,0.003255724849924535,0.16240229339448314,74.77058183973155,3.890656126075328,-1.4009538554281804,92.62999725341795,-0.0027990325970381758,4522.68017578125,0.008124905649329106
2021-09-01,1816.0,1822.699951171875,1810.5999755859373,1816.699951171875,140116,1785.4700012207031,1794.7939965820312,-0.001155038564510491,0.16246889736933226,74.42917793075267,4.85430866220895,-0.14990135190075438,92.4499969482422,-0.004093556773854812,4524.08984375,0.006205232142622474
2021-09-02,1811.5,1819.5999755859373,1806.5,1816.199951171875,113025,1785.6,1795.35599609375,-0.0024779735682819437,0.16232539580142763,65.20546784597109,5.1950129721458325,0.919081512908563,92.2300033569336,-0.00891891493052721,4536.9501953125,0.014977672329418379
2021-09-03,1833.699951171875,1836.9000244140625,1810.9000244140625,1811.5,184984,1789.1299987792968,1796.49599609375,0.012255010307411052,0.13704479777701817,68.27638078588424,7.173680397093449,2.1700012897455405,92.04000091552734,-0.007012638998362242,4535.43017578125,0.005779090630512185
2021-09-07,1798.5,1833.5,1793.699951171875,1833.5,252475,1792.729998779297,1796.9099951171875,-0.019196134650807828,0.13367343072565332,53.489872069079205,5.83419375167955,2.902839782132342,92.5199966430664,-0.001403182737953701,4520.02978515625,-0.0019343475477311411
2021-09-08,1793.5,1804.4000244140625,1783.0999755859375,1796.0999755859375,161258,1795.820001220703,1797.16599609375,-0.0027800945232138163,0.1347141147525293,52.937370610611524,4.3193914653675165,3.186150118779377,92.6500015258789,0.00021595890158798703,4514.06982421875,-0.0019038161505666729
2021-09-09,1800.0,1803.4000244140625,1785.0999755859375,1790.9000244140625,154126,1798.1549987792969,1797.8939965820311,0.003624198494563746,0.12894408465958776,55.27795970992859,3.601875241443622,3.269295143312226,92.4800033569336,0.00032456906091837823,4493.27978515625,-0.0068102225326744925
2021-09-10,1792.0999755859375,1806.0,1788.199951171875,1796.199951171875,136246,1800.1699951171875,1798.3039965820312,-0.004388902452256982,0.13034677123739036,52.42369143308815,2.3684702666896555,3.089130167987712,92.58000183105467,0.0037948439919988086,4458.580078125,-0.017273744214444053
2021-09-13,1794.4000244140625,1800.199951171875,1784.4000244140625,1789.800048828125,114310,1800.979998779297,1798.65599609375,0.0012834377877679604,0.11958984498142175,45.955123593099984,1.558615902197971,2.783027314829764,92.62000274658205,0.006301627827959511,4468.72998046875,-0.014706476062330887
2021-09-14,1807.0999755859373,1810.5999755859373,1780.5999755859375,1794.800048828125,197954,1801.8449951171874,1799.1319946289063,0.007077547369083392,0.119976706200679,49.5558297490664,1.9194541328774903,2.6103126784393096,92.6500015258789,0.0014051544263888882,4443.0498046875,-0.01703085690310091
2021-09-15,1794.800048828125,1808.5,1791.699951171875,1806.5999755859373,139297,1802.1949951171875,1799.1439965820311,-0.0068064450910216845,0.1226684059170577,51.24673597872579,1.1990972886796953,2.328069600487387,92.48999786376952,-0.0017269688016647855,4480.7001953125,-0.007392359933649284
2021-09-16,1756.699951171875,1797.300048828125,1745.5,1795.5,255267,1800.809991455078,1798.23599609375,-0.021228045809964513,0.14437239422813739,39.66720614348331,-2.4182738101353607,1.3788009183628376,92.86000061035156,0.004108966691440674,4473.75,-0.00434644315289856
2021-09-17,1751.4000244140625,1767.800048828125,1747.0999755859375,1754.5999755859375,183254,1799.2249938964844,1797.2599975585938,-0.0030169789406989667,0.1445978087668375,29.647338493901117,-5.6476239701135,-0.02648405933242981,93.1999969482422,0.006696857905867493,4432.990234375,-0.005739460389093565
2021-09-20,1763.800048828125,1768.4000244140625,1742.300048828125,1754.199951171875,152451,1798.2149963378906,1796.3239990234374,0.007080064086564697,0.14727791995725698,35.96289740140189,-7.124205492961892,-1.4460283460583223,93.23999786376952,0.006693965653227663,4357.72998046875,-0.024839272116494393
2021-09-21,1778.199951171875,1782.800048828125,1758.300048828125,1765.5,141622,1796.809991455078,1795.7699975585938,0.008164135358379898,0.14293084101159456,38.97178748538227,-7.05117367298044,-2.567057411442746,93.1999969482422,0.00593626997631147,4354.18994140625,-0.019999745037181715
2021-09-22,1778.800048828125,1788.4000244140625,1764.5999755859375,1775.0,172348,1795.3249938964843,1795.147998046875,0.00033747479064683006,0.14280458376818048,39.63211498839172,-6.865728716963758,-3.4267916725469485,93.45999908447266,0.010487633723722967,4395.64013671875,-0.018983653198385353
2021-09-23,1749.800048828125,1777.0999755859375,1737.5,1769.199951171875,225456,1793.2649963378906,1793.6439990234376,-0.016303125255199502,0.15002894649684628,34.870039057729244,-8.955585475446924,-4.532550433126944,93.0999984741211,0.002584512838596398,4448.97998046875,-0.005536746472478371
2021-09-24,1751.699951171875,1758.0,1740.199951171875,1743.699951171875,151552,1791.0899963378906,1792.097998046875,0.0010857825412808886,0.14970942272929336,27.668827499085737,-10.33932052119053,-5.693904450739661,93.33000183105467,0.0013949022217745188,4455.47998046875,0.00507326768269345
2021-09-27,1752.0,1760.9000244140625,1744.699951171875,1751.800048828125,137574,1787.7149963378906,1790.837998046875,0.00017129008191396622,0.1394460185437705,34.36448713212654,-11.281680886738286,-6.811459737939385,93.37999725341795,0.001501494989875285,4443.10986328125,0.01959274282600587
2021-09-28,1737.5,1754.300048828125,1727.800048828125,1750.0,215840,1783.979998779297,1789.4039990234376,-0.008276255707762581,0.14113357749817473,32.300879492952745,-13.048126405195944,-8.058793071390697,93.7699966430664,0.006115876754167138,4352.6298828125,-0.00035828905370305364
2021-09-29,1722.9000244140625,1746.0,1721.0999755859375,1734.0,177389,1779.2200012207031,1787.6339990234376,-0.008402863646582714,0.14137155320102707,26.81899893491213,-15.448067511638556,-9.53664795944027,94.33999633789062,0.009415763557012236,4359.4599609375,-0.008230923063746953
2021-09-30,1757.0,1765.0,1721.800048828125,1726.0,246365,1776.270001220703,1786.7059985351561,0.01979219635656726,0.16230834708922565,40.88311744312944,-14.432090924228078,-10.515736552397831,94.25,0.01235232593691804,4307.5400390625,-0.03179154368578385
2021-10-01,1758.4000244140625,1765.199951171875,1749.9000244140625,1757.199951171875,151195,1773.6150024414062,1785.7659985351563,0.0007968266443156846,0.16248963800087396,40.605420792489205,-13.359946739531097,-11.084578589824485,94.04000091552734,0.0076074045916971755,4357.0400390625,-0.02209412719567272
2021-10-04,1767.5999755859375,1771.5,1747.699951171875,1762.5999755859375,166180,1770.3100036621095,1785.0819970703126,0.005232001276240128,0.15644067846488696,39.500257639297246,-11.633798390351103,-11.19442254992981,93.80999755859376,0.004604843840473327,4300.4599609375,-0.032105868802083326
2021-10-05,1760.9000244140625,1771.0999755859375,1748.5999755859375,1770.800048828125,151424,1768.4300048828125,1784.3159985351563,-0.003790422756514311,0.14265357308614784,40.71231586600751,-10.68329310039826,-11.0921966600235,93.9800033569336,0.002239593914741933,4345.72021484375,-0.001587469680349951
2021-10-06,1761.800048828125,1765.9000244140625,1745.4000244140625,1760.5,159218,1766.8450073242188,1783.5559985351563,0.0005111161346949,0.14259255593158374,51.75502564068098,-9.745051474380261,-10.822767622894853,94.2699966430664,-0.0007419938259644043,4363.5498046875,0.0009381537591002242
2021-10-07,1759.199951171875,1767.699951171875,1752.0,1763.800048828125,146406,1764.8050048828125,1782.7459985351563,-0.0014758188126851035,0.14161458052199197,52.73489764839121,-9.106322361339153,-10.479478570583714,94.22000122070312,-0.0003182894355105992,4399.759765625,0.02140890757281766
2021-10-08,1757.4000244140625,1782.4000244140625,1753.5999755859375,1757.0,240371,1763.0700073242188,1781.27,-0.0010231507547584506,0.14108327370615412,47.575746086116986,-8.64570171657283,-10.112723199781538,94.06999969482422,0.0003190002020929672,4391.33984375,0.007872272088387922
2021-10-11,1755.699951171875,1761.0999755859375,1749.9000244140625,1757.4000244140625,114771,1761.1350036621093,1780.1319995117187,-0.0009673797761293734,0.14083890727841453,40.569995477363285,-8.321908459035058,-9.754560251632244,94.31999969482422,0.005436543540169092,4361.18994140625,0.01412174070224581
2021-10-12,1759.300048828125,1770.0,1750.5,1753.5999755859375,168110,1758.7450073242187,1778.8740014648438,0.0020505198817413195,0.13809393792370447,42.0278036734865,-7.686200441844221,-9.34088828967464,94.5199966430664,0.005745831739140561,4350.64990234375,0.0011343775614365281
2021-10-13,1794.699951171875,1797.4000244140625,1757.9000244140625,1760.4000244140625,299041,1758.7400024414062,1778.4860009765625,0.02012158322130997,0.15580640954660427,67.44363612220315,-4.276622743497001,-8.328035180439112,94.08000183105467,-0.0020154324682020164,4363.7998046875,5.7292803151032246e-05
2021-10-14,1797.9000244140625,1801.9000244140625,1787.5999755859375,1793.5999755859375,164651,1760.8000061035157,1778.1540014648438,0.0017830686628692582,0.13402859613043586,67.7692422539417,-1.3012882454891042,-6.922685793449111,93.95999908447266,-0.0027595216818288026,4438.259765625,0.008750477764899234
2021-10-15,1768.300048828125,1797.699951171875,1765.0999755859375,1797.300048828125,202631,1761.6450073242188,1777.342001953125,-0.016463638235715727,0.1474575945121223,55.11614683988948,-1.3166078365777594,-5.801470202074841,93.94000244140624,-0.0013819204192592194,4471.3701171875,0.01822456841991027
2021-10-18,1765.699951171875,1772.5,1760.300048828125,1767.5,152741,1761.7400024414062,1777.3940014648438,-0.0014703939288884804,0.14552420948584371,59.56578125750517,-1.5210214849482782,-4.945380458649529,93.9499969482422,-0.003922845078235482,4486.4599609375,0.02872381648455713
2021-10-19,1770.5,1786.0,1763.4000244140625,1764.800048828125,166972,1761.3550048828124,1778.2740014648436,0.0027184963248931826,0.1427765535123776,67.29647513664136,-1.2809311720554888,-4.212490601330721,93.79000091552734,-0.007723188250796542,4519.6298828125,0.03884016968998538
2021-10-20,1784.9000244140625,1789.5999755859375,1767.0999755859375,1769.4000244140625,174076,1761.6600036621094,1779.3380029296875,0.008133309468546956,0.14579999468347402,61.832044471179984,0.07049117645578917,-3.355894245773419,93.55999755859376,-0.005527256189840624,4536.18994140625,0.03950459334398704
2021-10-21,1781.9000244140625,1790.300048828125,1776.800048828125,1782.5,138729,1763.2650024414063,1779.9100024414063,-0.0016807664065021655,0.13246196296104237,59.83261589505448,0.8891783021958872,-2.506879736179558,93.7699966430664,-0.0020221630827755854,4549.77978515625,0.025126969898199736
2021-10-22,1796.300048828125,1815.5,1783.4000244140625,1783.699951171875,312812,1765.4950073242187,1780.8000024414061,0.008081275165141566,0.13486810856244225,61.507618362382466,2.669186649670337,-1.4716664590095792,93.61000061035156,-0.003512899962510696,4544.89990234375,0.016444575874765777
2021-10-25,1806.800048828125,1811.5,1793.0,1794.199951171875,153589,1768.235009765625,1781.3720043945314,0.005845348613584989,0.13574378562535314,67.85988077991783,4.870968840430351,-0.2031393991215933,93.80999755859376,-0.0014901478892603848,4566.47998046875,0.017835892937408282
2021-10-26,1793.4000244140625,1809.800048828125,1783.0,1808.699951171875,197929,1771.030010986328,1781.44400390625,-0.007416440143863001,0.13494809470227523,61.20563599766249,5.471554434457403,0.931799367594206,93.9499969482422,0.0017058964831331291,4574.7900390625,0.012204573754980741
2021-10-27,1798.800048828125,1801.0,1784.300048828125,1795.0,182801,1774.8250122070312,1781.66400390625,0.0030110540540595476,0.1296852003550342,63.76912968628503,6.3105159849228585,2.0075426910599363,93.86000061035156,0.003206531205496299,4551.68017578125,0.003414811675676477
2021-10-28,1802.5999755859373,1812.699951171875,1793.0999755859375,1798.699951171875,220876,1777.1050109863281,1782.0280029296875,0.0021124786828241593,0.1118094888630052,65.50063797936357,7.199035391353391,3.0458412311186276,93.3499984741211,-0.004479025103776291,4596.419921875,0.01025107563907035
2021-10-29,1783.9000244140625,1802.9000244140625,1772.4000244140625,1801.5,254513,1778.3800109863282,1782.04400390625,-0.010373877413260457,0.1192659347353712,58.66094706367972,6.321394543463157,3.7009518935875336,94.12000274658205,0.005448158667932912,4605.3798828125,0.013307219469797626
2021-11-01,1795.800048828125,1797.5,1780.199951171875,1785.300048828125,143332,1779.7900146484376,1782.2800048828126,0.006670791104434803,0.12009006373237431,60.66627094314426,6.511035205144253,4.262968555898878,93.87999725341795,0.0007461858719319814,4613.669921875,0.01033398626690274
2021-11-02,1789.4000244140625,1797.800048828125,1787.4000244140625,1794.800048828125,145786,1781.2150146484375,1781.9420043945313,-0.0035638847533381313,0.11997738061360783,48.135144770356106,6.074870981634149,4.625349041045933,94.08999633789062,0.0014901478892601627,4630.64990234375,0.012210366553280672
2021-11-03,1763.9000244140625,1789.300048828125,1758.5,1789.199951171875,257427,1781.3200134277345,1781.0500048828126,-0.014250586594436898,0.1313969168395448,39.659376610339116,3.629729541771667,4.42622514119108,93.86000061035156,0.0,4660.56982421875,0.023922956849403487
2021-11-04,1793.5,1800.300048828125,1769.300048828125,1769.9000244140625,222609,1783.0350158691406,1781.1000048828125,0.01678098258191829,0.1438942161939268,57.664211897241266,4.0339076109362395,4.347761635140112,94.3499984741211,0.010712372965675288,4680.06005859375,0.018196800584014294
2021-11-05,1816.800048828125,1820.0999755859373,1785.300048828125,1792.5999755859375,299618,1786.0050170898437,1781.5320068359374,0.012991384905561842,0.14975421743684603,63.80336863764067,6.1632942370449655,4.710868155521084,94.31999969482422,0.0021249143902031253,4697.52978515625,0.020009185927887918
2021-11-08,1828.0,1828.300048828125,1813.800048828125,1820.5999755859373,200412,1789.62001953125,1781.7020068359375,0.006164658119147015,0.1502049668320399,65.01305483028725,8.654823519222191,5.499659228261305,94.0500030517578,0.0018108841426671685,4701.7001953125,0.019080314571295665
2021-11-09,1830.800048828125,1834.800048828125,1821.0,1826.9000244140625,224407,1793.19501953125,1782.0740087890624,0.001531755376436017,0.15021679199547974,62.75709232490651,10.731611626656104,6.546049707940265,93.95999908447266,-0.001381626724175078,4685.25,0.011791022601085555
2021-11-10,1848.300048828125,1870.5999755859373,1823.0,1834.5,352787,1795.8750244140624,1782.6780102539062,0.009558662624682412,0.13749010540032153,67.07819343495396,13.632438643857768,7.963327495123766,94.8499984741211,0.010547601292689057,4646.7099609375,-0.0029738559455170233
2021-11-11,1863.9000244140625,1868.699951171875,1845.0999755859373,1851.5,205312,1799.1750244140626,1783.6360107421874,0.008440174849223325,0.13967986812831676,67.28015951521358,16.99425343463031,9.769512683025075,95.18000030517578,0.008797051875759632,4649.27001953125,-0.006578983747433265
2021-11-12,1868.5,1871.4000244140625,1847.5,1864.300048828125,201358,1804.1850219726562,1784.7760107421875,0.0024679304285022408,0.12179503037954056,66.2625110841417,19.801436825314568,11.775897511482974,95.12999725341795,0.00858776040303777,4682.85009765625,-0.003124980185625681
2021-11-15,1866.5999755859373,1873.0,1858.5,1872.5999755859373,221208,1809.2300231933593,1785.4340112304687,-0.0010168715087304214,0.12159521355174722,70.53871246610866,21.62357073284511,13.7454321557554,95.41000366210938,0.014460399428197102,4682.7998046875,-0.004019905532012258
2021-11-16,1854.0999755859373,1879.5,1851.0,1864.9000244140625,220431,1813.4100219726563,1786.5460107421875,-0.006696667825722091,0.1261952983191751,64.92173465078847,21.807595068000637,15.357864738204448,95.91999816894533,0.020859930859626452,4700.89990234375,0.003340249152926633
2021-11-17,1870.199951171875,1870.5999755859373,1851.0999755859373,1851.5999755859373,172417,1817.6750183105469,1788.080009765625,0.008683445228378162,0.12654491564733997,67.10525909365256,22.987582613020322,16.883808313167624,95.83000183105467,0.01033213887927431,4688.669921875,0.00903003658292345
2021-11-18,1861.4000244140625,1873.300048828125,1856.5999755859373,1869.5,186062,1821.6500183105468,1789.3080102539063,-0.004705340063931862,0.12827174268790462,70.64465108172399,22.948119066609024,18.096670463855904,95.54000091552734,0.0037823136078722897,4704.5400390625,0.011887891926918526
2021-11-19,1851.5999755859373,1868.0999755859373,1844.199951171875,1860.800048828125,234083,1824.4150146484376,1790.4980102539062,-0.005264880573540354,0.12892414136989833,65.03230983238339,21.873913030378162,18.85211897716036,96.06999969482422,0.009881241128412821,4697.9599609375,0.0032266382579302366
2021-11-22,1806.300048828125,1850.4000244140625,1802.4000244140625,1848.300048828125,352857,1824.3900146484375,1790.7360107421875,-0.024465288050933953,0.15729813409069113,53.76392730586595,17.16935388136426,18.51556595800114,96.5,0.011424340174546188,4682.93994140625,2.9925840222766453e-05
2021-11-23,1783.800048828125,1812.5,1781.699951171875,1807.0999755859373,311348,1823.9100158691406,1790.2700122070312,-0.012456402254208743,0.16142701953644464,54.49210730950819,11.492911768816839,17.11103512016428,96.48999786376952,0.005942448975241321,4690.7001953125,-0.002169734996093964
2021-11-24,1784.300048828125,1796.199951171875,1777.4000244140625,1789.800048828125,203236,1823.1850158691407,1790.0600122070311,0.0002803004744440507,0.16099274642736475,47.60915908485288,6.954469523729131,15.079722000877252,96.83999633789062,0.010539439502636583,4701.4599609375,0.0027278608380658653
2021-11-26,1785.5,1816.300048828125,1778.5999755859375,1789.5999755859375,186800,1822.3300170898438,1790.6360131835938,0.0006725052620286665,0.16078096463761368,40.81030982814088,3.415179316659078,12.746813464033618,96.08999633789062,0.005756703130551211,4594.6201171875,-0.023364647970326224
2021-11-29,1782.300048828125,1798.9000244140625,1779.0999755859375,1791.699951171875,26926,1822.250018310547,1791.254013671875,-0.0017921877187762059,0.15657031942602773,35.92113180300254,0.3480449661651619,10.267059764459928,96.33999633789062,0.0028104157793700235,4655.27001953125,-0.009086910437978934
2021-11-30,1773.5999755859375,1808.0999755859373,1768.699951171875,1783.9000244140625,242861,1821.1400146484375,1791.4500122070312,-0.004881374069370614,0.15540933249321578,32.996393769327554,-2.752969783213075,7.663053854925328,95.98999786376952,-0.005284996230367711,4567.0,-0.024757938999199314
2021-12-01,1784.300048828125,1795.699951171875,1773.699951171875,1777.4000244140625,180336,1820.8850158691407,1791.5720141601562,0.006032968758162394,0.1566905027407399,30.173470036031233,-4.2975997722867305,5.270923129482917,96.0500030517578,-0.004560004370949722,4513.0400390625,-0.03787497577174914
2021-12-02,1762.699951171875,1785.199951171875,1762.199951171875,1783.800048828125,172719,1820.8250122070312,1791.2500122070312,-0.012105642024970109,0.1542871901475261,19.772981337245895,-7.181889180495091,2.7803606674873156,96.12999725341795,-0.00733167194673745,4577.10009765625,-0.02645132880307499
2021-12-03,1783.9000244140625,1788.0,1766.0,1769.4000244140625,175176,1820.3450134277343,1791.93201171875,0.012027045912206047,0.14823807764468852,27.010891451036954,-7.668641259566357,0.6905602820765808,96.12000274658205,0.0003122740122281087,4538.43017578125,-0.012229507548633944
2021-12-06,1779.5,1789.0,1776.4000244140625,1787.699951171875,104477,1818.4800109863281,1792.4880126953126,-0.002466519622089103,0.13987602009297276,26.64881539511819,-8.313606901447201,-1.1102731546281754,96.29000091552734,-0.0005189477295383105,4591.669921875,-0.013661956747818005
2021-12-07,1784.699951171875,1789.300048828125,1772.4000244140625,1779.5,129894,1816.315008544922,1793.14201171875,0.002922141709398751,0.13813603874716707,30.636161816667183,-8.309368984350385,-2.5500923205726176,96.37000274658205,0.003958796658708463,4686.75,0.02622071381650981
2021-12-08,1785.5,1794.300048828125,1780.0999755859375,1785.0999755859375,109692,1814.0500061035157,1794.10201171875,0.00044828198017254905,0.1379091902898045,24.161111814518833,-8.147533456354495,-3.6695805477289936,95.88999938964844,-0.0016658371371747194,4701.2099609375,0.041694715811581684
2021-12-09,1776.699951171875,1788.4000244140625,1773.300048828125,1784.300048828125,123974,1810.4700012207031,1795.1780102539062,-0.004928618778003324,0.13237391335648824,24.161093819707133,-8.629888052260867,-4.661642048635368,96.2699966430664,0.0014563548699515483,4667.4501953125,0.019739594006806804
2021-12-10,1784.800048828125,1791.0,1770.4000244140625,1776.300048828125,141995,1806.5150024414063,1795.7340112304687,0.004559068992435966,0.1290114988994208,29.40820097159353,-8.263293258215981,-5.381972290551491,96.0500030517578,-0.0007282531504789747,4712.02001953125,0.03824887395565546
2021-12-13,1788.300048828125,1792.800048828125,1782.199951171875,1784.199951171875,106057,1802.5050048828125,1796.33201171875,0.0019610039804167645,0.12878400120019345,42.52494119555519,-7.60270425139197,-5.826118682719587,96.31999969482422,0.00031154615236927974,4668.97021484375,0.01683489760457002
2021-12-14,1772.300048828125,1789.800048828125,1766.0999755859375,1787.5999755859375,153249,1797.7900085449219,1796.4260131835938,-0.008947044435012375,0.13090954906701843,44.95172934135844,-8.274861533778903,-6.31586725293145,96.56999969482422,0.0020753029214712893,4634.08984375,-0.011235964420974076
2021-12-15,1764.5,1781.300048828125,1753.0,1771.9000244140625,161101,1793.310009765625,1796.4980126953126,-0.004401088197950709,0.1301982297358945,41.83169264176522,-9.329406188219991,-6.918575039989159,96.51000213623048,0.006465770680242455,4709.85009765625,0.0018378538271086597
2021-12-16,1798.199951171875,1800.699951171875,1775.699951171875,1777.9000244140625,167777,1789.710009765625,1797.2260107421876,0.019098867198569014,0.14626017124491572,54.131397157048525,-7.360983175131423,-7.007056667017613,96.04000091552734,-0.002389069653672027,4668.669921875,0.0002613261012887058
2021-12-17,1804.9000244140625,1815.699951171875,1796.5,1801.5,156607,1786.885009765625,1798.1400122070313,0.0037259890024026188,0.14719010528589513,57.18826172340612,-5.200406787435895,-6.64572669110127,96.56999969482422,0.005413811832845061,4620.64013671875,-0.019392931785886303
2021-12-20,1794.5999755859375,1804.5999755859373,1789.0,1800.199951171875,105386,1784.035009765625,1798.8840112304688,-0.005706714326999207,0.147348305972413,56.61206831609647,-4.270039931086785,-6.170589339098373,96.5500030517578,0.0023879086136038286,4568.02001953125,-0.021621511953868522
2021-12-21,1788.699951171875,1801.699951171875,1785.0,1791.4000244140625,134154,1783.1550048828126,1799.5440112304686,-0.003287654348783864,0.12030507817863123,51.42853519260098,-3.963115823888529,-5.729094636056405,96.48999786376952,-0.0008284335850421432,4649.22998046875,0.0032671219655289185
2021-12-22,1802.199951171875,1806.300048828125,1785.800048828125,1789.4000244140625,110408,1784.075,1800.4020092773437,0.0075473809853661145,0.11467695325500805,63.53663270906681,-2.6005614285181764,-5.1033879945487595,96.08000183105467,-0.004455499903200044,4696.56005859375,-0.0028217541507560284
2021-12-23,1811.699951171875,1812.0,1799.0,1805.5999755859373,104844,1785.4449951171875,1800.7420092773436,0.005271335177776892,0.11589031761943551,60.35762332756336,-0.7455622705665519,-4.231822849752318,96.0199966430664,-0.00020829104821162847,4725.7900390625,0.0122347731031196
2021-12-27,1808.800048828125,1814.5999755859373,1803.5999755859373,1810.199951171875,84225,1786.6099975585937,1800.960009765625,-0.0016006526587772907,0.11620071545633831,61.03994186260441,0.48494984309149913,-3.2884683111835544,96.08999633789062,-0.004970522506476893,4791.18994140625,0.03691042791499721
2021-12-28,1810.9000244140625,1821.5999755859373,1805.5,1812.0999755859373,100542,1788.0399963378907,1801.8120092773438,0.0011609771833531735,0.11584176198771581,60.10803581099855,1.6110192114388155,-2.3085708066590804,96.1999969482422,-0.0036251278348273797,4786.35009765625,0.047795341787360224
2021-12-29,1805.800048828125,1808.0,1789.0999755859375,1806.5999755859373,138685,1789.65,1802.6140112304688,-0.0028162656784919138,0.11471986551912192,57.58029373421703,2.0680724394826484,-1.4332421574307346,95.93000030517578,-0.005803685055360552,4793.06005859375,0.03093632251560474
2021-12-30,1814.0999755859373,1818.0999755859373,1796.199951171875,1805.5999755859373,113430,1791.1399963378906,1803.4860107421875,0.004596260124811957,0.11398235882785054,64.01799758970651,3.0646972177530643,-0.5336542823939748,95.97000122070312,-0.001144885597993306,4778.72998046875,0.017495767295607312
2021-12-31,1828.5999755859373,1831.4000244140625,1815.4000244140625,1817.0,106604,1794.4349975585938,1804.360009765625,0.007992944267207092,0.1057026403467765,65.66521806327222,4.967298429016182,0.5665362598880566,95.66999816894533,-0.0036450581791012127,4766.18017578125,0.008546748032581375
2022-01-03,1800.0999755859375,1833.0,1798.199951171875,1830.0999755859373,168305,1795.2449951171875,1804.7240087890625,-0.015585694181619703,0.1154621368183468,53.58007645693725,4.127828740643736,1.2787947560391926,96.23999786376952,0.0015610524674329884,4796.56005859375,0.0011208316207818037
2022-01-04,1814.5999755859373,1817.199951171875,1798.0999755859375,1801.0999755859375,167708,1796.9999938964843,1805.0900073242187,0.00805510815880095,0.11791857977951012,62.95160616346963,4.5797789421681045,1.938991593264975,96.29000091552734,0.0009355922052010079,4793.5400390625,0.0015021762427638308
2022-01-05,1825.0999755859373,1830.699951171875,1808.199951171875,1815.199951171875,173344,1799.0199951171871,1805.456005859375,0.005786399284288368,0.1189703873185002,68.25301811715966,5.719286604989975,2.695050595609975,96.19000244140624,0.002710331860766413,4700.580078125,-0.01929455907879507
2022-01-06,1789.199951171875,1811.5999755859373,1785.4000244140625,1810.5999755859373,238644,1799.2049926757809,1805.3720043945314,-0.019670168699956747,0.14009440660072509,47.32461277863172,3.683066597190191,2.8926537959260186,96.25,0.0029175656531770233,4696.0498046875,-0.01730170487120508
2022-01-07,1797.4000244140625,1798.4000244140625,1781.300048828125,1791.0,238931,1800.2399963378903,1805.34400390625,0.004583094939621946,0.13959723370234706,47.79021739599562,2.6999021591489054,2.854103468570596,95.73999786376952,0.0007316786470568104,4677.02978515625,-0.018704788181950538
2022-01-10,1798.800048828125,1802.0,1789.300048828125,1796.4000244140625,173043,1800.9399963378903,1805.2680053710938,0.0007789164320941566,0.13882386825458434,51.305993518427854,2.0105313742367343,2.685389049703824,95.98999786376952,-0.002597672543113383,4670.2900390625,-0.0263251200837189
2022-01-11,1818.5,1823.0999755859373,1799.699951171875,1801.300048828125,184152,1802.449993896484,1805.9600048828124,0.010951718166068103,0.14372324505455317,58.533812665959175,3.0190200963584175,2.752115259034743,95.62000274658205,-0.006958128181274725,4713.06982421875,-0.01678722075710215
2022-01-12,1827.300048828125,1828.199951171875,1814.4000244140625,1821.300048828125,192979,1805.199993896484,1806.5900048828125,0.004839179998968879,0.13949412580719936,57.3867310428073,4.476739997741788,3.097040206776152,95.0,-0.012371373440094424,4726.35009765625,0.005482306247940549
2022-01-13,1821.4000244140625,1828.300048828125,1811.800048828125,1825.699951171875,215522,1808.0449951171872,1807.2300048828124,-0.003228820804687338,0.1388897912325989,52.91643942102094,5.0971540413193,3.4970629736847814,94.79000091552734,-0.015168821656858733,4659.02978515625,-0.007883225491837287
2022-01-14,1816.5,1829.300048828125,1814.199951171875,1822.0999755859373,174944,1808.9599975585934,1808.2820043945312,-0.0026902516461966286,0.12317695629785334,52.28756652938899,5.134261056205105,3.824502590188846,95.16999816894533,-0.005953621344709559,4662.85009765625,-0.003031771904682512
2022-01-18,1812.4000244140625,1822.9000244140625,1804.699951171875,1818.699951171875,362944,1809.3349975585934,1808.6600048828125,-0.002257074366054268,0.12295199194387767,50.44039916909063,4.777759826753254,4.015154037501728,95.7300033569336,-0.0027085583146372327,4577.10986328125,-0.01995168929592961
2022-01-19,1843.199951171875,1843.9000244140625,1809.0,1812.9000244140625,318489,1811.7649963378904,1809.1880029296874,0.016994000409909393,0.13428235990682896,59.540791414221985,6.90097655556383,4.592318541114149,95.51000213623048,-0.001150393298388508,4532.759765625,-0.038257455399281826
2022-01-20,1842.5999755859373,1848.5,1836.199951171875,1840.0999755859373,233862,1814.4599975585934,1809.4800024414062,-0.00032550759647986816,0.13332761391083106,57.56770913692488,8.437960537884237,5.361446940468166,95.73999786376952,0.0077894511975737935,4482.72998046875,-0.05154508492891985
2022-01-21,1831.800048828125,1843.699951171875,1828.4000244140625,1840.5999755859373,225249,1815.9400024414058,1809.5000024414062,-0.005861243298007746,0.13378150105513376,50.86675884761914,8.684458554316507,6.026049263237835,95.63999938964844,0.008967174447846782,4397.93994140625,-0.05603953093020286
2022-01-24,1841.699951171875,1844.9000244140625,1829.300048828125,1835.199951171875,244325,1817.4400024414058,1809.3680004882813,0.005404466688426757,0.13384069555680334,62.53012234248693,9.568351391714486,6.734509688933166,95.91999816894533,0.007880634805399467,4410.1298828125,-0.05419865737712182
2022-01-25,1852.5,1854.199951171875,1834.4000244140625,1843.5999755859373,197804,1819.6249999999995,1809.14,0.005864173923256555,0.1346444280590894,61.675921601190254,11.013361340161964,7.590280019178925,95.9499969482422,0.0022980631316635858,4356.4501953125,-0.04820938857922952
2022-01-26,1829.699951171875,1850.199951171875,1814.0999755859373,1848.0,270028,1820.5649963378903,1808.3639990234376,-0.012307718665654499,0.14296502518676119,51.317289870889375,10.20117593638679,8.1124592026205,96.48999786376952,0.010260660722645865,4349.93017578125,-0.04033515987991931
2022-01-27,1793.0999755859375,1821.4000244140625,1790.5999755859375,1819.0,196036,1819.9299926757808,1806.8939990234376,-0.020003266416712795,0.16030600951555304,51.112386207511264,6.528939451515043,7.795755252399409,97.26000213623048,0.015876376711683404,4326.509765625,-0.03484934750127744
2022-01-28,1784.9000244140625,1798.4000244140625,1778.800048828125,1797.5,28521,1818.4699951171872,1805.51,-0.0045730585486152275,0.159892011584051,46.434679427543216,2.9233000670183173,6.821264215323191,97.2699966430664,0.017043049600796945,4431.85009765625,0.007710463694771796
2022-01-31,1795.0,1798.5,1785.0999755859375,1788.5,139421,1816.7899963378902,1804.0060009765625,0.005658566557111833,0.1584043864331813,48.96737666569807,0.8707510225783608,5.6311615767742245,96.54000091552734,0.006463748523952262,4515.5498046875,0.02390404017030212
2022-02-01,1801.5,1809.699951171875,1796.199951171875,1798.9000244140625,128880,1816.8599975585935,1802.8080004882813,0.0036211699164345745,0.14915576999776056,45.02341351294176,-0.22877601819436677,4.459174057780507,96.38999938964844,0.004585747320487998,4546.5400390625,0.04363411383757687
2022-02-02,1810.300048828125,1812.0,1794.5999755859375,1800.800048828125,123021,1816.645001220703,1801.982001953125,0.0048848453111989265,0.14732105678431823,45.02341351294176,-0.38562349669041396,3.4902145468863224,95.94000244140624,-0.005700025231006878,4589.3798828125,0.05504679324841
2022-02-03,1804.0999755859373,1809.5,1788.5,1807.4000244140625,173722,1815.5950012207031,1801.9380004882812,-0.003424887076703853,0.14608139870360556,44.9444583169835,-0.998707865297547,2.5924300644495486,95.37999725341795,-0.019329681693603495,4477.43994140625,0.03488497286667913
2022-02-04,1807.800048828125,1815.800048828125,1792.0999755859375,1805.4000244140625,177709,1816.5250061035156,1802.4180004882812,0.00205092472272006,0.1275186220883552,47.43968329237977,-1.1725007972761432,1.83944389210441,95.4800033569336,-0.018402316725693146,4500.52978515625,0.015496843527338822
2022-02-07,1821.800048828125,1824.5999755859373,1807.5,1808.0,139808,1817.7450073242187,1803.1680004882812,0.00774421928413771,0.12932619637516932,52.61402342691834,-0.17849240156374435,1.4358566333707792,95.4000015258789,-0.011808570321497514,4483.8701171875,-0.007015687761236511
2022-02-08,1827.9000244140625,1829.9000244140625,1816.0,1821.5,142408,1819.2000061035155,1804.0160009765625,0.003348323318940194,0.1296665606694374,45.067721094083886,1.088930945539687,1.3664714958045607,95.63999938964844,-0.007780890183100686,4521.5400390625,-0.0054986868663219335
2022-02-09,1836.5999755859373,1837.0999755859373,1825.5,1827.0,136722,1820.1050048828124,1805.1019995117188,0.004759533374733449,0.12503889972211496,48.161764155896996,2.763530174838479,1.6458832316113443,95.48999786376952,-0.004690479113876989,4587.18017578125,-0.00047930375942251136
2022-02-10,1837.4000244140625,1843.300048828125,1821.800048828125,1834.0,227458,1820.6100036621094,1806.3780004882813,0.00043561409058057166,0.12399638230420404,51.82766739839762,4.107866455594376,2.138279876407951,95.5500030517578,0.0017824051502974836,4504.080078125,0.0059498590863025225
2022-02-11,1842.0999755859373,1867.4000244140625,1821.0999755859373,1827.0,239093,1821.645001220703,1807.5339990234374,0.0025579357295228977,0.12350964801021744,50.135143271663054,5.489232963280529,2.8084704937824667,96.08000183105467,0.006284022340029782,4418.64013671875,-0.018195557489162795
2022-02-14,1869.4000244140625,1876.5,1851.9000244140625,1862.199951171875,231016,1824.2900024414062,1809.6680004882812,0.014820069046166617,0.13263647620979419,55.136781724343905,8.686726481651476,3.9841216913562687,96.37000274658205,0.010167727517698344,4401.669921875,-0.018332421137135846
2022-02-15,1856.199951171875,1881.5999755859373,1845.4000244140625,1873.800048828125,214880,1826.479998779297,1811.1139990234376,-0.007061128206802492,0.13549216958632707,58.55389765647285,10.039893891463635,5.195276131377742,95.98999786376952,0.003659540739802347,4471.06982421875,-0.01116217359743088
2022-02-16,1871.5,1874.5999755859373,1851.800048828125,1855.5,141486,1827.895001220703,1812.9539990234375,0.008242672788815408,0.1251538858597624,79.34127824584509,12.206169758472242,6.597454856796643,95.6999969482422,0.0021991736220612346,4475.009765625,-0.024453020343188525
2022-02-17,1902.0,1904.0,1869.699951171875,1872.0,268547,1830.8650024414062,1815.3,0.01629708789740847,0.13657362426805103,87.55605319719517,16.197341223980857,8.517432130233487,95.8000030517578,0.0026164311042939925,4380.259765625,-0.027490699621740555
2022-02-18,1899.800048828125,1905.0,1888.0,1901.4000244140625,161745,1834.2650024414063,1817.5860009765624,-0.001156651509923723,0.13415380642090297,85.40536349674771,18.96424764935523,10.606795234057836,96.04000091552734,-0.00041632925442347535,4348.8701171875,-0.015789930243801376
2022-02-22,1907.4000244140625,1918.300048828125,1889.699951171875,1903.5,334589,1837.5500061035157,1820.2000024414062,0.0040004081432809535,0.1337535127627328,85.51303432291182,21.52220090515766,12.789876368277802,96.02999877929688,-0.0035281099677796357,4304.759765625,-0.022016679571629227
2022-02-23,1910.4000244140625,1912.9000244140625,1891.0999755859373,1901.199951171875,154843,1840.4450073242188,1822.712001953125,0.0015728216218942048,0.132883509834213,84.92667697405679,23.520344328876035,14.93596996039745,96.19000244140624,0.002083598104883455,4225.5,-0.054924175616438586
2022-02-24,1926.300048828125,1976.5,1878.5999755859373,1911.9000244140625,423048,1845.2750122070313,1825.472001953125,0.00832287699480072,0.1241949214119416,89.9346325965771,26.086181217197463,17.166012211757455,97.13999938964844,0.015047047934442892,4288.7001953125,-0.04163333267865599
2022-02-25,1887.5999755859373,1925.0,1884.4000244140625,1906.5,229780,1850.0000122070312,1827.7780004882814,-0.020090366122209824,0.12440542104158006,71.22337099546318,24.711988535255387,18.675207476457043,96.62000274658205,0.008559495497940883,4384.64990234375,0.0010022548783983343
2022-02-28,1900.699951171875,1935.199951171875,1892.199951171875,1921.0,249273,1855.7900085449219,1830.5019995117189,0.006940016823146822,0.12229486602942681,71.08494419086536,24.39873604161221,19.819913189488076,96.70999908447266,0.006976240759666519,4373.93994140625,0.005764675316392909
2022-03-01,1943.800048828125,1952.5999755859373,1903.0,1908.4000244140625,223998,1863.2300109863281,1833.4140014648438,0.022675908225112895,0.1404472306904336,75.8589716144586,27.313446453169718,21.318619842224404,97.41000366210938,0.014370560245284603,4306.259765625,0.00034845150058737673
2022-03-02,1922.300048828125,1951.4000244140625,1916.0,1945.300048828125,227975,1869.2700134277343,1835.762001953125,-0.011060808447330706,0.15033152701135338,68.08779571357977,27.57068741432522,22.56903335664457,97.38999938964844,0.012475277240721283,4386.5400390625,0.03811147534315462
2022-03-03,1935.9000244140625,1944.5999755859373,1923.0999755859373,1931.699951171875,180207,1875.5500122070312,1838.5880029296875,0.007074845362579296,0.15083923580435532,69.72365297446544,28.542931947278703,23.7638130747714,97.79000091552734,0.006691389025766936,4363.490234375,0.017438859247900895
2022-03-04,1966.5999755859373,1974.9000244140625,1931.5,1938.5,241533,1883.6750122070312,1842.1460034179688,0.015858231718947735,0.15474294750997358,72.57887410251593,31.42838537059947,25.296727533937016,98.6500015258789,0.021010129596261917,4328.8701171875,-0.012721605236129307
2022-03-07,1995.9000244140625,2007.5,1964.199951171875,1978.5,372185,1893.080010986328,1846.0200048828126,0.014898835142818312,0.15885854577177977,72.77636136655352,35.66823584672011,27.371029196493637,99.29000091552734,0.026677715391157708,4201.08984375,-0.03951816896705662
2022-03-08,2043.300048828125,2078.800048828125,1985.800048828125,2001.0,447651,1904.155010986328,1850.6520068359375,0.02374869674545832,0.1721181082544932,79.9935892568782,42.364778926891404,30.369779142573194,99.05999755859376,0.016938649363034575,4170.7001953125,-0.031479654663337575
2022-03-09,1988.199951171875,2068.5,1981.0,2060.199951171875,360345,1912.1700073242187,1854.2400048828124,-0.026966229305309786,0.20780423932636832,66.59082831446571,42.7331193740838,32.84244718887531,97.97000122070312,0.005955455741755822,4277.8798828125,-0.024771267395799934
2022-03-10,2000.4000244140625,2015.0999755859373,1975.0,1992.800048828125,303267,1920.360009765625,1858.0300048828126,0.006136240590387532,0.2079026246393806,64.7570403648193,43.507943295060386,34.97554641011233,98.51000213623048,0.007362728438105703,4259.52001953125,-0.023827305496111006
2022-03-11,1985.0,2004.0,1960.5999755859373,2000.300048828125,262088,1927.740008544922,1861.61400390625,-0.007698472418572022,0.2119066349489382,62.29080599432967,42.390690079945216,36.45857514407891,99.12000274658205,0.004764330597398336,4204.31005859375,-0.028774265621690165
2022-03-14,1960.800048828125,1994.800048828125,1952.0,1988.699951171875,162203,1933.6750122070312,1864.5480053710937,-0.012191411169710342,0.21952748435770866,57.35131852291017,39.10178401929306,36.98721691912174,99.05999755859376,-0.0023164805601044725,4173.10986328125,-0.0066601718862013826
2022-03-15,1929.699951171875,1956.9000244140625,1908.0999755859373,1953.699951171875,220374,1936.690008544922,1866.5700048828126,-0.015860922522333176,0.22496833344648717,52.46612653808275,33.59848191920287,36.30946991913797,99.06999969482422,0.00010097048735069336,4262.4501953125,0.021998704223122667
2022-03-16,1909.199951171875,1930.0999755859373,1895.199951171875,1920.0999755859373,195460,1939.3400085449218,1868.7520043945312,-0.01062341323455529,0.22714977603473793,47.84035352563628,27.268561676463605,34.5012882706031,98.37999725341795,0.004184914030890052,4357.85986328125,0.018696172557366664
2022-03-17,1943.199951171875,1951.0,1924.0,1928.4000244140625,149829,1942.9250061035157,1871.32400390625,0.017808506636054933,0.2333653515789656,57.106330582489,24.710720327576837,32.54317468199785,98.01000213623048,-0.0050756267298476265,4411.669921875,0.03571996413823486
2022-03-18,1929.300048828125,1946.199951171875,1918.0,1943.9000244140625,150882,1944.2900085449219,1873.4080053710939,-0.007153099368578886,0.22909615431859606,53.647969367844325,21.31628580370443,30.297796906339165,98.2300033569336,-0.008979008928438947,4463.1201171875,0.06155827115194179
2022-03-21,1929.5,1941.800048828125,1917.199951171875,1922.4000244140625,146411,1945.7750061035156,1876.2140063476563,0.00010363923019451882,0.22899618740522398,47.9518698327312,18.429858440550333,27.9242092131814,98.5,-0.005653115005000098,4461.18017578125,0.06903012907345185
2022-03-22,1921.5,1939.5,1909.800048828125,1936.0999755859373,153282,1946.4800048828124,1878.696005859375,-0.0041461518528116414,0.22934697711802648,49.880803248611606,15.32020898576502,25.403409167698122,98.48999786376952,-0.005854464851532626,4511.60986328125,0.05845456405396976
2022-03-23,1937.300048828125,1948.800048828125,1915.5999755859373,1920.9000244140625,153306,1947.8250061035155,1881.466005859375,0.008222768060434538,0.23098097292466868,50.207226717846076,13.969687422171091,23.116664818592717,98.62000274658205,0.002439576131983978,4456.240234375,0.022575386584293256
2022-03-24,1962.199951171875,1967.199951171875,1937.4000244140625,1944.0999755859373,181204,1949.6200012207032,1884.3400048828125,0.012852888925911188,0.23348395954993653,49.33734596441949,14.738704761054123,21.441072807085,98.79000091552734,0.007958358966390966,4520.16015625,0.02459164812785697
2022-03-25,1954.199951171875,1965.0999755859373,1942.5999755859373,1957.800048828125,147904,1952.95,1886.8780029296875,-0.004077056466759266,0.22085252177179507,43.289336431909575,14.535072137546194,20.05987267317724,98.80999755859376,0.00590445059390543,4543.06005859375,0.01791122338348039
2022-03-28,1939.800048828125,1959.800048828125,1915.699951171875,1958.699951171875,181367,1954.9050048828126,1889.2460034179687,-0.007368694454789493,0.22229467910646594,31.36477886235899,13.061178902104757,18.660133918962746,99.08999633789062,0.0059898105369606824,4575.52001953125,0.025629954237384345
2022-03-29,1912.199951171875,1929.4000244140625,1888.300048828125,1922.4000244140625,128051,1953.325,1891.1600024414063,-0.014228320941080397,0.21322579064544778,34.812147315769906,9.55585670914229,16.839278476998654,98.4000015258789,-0.0009137611924319167,4631.60009765625,0.02659587996550128
2022-03-30,1933.5,1937.0,1914.5,1918.4000244140625,17765,1953.8849975585938,1893.582001953125,0.011139028015909824,0.2135260735817129,37.09987595242411,8.3997721999865,15.151377221596224,97.79000091552734,-0.008416161102606234,4602.4501953125,0.032810161312590624
2022-03-31,1949.199951171875,1949.9000244140625,1919.0999755859373,1933.5,155299,1954.5499938964845,1895.702001953125,0.008119964402314439,0.21399263108919825,43.10476328408825,8.650701840997044,13.85124214547639,98.30999755859376,-0.004858825311116477,4530.41015625,0.0022676187669650183
2022-04-01,1923.699951171875,1944.5,1921.4000244140625,1942.4000244140625,135154,1952.4049926757812,1897.3240014648438,-0.013082290498042104,0.21095268925694302,42.88997479052933,6.714527607133505,12.423899237807813,98.62999725341795,-0.0018216811013386236,4545.85986328125,0.000616281680495101
2022-04-04,1934.0,1941.5999755859373,1918.199951171875,1927.0999755859373,108435,1949.309991455078,1899.3680004882813,0.005354290736375278,0.20400724670746506,50.89547093951999,5.942719465955179,11.127663283437286,98.98999786376952,-0.0010091682088686493,4582.64013671875,0.0015561328891813275
2022-04-05,1927.5,1948.9000244140625,1920.9000244140625,1937.300048828125,147256,1943.5199890136719,1901.0840014648438,-0.0033609100310237894,0.18090198203348093,54.046895330443085,4.751784660576959,9.85248755886522,99.47000122070312,0.010873980469835676,4525.1201171875,-0.022989890798782997
2022-04-06,1923.0999755859373,1937.5999755859373,1916.199951171875,1927.5999755859373,153971,1940.264990234375,1902.4960009765625,-0.002282762341926148,0.1568841606779112,44.88549921819036,3.4135655901634436,8.564703165124866,99.5999984741211,0.01850902486602135,4481.14990234375,-0.026355590570494747
2022-04-07,1937.800048828125,1941.699951171875,1923.300048828125,1928.0999755859373,122809,1937.134991455078,1904.6580029296874,0.007643946455622386,0.15795998369394265,52.15407954799967,3.498857738473589,7.551534079794612,99.75,0.01464756868240169,4500.2099609375,-0.0066661062179628194
2022-04-08,1945.5999755859373,1952.199951171875,1930.4000244140625,1934.300048828125,142498,1935.164990234375,1907.7080029296876,0.004025145299448862,0.15737977917365414,53.928739303954984,4.148025428075016,6.870832349450693,99.8000030517578,0.011862575594863367,4488.27978515625,-0.012666487717779784
2022-04-11,1948.199951171875,1974.5999755859373,1942.9000244140625,1949.5999755859373,184385,1934.5349853515625,1910.9740014648437,0.0013363361526332884,0.15179655128300565,56.691717085682946,4.8167671070903,6.460019300978615,99.93000030517578,0.00949593354572964,4412.52978515625,-0.03712060002256734
2022-04-12,1976.0999755859373,1982.699951171875,1953.0,1957.4000244140625,172386,1936.8549865722657,1914.5960009765624,0.014320924501245447,0.1484751739546239,59.16822571703331,7.511461058357099,6.670307652454312,100.29000091552734,0.00824368839611056,4397.4501953125,-0.028213598439095322
2022-04-13,1984.699951171875,1985.800048828125,1966.300048828125,1970.5,132029,1940.6299865722656,1918.26,0.0043519941765028936,0.14199231181759045,55.76036722341048,10.223125755710953,7.38087127310564,99.87999725341795,0.0028112327669322923,4446.58984375,-0.007712319236558907
2022-04-14,1974.9000244140625,1984.0,1962.699951171875,1981.5999755859373,139424,1942.214990234375,1921.5519995117188,-0.004937737188951963,0.13088102163850404,55.2511607829099,11.449385982293961,8.194574214943305,100.31999969482422,0.005714282654879277,4392.58984375,-0.023914465796409212
2022-04-18,1986.4000244140625,2003.0,1974.4000244140625,1978.5,138130,1945.0699890136718,1925.1980004882812,0.00582307957761663,0.12845059445982088,61.99792945696329,13.197032758308978,9.19506592361644,100.77999877929688,0.0098195961680565,4391.68994140625,-0.021520459591098606
2022-04-19,1959.0,1985.0999755859373,1945.5,1981.199951171875,181440,1946.544989013672,1928.2219995117186,-0.013793809946284541,0.13944308131551575,62.06186825467136,12.230121216363614,9.802076982165875,100.95999908447266,0.010307202803476079,4462.2099609375,0.01125888735037539
2022-04-20,1955.5999755859373,1960.9000244140625,1941.0,1952.699951171875,139507,1948.2499877929688,1930.897998046875,-0.0017355918397461423,0.13856982058024397,56.274837776781034,11.06196781894414,10.05405514952153,100.38999938964844,0.0009970931619127654,4459.4501953125,0.014099079522512659
2022-04-21,1948.199951171875,1960.0999755859373,1938.0,1960.0,154919,1948.7949829101562,1933.3039965820312,-0.0037840174403995785,0.13671475308870856,49.70202630839986,9.430370271480115,9.929318173913247,100.58000183105467,0.007008456116199602,4393.66015625,-0.01190343372335012
2022-04-22,1934.300048828125,1957.800048828125,1928.0,1953.0999755859373,176681,1947.3999877929687,1935.257998046875,-0.007134741141631262,0.13068113929223718,53.39311810814401,6.93576037899129,9.330606614928856,101.22000122070312,0.008971307103436299,4271.77978515625,-0.027503150280612898
2022-04-25,1896.0,1935.5,1891.800048828125,1931.9000244140625,231494,1944.489990234375,1936.4299975585936,-0.019800469348759342,0.14699652199426694,39.68512212998838,1.8469793842966737,7.833881168802419,101.75,0.00962493780960827,4296.1201171875,-0.021761514472523946
2022-04-26,1904.0999755859373,1912.199951171875,1896.300048828125,1899.800048828125,166199,1942.7049865722656,1937.6699975585936,0.004272139022118759,0.14660784269796806,43.702897298618346,-1.5148535919770438,5.964134216646526,102.3000030517578,0.013272622617240382,4175.2001953125,-0.06432009433386232
2022-04-27,1888.699951171875,1908.0999755859373,1881.5999755859373,1907.4000244140625,178197,1941.5299865722657,1938.05599609375,-0.00808782343969272,0.14069813723078875,41.260153146196046,-5.359997004230991,3.699307972471023,102.9499969482422,0.025500523699153677,4183.9599609375,-0.06177672634724751
2022-04-28,1891.300048828125,1897.800048828125,1870.9000244140625,1886.800048828125,170910,1939.419989013672,1938.757998046875,0.0013766599901887666,0.1340218874797384,37.412016163250385,-8.104075967130711,1.3386311845506762,103.62000274658205,0.030224705311038713,4287.5,-0.024162122803009
2022-04-29,1911.699951171875,1921.300048828125,1893.5,1895.800048828125,177136,1937.544989013672,1939.5619970703126,0.010786179779559646,0.13675272948062941,41.409012418013994,-8.534298603324032,-0.6359547730242656,102.95999908447266,0.017190257288928423,4131.93017578125,-0.032738019375660454
2022-05-02,1863.5999755859373,1900.4000244140625,1853.4000244140625,1896.199951171875,193825,1934.539990234375,1938.7939965820312,-0.0251608394698406,0.15630538410734984,32.57825347897976,-12.611145745620888,-3.0309929675435905,103.73999786376952,0.019557718562845272,4155.3798828125,-0.03275984621843797
2022-05-03,1870.5999755859373,1878.4000244140625,1849.699951171875,1863.5999755859373,167434,1931.3699890136718,1938.2099951171874,0.0037561709013218536,0.1554712654816718,26.228020182593937,-15.103135435504555,-5.445421461135783,103.47000122070312,0.011436931906574577,4175.47998046875,6.701119543062184e-05
2022-05-04,1868.800048828125,1892.0,1861.0999755859373,1868.300048828125,161479,1928.434991455078,1937.4379956054688,-0.0009622189571816264,0.15534798269094827,23.05904665915284,-17.027017407569247,-7.761740650422476,102.58999633789062,-0.0034968491600108065,4300.169921875,0.027775113056163425
2022-05-05,1875.699951171875,1910.699951171875,1872.300048828125,1884.0999755859373,218392,1926.064990234375,1936.743994140625,0.003692156551513781,0.15639261424626583,26.625788611095246,-17.78987269834579,-9.767367060007139,103.75,0.0012545575175855195,4146.8701171875,-0.032799972667638455
2022-05-06,1882.800048828125,1894.0,1865.0,1877.5,194279,1923.314990234375,1935.873994140625,0.003785305667793004,0.15408102326578105,25.072181881305028,-17.618428196337618,-11.337579287273236,103.66000366210938,0.006798801319553238,4123.33984375,-0.0020790119062517043
2022-05-09,1858.5999755859373,1885.5999755859373,1851.0,1883.699951171875,218821,1918.964990234375,1935.293994140625,-0.012853235932965945,0.15781120985643457,25.464311731578846,-19.21381594546483,-12.912826618911556,103.6500015258789,-0.0008675182161541617,3991.239990234375,-0.039500574485870965
2022-05-10,1841.0,1864.699951171875,1834.5,1853.9000244140625,260811,1913.6049926757812,1934.0999951171875,-0.009469480155561039,0.15922070514229608,23.811696995495964,-21.648789403112687,-14.660019175751783,103.91999816894533,0.004349057146354474,4001.050048828125,-0.04177482168673774
2022-05-11,1853.699951171875,1857.800048828125,1830.5999755859373,1836.5999755859373,243561,1907.4849914550782,1932.2979931640625,0.006898398246537152,0.15059487247295675,28.91564886868359,-22.29672077185387,-16.187359494972203,103.8499984741211,0.012281920081959274,3935.179931640625,-0.08487803897647572
2022-05-12,1824.5999755859373,1858.800048828125,1820.0999755859373,1852.300048828125,255608,1899.4799926757812,1930.3439916992188,-0.01569832030666085,0.15412584565247148,27.078958040548912,-24.871631198414434,-17.92421383566065,104.8499984741211,0.010602394931287673,3930.080078125,-0.05227799109597675
2022-05-13,1808.199951171875,1827.5999755859373,1797.199951171875,1821.4000244140625,179483,1891.1449890136719,1927.789990234375,-0.008988284902719967,0.15506769980229135,29.806787426864418,-27.91383782549201,-19.922138633626922,104.55999755859376,0.00868217118164516,4023.889892578125,-0.02411878596973216
2022-05-16,1814.0,1826.0,1785.0,1809.4000244140625,159493,1882.5249877929687,1924.7379907226561,0.0032076368680167278,0.15305593965332073,29.056256203539107,-29.51654467437197,-21.841019841775932,104.19000244140624,0.005209849566596425,4008.010009765625,0.004201706630591495
2022-05-17,1818.9000244140625,1834.800048828125,1811.0,1823.9000244140625,137288,1875.5199890136719,1921.1979907226562,0.002701226248104982,0.15093437778052385,32.94234235416742,-30.0449706605566,-23.48181000553207,103.36000061035156,-0.005388737186882597,4088.85009765625,0.02194425157311919
2022-05-18,1815.9000244140625,1822.9000244140625,1805.0,1813.199951171875,150353,1868.5349914550782,1916.649990234375,-0.001649348485201374,0.15094927134815495,31.60973919215604,-30.355903035366964,-24.85662861149905,103.80999755859376,-0.000385179741117625,3923.679931640625,-0.002922356842576579
2022-05-19,1841.199951171875,1848.199951171875,1808.4000244140625,1815.0999755859373,175242,1863.184991455078,1913.709990234375,0.013932444747874362,0.16334060711370285,33.2062808956092,-28.23534702885013,-25.532372294969267,102.72000122070312,-0.020314709436487943,3900.7900390625,-0.0074527842894422935
2022-05-20,1842.0999755859373,1847.800048828125,1830.5999755859373,1839.5999755859373,143045,1858.5749877929688,1910.5439892578124,0.0004888249174075376,0.16287956913833124,43.39274540491791,-26.1803755943738,-25.661972954850178,103.1500015258789,-0.01348504270884976,3901.360107421875,-0.03045058101173459
2022-05-23,1847.800048828125,1864.300048828125,1843.300048828125,1844.4000244140625,163266,1856.164990234375,1907.799990234375,0.0030943343562961356,0.150199409247513,42.93682673203307,-23.817296683719178,-25.29303770062398,102.08000183105467,-0.020251469055662774,3973.75,-0.008547885280263623
2022-05-24,1865.4000244140625,1869.0999755859373,1847.5999755859373,1852.300048828125,174762,1854.2299926757812,1905.8919897460937,0.009524826886490922,0.15387033682263265,49.04062556187109,-20.29047274192135,-24.292524708883455,101.86000061035156,-0.014512383815231678,3941.47998046875,-0.036041946676395265
2022-05-25,1846.300048828125,1866.699951171875,1838.699951171875,1865.4000244140625,182823,1852.1099975585937,1904.2239916992187,-0.010239077589771606,0.15537028817105192,42.23868014638114,-18.81970590842866,-23.1979609487925,102.05999755859376,-0.016857721232603318,3978.72998046875,0.014030208831306679
2022-05-26,1847.5999755859373,1852.800048828125,1836.300048828125,1851.800048828125,123355,1849.9249938964845,1902.9919921875,0.0007040712362205159,0.15524702506763746,40.41392213428925,-17.34922826722368,-22.028214412478736,101.83000183105467,-0.008664324173207616,4057.840087890625,0.04026108743496226
2022-05-27,1851.300048828125,1860.699951171875,1845.9000244140625,1848.300048828125,30091,1846.9049987792969,1901.153994140625,0.002002637633189197,0.14932877315570178,47.76213125367209,-15.704270104313537,-20.763425550845696,101.66999816894533,-0.014348069171499445,4158.240234375,0.06584373651241293
2022-05-31,1842.699951171875,1862.0999755859373,1832.800048828125,1850.300048828125,201803,1845.8599975585937,1899.4219921875,-0.004645436952099624,0.12148890243664,50.551573684160495,-14.922566854049819,-19.595253811486522,101.75,-0.0032327765001497477,4132.14990234375,0.03986156712016364
2022-06-01,1848.699951171875,1853.0,1830.199951171875,1840.0,158036,1844.7649963378906,1897.8059912109375,0.0032560916909909476,0.12126734679835938,48.30393655662682,-13.66143106704476,-18.40848926259817,102.5500030517578,0.006774027461925236,4101.22998046875,0.04053046083999168
2022-06-02,1871.4000244140625,1874.4000244140625,1846.5,1849.9000244140625,127471,1844.8949951171876,1896.8039916992188,0.012278938628087266,0.12951423393549194,66.59573326037996,-10.706843840617921,-16.86816017820212,101.7699966430664,-0.002841474842882108,4176.81982421875,0.0497872046412815
2022-06-03,1850.199951171875,1878.5999755859373,1849.699951171875,1872.5999755859373,115343,1843.6199951171875,1895.0619897460938,-0.011328456217598482,0.13485526242477142,64.40326323932766,-9.96115491797218,-15.486759126156134,102.13999938964844,0.0030442654720568285,4108.5400390625,0.01249431965620662
2022-06-06,1843.699951171875,1861.199951171875,1843.0,1853.699951171875,103179,1841.664990234375,1892.6919897460937,-0.0035131338079882335,0.13415834080535463,60.1364852141018,-9.781926788629335,-14.345792658650776,102.44000244140624,0.0075735643388268326,4121.43017578125,-0.008852316489425416
2022-06-07,1852.0999755859373,1858.199951171875,1838.5,1843.5,119211,1841.339990234375,1890.649990234375,0.0045560691199906245,0.12786812258188696,61.06663237852798,-8.859943522767253,-13.248622831474073,102.31999969482422,0.005601962602695076,4160.68017578125,0.006904462352955276
2022-06-08,1856.5,1862.4000244140625,1846.5999755859373,1855.0,114141,1842.114990234375,1888.9839892578125,0.002375694871801226,0.12323995359885472,63.408158378289905,-7.685624845282973,-12.136023234235854,102.54000091552734,-9.753423630232128e-05,4115.77001953125,0.0035452874215160524
2022-06-09,1852.800048828125,1857.800048828125,1841.9000244140625,1855.0999755859373,131293,1842.0699951171875,1887.7959912109375,-0.0019929712749124917,0.12109015990541815,54.46844047533959,-6.973141931104237,-11.103446973609532,103.22000122070312,0.014247859147743291,4017.820068359375,-0.038067180905777986
2022-06-10,1875.5,1879.5999755859373,1826.5,1850.4000244140625,267204,1844.6149963378907,1886.6359912109374,0.012251700439144697,0.11342209746466732,61.01582322054198,-4.524640501086878,-9.787685679105001,104.1500015258789,0.019678893168606937,3900.860107421875,-0.05054835286161996
2022-06-13,1831.800048828125,1882.5,1819.0,1879.0,252543,1845.7950012207032,1884.2879931640625,-0.023300427177752603,0.13924710808015597,45.78059289056686,-6.040772061068083,-9.038302955497617,105.08000183105467,0.025771176559259423,3749.6298828125,-0.09021147444243005
2022-06-14,1813.5,1833.300048828125,1806.0999755859373,1820.9000244140625,165146,1845.770001220703,1882.083994140625,-0.009990199989257653,0.14387984758568623,36.36364219510834,-8.619616670578125,-8.954565698513719,105.5199966430664,0.031274403418553254,3735.47998046875,-0.10219487616172285
2022-06-15,1819.5999755859373,1845.4000244140625,1808.4000244140625,1809.699951171875,203421,1845.804998779297,1879.7959936523437,0.003363647965777483,0.14406234133099308,42.47037577378244,-10.055241982620146,-9.174700955335005,105.16000366210938,0.025551031043391514,3789.989990234375,-0.07915408969667803
2022-06-16,1849.9000244140625,1860.199951171875,1816.300048828125,1835.800048828125,180893,1847.5049987792968,1878.243994140625,0.016652038489046506,0.15538693575443674,50.55745166306517,-8.648332084311278,-9.06942718113026,103.62999725341795,0.003972059948325057,3666.77001953125,-0.08737326282793734
2022-06-17,1840.5999755859373,1861.5,1836.0999755859373,1859.300048828125,141718,1847.475,1876.593994140625,-0.005027325101566449,0.14885234217428006,47.475210079918746,-8.189379995465742,-8.893417743997357,104.6999969482422,0.005280800905477001,3674.840087890625,-0.05794107281653571
2022-06-21,1838.800048828125,1848.4000244140625,1830.699951171875,1840.5999755859373,176299,1847.3100036621095,1874.613994140625,-0.00097790219585292,0.14888285018567285,49.049268530752656,-7.880059781233513,-8.69074615144459,104.44000244140624,-0.00609059172531623,3764.7900390625,0.004043107379608557
2022-06-22,1838.4000244140625,1850.300048828125,1824.5,1834.9000244140625,149553,1846.8400024414063,1872.4699951171874,-0.00021754644520344257,0.14841923397811843,47.41856630188367,-7.579824412444168,-8.468561803644505,104.1999969482422,-0.012509474382275232,3759.889892578125,0.00653461194732774
2022-06-23,1829.800048828125,1848.9000244140625,1823.5,1839.699951171875,167071,1845.0600036621095,1870.1019970703126,-0.004677967510731795,0.14457213001385588,38.78102208524246,-7.944255444750297,-8.363700531865664,104.43000030517578,-0.006941834647316791,3795.72998046875,0.0015145132966485342
2022-06-24,1830.300048828125,1833.699951171875,1817.699951171875,1824.199951171875,139723,1844.2600036621093,1867.1859985351562,0.0002732539002390233,0.14034182795745873,43.95874066684357,-8.099359467841623,-8.310832319060856,104.19000244140624,0.005403890792536004,3911.739990234375,0.0668081088800987
2022-06-27,1824.800048828125,1842.800048828125,1821.800048828125,1839.5999755859373,143820,1843.1200073242187,1863.9880004882812,-0.00300497178237058,0.1405729375952987,44.227273066225216,-8.567325759803907,-8.362131007209467,103.94000244140624,-0.007258782511824324,3900.110107421875,0.0613006319032936
2022-06-28,1821.199951171875,1830.9000244140625,1819.0999755859373,1823.5999755859373,111397,1841.6150024414062,1860.9139990234376,-0.001972872402410286,0.14031103540858642,40.27689752471567,-9.123519952468996,-8.514408796261373,104.51000213623048,0.0006702383491759001,3821.550048828125,0.015076540571106856
2022-06-29,1817.5,1834.9000244140625,1810.699951171875,1821.4000244140625,155542,1840.3550048828124,1857.5359985351563,-0.002031600741859374,0.13966175086590066,37.67382678973498,-9.750465696017272,-8.761620176212553,105.11000061035156,0.008733240775058437,3818.830078125,0.015676040317888162
2022-06-30,1807.300048828125,1826.800048828125,1802.5,1819.199951171875,208898,1838.285009765625,1854.5019995117189,-0.0056120776736588995,0.13991828813600957,36.187002583711205,-10.944217404006622,-9.198139621771368,104.69000244140624,0.002489726471996967,3785.3798828125,-0.002726773956394979
2022-07-01,1801.5,1813.5999755859373,1783.4000244140625,1808.0999755859373,249489,1834.7900085449219,1851.42,-0.003209234034982633,0.13078659993401087,24.96617877100509,-12.217454490241835,-9.802002595465462,105.13999938964844,0.009117928073535175,3825.330078125,-0.022089891538061512
2022-07-05,1763.9000244140625,1815.199951171875,1763.0,1814.4000244140625,310369,1830.4750122070313,1847.7340014648437,-0.02087148242350123,0.1436911048976243,26.04093531482839,-16.075202915198815,-11.056642659412134,106.5,0.02462956992941101,3831.389892578125,-0.01762007044697944
2022-07-06,1736.5,1771.5,1730.699951171875,1764.199951171875,258824,1825.1150146484374,1843.7780004882814,-0.015533774043211102,0.151128489137009,24.469504287839754,-21.100219122595263,-13.06535795204876,107.0999984741211,0.02478228193426424,3845.080078125,0.006157195116178071
2022-07-07,1739.699951171875,1748.199951171875,1734.699951171875,1737.199951171875,151256,1819.4950134277344,1840.6519995117187,0.0018427590969622987,0.14964132679986286,22.98850195238198,-24.541472534934883,-15.360580868625986,107.12999725341795,0.019217930085973833,3902.6201171875,0.02194128498737502
2022-07-08,1742.300048828125,1751.699951171875,1726.0,1738.699951171875,189178,1813.7850158691406,1837.4160009765626,0.0014945667237034055,0.14924718141051965,5.241301987754383,-26.750521149973792,-17.638568924895548,107.01000213623048,0.02216066138810846,3899.3798828125,0.03011586776735853
2022-07-11,1731.699951171875,1743.0,1729.0,1741.5,171902,1807.7300109863281,1834.2760009765625,-0.006083967949940483,0.14954103539575198,5.185220163383178,-29.021999836329087,-19.915255107182254,108.0199966430664,0.027392022732896537,3854.429931640625,0.007607148382313911
2022-07-12,1724.800048828125,1742.199951171875,1721.5999755859375,1731.300048828125,255170,1800.1950134277345,1830.9460009765626,-0.003984467597334507,0.13774074281732934,4.976338047725022,-31.021332899085337,-22.13647066556287,108.06999969482422,0.014741781172058488,3818.800048828125,-0.00328597300274458
2022-07-13,1735.5,1744.300048828125,1704.5,1723.5999755859375,300550,1795.3800109863282,1827.422001953125,0.006203589325698866,0.12226115509862971,12.417821014101847,-31.38068511517963,-23.985313555486222,107.95999908447266,0.008029884431411727,3801.780029296875,-0.011261156581487852
2022-07-14,1705.800048828125,1734.800048828125,1695.0,1733.5999755859375,266354,1789.9950134277344,1824.2660034179687,-0.017113195719893448,0.13027099188450583,10.759493670886087,-33.67384110315038,-25.923019065019055,108.54000091552734,0.013161613910751768,3790.3798828125,-0.02876022543948964
2022-07-15,1703.5999755859375,1714.199951171875,1696.5999755859375,1708.199951171875,176797,1784.1950134277345,1820.9260034179688,-0.001289760334863943,0.12827643836105135,10.331867522050231,-35.26223022867907,-27.790861297751057,108.05999755859376,0.009812124113655951,3863.159912109375,-0.009288648911272679
2022-07-18,1710.199951171875,1722.0,1704.4000244140625,1706.4000244140625,157535,1777.210009765625,1817.7540014648437,0.003874134585889255,0.10846147615515804,14.365652096678446,-35.57835208679717,-29.348359455560278,107.37000274658205,-0.0060173478678411385,3830.85009765625,-0.006117593107818786
2022-07-19,1710.699951171875,1716.5,1702.5999755859375,1707.199951171875,131771,1770.7150085449218,1814.4540014648437,0.00029236347460859236,0.10936551529263923,14.96511280476949,-35.380688561541774,-30.554825276756578,106.68000030517578,-0.012862028255516078,3936.68994140625,0.030870925701989016
2022-07-20,1700.199951171875,1712.699951171875,1690.0999755859375,1709.5,174466,1763.7850036621094,1810.8019995117188,-0.006137838486993119,0.10923957918315615,14.346489717895139,-35.660232083788515,-31.575906638162966,107.08000183105467,-0.008151141727311795,3959.89990234375,0.04159101048150826
2022-07-21,1713.4000244140625,1719.5,1678.4000244140625,1693.699951171875,248875,1757.5350036621094,1807.8980004882812,0.007763835796542162,0.1162455755250287,21.970162393480066,-34.41986595701178,-32.14469850193273,106.91000366210938,-0.015017479635793807,3998.949951171875,0.05502616487205869
2022-07-22,1727.4000244140625,1738.300048828125,1711.699951171875,1717.199951171875,200622,1752.4150024414062,1805.6260009765624,0.008170888175858204,0.12323938348966099,28.912935487568916,-31.939010832534223,-32.10356096805303,106.7300033569336,-0.012307923669339416,3961.6298828125,0.02548948864230627
2022-07-25,1719.0999755859375,1734.5999755859375,1712.9000244140625,1726.300048828125,160719,1746.854998779297,1802.9340014648437,-0.004804937310881607,0.12285205379548834,34.69945218500638,-30.293455745998926,-31.74153992364221,106.4800033569336,-0.008289087891233948,3966.840087890625,0.03549864567072847
2022-07-26,1717.699951171875,1726.4000244140625,1711.5,1717.9000244140625,147367,1741.4999938964843,1800.7960009765625,-0.0008143938304607801,0.12312040914141976,42.192680251196876,-28.77066147765845,-31.14736423444546,107.19000244140624,0.004780672429429256,3921.050048828125,-0.003972853542166033
2022-07-27,1719.0999755859375,1739.5999755859375,1709.0999755859375,1715.199951171875,144865,1736.3949951171876,1799.0140014648437,0.0008150576083485461,0.12382186423837745,41.31537208218014,-27.13803539988635,-30.34549846753364,106.4499969482422,-0.005883497124014481,4023.610107421875,0.01608884230644736
2022-07-28,1750.300048828125,1755.0,1732.0,1732.300048828125,37236,1733.0349975585937,1797.7400024414062,0.01814907433266244,0.14457600350833721,52.71738769877864,-23.060752312227805,-28.88854923647248,106.3499984741211,-0.0052380990441098785,4072.429931640625,0.01837481873140656
2022-07-29,1762.9000244140625,1765.699951171875,1750.0,1754.0,140666,1730.8149963378905,1796.6200024414063,0.007198751776515966,0.1472721517523837,60.4557834872984,-18.598372896953606,-26.830513968568702,105.9000015258789,-0.007776649535734981,4130.2900390625,0.042573425897691974
2022-08-01,1787.699951171875,1792.5,1774.300048828125,1782.5,133742,1730.1249938964843,1796.0560009765625,0.014067687568417364,0.15662100608596174,68.82102501015426,-12.911917683258707,-24.046794711506706,105.4499969482422,-0.009673237943453983,4118.6298828125,0.03826466193715139
2022-08-02,1789.699951171875,1805.0,1776.0,1789.199951171875,174165,1731.414990234375,1795.0260009765625,0.0011187559739480601,0.13654878298812312,67.1085546241024,-8.15002920890197,-20.86744161098576,106.23999786376952,-0.008862809553120576,4091.18994140625,0.04339141058119722
2022-08-03,1776.4000244140625,1789.4000244140625,1770.0,1777.300048828125,151734,1733.4099914550782,1793.712001953125,-0.007431372364459121,0.1263742996943296,74.85912496292762,-5.387289898175595,-17.77141126842373,106.51000213623048,0.0005636936562567474,4155.169921875,0.03269695893507474
2022-08-04,1806.9000244140625,1812.0,1779.4000244140625,1782.0999755859375,153292,1736.7699951171876,1792.8940014648438,0.01716955617024407,0.13858300642274732,80.32883711395185,-0.7283085020433191,-14.362790715147648,105.69000244140624,-0.006205886621384993,4151.93994140625,0.019523972444037474
2022-08-05,1791.199951171875,1811.5999755859373,1780.199951171875,1807.699951171875,168901,1739.214990234375,1791.41,-0.008688955133131171,0.14363263390539968,72.57523240290519,1.6777629143764443,-11.15467998924283,106.62000274658205,0.006798878284502985,4145.18994140625,0.0036074711952025496
2022-08-08,1805.199951171875,1806.4000244140625,1786.9000244140625,1790.300048828125,103683,1742.889990234375,1790.587998046875,0.00781598949399287,0.14246600477155943,74.49453816450433,4.660550913971747,-7.991633808599915,106.44000244140624,0.009388388068422238,4140.06005859375,0.005203229324072245
2022-08-09,1812.300048828125,1817.0,1799.4000244140625,1805.5,120510,1747.264990234375,1789.8819995117187,0.003933136410534832,0.14072886009127045,79.57782407210578,7.510770944193155,-4.891152858041302,106.37000274658205,0.0012236905631271,4122.47021484375,0.007645764162870439
2022-08-10,1813.699951171875,1824.5999755859373,1803.300048828125,1811.5,154592,1751.1749877929688,1789.1299975585937,0.0007724451283082079,0.14015996151493637,78.22168976292815,9.769929605615289,-1.9589363653099838,105.1999969482422,-0.012299363080593428,4210.240234375,0.013253444151605231
2022-08-11,1807.199951171875,1814.9000244140625,1798.5999755859375,1807.9000244140625,121259,1756.2449829101563,1788.4199975585936,-0.0035838342476660623,0.12249290317428144,73.44297662089151,10.910068960226681,0.6148646997973493,105.08999633789062,-0.005677037464808965,4207.27001953125,0.013326319480974957
2022-08-12,1815.5,1819.0999755859373,1799.5999755859375,1805.199951171875,118649,1761.8399841308594,1787.7559985351563,0.004592767293260858,0.12158823266057611,78.31961895718145,12.34112142137974,2.9601160441138274,105.62999725341795,-0.009285363605900154,4280.14990234375,0.03255820911591689
2022-08-15,1798.0999755859375,1818.9000244140625,1787.5999755859375,1818.9000244140625,137765,1766.2349853515625,1786.2899975585938,-0.009584150049056772,0.12973083112024086,71.58968657050082,11.933640673624495,4.754820970015961,106.5500030517578,0.001033451783431838,4297.14013671875,0.037941497442516736
2022-08-16,1789.699951171875,1798.0,1785.4000244140625,1795.5,94403,1770.1849853515625,1785.0799975585937,-0.004671611438805123,0.13204780599729352,68.27120828713049,10.808306052767193,5.9655179865662085,106.5,0.0012221232496125722,4305.2001953125,0.044325360996131824
2022-08-17,1776.699951171875,1796.5999755859375,1773.9000244140625,1790.800048828125,137832,1774.0099853515626,1783.7399975585938,-0.0072637874250863765,0.13305784225919917,57.54282924107143,8.76642501303263,6.525699391859494,106.56999969482422,0.013022840174187866,4274.0400390625,0.015153483206634899
2022-08-18,1771.199951171875,1786.300048828125,1768.800048828125,1777.0999755859375,124319,1776.8999816894532,1782.1219970703125,-0.0030956268087767302,0.1326574349623507,52.47168718014711,6.628011947565028,6.546161903000601,107.4800033569336,0.02274247884982783,4283.740234375,0.01817573259827765
2022-08-19,1762.9000244140625,1773.300048828125,1759.0999755859375,1773.0999755859375,138699,1778.674981689453,1780.2499975585938,-0.004686047305004215,0.13218022778244012,41.80980093834482,4.214981776588729,6.079925877718227,108.16999816894533,0.02404620828904913,4228.47998046875,-0.01207198884476135
2022-08-22,1748.4000244140625,1762.0999755859375,1740.199951171875,1760.5999755859375,142857,1780.1399841308594,1778.1619970703125,-0.00822508355504692,0.13472275632186217,37.400878399665146,1.119701935777357,5.087881089330053,109.0500030517578,0.023463162162328688,4137.990234375,-0.037036237423077156
2022-08-23,1761.199951171875,1767.5,1743.0999755859375,1750.0,145260,1782.3149841308593,1775.87599609375,0.007320937187759391,0.13645002516998403,45.348815492319055,-0.2970582201983234,4.010893227424377,108.62000274658205,0.019906129075887735,4128.72998046875,-0.04099001366670263
2022-08-24,1761.5,1769.5,1754.800048828125,1761.300048828125,112645,1784.4349853515625,1774.4699951171874,0.00017036613470566841,0.13649872947485298,32.9579581643641,-1.379734695483421,2.9327676428428178,108.68000030517578,0.01979919880260672,4140.77001953125,-0.031181275400611885
2022-08-25,1771.4000244140625,1778.800048828125,1763.0,1764.4000244140625,117570,1785.4899841308593,1773.6279956054686,0.005620223908068489,0.12245306938282484,42.22922960616522,-1.422516485590677,2.061710817156119,108.47000122070312,0.009210995839680214,4199.1201171875,-0.019753792844034557
2022-08-26,1749.800048828125,1772.300048828125,1746.199951171875,1771.800048828125,176904,1784.8349853515624,1772.2319970703124,-0.012193731109991557,0.12787843740443716,29.481517650462962,-3.1628989435491803,1.0167888650150592,108.8000030517578,0.005824210903919047,4057.659912109375,-0.04039751143398784
2022-08-29,1749.699951171875,1757.9000244140625,1731.4000244140625,1748.4000244140625,156220,1782.9349853515625,1770.2279956054688,-5.7205196854925866e-05,0.11605028353238611,25.546836853027344,-4.498387019160191,-0.08624631181999087,108.83999633789062,-0.00192578365878171,4030.610107421875,-0.025949826092169004
2022-08-30,1736.300048828125,1752.800048828125,1732.9000244140625,1749.800048828125,130664,1780.264990234375,1768.1419970703125,-0.007658400135849175,0.11804148677385183,22.357177734375,-6.5623839944914835,-1.3814738483542894,108.7699966430664,0.0013809049225887993,3986.159912109375,-0.034531216387076125
2022-08-31,1726.199951171875,1738.0,1720.5999755859375,1735.5,176731,1777.7549865722656,1765.8899951171875,-0.005817023194272686,0.1170986116467169,21.796676561495858,-8.910396434984932,-2.8872583656804185,108.6999969482422,0.00018399561106252627,3955.0,-0.04486364097861195
2022-09-01,1709.300048828125,1723.0,1699.0999755859375,1723.0,198618,1772.8749877929688,1763.3079956054687,-0.009790234516156127,0.09790603627901878,15.111699986044513,-11.996604700001399,-4.7091276325446145,109.69000244140624,0.011247360624812686,3966.85009765625,-0.05531397365379975
2022-09-02,1722.5999755859375,1729.5,1705.9000244140625,1707.800048828125,174684,1769.4449890136718,1761.163994140625,0.007780919895796323,0.10203307561337033,24.510440689924607,-13.216897876242683,-6.410681681284228,109.52999877929688,0.006709519366390193,3924.260009765625,-0.0328760677911033
2022-09-06,1712.9000244140625,1737.4000244140625,1710.5999755859375,1724.199951171875,206268,1764.8299926757813,1758.8159936523436,-0.005630994606612316,0.09598102905896222,24.29717546530182,-14.796133388419094,-8.087772022711203,110.20999908447266,0.012587309745297093,3908.18994140625,-0.030372614257628938
2022-09-07,1727.800048828125,1731.199951171875,1701.699951171875,1712.9000244140625,173624,1760.6049926757812,1756.8759936523438,0.008698712243383477,0.10161107453446225,33.84006428668246,-14.676203327738449,-9.405458283716653,109.83999633789062,0.009837268804332888,3979.8701171875,-0.001577908327954347
2022-09-08,1720.199951171875,1739.4000244140625,1713.699951171875,1729.5,184176,1755.9299926757812,1754.8559936523438,-0.004398713648263164,0.1011502215318732,33.376782116289945,-15.021266445621222,-10.528619916097568,109.70999908447266,0.009291648248264117,4006.179931640625,0.01294056425805934
2022-09-09,1728.5999755859375,1740.5,1719.4000244140625,1719.5999755859375,154706,1751.9999938964843,1753.0779931640625,0.004883167452911508,0.10449402644735306,38.827345658591206,-14.45034510101027,-11.312964953080108,109.0,-0.0062904770357244955,4067.360107421875,0.025337486240029516
2022-09-12,1740.5999755859375,1746.4000244140625,1722.300048828125,1728.4000244140625,154374,1748.2549926757813,1751.7439916992187,0.006942034114013174,0.10682633751790355,47.41720237479304,-12.881100798525722,-11.626592122169232,108.33000183105467,-0.010955874752269446,4110.41015625,0.04743573209245455
2022-09-13,1717.4000244140625,1742.9000244140625,1706.699951171875,1736.0,232696,1744.2199951171874,1750.0619921875,-0.013328709351535628,0.11105693675424891,36.43125150791604,-13.355551073269908,-11.972383912389368,109.81999969482422,-0.0035386933389729425,3932.68994140625,0.006268886714135613
2022-09-14,1709.0999755859375,1717.300048828125,1703.300048828125,1711.5999755859375,163288,1740.1899963378905,1748.9659912109375,-0.004832915284810668,0.11110466630288487,34.533643192995726,-14.237183518993561,-12.425343833710206,109.66000366210938,-0.001638680642591761,3946.010009765625,-0.008507842322704517
2022-09-15,1677.300048828125,1707.800048828125,1668.9000244140625,1707.199951171875,268094,1735.2200012207031,1747.7819921875,-0.018606241420669578,0.12435960927290622,25.405119808260835,-17.302420378585566,-13.40075914268528,109.73999786376952,0.0002734370572163858,3901.35009765625,-0.026167030880573705
2022-09-16,1683.5,1689.9000244140625,1661.9000244140625,1673.699951171875,217226,1730.8350036621093,1746.6579931640624,0.003696387641678456,0.12649685858857893,31.154040467129136,-19.012197649414475,-14.52304684403112,109.76000213623048,0.006972496662664973,3873.330078125,-0.04770416785639919
2022-09-19,1678.199951171875,1688.800048828125,1667.5999755859375,1685.4000244140625,141171,1726.6,1745.3759912109374,-0.0031482321521384415,0.1262628517679204,30.25950915696596,-20.55789943308332,-15.730017361841561,109.73999786376952,0.013015748258859983,3899.889892578125,-0.051216364223840904
2022-09-20,1671.0999755859375,1688.800048828125,1668.0999755859375,1684.9000244140625,143933,1722.7349975585937,1744.1639916992187,-0.004230708969440555,0.12461614314864197,31.350085651774037,-22.101021111667023,-17.004218111806654,110.22000122070312,0.003642337707070231,3855.929931640625,-0.019518449435191765
2022-09-21,1675.699951171875,1696.9000244140625,1661.300048828125,1673.199951171875,227938,1718.4599975585938,1743.1819897460937,0.0027526633074868023,0.12097468973525019,35.085629574938125,-22.691206469951112,-18.141615783435547,110.63999938964844,0.00893667421860278,3789.929931640625,-0.03955389817530408
2022-09-22,1681.0999755859375,1693.5,1663.300048828125,1682.800048828125,241279,1714.4399963378905,1742.0939892578126,0.0032225485298165157,0.12233155627215074,41.06461142866426,-22.464241980077986,-19.006141022764034,111.3499984741211,0.014671046488903938,3757.989990234375,-0.036746281116375346
2022-09-23,1655.5999755859375,1685.0,1646.5999755859375,1680.0999755859375,243045,1708.6499938964844,1741.0899877929687,-0.015168639801515726,0.1266497356964532,30.294117647058826,-24.064606075133725,-20.01783403323797,113.19000244140624,0.03125000217218066,3693.22998046875,-0.04649748253405572
2022-09-26,1633.4000244140625,1657.199951171875,1627.699951171875,1651.0,219861,1702.8299926757813,1739.6859887695311,-0.013409006704060977,0.12784382163035027,28.21917808219179,-26.81514833910046,-21.37729689441047,114.0999984741211,0.03973027788613637,3655.0400390625,-0.06278378627601733
2022-09-27,1636.199951171875,1650.0999755859375,1628.699951171875,1629.199951171875,197058,1697.1549926757812,1738.2059887695314,0.0017141708803494193,0.1286113778633167,23.12202166892564,-28.441189877606803,-22.790075491049738,114.11000061035156,0.03529304433465885,3647.2900390625,-0.05410883918457321
2022-09-28,1670.0,1671.5999755859375,1622.199951171875,1636.5,279817,1693.839990234375,1737.3919897460937,0.020657651776555097,0.1529124963408095,37.23296323110299,-26.69473773057325,-23.57100793895444,112.5999984741211,0.01771510389809383,3719.0400390625,-0.01870480295329302
2022-09-29,1668.5999755859375,1673.0999755859375,1649.300048828125,1669.0,201961,1690.9599914550781,1736.759990234375,-0.0008383379724925533,0.15224103339134074,34.17720296522924,-25.133904090223496,-23.88358716920825,112.25,0.008082636176129698,3640.469970703125,-0.031272041659674676
2022-09-30,1672.0,1684.4000244140625,1667.5,1669.5,179989,1689.094989013672,1735.9319897460937,0.002037651003122365,0.14962151765245574,31.049717720642235,-23.353375454750903,-23.77754482631678,112.12000274658205,-0.009453129002078509,3585.6201171875,-0.029137059931369835
2022-10-03,1702.0,1710.4000244140625,1666.5,1670.5,215493,1688.064990234375,1735.4239892578125,0.017942583732057482,0.16146466872619625,45.899885404661944,-19.299076661093295,-22.881851193272084,111.75,-0.02059595535099057,3678.429931640625,0.006399353311632883
2022-10-04,1730.5,1738.699951171875,1704.0,1708.4000244140625,205084,1688.9449890136718,1735.6519897460937,0.01674500587544059,0.17136210139780686,55.144239657029175,-13.629194966220666,-21.031319947861803,110.06999969482422,-0.03540444215159222,3790.929931640625,0.03938263506322248
2022-10-05,1720.800048828125,1736.5999755859375,1708.800048828125,1734.4000244140625,173222,1688.594989013672,1735.7139916992187,-0.005605288166353639,0.1698746032806066,61.69984476903156,-9.805446780629836,-18.78614531441541,111.06999969482422,-0.013587911190323099,3783.280029296875,0.017273272016336882
2022-10-06,1720.800048828125,1734.199951171875,1714.800048828125,1725.5,139443,1688.6249938964843,1735.7479931640626,0.0,0.16913092355922715,60.3784248645814,-6.697889691855153,-16.36849418990336,112.26000213623048,8.91058906946629e-05,3744.52001953125,0.02858148801266691
2022-10-07,1709.300048828125,1722.800048828125,1698.4000244140625,1721.0,157445,1687.6599975585937,1734.9279931640624,-0.0066829379786638166,0.16974839561193286,58.36474287080108,-5.104243657152892,-14.115644083353267,112.8000030517578,0.006064933004976014,3639.659912109375,0.015071254944950097
2022-10-10,1675.199951171875,1707.4000244140625,1672.5,1703.4000244140625,157149,1684.3899963378906,1733.1739916992187,-0.019949743568795086,0.18058994176137644,50.9628875330619,-6.517728273116518,-12.596060921305916,113.13999938964844,0.012438473285444562,3612.389892578125,-0.017953322556030105
2022-10-11,1686.0,1691.300048828125,1667.5,1675.5999755859375,171814,1682.8199951171875,1731.1399926757813,0.006447020739565934,0.17753788544472296,52.3505349697025,-6.689340777703592,-11.414716892585453,113.22000122070312,0.028618166027187142,3588.840087890625,-0.05330877842486004
2022-10-12,1677.5,1685.0999755859375,1668.0,1673.4000244140625,131769,1681.2399963378907,1728.8959936523438,-0.005041518386714072,0.17760128794357827,49.1899247526319,-7.425625893517463,-10.616898692771855,113.31999969482422,0.020257495328910524,3577.030029296875,-0.05451618659016677
2022-10-13,1677.0,1688.9000244140625,1648.300048828125,1680.199951171875,237007,1681.2249938964844,1726.9079931640624,-0.00029806259314457684,0.16478350072235107,55.42596766375956,-7.957750974072042,-10.085069149031892,112.36000061035156,0.0008907756299498804,3669.909912109375,-0.01992514582181748
2022-10-14,1648.9000244140625,1677.800048828125,1645.5999755859375,1672.800048828125,183170,1679.4949951171875,1723.7479931640626,-0.01675609754677254,0.17447552790242996,53.81585242421547,-10.525564961714508,-10.173168311568414,113.30999755859376,0.004521227775162062,3583.070068359375,-0.01554811304257353
2022-10-17,1664.0,1674.300048828125,1649.0999755859375,1649.9000244140625,148889,1678.7849975585937,1721.203994140625,0.009157605289807247,0.17788241125982732,56.453117437907956,-11.212879122251934,-10.38111047370512,112.04000091552734,-0.009722454304889605,3677.949951171875,0.018148666268955838
2022-10-18,1655.800048828125,1666.0,1650.5999755859375,1655.9000244140625,163168,1678.020001220703,1718.21599609375,-0.004927855271559478,0.17810042196117937,46.259234057222535,-12.27771818342353,-10.760432015648803,112.12999725341795,-0.009627309269855888,3719.97998046875,0.03654102422133931
2022-10-19,1634.199951171875,1659.800048828125,1632.199951171875,1657.199951171875,179246,1675.945001220703,1714.653994140625,-0.013045112344052145,0.183147976975366,41.80952275767139,-14.695161498134212,-11.547377912145887,112.9800033569336,-0.003000320674252155,3695.159912109375,0.03302457117915791
2022-10-20,1636.800048828125,1650.300048828125,1626.300048828125,1634.5999755859375,163734,1673.7300048828124,1711.11599609375,0.0015910523399449428,0.18271770303760934,41.58701761265235,-16.214288367587187,-12.480760003234147,112.87999725341795,0.004627951586344992,3665.780029296875,-0.0011253362920089494
2022-10-21,1656.300048828125,1663.0999755859375,1621.0999755859375,1632.4000244140625,271095,1673.7650085449218,1708.097998046875,0.011913489380673603,0.18067530463885825,38.50027522620154,-15.664153711260042,-13.117438744839326,112.01000213623048,-0.01147291016126839,3752.75,0.04735601827577951
2022-10-24,1654.0999755859375,1675.5,1648.0,1662.9000244140625,171022,1674.8000061035157,1704.8699975585937,-0.00132830596952771,0.1736633942540147,27.842254813591694,-15.230132074354742,-13.53997741074241,111.98999786376952,-0.0004462964240381506,3797.340087890625,0.03246105528997467
2022-10-25,1658.0,1666.800048828125,1641.199951171875,1654.5,182795,1675.8900085449218,1702.067998046875,0.00235779243795764,0.17372891766282203,31.152484997691943,-14.405410814980996,-13.713064091590127,110.9499969482422,-0.010523502488891556,3859.110107421875,0.037400773037384205
2022-10-26,1669.199951171875,1679.4000244140625,1653.800048828125,1657.699951171875,186926,1675.8500061035156,1699.657998046875,0.006755097208609673,0.15894643142579287,35.48931028327405,-12.701654056006419,-13.510782084473387,109.6999969482422,-0.029031742885765266,3830.60009765625,0.0366534030375858
2022-10-27,1665.5999755859375,1674.800048828125,1658.5,1668.800048828125,189287,1675.7000061035155,1697.4359985351562,-0.002156707219773235,0.15911007165101318,37.139492593526626,-11.509231239665041,-13.110471915511718,110.58999633789062,-0.02028703907908702,3807.300048828125,0.03860570421580767
2022-10-28,1644.800048828125,1670.9000244140625,1640.699951171875,1667.199951171875,196363,1674.3400085449218,1694.9080004882812,-0.012487948524672277,0.16484274969350005,40.293779250866024,-12.103090925608512,-12.908995717531077,110.66999816894533,-0.01196325276072574,3901.06005859375,0.039520367355605934
2022-10-31,1640.699951171875,1648.5,1634.5,1647.199951171875,128413,1671.2750061035156,1692.4639990234375,-0.002492763578874624,0.14930551291476335,34.88992509662194,-12.757511963520301,-12.878698966728923,111.52999877929688,-0.004107501502341404,3871.97998046875,0.019655835624558637
2022-11-01,1649.699951171875,1660.300048828125,1633.5999755859375,1636.0999755859375,197976,1667.2350036621094,1690.4899975585938,0.005485463684917979,0.13547517742290593,40.757971492064634,-12.406901529251854,-12.784339479233509,111.4800033569336,0.004776984436859699,3856.10009765625,-0.0007799750931791749
2022-11-02,1650.0,1673.0999755859375,1637.4000244140625,1651.4000244140625,220926,1663.695001220703,1688.2659985351563,0.00018188084924886105,0.13518981190948867,41.01199570885212,-11.966882034299033,-12.620847990246615,111.3499984741211,0.015041035294261595,3759.68994140625,-0.018511500663665248
2022-11-03,1630.9000244140625,1643.199951171875,1618.300048828125,1639.0999755859375,254699,1659.2,1685.6539990234376,-0.011575742779356024,0.1390356726827013,43.62607113957493,-13.009407467794972,-12.698559885756287,112.93000030517578,0.02115927339517798,3719.889892578125,-0.02295856778530092
2022-11-04,1676.5999755859375,1686.4000244140625,1631.0999755859375,1631.699951171875,293521,1657.5649963378905,1683.757998046875,0.02802130755273846,0.1754616535128299,53.66704396161112,-10.03236539237514,-12.16532098708006,110.87999725341795,0.0018975249656374427,3770.550048828125,-0.03345501166487319
2022-11-07,1680.5,1685.5999755859375,1670.0,1678.5999755859375,187589,1657.8299987792968,1682.3719970703125,0.0023261508236032125,0.16058352728510153,57.37310900607945,-7.274483010883159,-11.187153391840681,110.12000274658205,-0.012642302951199946,3806.800048828125,-0.01683374706723928
2022-11-08,1716.0,1720.4000244140625,1667.0999755859375,1678.0,297618,1659.3299987792968,1681.697998046875,0.021124665278191124,0.17587296492381319,72.54685302450153,-2.198940028108609,-9.389510719094266,109.62000274658205,-0.016684612076986127,3828.110107421875,-0.007258626468588658
2022-11-09,1713.699951171875,1725.800048828125,1705.0999755859375,1715.199951171875,239645,1661.1399963378906,1681.24599609375,-0.0013403547949446537,0.1746900851080087,71.23132547661994,1.6192044539084236,-7.187767684493729,110.5500030517578,-0.0071845121987067495,3748.570068359375,-0.0029576569398475083
2022-11-10,1753.699951171875,1760.5999755859375,1705.5,1709.699951171875,305717,1664.9749938964844,1681.79599609375,0.02334130894538844,0.19148166727281932,74.15671010979057,7.783058911853914,-4.193602365224201,108.20999908447266,-0.04179581340607508,3956.3701171875,0.06357183450004733
2022-11-11,1769.4000244140625,1775.5999755859375,1750.300048828125,1758.300048828125,227044,1670.9999938964843,1682.9979956054688,0.00895254244130883,0.17886488535568415,76.80148686226661,13.77602127957175,-0.5996776362650111,106.29000091552734,-0.0413960718938341,3992.929931640625,0.05897810132015491
2022-11-14,1776.9000244140625,1778.4000244140625,1755.800048828125,1769.4000244140625,191347,1676.6449951171876,1684.0839965820312,0.004238724933036897,0.17768342251170646,77.18335267368501,18.912661068757416,3.3027901047394743,106.66000366210938,-0.03142025970009399,3957.25,0.039521369455217226
2022-11-15,1776.800048828125,1791.800048828125,1770.199951171875,1774.0,283019,1682.6949951171875,1685.3619970703126,-5.6264046690235325e-05,0.17550253564189272,75.91523290957628,22.7135897905373,7.1849500418990395,106.4000015258789,-0.029374212187780135,3991.72998046875,0.042741684135378266
2022-11-16,1775.800048828125,1788.199951171875,1773.4000244140625,1782.0,200755,1689.775,1686.3219970703126,-0.0005628095297833813,0.1650944323794688,76.8780506394992,25.352908990900005,10.818541831699232,106.27999877929688,-0.038625094116567116,3958.7900390625,0.05608004302161307
2022-11-17,1763.0,1777.5999755859375,1756.5999755859375,1777.0,169097,1696.0849975585938,1687.177998046875,-0.007208046219264297,0.16983530825126153,79.99995042836093,26.110743113260696,13.876982088011527,106.69000244140624,-0.014046730024273035,3946.56005859375,-0.0024795603806460065
2022-11-18,1754.4000244140625,1769.9000244140625,1749.199951171875,1763.0999755859375,137327,1700.9899963378907,1687.6939990234375,-0.004878034932465969,0.16962137401344732,78.21340058605831,25.720891531465668,16.245763976702357,106.93000030517578,0.006021256789310536,3965.340087890625,-0.006909673904210933
2022-11-21,1739.5999755859375,1755.0,1733.9000244140625,1752.0,166082,1705.2649963378906,1687.6739990234375,-0.008435960226954475,0.17381521998469346,71.68353842267385,23.94170600922348,17.78495238320658,107.83999633789062,0.011063122400777115,3949.93994140625,-0.001847257209868003
2022-11-22,1739.9000244140625,1751.0,1737.5999755859375,1739.699951171875,153092,1709.3599975585937,1688.1239990234376,0.00017248150858595324,0.17402515889960582,71.68353842267385,22.298852802767442,18.687732467118753,107.22000122070312,0.007706763938577277,4003.580078125,0.0029686621375273337
2022-11-23,1745.5999755859375,1754.9000244140625,1719.0,1740.800048828125,167770,1713.179998779297,1688.8539990234376,0.0032760222379988324,0.17332579135320117,79.57706666330905,21.212296078625513,19.192645189420105,106.08000183105467,-0.001881792910606972,4027.260009765625,0.01729568126309111
2022-11-25,1754.0,1761.199951171875,1745.9000244140625,1751.0,134299,1717.6,1690.387998046875,0.004812113045111088,0.1727152938907325,74.71261679875342,20.7893570476856,19.511987561073205,105.95999908447266,-0.006842284564896328,4026.1201171875,0.020159343177992506
2022-11-28,1740.300048828125,1763.5,1738.199951171875,1755.0,132767,1722.375,1691.5239990234375,-0.0078106905198831456,0.1680139905695709,67.96874885375783,19.128205211470004,19.435231091152566,106.68000030517578,-0.0023379781098522567,3963.93994140625,-0.00035309619183754304
2022-11-29,1748.4000244140625,1758.199951171875,1737.9000244140625,1739.5,19416,1727.7600036621093,1692.9280004882812,0.004654355776977592,0.16689513567052527,61.654674805851286,18.254899629136617,19.19916479874938,106.81999969482422,-0.009458426165654621,3957.6298828125,0.0019468502104647012
2022-11-30,1746.0,1769.4000244140625,1745.0999755859375,1748.0999755859375,192239,1732.5750061035155,1694.4260009765626,-0.0013726975409227293,0.16744367712932406,61.61036166485887,17.171197870584137,18.793571413116332,105.9499969482422,-0.011844844786437991,4080.110107421875,0.0191153986690622
2022-12-01,1815.199951171875,1818.4000244140625,1782.9000244140625,1783.0999755859375,226148,1740.8350036621093,1697.2160009765626,0.03963341991516334,0.2116862766937917,68.27093944066718,21.646684644738798,19.364194059440827,104.7300033569336,-0.012726229739994932,4076.570068359375,0.012244071272820456
2022-12-02,1809.5999755859373,1818.699951171875,1791.800048828125,1817.0,183724,1749.770001220703,1699.7860009765625,-0.0030850461307705412,0.20497902292337372,62.70542464586472,24.459712587494323,20.383297765051527,104.5500030517578,-0.013306870940898996,4071.699951171875,0.011321031826595274
2022-12-05,1781.300048828125,1822.9000244140625,1778.0999755859375,1810.5,179818,1755.0050048828125,1702.3000024414061,-0.015638774944528255,0.19927036271603682,51.229057937064866,24.12736468062576,21.132111148166373,105.29000091552734,-0.013029615538733719,3998.840087890625,0.008804408492625537
2022-12-06,1782.4000244140625,1793.199951171875,1779.0999755859375,1780.800048828125,127856,1760.1000061035156,1705.2800024414062,0.0006175128028886867,0.19945139908428033,51.55554982879627,23.67976976123805,21.641642870780707,105.58000183105467,-0.011608293084741761,3941.260009765625,-0.004136281949448373
2022-12-07,1798.0,1803.199951171875,1780.5,1783.300048828125,155568,1764.2000061035155,1708.5160034179687,0.008752230347991441,0.1891251848038773,55.703999969890134,24.303677551920828,22.174049807008732,105.0999984741211,-0.00802263802363623,3933.919921875,-0.03582996088290591
2022-12-08,1801.5,1806.9000244140625,1793.199951171875,1799.5,116274,1768.5900085449218,1711.1460034179688,0.0019466073414904361,0.18862150393155017,60.38857004326814,24.794731489898595,22.698186143586703,104.7699966430664,0.0003818703795559486,3963.510009765625,-0.02773411389915137
2022-12-09,1810.699951171875,1819.0,1800.0999755859375,1801.9000244140625,150938,1771.440008544922,1713.9880029296876,0.005106828294129784,0.17239298814743065,65.1425479564854,25.63079855484625,23.284708625838615,104.80999755859376,0.0024867957842837907,3934.3798828125,-0.03372548812685794
2022-12-12,1792.300048828125,1809.300048828125,1789.0,1808.0,107782,1772.585009765625,1716.39400390625,-0.01016176221346976,0.17499461674979305,63.90505938941536,24.52594950361072,23.532956801393034,105.12999725341795,-0.0015196472667690086,3990.56005859375,-0.002070607754970921
2022-12-13,1825.5,1836.9000244140625,1791.800048828125,1792.300048828125,230911,1775.0150085449218,1718.86400390625,0.018523656903085106,0.18583642249458793,69.24463896696685,26.029258180842135,24.03221707728286,103.9800033569336,-0.015154370585078625,4019.64990234375,0.019889551154679275
2022-12-14,1818.699951171875,1825.4000244140625,1806.199951171875,1822.5999755859373,143804,1777.1100036621094,1720.6280029296875,-0.0037250335952478952,0.18667586840728584,66.3534888954066,26.367980364111872,24.499369734648663,103.7699966430664,-0.012654632258459753,3995.320068359375,0.015607879088476828
2022-12-15,1787.800048828125,1819.699951171875,1782.0,1818.699951171875,185317,1777.7100036621093,1721.9680029296876,-0.01699010456553851,0.19755922975707682,56.86994225963514,23.867921712595717,24.373080130238076,104.55999755859376,-0.0020043818955923776,3895.75,-0.017095960297481838
2022-12-16,1800.199951171875,1804.199951171875,1783.9000244140625,1786.9000244140625,128751,1779.570001220703,1723.5560009765625,0.0069358440569895485,0.196703585563391,62.23948382153251,22.626353192959186,24.0237347427823,104.6999969482422,-0.0010495240236034764,3852.360107421875,-0.02084693848424035
2022-12-19,1797.699951171875,1808.5999755859373,1793.199951171875,1801.5999755859373,86090,1781.7349975585937,1725.3239990234374,-0.0013887346227137165,0.19568048118181303,60.30950072573534,21.196333946031018,23.458254583432044,104.72000122070312,-0.003899895780711593,3817.659912109375,-0.043327288387010054
2022-12-20,1825.4000244140625,1832.4000244140625,1793.699951171875,1796.800048828125,197496,1786.025,1728.3280004882813,0.015408618787651651,0.19824806804318065,65.01515955273433,22.04408728532394,23.175421123810423,103.97000122070312,-9.619288235773737e-05,3821.6201171875,-0.04926543106174097
2022-12-21,1825.4000244140625,1833.800048828125,1821.300048828125,1827.9000244140625,110177,1790.3,1731.1160009765624,0.0,0.1982756773041375,52.61272923408845,22.45706682710238,23.031750264468815,104.16000366210938,0.003758379412735824,3878.43994140625,-0.029254258721034154
2022-12-22,1795.300048828125,1829.300048828125,1792.699951171875,1823.800048828125,175774,1792.7850036621094,1733.472001953125,-0.01648952294475803,0.20932186278024503,46.74557265086441,20.123567654095268,22.450113742394105,104.43000030517578,-0.0012432790402958638,3822.389892578125,-0.01883080470304177
2022-12-23,1804.199951171875,1812.199951171875,1798.9000244140625,1801.0,105457,1795.2950012207032,1736.0160009765625,0.004957334206925124,0.20935309660190926,55.716413526127255,18.77596287469828,21.71528356885494,104.30999755859376,-0.0037249226458070384,3844.820068359375,-0.001957251879951105
2022-12-27,1823.0999755859373,1841.9000244140625,1808.0,1808.199951171875,159616,1799.4349975585938,1739.5,0.010475570848888616,0.20863543465034445,59.3305878191408,19.01387033270612,21.175000921625177,104.18000030517578,-0.005156616780296441,3829.25,0.003035914187605293
2022-12-28,1815.800048828125,1822.800048828125,1804.199951171875,1822.4000244140625,118076,1802.804998779297,1742.5360009765625,-0.004004128602692836,0.20966025873410044,54.242155889584915,18.401252442115265,20.620251225723194,104.45999908447266,0.0047128773493940734,3783.219970703125,-0.010048132809347687
2022-12-29,1826.0,1827.300048828125,1811.199951171875,1812.300048828125,105992,1806.804998779297,1745.94,0.005617331698199779,0.2096480872662227,55.65821137551282,18.52525159633592,20.20125129984574,103.83999633789062,-0.003072266829567738,3849.280029296875,-0.007518464266537572
2022-12-30,1826.199951171875,1832.4000244140625,1819.800048828125,1821.800048828125,107496,1807.354998779297,1749.78,0.00010950228470707479,0.15658805217654487,53.73494854797758,18.42723847336697,19.846448734549988,103.5199966430664,-0.008714006123241136,3839.5,0.004476285230634813
2023-01-03,1846.0999755859373,1856.5999755859373,1831.300048828125,1831.800048828125,212272,1809.179998779297,1753.9659985351564,0.0108969581350018,0.16034225922122924,62.87081842739284,19.727916880443445,19.82274236372868,104.5199966430664,0.0020132210659356,3824.139892578125,-0.00537871094448239
2023-01-04,1859.0,1871.300048828125,1842.0,1845.199951171875,198354,1813.0649963378905,1758.0199975585938,0.006987717125107595,0.14881281733498594,58.8765373637947,21.551209125509104,20.168435716084765,104.25,0.0006719110637278813,3852.969970703125,0.006194416844845563
2023-01-05,1840.5999755859373,1864.300048828125,1829.9000244140625,1861.199951171875,188603,1815.9749938964844,1761.7499975585938,-0.009897807646080059,0.1548352717148299,55.466814557044906,21.266308405558448,20.388010253979502,105.04000091552734,0.0055523821188785405,3808.10009765625,0.00657644206411323
2023-01-06,1869.699951171875,1875.199951171875,1835.199951171875,1835.9000244140625,215367,1819.559991455078,1765.9839965820313,0.015810048881845784,0.1610301073975867,70.6297236964289,23.12211007164842,20.934830217513287,103.87999725341795,0.0003852168426237146,3895.080078125,0.011898341632601728
2023-01-09,1877.800048828125,1886.4000244140625,1869.300048828125,1872.800048828125,204550,1823.3749938964843,1770.1559985351562,0.004332298158949532,0.16124097950566446,69.97943284433957,24.95874754248348,21.739613682507326,103.0,-0.005023151660826786,3892.090087890625,0.013697118867202818
2023-01-10,1876.5,1885.199951171875,1872.0,1875.699951171875,170514,1826.6649963378907,1774.3739990234376,-0.0006923254842475801,0.1611326599375656,70.41452042179404,26.009570753657727,22.59360509673741,103.23999786376952,-0.012246448721846548,3919.25,0.024870980166406653
2023-01-11,1878.9000244140625,1890.9000244140625,1870.9000244140625,1881.300048828125,222250,1830.9949951171875,1779.0559985351563,0.001278989828970234,0.15482921554694049,65.95110780478643,26.727914866626406,23.42046705071521,103.19000244140624,-0.010167842288669182,3969.610107421875,0.030272786345507008
2023-01-12,1898.800048828125,1906.5,1872.4000244140625,1879.699951171875,265174,1834.6599975585937,1784.2180004882812,0.010591316278399932,0.1461977089331674,69.56290883962262,28.573594795953113,24.45109259976279,102.25,-0.026561318461631123,3983.169921875,0.04597301009143617
2023-01-13,1921.699951171875,1925.300048828125,1895.0999755859373,1898.800048828125,247878,1839.8099975585938,1789.6580004882812,0.012060196837409443,0.14869993107521795,85.03325132152688,31.520788149246755,25.865031709659583,102.1999969482422,-0.01617251010391685,3999.090087890625,0.0267029194983055
2023-01-17,1909.9000244140625,1931.800048828125,1906.199951171875,1923.800048828125,268368,1845.9149963378907,1794.8560009765624,-0.006140358566703807,0.13378807640084592,78.83254650228125,32.52932681118409,27.197890729964485,102.38999938964844,-0.005922336022830654,3990.969970703125,0.025405342779742712
2023-01-18,1907.0,1929.800048828125,1898.5999755859373,1911.0999755859373,218967,1851.2549987792968,1800.3780004882813,-0.0015184168684181376,0.13414160717744222,75.07473435284834,32.717446871566835,28.301801958284955,102.36000061035156,-0.008523801546171605,3928.860107421875,0.0024520271536327964
2023-01-19,1923.9000244140625,1936.9000244140625,1902.0,1907.0,214246,1857.5650024414062,1805.3240014648438,0.008862099850059035,0.13470868480933146,80.55397418513412,33.84013608157443,29.409468782942852,102.05999755859376,-0.010950720574448236,3898.85009765625,-0.017825430672228193
2023-01-20,1928.199951171875,1939.0,1922.0,1933.699951171875,165272,1862.7049987792968,1810.2780004882814,0.00223500530341858,0.1270747079582039,79.8830266584429,34.67710741389533,30.46299650913335,102.01000213623048,-0.002347167371829051,3972.610107421875,-0.002651108202824104
2023-01-23,1928.5999755859373,1936.699951171875,1912.5,1928.4000244140625,190094,1867.8649963378907,1814.53,0.0002074600270678406,0.12701677140247444,79.90653639183972,34.96958425243179,31.364314057793038,102.13999938964844,-0.0005870602777429124,4019.81005859375,0.005181171278402896
2023-01-24,1935.4000244140625,1943.800048828125,1918.199951171875,1932.0,201713,1874.8699951171875,1818.9640014648437,0.0035258990533064694,0.10463297565908047,78.24161722603296,35.342673029569596,32.15998585214835,101.91999816894533,-0.004590303970161247,4016.949951171875,0.006509690791828504
2023-01-25,1942.5999755859373,1949.5,1920.5999755859373,1938.699951171875,190302,1881.7899963378907,1822.742001953125,0.003720135931100099,0.10454120319232375,77.4278091185867,35.80656862617093,32.88930240695287,101.63999938964844,-0.007034009538979147,4016.219970703125,0.02223542220712349
2023-01-26,1930.0,1949.800048828125,1918.4000244140625,1948.0,223255,1887.1349975585938,1825.9540014648437,-0.00648614009280879,0.10731088724218181,80.49114573748895,34.75684127048544,33.26281017965939,101.83999633789062,-0.0021556067603943907,4060.429931640625,0.041442945980792345
2023-01-27,1929.4000244140625,1935.4000244140625,1916.5,1929.300048828125,150902,1892.8149963378905,1829.0040014648437,-0.00031086817924219634,0.10494558023315927,75.27522675004532,33.49045464854339,33.308339073436194,101.93000030517578,-0.0007842547728590388,4070.56005859375,0.024656321290850824
2023-01-30,1922.9000244140625,1933.5999755859373,1920.300048828125,1928.300048828125,27220,1897.6599975585937,1831.9260009765626,-0.003368922938608354,0.10687063343063767,69.35623297955615,31.59809527638322,32.9662903140256,102.27999877929688,0.0013706617435385038,4017.77001953125,-0.0005074963823573642
2023-01-31,1929.5,1930.4000244140625,1900.5999755859373,1923.0,194077,1902.825,1835.0,0.0034323030329923565,0.1064896175200942,71.75701354200918,30.281879059735502,32.42940806316758,102.0999984741211,0.0017660940778019274,4076.60009765625,0.01484961157332143
2023-02-01,1942.800048828125,1970.800048828125,1936.0999755859373,1944.0,210613,1907.6600036621094,1838.5960009765624,0.006893002761401812,0.10334185383474767,74.07690531581488,29.966535445406407,31.936833539615346,101.22000122070312,-0.0041322134146735134,4119.2099609375,0.025643513299981047
2023-02-02,1930.800048828125,1975.199951171875,1925.5999755859373,1967.0999755859373,259844,1911.2500061035157,1842.1240014648438,-0.00617665209924112,0.10640758268870405,62.82053288469819,28.42070742340593,31.233608316373463,101.75,-0.0008837032710805603,4179.759765625,0.029388472647811303
2023-02-03,1876.5999755859373,1932.4000244140625,1874.5,1926.300048828125,310612,1913.0500061035157,1844.8640014648438,-0.028071303020260285,0.1455338459401298,35.55413752736017,22.562053330742174,29.499297319247205,102.91999816894533,0.009712526840042424,4136.47998046875,0.01619431255800552
2023-02-06,1879.5,1894.0,1873.199951171875,1878.0,164540,1913.5400085449219,1847.6560009765626,0.0015453609995690343,0.1346977099236923,39.67390988860261,17.946163287404033,27.188670512878574,103.62000274658205,0.013101329519730198,4111.080078125,0.02322434040279786
2023-02-07,1884.800048828125,1897.199951171875,1877.5,1880.300048828125,179673,1913.8900085449218,1850.4400024414062,0.002819924888600722,0.13420269703470783,42.580235066795915,14.548006455836457,24.66053770147015,103.43000030517578,0.013026462790709958,4164.0,0.021439410354230803
2023-02-08,1890.699951171875,1898.9000244140625,1881.4000244140625,1885.0999755859373,131904,1914.6000061035156,1853.1740014648437,0.0031302537090966975,0.13454342664056324,38.023059491232694,12.190491102903707,22.166528381756862,103.41000366210938,0.021636064167111613,4117.85986328125,-0.0003277564554982071
2023-02-09,1878.5,1902.300048828125,1870.199951171875,1888.300048828125,183551,1914.5800048828125,1855.9380004882812,-0.006452610930842484,0.13666459115877524,33.03755932700511,9.2312964610785,19.57948199762119,103.22000122070312,0.014447186444256799,4081.5,-0.023508472049782347
2023-02-10,1874.5,1883.5,1863.5,1873.5,155270,1913.3650024414062,1858.46,-0.0021293585307425866,0.13096040478462495,31.978686080810505,6.488550841858569,16.961295766468666,103.62999725341795,0.006898553217103087,4090.4599609375,-0.011125406081630485
2023-02-13,1863.5,1877.199951171875,1860.800048828125,1876.699951171875,131217,1910.4550048828125,1860.81,-0.0058682315284075415,0.12318461686949647,26.701212396906712,3.3882395921350508,14.246684531601943,103.3499984741211,-0.002605715743139725,4137.2900390625,0.00637544402916479
2023-02-14,1865.4000244140625,1881.5999755859373,1852.5,1864.0999755859373,217012,1908.2300048828124,1861.8140014648438,0.0010195999002213796,0.12223132147376946,24.093976116820585,1.0721772888621217,11.611783083053979,103.2300033569336,-0.0019336454379975665,4136.1298828125,-0.0066931117164985565
2023-02-15,1845.300048828125,1870.9000244140625,1839.300048828125,1865.0999755859373,169531,1905.1450073242188,1862.5280029296875,-0.010775155635720068,0.12692802454069735,22.939312724640658,-2.3580368392338187,8.81781909859642,103.91999816894533,0.004931771480275238,4147.60009765625,0.007222255094252228
2023-02-16,1851.800048828125,1854.9000244140625,1836.5999755859373,1846.5,168509,1901.5400085449219,1863.9380029296874,0.003522462379019542,0.12241875715731666,26.108385492577014,-4.500135807522838,6.154228117372568,103.86000061035156,0.00620034278317827,4090.409912109375,0.0021829994142779086
2023-02-17,1850.199951171875,1853.0999755859373,1827.699951171875,1845.699951171875,165081,1897.6400085449218,1865.2940014648439,-0.0008640769057450814,0.12152832269986946,26.92062955680379,-6.25477799391706,3.672426895114643,103.86000061035156,0.0022194669789592503,4079.090087890625,-0.0027796074660193515
2023-02-21,1842.5,1856.4000244140625,1839.0,1850.5,210165,1893.335009765625,1866.1840014648437,-0.0041616859664265204,0.12144892246368273,22.572526345928352,-8.172459253447869,1.3034496654021408,104.18000030517578,0.008030980583541236,3997.340087890625,-0.03382647816578688
2023-02-22,1841.5,1855.0,1831.9000244140625,1843.699951171875,141500,1888.6400085449218,1866.9840014648437,-0.0005427408412482793,0.11972780238508067,15.379352351709343,-9.661554721701805,-0.8895512120186484,104.58999633789062,0.01317439636473372,3991.050048828125,-0.03507622780107744
2023-02-23,1826.800048828125,1841.199951171875,1824.800048828125,1834.699951171875,179972,1882.8500122070313,1867.3060034179687,-0.00798259634638876,0.11892448515510147,15.100671140939696,-11.890767450179055,-3.08979445965073,104.5999984741211,0.006543498048087626,4012.320068359375,-0.03261645918402789
2023-02-24,1817.0999755859373,1835.0999755859373,1815.5,1829.699951171875,169473,1877.205010986328,1867.802001953125,-0.0053098713504032835,0.11854527704071643,21.53110047846903,-14.275589334258484,-5.326953434572281,105.20999908447266,0.01299825212967054,3970.0400390625,-0.02942733751219606
2023-02-27,1824.9000244140625,1827.300048828125,1812.0,1818.0,130427,1871.9800109863281,1867.7900024414062,0.0042925809988028085,0.12102167399014098,25.045720566165215,-15.35912863225667,-7.333388474109159,104.66999816894533,0.007798936586112859,3982.239990234375,-0.023743064156333205
2023-02-28,1836.699951171875,1838.5999755859373,1810.800048828125,1823.9000244140625,184507,1867.6700073242187,1868.1500024414063,0.006466067510520812,0.12531624122758384,29.24929327654276,-15.091717929127299,-8.885054365112786,104.87000274658205,0.006623175651612856,3970.14990234375,-0.006802069613552231
2023-03-01,1845.4000244140625,1852.5,1829.5999755859373,1834.0,182583,1863.4650085449218,1869.302001953125,0.004736796141708632,0.1261847724596288,30.918324007523793,-14.016199792778934,-9.911283450646017,104.4800033569336,-0.0010516587131496058,3951.389892578125,-0.009937273590854945
2023-03-02,1840.5,1845.300048828125,1835.9000244140625,1843.800048828125,139755,1858.3500061035156,1870.1080029296875,-0.002655264088672782,0.12152948004498822,32.94436713091318,-13.404713744137325,-10.60996950934428,105.02999877929688,0.004110901639087228,3981.35009765625,-0.0077187188896893355
2023-03-03,1854.5999755859373,1864.4000244140625,1842.0,1842.0999755859373,158961,1854.5400024414062,1871.2460034179687,0.007660948430283865,0.12607908456613193,41.810697769280225,-11.648084585279094,-10.817592524531245,104.5199966430664,-0.00655833520968141,4045.639892578125,0.01904259220858573
2023-03-06,1854.5999755859373,1864.300048828125,1850.5999755859373,1861.0,136224,1853.4400024414062,1871.8300024414064,0.0,0.07998183197872451,45.97284408048006,-10.139066474090896,-10.681887314443175,104.3499984741211,-0.003057224614714582,4048.419921875,0.016618770290820706
2023-03-07,1820.0,1856.9000244140625,1817.0999755859373,1852.5999755859373,248226,1850.4650024414063,1871.722001953125,-0.01865630111151373,0.10198881500412747,34.148044276039016,-11.601354422618215,-10.865780736078182,105.62000274658205,0.00715171145568072,3986.3701171875,0.004085542169119272
2023-03-08,1818.5999755859373,1828.699951171875,1813.4000244140625,1818.0,208292,1847.1549987792969,1872.1880004882812,-0.0007692441835509545,0.10071949762577649,39.27708953284858,-12.726495310789915,-11.23792365102053,105.66000366210938,0.011294030123109478,3992.010009765625,0.010279956747319963
2023-03-09,1834.5999755859373,1839.4000244140625,1815.4000244140625,1818.0,228473,1844.3499999999997,1872.7960009765625,0.00879797658352266,0.1062328950630916,43.58206806962367,-12.186631387724447,-11.427665198361314,105.30999755859376,0.0026658933880905344,3918.320068359375,-0.0158313204694005
2023-03-10,1867.199951171875,1874.300048828125,1830.0,1835.0999755859373,345814,1843.7849975585934,1873.6780004882812,0.017769527973271693,0.1244397382907724,55.151515151515135,-9.024214234447982,-10.946975005578647,104.58000183105467,0.0005741024676184647,3861.590087890625,-0.04549337300760414
2023-03-13,1916.5,1919.5,1875.699951171875,1877.0999755859373,452332,1845.8849975585933,1875.6919995117187,0.02640319736361585,0.1560049698195964,67.90899443889039,-2.5109295014669897,-9.259765904756316,103.5999984741211,-0.007187350368634604,3855.760009765625,-0.0475889151390565
2023-03-14,1910.9000244140625,1919.4000244140625,1899.800048828125,1919.4000244140625,261275,1848.2549987792966,1877.39,-0.002921980477922026,0.1545900974661339,66.42992432452424,2.173964239756515,-6.97301987585375,103.5999984741211,-0.01912520564222686,3919.2900390625,-0.01682735826153714
2023-03-15,1931.300048828125,1942.5,1889.5,1908.199951171875,385454,1851.5499999999997,1879.492001953125,0.010675610525630486,0.1581160818460796,74.08942587033424,7.44704288782259,-4.089007323118483,104.6500015258789,-0.009558982597240528,3891.929931640625,-0.025070096988778823
2023-03-16,1923.0,1938.0,1911.5,1922.800048828125,248084,1855.4349975585933,1881.0300024414062,-0.004297648536363496,0.15287689264610446,74.57075740762457,10.83139357010009,-1.1049271444747686,104.41999816894533,-0.008451233598721242,3960.280029296875,0.01070866090708833
2023-03-17,1973.5,1993.699951171875,1922.300048828125,1925.9000244140625,351092,1861.5199951171871,1883.3200024414064,0.026261050442017764,0.17532581180626708,78.7761296346638,17.388005716384896,2.5936594276971645,103.70999908447266,-0.008319016364022214,3916.639892578125,0.014255734926430508
2023-03-20,1982.800048828125,2014.9000244140625,1970.0,1989.699951171875,338016,1868.1499999999996,1886.16400390625,0.00471246456960972,0.17470867118311137,78.5686323934356,23.068682880345705,6.688664118226873,103.27999877929688,-0.003088800188584484,3951.570068359375,0.02484855342425063
2023-03-21,1941.0999755859373,1988.699951171875,1938.5999755859373,1983.0999755859373,248934,1873.0799987792966,1887.5920043945312,-0.021030901863671736,0.19377269938757974,66.57427891039102,23.92996332987991,10.136923960557482,103.26000213623048,-0.003281817981643509,4002.8701171875,0.0213253107812843
2023-03-22,1949.5999755859373,1982.300048828125,1936.5,1943.5,245031,1878.4849975585935,1889.0280029296875,0.0043789604383639436,0.19347419428004653,68.66231813183664,25.01011224812055,13.111561618070096,102.3499984741211,-0.02197805081913018,3936.969970703125,0.011572674702166053
2023-03-23,1995.9000244140625,2006.0999755859373,1967.300048828125,1974.0,262247,1886.9399963378903,1891.4160034179688,0.0237484865654094,0.20232741023180445,71.77194799996688,29.264818432483025,16.342212980952684,102.52999877929688,-0.018099975318813355,3948.719970703125,-0.0029190003000374443
2023-03-24,1983.800048828125,2006.5,1977.699951171875,1996.0999755859373,285442,1895.2749999999996,1893.51400390625,-0.006062415671090338,0.20282900545052582,69.1919175434798,31.29953527169505,19.33367743910116,103.12000274658205,-0.0056889050535046115,3970.989990234375,0.01387671553855152
2023-03-27,1953.800048828125,1984.0,1945.0,1982.5999755859373,206630,1901.7200012207027,1894.61400390625,-0.015122491814495986,0.21443720762686125,70.15059494526322,30.143834387639572,21.495708828808844,102.86000061035156,-0.004066597346140788,3977.530029296875,0.0065695307152375815
2023-03-28,1973.5,1977.0999755859373,1949.9000244140625,1957.800048828125,183582,1908.560003662109,1895.6500048828125,0.010082890101108744,0.2154814474566572,72.10961302370768,30.46635732822847,23.28983852869277,102.43000030517578,-0.008037979991126543,3971.27001953125,-0.007894359979497168
2023-03-29,1966.9000244140625,1976.0,1959.5,1975.4000244140625,88563,1914.635003662109,1896.7900048828126,-0.003344299764853065,0.21686342746984139,69.40451627734764,29.845357507552535,24.600942324464725,102.63999938964844,0.002833423740603802,4027.81005859375,0.02307360446399387
2023-03-30,1980.300048828125,1984.4000244140625,1954.9000244140625,1965.9000244140625,10119,1921.6250061035153,1898.256005859375,0.006812763357433083,0.21602828108032682,67.5784937815136,30.08764896874277,25.698283653320335,102.13999938964844,-0.0038037588441597325,4050.830078125,0.025859039936856565
2023-03-31,1969.0,1986.800048828125,1968.0,1981.300048828125,162212,1927.3450073242184,1899.1580053710939,-0.005706230646619459,0.21802431246370538,59.25272538888639,29.03317087405526,26.36526109746732,102.51000213623048,-0.005915444085573207,4109.31005859375,0.03483264090303373
2023-04-03,2000.4000244140625,2008.0,1965.9000244140625,1990.0,187986,1934.6350097656245,1900.6020068359376,0.015947193709529017,0.2223359224579634,64.45879311800067,30.380995728922926,27.168408023758445,102.08999633789062,-0.0074859446615971326,4124.509765625,0.03695251456193471
2023-04-04,2038.199951171875,2043.4000244140625,1994.0,2001.300048828125,233301,1945.5450073242184,1902.7940063476562,0.018896183911457642,0.21153880375818307,66.35054365888138,34.10614046223259,28.555954511453276,101.58999633789062,-0.008200761151835212,4100.60009765625,0.03256642773947305
2023-04-05,2035.5999755859373,2049.199951171875,2026.0999755859373,2038.199951171875,197371,1956.3950073242188,1904.7980053710937,-0.001275623416850169,0.2117536789011854,67.52801212797914,36.428621725494395,30.130487954261504,101.8499984741211,-0.007696813330330343,4090.3798828125,0.01553445254580721
2023-04-06,2026.4000244140625,2037.699951171875,2016.5,2037.0999755859373,0,1965.985009765625,1906.4740063476563,-0.004519528041960541,0.21445909021544454,59.44980703820986,37.09918932572964,31.524228228555135,101.81999969482422,-0.003132951798868411,4105.02001953125,0.013377490628126543
2023-04-10,2003.800048828125,2021.5,1996.5,2008.5999755859373,136231,1972.8150146484375,1907.9500073242189,-0.011152771078589141,0.21630942277070375,53.58117385696455,35.39893296207015,32.299169175258136,102.58000183105467,0.0006828572174952807,4109.10986328125,-4.871749993196062e-05
2023-04-11,2019.0,2022.5,2003.699951171875,2007.0,126376,1977.9400146484375,1909.7420068359374,0.007585562831363468,0.19970245341787393,64.60443838237283,34.87594834941456,32.814525010089426,102.1999969482422,0.001077486671539285,4108.93994140625,-0.0037749514738730783
2023-04-12,2024.9000244140625,2043.9000244140625,2015.699951171875,2019.0999755859373,228494,1983.6400146484375,1911.7820068359374,0.002922250824201278,0.19860123293586382,64.25598080153236,34.53941308364756,33.15950262480105,101.5,-0.0008858779519126392,4091.949951171875,-0.0021094830703728418
2023-04-13,2055.300048828125,2063.39990234375,2028.300048828125,2029.5,198461,1989.8400146484375,1914.2980078125,0.015013098941938807,0.20140866701845556,61.96616948308941,36.30720748015233,33.789043595871306,101.01000213623048,-0.008247386848062144,4146.22021484375,0.01365162494219363
2023-04-14,2015.800048828125,2061.60009765625,2006.0,2054.699951171875,262825,1994.4800170898438,1915.7580078125,-0.01921860509978668,0.21525616696280434,55.80551832517317,34.12747707877975,33.856730292452994,101.5500030517578,-0.0026517054004679963,4137.64013671875,0.00794639661494867
2023-04-17,2007.0,2028.0,1993.4000244140625,2014.0999755859373,183425,1996.1550170898438,1917.2820068359374,-0.004365536568590178,0.1969938911170165,60.455969259766114,31.328795779975962,33.35114338995759,102.0999984741211,-0.004679307353923856,4151.31982421875,0.010272288242932026
2023-04-18,2019.699951171875,2024.5999755859373,2003.300048828125,2007.9000244140625,164975,1998.0000122070312,1920.1440063476562,0.0063278281872820585,0.1974897173870554,59.33709971875462,29.79217496094907,32.63934970415589,101.75,-0.004403101386295516,4154.8701171875,0.011178108328721681
2023-04-19,2007.300048828125,2020.300048828125,1980.9000244140625,2017.9000244140625,218808,2001.3100158691407,1922.7000073242189,-0.006139477468697918,0.18192143891589496,57.97789330218256,27.259591796558198,31.563398122636354,101.97000122070312,0.004630553898552936,4154.52001953125,0.015291015067634417
2023-04-20,2019.0999755859373,2024.199951171875,2002.199951171875,2007.699951171875,162840,2004.7850158691406,1925.386005859375,0.005878506685984108,0.18228740352659326,57.71064550326156,25.906028297484227,30.43192415760593,101.83999633789062,0.008216950639608367,4129.7900390625,-0.003962687684177735
2023-04-21,1990.5,2016.800048828125,1982.300048828125,2016.0999755859373,210502,2004.5150146484375,1927.3820068359375,-0.014164714938217804,0.17111987564671297,53.997773768786104,22.268839146938717,28.79930715547249,101.81999969482422,0.002658755637149568,4133.52001953125,-0.0009957649895496745
2023-04-24,1999.800048828125,2001.5,1984.4000244140625,1992.0,139878,2005.3150146484375,1929.8080078125,0.004672217446935356,0.17038345598303883,49.87844887408787,19.907297819872383,27.020905288352473,101.3499984741211,-0.007345739580888466,4137.0400390625,-0.0034398181207195844
2023-04-25,2004.5,2014.5,1986.199951171875,1999.4000244140625,222551,2007.8500122070313,1932.4080078125,0.0023502105496142622,0.16017680916223181,42.11511526149472,18.205148465427328,25.257753923767446,101.86000061035156,0.0010810870796222893,4071.6298828125,-0.020034377014737315
2023-04-26,1996.0,2020.199951171875,1993.699951171875,2007.699951171875,241399,2008.9750122070313,1935.0580078125,-0.004240458967323502,0.15784808776923387,40.98360108974016,15.986026908919712,23.4034085207979,101.47000122070312,-0.004903402902955767,4055.989990234375,-0.023716344808465295
2023-04-27,1999.0,2013.300048828125,1982.0,1999.800048828125,203898,2010.580010986328,1937.7300073242188,0.0015030060120240218,0.1571722606449688,43.580118878530755,14.304538203292168,21.583634457296753,101.5,-0.0033385344669747408,4135.35009765625,0.0013463296054179175
2023-04-28,1999.0999755859373,2004.0999755859373,1984.4000244140625,1997.199951171875,172445,2011.5200073242188,1940.806005859375,5.001279936833747e-05,0.1555983346911478,48.768968399163285,12.832093102282215,19.833326186293846,101.66999816894533,-0.0014732029692445803,4169.47998046875,0.008699597623232913
2023-05-01,1992.199951171875,2015.4000244140625,1985.699951171875,2000.199951171875,173016,2012.6800048828125,1943.61400390625,-0.003451565453618688,0.15460474170968894,42.66153605489288,10.981804045927447,18.063021758220568,102.1500015258789,0.007893468809100135,4167.8701171875,0.0074522068517342
2023-05-02,2023.300048828125,2028.800048828125,1986.9000244140625,1990.5,245637,2013.8250061035155,1947.076005859375,0.015610931843440756,0.15416689876199455,49.61502017568027,11.887918084940793,16.828001023564614,101.95999908447266,0.0009817246566061755,4119.580078125,0.011776658658222194
2023-05-03,2037.0,2050.0,2016.0,2026.4000244140625,229674,2013.7650085449218,1950.966005859375,0.006771092196538042,0.14049807829784738,45.21191448045018,13.555235239360854,16.173447866723862,101.33999633789062,-0.0012812149526807426,4090.75,0.008570043281496353
2023-05-04,2055.699951171875,2085.39990234375,2038.5,2054.699951171875,311003,2014.7700073242188,1955.2500048828124,0.009180142941519476,0.144087518852739,61.71460601994421,16.198796234576093,16.178517540294308,101.4000015258789,-0.0009852066415870775,4061.219970703125,-0.017925961575814053
2023-05-05,2024.800048828125,2061.300048828125,2007.0,2058.0,283299,2014.690008544922,1959.2100048828124,-0.01503132902549087,0.15349809333040854,54.62580053269449,15.620411115262414,16.06689625528793,101.20999908447266,-0.004524432898172059,4136.25,-0.007969814131357
2023-05-08,2033.199951171875,2037.0999755859373,2022.0,2024.5999755859373,182213,2016.1600036621094,1963.5320043945312,0.004148509552146518,0.14826629581968495,53.588524198656394,15.65932767752065,15.985382539734474,101.37000274658205,-0.007635817598096173,4138.1201171875,-0.007137938362646312
2023-05-09,2042.9000244140625,2045.0999755859373,2026.4000244140625,2028.4000244140625,199701,2017.3550048828124,1967.8920043945313,0.004770840780611296,0.14688038566085684,59.600867793217695,16.285159001429975,16.045337832073574,101.63999938964844,-0.0031384827157472373,4119.169921875,-9.956263556520906e-05
2023-05-10,2037.0999755859373,2056.0,2028.300048828125,2041.5999755859373,260807,2017.9650024414063,1971.9000048828125,-0.0028391251450441413,0.14711106442906327,55.016725138877185,16.127214872888317,16.061713240236525,101.4800033569336,0.0013815573722357755,4137.64013671875,0.0114624791832183
2023-05-11,2020.5,2047.5999755859373,2016.699951171875,2036.800048828125,296976,2016.225,1975.4020043945313,-0.008148827148830806,0.13923675413131426,58.96057870404133,14.495468971900209,15.748464386569262,102.05999755859376,0.006508836516599281,4130.6201171875,0.017088497295151273
2023-05-12,2019.800048828125,2027.800048828125,2005.699951171875,2020.5,220500,2016.425,1978.9880053710938,-0.0003464247324300729,0.12108827830701953,56.29723696428903,12.9960084833765,15.19797320593071,102.68000030517578,0.01452426868886958,4124.080078125,-0.0029422597461469246
2023-05-15,2022.699951171875,2027.5,2011.199951171875,2013.4000244140625,163251,2017.2099975585938,1982.3500048828125,0.001435737337184717,0.11997963570654502,55.796171806845614,11.90444608265716,14.539267781276001,102.43000030517578,0.010456718258592401,4136.27978515625,-0.0004447265857765448
2023-05-16,1993.0,2022.699951171875,1989.0999755859373,2021.300048828125,229938,2015.875,1985.1180053710937,-0.014683320259471944,0.12908579890287525,49.15824777437095,8.544343298209924,13.340282884662786,102.55999755859376,0.00905153654535562,4109.89990234375,-0.0022504581522654332
2023-05-17,1984.9000244140625,1997.0,1978.0999755859373,1993.0,206552,2014.7549987792968,1988.416005859375,-0.004064212536847744,0.12811838286573438,46.153846153846146,5.168260804415013,11.705878468613232,102.87999725341795,0.01379576123544446,4158.77001953125,0.005106747352189078
2023-05-18,1959.800048828125,1988.800048828125,1954.4000244140625,1985.5999755859373,227733,2011.7900024414062,1991.2400073242188,-0.012645460868159875,0.13262321245521166,40.56649384578334,0.462007113766731,9.457104197643933,103.58000183105467,0.01489324229689748,4198.0498046875,0.01632434975548236
2023-05-19,1981.5999755859373,1987.4000244140625,1956.300048828125,1960.5,234604,2011.3450012207031,1994.1800073242186,0.011123546389769645,0.13084952410565995,47.6254490823106,-1.4914682257335699,7.267389712968432,103.1999969482422,0.00506424465836508,4191.97998046875,0.016464254102122267
2023-05-22,1977.199951171875,1984.800048828125,1970.699951171875,1979.4000244140625,165768,2010.2149963378906,1996.3800073242187,-0.0022204402847558757,0.1297339602137097,38.26966610425138,-3.355971157509657,5.142717538872815,103.1999969482422,0.0075172961121967585,4192.6298828125,0.013623376701564549
2023-05-23,1974.5,1980.0,1955.800048828125,1973.9000244140625,214358,2008.7149963378906,1997.5400073242188,-0.0013655428072789633,0.12930719697210385,33.15359447016735,-4.993900087483553,3.1153940136015414,103.48999786376952,0.009067865905948658,4145.580078125,0.008681519411434468
2023-05-24,1964.5999755859373,1987.9000244140625,1958.4000244140625,1977.300048828125,229885,2007.1449951171876,1998.6140063476562,-0.005013939941282741,0.12961511022985509,24.221791294507838,-7.010012734168868,1.0903126640474599,103.88999938964844,0.009817283856866865,4115.240234375,-0.010466985419202435
2023-05-25,1943.699951171875,1965.4000244140625,1939.0,1959.5,253875,2004.3799926757813,1998.8620043945311,-0.010638310431531406,0.13389684565166518,25.674792985374907,-10.176940399398518,-1.1631379486417357,104.20999908447266,0.006082228637585452,4151.27978515625,-0.011140892011101688
2023-05-26,1944.300048828125,1957.0999755859373,1936.0,1941.699951171875,166036,2001.6399963378906,1999.2880053710937,0.0003087398628003335,0.1339363275980071,22.02644525500334,-12.494303966251891,-3.429371152163767,104.20999908447266,0.009786842694743392,4205.4501953125,0.0032133299554173433
2023-05-30,1958.0,1962.5999755859373,1931.0,1942.699951171875,37838,1999.929998779297,1998.9780053710938,0.0070462124300887385,0.13690749562498006,23.941025496918186,-13.07464337424949,-5.358425596580911,104.16999816894533,0.009399236912667863,4205.52001953125,0.0030744752289231236
2023-05-31,1963.9000244140625,1973.0,1953.0,1958.199951171875,207753,1996.9599975585938,1998.6000048828125,0.0030132913248530624,0.12348773191649069,27.54599361638708,-12.909669243504823,-6.868674325965694,104.31999969482422,0.008020116418857137,4179.830078125,0.0082618112193098
2023-06-01,1995.5,2000.699951171875,1970.0999755859373,1981.300048828125,176911,1994.8849975585938,1999.6880053710938,0.01609041967162539,0.13556659154037196,42.97751845801665,-10.112501496111463,-7.517439759994849,103.55999755859376,-0.003176454259249506,4221.02001953125,0.02570440099041149
2023-06-02,1969.5999755859373,2000.5,1963.699951171875,1994.5999755859373,209694,1990.5799987792968,2000.0880053710937,-0.012979215441775382,0.13632666738480279,37.64760938428325,-9.871844935074705,-7.988320795010821,104.0199966430664,-0.001823264975295058,4282.3701171875,0.03157829363850406
2023-06-05,1974.300048828125,1980.4000244140625,1953.800048828125,1962.300048828125,179985,1988.054998779297,1999.656005859375,0.0023863085400321893,0.12819424459031706,38.19514576981707,-9.195862072378077,-8.229829050484273,104.0,-0.00201515292503196,4273.7900390625,0.01625030390947768
2023-06-06,1981.5,1982.9000244140625,1970.300048828125,1978.0,135995,1985.4700012207031,1999.6100048828125,0.003646837356940047,0.12792711494813144,46.84931506849315,-7.9870946411997465,-8.18128216862737,104.12999725341795,-0.0003839965079244223,4283.85009765625,0.018625539234439437
2023-06-07,1958.4000244140625,1986.5,1955.4000244140625,1980.0,189529,1981.2450012207032,1999.7020043945313,-0.011657822652504368,0.1309182483516616,43.29113924050633,-8.791766704639258,-8.303379075829747,104.0999984741211,-0.002108907413216232,4267.52001953125,0.020979307715204065
2023-06-08,1978.5999755859373,1985.699951171875,1955.199951171875,1956.199951171875,191843,1978.320001220703,1999.80400390625,0.01031451742241396,0.13803586869435808,54.88056312069048,-7.710624590151838,-8.184828178694165,103.33999633789062,-0.0021243841820164366,4293.93017578125,0.01727311311309454
2023-06-09,1977.199951171875,1987.800048828125,1971.0,1980.5,130408,1976.1549987792969,2000.0100024414062,-0.0007075833575949098,0.13573272988815946,48.72240925011862,-6.887388418496812,-7.925340226654695,103.55999755859376,-0.004422217836163589,4298.85986328125,0.003850612077542559
2023-06-12,1969.699951171875,1981.4000244140625,1963.0999755859373,1975.5999755859373,122542,1973.6499938964844,1999.7980004882813,-0.003793243063532792,0.13604755870138557,47.86081063578212,-6.762204655308551,-7.692713112385467,103.62999725341795,-0.003557718717135061,4338.93017578125,0.015241772787939478
2023-06-13,1958.5999755859373,1985.9000244140625,1953.0,1971.4000244140625,198397,1970.4449951171875,1999.59,-0.00563536369046147,0.13653122045204943,45.67228686046838,-7.472532184961665,-7.648676926900707,103.33999633789062,-0.007586679500285909,4369.009765625,0.01987923620748111
2023-06-14,1968.9000244140625,1973.9000244140625,1952.5,1957.199951171875,199710,1969.2399963378907,1998.96,0.005258883363890465,0.12929347402056757,51.16785620509398,-7.122243224070644,-7.543390186334696,103.01000213623048,-0.010470666223511782,4372.58984375,0.02462081577540931
2023-06-15,1970.699951171875,1972.800048828125,1936.0999755859373,1955.699951171875,266353,1968.5299926757812,1997.61,0.0009141788488464808,0.12871876185752135,58.181818181818166,-6.623051240138693,-7.359322397095496,102.12000274658205,-0.01180562835825505,4425.83984375,0.030720030966677303
2023-06-16,1971.199951171875,1980.4000244140625,1965.4000244140625,1970.300048828125,160514,1969.0999877929687,1996.3219995117188,0.0002537169596532607,0.12020931206095131,58.15643367928577,-6.116584002127638,-7.110774718101924,102.3000030517578,-0.012166807034956428,4409.58984375,0.025757987929439397
2023-06-20,1947.699951171875,1971.800048828125,1940.800048828125,1970.699951171875,250140,1967.4049865722657,1994.747998046875,-0.01192167237323094,0.12056524694482078,47.05207449714984,-7.52471839967302,-7.193563454416143,102.54000091552734,-0.010518154653860745,4388.7099609375,0.011472824668649295
2023-06-21,1944.9000244140625,1950.4000244140625,1929.300048828125,1948.0,182021,1965.789990234375,1993.5699975585937,-0.0014375554900680765,0.12047792304780018,44.46386473801101,-8.765561804074878,-7.50796312434789,102.06999969482422,-0.012289497658911297,4365.68994140625,-0.000759857358266891
2023-06-22,1923.699951171875,1945.0999755859373,1922.0,1943.300048828125,171779,1963.2499877929688,1991.6639965820314,-0.01090034087925651,0.12571599935632857,27.729506644958605,-11.329014054147592,-8.272173310307831,102.38999938964844,-0.006018859661434561,4381.89013671875,0.0021269529732004244
2023-06-23,1929.5999755859373,1949.0,1919.5,1923.5,186861,1961.4999877929688,1989.7579956054688,0.003067019059010745,0.1257987654023148,35.83568915285595,-12.737654022693732,-9.165269452785012,102.9000015258789,0.007638060696418814,4348.330078125,-0.017513007330000052
2023-06-26,1933.800048828125,1943.4000244140625,1931.0999755859373,1936.300048828125,147769,1961.0049926757813,1987.3279956054687,0.0021766549001496216,0.12072063271234858,35.60767091151071,-13.36108229755996,-10.004432021740001,102.69000244140624,0.003812310635524785,4328.81982421875,-0.018316900753418297
2023-06-27,1923.800048828125,1940.300048828125,1919.800048828125,1932.699951171875,180436,1959.9799926757812,1985.4879956054688,-0.005171165450150839,0.12195838903357362,29.895487396559233,-14.4949810052467,-10.902541818441343,102.48999786376952,-0.0004876443467073388,4378.41015625,-0.002346886620254063
2023-06-28,1922.199951171875,1926.0999755859373,1911.4000244140625,1923.0999755859373,162493,1958.189990234375,1983.7919946289062,-0.0008317380266336105,0.1186528598664657,35.16391925357081,-15.345821332790365,-11.791197721311146,102.91000366210938,0.008229685214035998,4376.85986328125,0.002558569670525479
2023-06-29,1917.9000244140625,1921.300048828125,1900.5999755859373,1916.5,205252,1955.889990234375,1981.75599609375,-0.002236982034668711,0.11781943339015429,21.394959800822093,-16.180567070573943,-12.669071591163705,103.33999633789062,0.009278220079159682,4396.43994140625,0.003320440319938056
2023-06-30,1929.4000244140625,1930.800048828125,1908.0999755859373,1916.4000244140625,180688,1952.5849914550781,1980.1979956054688,0.005996141536894539,0.10269726114888308,29.432058249143125,-15.732797297378056,-13.281816732406575,102.91000366210938,9.720248865052739e-05,4450.3798828125,0.02346873463007748
2023-07-03,1929.5,1939.9000244140625,1917.699951171875,1927.800048828125,152959,1950.5799926757813,1978.40599609375,5.181692996392151e-05,0.09367313264562097,31.52576602452632,-15.194714125797873,-13.664396211084837,102.98999786376952,0.002921369317665068,4455.58984375,0.029285122661377727
2023-07-05,1927.0999755859373,1942.9000244140625,1922.0999755859373,1929.0999755859373,245932,1948.219989013672,1977.1379956054689,-0.0012438582088949435,0.0928090552045066,34.2657496158631,-14.791434795045916,-13.889803927877054,103.37000274658205,0.008586251352861174,4446.81982421875,0.015624316938671834
2023-07-06,1915.4000244140625,1934.0,1908.5,1922.4000244140625,231513,1944.914990234375,1975.4499951171874,-0.0060712735821177866,0.09249798160512053,23.645320197044327,-15.24024128414976,-14.159891399131597,103.16999816894533,0.002526425979826108,4411.58984375,0.007934908028495391
2023-07-07,1932.5,1941.0999755859373,1915.4000244140625,1916.5999755859373,214272,1943.6199890136718,1974.0099951171876,0.008927626275440081,0.09190291682142468,33.64728801265852,-14.054091719935286,-14.138731463292336,102.2699966430664,-0.01035416811246681,4398.9501953125,0.000570974229082033
2023-07-10,1931.0,1933.699951171875,1918.0,1930.699951171875,208085,1941.239990234375,1972.7099951171874,-0.0007761966364812078,0.08228259110582864,32.93720946137792,-13.08426979105002,-13.927839128843875,101.97000122070312,-0.009134218326263155,4409.52978515625,-0.009179013641962164
2023-07-11,1937.0999755859373,1944.5,1929.800048828125,1930.800048828125,189372,1939.2349914550782,1971.4719946289063,0.003158972338652033,0.08372405861360294,44.721128979898396,-11.688721568788424,-13.480015616832786,101.7300033569336,-0.012234144411796044,4439.259765625,-0.0036650766111038235
2023-07-12,1961.699951171875,1965.0999755859373,1937.5,1938.0,270869,1938.8349914550781,1970.723994140625,0.012699383560983657,0.09601916574769782,56.8739429985925,-8.499747312938553,-12.483961956053939,100.5199966430664,-0.02757092026496899,4472.16015625,0.005698529068625335
2023-07-13,1963.800048828125,1968.5,1956.5999755859373,1962.699951171875,241215,1939.0949951171874,1970.15599609375,0.0010705498845506867,0.09389866090054322,69.44716763991305,-5.736870834347201,-11.134543731712592,99.7699966430664,-0.03295533184280253,4510.0400390625,0.02231626211851423
2023-07-14,1964.4000244140625,1967.800048828125,1954.699951171875,1965.199951171875,209306,1938.8699951171875,1968.9779956054688,0.00030551765506658946,0.09194958698764756,67.79142712356062,-3.458985274927727,-9.59943204035562,99.91000366210938,-0.023076103045096108,4505.419921875,0.024203439874348476
2023-07-17,1956.4000244140625,1963.5999755859373,1949.0,1958.5999755859373,165833,1938.1549987792969,1967.36599609375,-0.004072490277221563,0.09291985398094861,61.12203790187995,-2.2730751041583517,-8.134160653116167,99.83999633789062,-0.020888544251385643,4522.7900390625,0.02568533594840816
2023-07-18,1980.800048828125,1988.300048828125,1958.0999755859373,1958.300048828125,264086,1938.6350036621093,1965.867998046875,0.01247189946308147,0.10348927039243738,74.56896551724138,0.6284014798072803,-6.381648226531477,99.94000244140624,-0.017595604604935478,4554.97998046875,0.026067457403555983
2023-07-19,1980.800048828125,1984.5999755859373,1973.300048828125,1982.5,159409,1940.2900085449219,1964.987998046875,0.0,0.09299207830711478,75.61195265716566,2.8944768492413004,-4.5264232113769225,100.27999877929688,-0.0023875633882254332,4565.72021484375,0.020920551886541183
2023-07-20,1970.9000244140625,1989.800048828125,1967.699951171875,1980.0,189926,1941.5900085449218,1963.7419995117189,-0.004997992816043961,0.0949956360078985,72.08333333333334,3.8471609962600724,-2.8517063698495235,100.87999725341795,0.011125595346290762,4534.8701171875,0.005505511682810216
2023-07-21,1966.5999755859373,1975.9000244140625,1958.800048828125,1972.0999755859373,156540,1943.735009765625,1962.2159985351564,-0.0021817691282456364,0.08546031130767312,66.48933292066069,4.206699826054091,-1.4400251306688006,101.06999969482422,0.011610409270305766,4536.33984375,0.006862827974119634
2023-07-24,1962.199951171875,1969.800048828125,1955.300048828125,1963.5999755859373,197213,1945.365008544922,1960.717998046875,-0.002237376420566317,0.08592800171021232,63.96239278461853,4.089451094701644,-0.3341298855947116,101.3499984741211,0.015124220669241017,4554.64013671875,0.007042134916979803
2023-07-25,1963.699951171875,1967.0999755859373,1951.5999755859373,1957.0,188848,1946.8600036621094,1959.5819970703126,0.0007644480875172999,0.08578533275385708,65.74868869043442,4.070644241423452,0.5468249398089211,101.3499984741211,0.014108425037727246,4567.4599609375,0.0027398540766947477
2023-07-26,1970.0999755859373,1979.9000244140625,1963.199951171875,1966.300048828125,208106,1949.175,1958.5879956054684,0.0032591661522642923,0.08320753006331764,74.66180293981023,4.520063677254029,1.3414726872979428,100.88999938964844,0.006082973850987994,4566.75,0.00022554714432621026
2023-07-27,1945.699951171875,1982.5999755859373,1941.699951171875,1973.300048828125,194253,1950.35,1957.0479956054685,-0.012385170659578004,0.09606709272682612,55.58372646380861,2.874221530674731,1.6480224559733005,101.7699966430664,0.008822357393732938,4537.41015625,0.0005601128581109727
2023-07-28,1960.4000244140625,1962.199951171875,1944.199951171875,1945.5,23155,1952.475,1956.3959960937498,0.007555159382788501,0.09845618712063181,61.18720103750267,2.7246448194186996,1.8633469286623803,101.62000274658205,0.00544180323952248,4582.22998046875,0.010116115260186298
2023-07-31,1970.5,1971.5999755859373,1950.0,1959.199951171875,139955,1954.5299987792969,1956.1079956054684,0.005151997276145792,0.09794536478847764,62.33381025406633,3.382101063103164,2.1670977555505373,101.86000061035156,0.0050320882477437046,4588.9599609375,0.0075351341024880725
2023-08-01,1978.800048828125,2004.4000244140625,1978.300048828125,2004.199951171875,167756,1956.9950012207032,1956.4879956054685,0.004212153680855035,0.09848216656731516,57.17886170528972,4.520771803696789,2.637832565179788,102.3000030517578,0.009373503620518253,4576.72998046875,0.00202957871782794
2023-08-02,1975.0,1992.199951171875,1969.0999755859373,1988.9000244140625,169658,1959.3900024414063,1956.3559960937498,-0.0019203803994120028,0.09874110504083446,54.63573013633848,5.058236189055378,3.121913289954906,102.58999633789062,0.01685000454481722,4513.39013671875,-0.011684428374938438
2023-08-03,1968.800048828125,1974.5,1964.5,1970.800048828125,141345,1962.0600036621095,1956.1879980468748,-0.0031392157832278444,0.09637924525818305,51.740512288610695,4.9270998027445785,3.482950592512841,102.54000091552734,0.007566122608429815,4501.89013671875,-0.007828258479635863
2023-08-04,1976.0999755859373,1984.199951171875,1954.5,1969.5999755859373,156416,1964.2400024414062,1956.2199975585934,0.0037078050471186508,0.09267709850418632,57.836086142467536,5.350538673890696,3.8564682087884123,102.0199966430664,0.003936172856458864,4478.02978515625,-0.022740062318268972
2023-08-07,1970.0,1981.699951171875,1966.0999755859373,1977.5999755859373,104407,1966.1900024414062,1956.3279980468747,-0.0030868759988362804,0.09366589262964856,44.97205116489468,5.134710236464571,4.112116614323645,102.0500030517578,0.001865329278104566,4518.43994140625,-0.015367320728778666
2023-08-08,1959.9000244140625,1972.800048828125,1956.5,1971.5,142336,1967.3300048828125,1956.6519995117185,-0.005126891160374347,0.09574717412844255,41.106381829307374,4.101402607848286,4.109973813028573,102.52999877929688,0.00224824751395869,4499.3798828125,-0.016900734364129533
2023-08-09,1950.5999755859373,1966.0999755859373,1947.199951171875,1959.300048828125,139259,1966.7750061035156,1956.7779980468747,-0.004745164912636546,0.08604735316273013,41.31735526488897,2.5032072360866096,3.7886204976401805,102.48999786376952,-0.0009747390358778585,4467.7099609375,-0.01012103416667176
2023-08-10,1948.9000244140625,1963.5,1944.4000244140625,1947.699951171875,168264,1966.0300048828126,1956.595998535156,-0.0008715016882762106,0.08592219424787169,42.25724251505322,1.0869246463676063,3.2482813273856657,102.5199966430664,-0.0001950875003152719,4468.830078125,-0.0073435951544224
2023-08-11,1946.5999755859373,1953.5999755859373,1942.699951171875,1944.9000244140625,122320,1965.1400024414063,1956.2499975585933,-0.0011801779461810824,0.08592984308127377,43.04814376000238,-0.21856474948913274,2.5549121120107063,102.83999633789062,0.008037636951637284,4464.0498046875,-0.003121904306016665
2023-08-14,1944.0,1948.199951171875,1934.199951171875,1945.5999755859373,120983,1964.520001220703,1955.2199975585934,-0.0013356496550631647,0.08493929765298891,41.306291843810335,-1.4462987701979273,1.7546699355689799,103.19000244140624,0.011170988295514883,4489.72021484375,-0.006356115591869882
2023-08-15,1935.199951171875,1944.300048828125,1927.5,1939.4000244140625,167153,1962.2399963378907,1954.5319970703122,-0.00452677408854163,0.07137634411796498,34.91789009458597,-3.0937148038208306,0.7849929876910178,103.20999908447266,0.006632208263647188,4437.85986328125,-0.01367299964296298
2023-08-16,1928.300048828125,1938.199951171875,1922.0,1933.0999755859373,128612,1959.6149963378907,1953.611997070312,-0.0035654725701970147,0.07173281873772641,41.14057484952523,-4.899588922498879,-0.3519233943469615,103.41999816894533,0.009074059172212712,4404.330078125,-0.014186212481707372
2023-08-17,1915.199951171875,1933.5,1914.199951171875,1922.4000244140625,152329,1956.8299926757813,1952.2859960937496,-0.0067935991933471,0.07321757590363409,26.604511042564027,-7.303633826548776,-1.7422654807873246,103.44000244140624,0.008973915611243388,4370.35986328125,-0.022034897976041523
2023-08-18,1916.5,1926.0,1915.9000244140625,1919.199951171875,114737,1954.3249938964843,1951.4479956054683,0.0006788057964024485,0.0735274521511287,19.248308673660745,-9.000204898115953,-3.1938533642530507,103.37999725341795,0.005250884235284303,4369.7099609375,-0.021133241759744292
2023-08-21,1923.0,1927.9000244140625,1913.5999755859373,1918.4000244140625,138109,1952.3649963378907,1950.3359960937496,0.0033915992695017216,0.07524929321136185,17.558111146438776,-9.708342291530244,-4.49675114970849,103.33000183105467,0.0013567146655311113,4399.77001953125,-0.020034699493101993
2023-08-22,1926.0,1933.199951171875,1917.5,1924.0,131088,1950.479998779297,1949.3119970703121,0.0015600624024960652,0.07554881486246486,21.244114975399512,-9.91319817193721,-5.580040554154234,103.55999755859376,0.00339112951483167,4387.5498046875,-0.011336558643956773
2023-08-23,1948.0999755859373,1949.699951171875,1926.199951171875,1926.800048828125,170040,1949.3799987792968,1948.8799975585935,0.011474545994775376,0.08646994024116411,39.76257258114158,-8.197765858598132,-6.103585615043014,103.36000061035156,-0.0005801349802361244,4436.009765625,0.007192850430839393
2023-08-24,1947.0999755859373,1951.300048828125,1939.199951171875,1944.9000244140625,137393,1949.45,1948.6499975585934,-0.000513320677856477,0.07432997417004242,34.704649228304774,-6.840116429530553,-6.250891777940522,103.9800033569336,0.005220426361003172,4376.31005859375,0.0013614886413571003
2023-08-25,1939.9000244140625,1950.4000244140625,1931.0,1944.9000244140625,166988,1948.425,1948.0699975585935,-0.0036977819640248155,0.06985052214667992,34.30658606718568,-6.272836013863298,-6.255280625125078,104.08000183105467,0.006771180075781702,4405.7099609375,0.008238533065539233
2023-08-28,1946.800048828125,1954.199951171875,1940.0999755859373,1944.0,115553,1947.2400024414062,1947.5919995117185,0.003556896915936081,0.06834703193567858,42.93421508324342,-5.206470937060658,-6.045518687512194,104.05999755859376,0.00706470255108127,4433.31005859375,0.007623134598765624
2023-08-29,1965.0999755859373,1966.5,1941.699951171875,1948.0999755859373,174220,1946.554998779297,1947.4699999999998,0.009400003235477516,0.07531340334006816,57.1288136488359,-2.8518435037624386,-5.406783650762243,103.5500030517578,-9.650933827332064e-05,4497.6298828125,0.025089191695874202
2023-08-30,1973.0,1977.0999755859373,1962.800048828125,1966.0,142380,1946.4549987792968,1947.9760009765623,0.004020164119999725,0.07659764254252634,61.16773407457946,-0.34434891183673244,-4.394296702977141,103.16000366210938,-0.001934954983177084,4514.8701171875,0.017777316942265475
2023-08-31,1965.9000244140625,1974.9000244140625,1965.5,1970.199951171875,133712,1946.3099975585938,1948.3960009765622,-0.003598568467277019,0.07686108110597284,58.562580829645384,1.0577567634354637,-3.30388600969462,103.62000274658205,-0.003462210028170265,4507.66015625,0.03001389204549576
2023-09-01,1967.0999755859373,1980.199951171875,1960.699951171875,1966.4000244140625,160725,1945.8599975585937,1949.2640014648434,0.0006103826018479808,0.07562223467191594,60.377354351814944,2.2399409983602254,-2.195120608083651,104.23999786376952,0.0015372408714457997,4515.77001953125,0.02498123107730188
2023-09-05,1952.5999755859373,1972.5999755859373,1950.5999755859373,1966.699951171875,192789,1944.9899963378907,1949.7240014648435,-0.007371257272107301,0.07922191720104484,57.43591562741592,1.983932168192041,-1.359310052828513,104.80999755859376,0.007207380526582208,4496.830078125,0.014327899175046399
2023-09-06,1944.199951171875,1954.5,1940.0,1951.5,148775,1944.2049926757813,1949.9319995117185,-0.004301968923021038,0.07862534723343848,56.708819554324954,1.0906591181555996,-0.8693162186316904,104.86000061035156,0.012650869338352244,4465.47998046875,-0.0071481876413640455
2023-09-07,1942.5,1947.9000244140625,1940.300048828125,1942.199951171875,117168,1943.7999938964845,1950.305998535156,-0.0008743705455039885,0.07696491056636341,62.74513826675887,0.2427635111894233,-0.6469002726674677,105.05999755859376,0.018417931650212438,4451.14013671875,-0.014115573386294877
2023-09-08,1942.699951171875,1954.0,1940.800048828125,1943.800048828125,138694,1943.489990234375,1950.715998535156,0.00010293496621627263,0.07692934566593199,62.35849599815754,-0.4083581786908326,-0.5991918538721407,105.08999633789062,0.014186388268138339,4457.490234375,-0.011129925534745122
2023-09-11,1947.199951171875,1954.5999755859373,1939.5,1943.300048828125,131076,1943.5199890136719,1951.3019970703122,0.0023163638817644827,0.07730750881990142,61.634619221893935,-0.5548682413757433,-0.5903271313728613,104.56999969482422,0.0031657889276435203,4487.4599609375,-0.006269154202119598
2023-09-12,1935.0999755859373,1947.5,1929.9000244140625,1945.5999755859373,161993,1943.0749877929688,1951.4159960937498,-0.006214038562734947,0.08032809943972494,54.02298726515432,-1.6285722604043258,-0.7979761571791543,104.70999908447266,-0.0009540928961973005,4461.89990234375,-0.007767733086284312
2023-09-13,1932.5,1938.4000244140625,1927.199951171875,1935.199951171875,161003,1942.939990234375,1951.4759960937497,-0.0013435872144796912,0.07884407667253787,41.66665579855216,-2.6586395897418242,-1.1701088436916884,104.7699966430664,-0.0008583250692473232,4467.43994140625,0.00043891383369154546
2023-09-14,1932.800048828125,1934.5,1921.699951171875,1930.699951171875,201744,1943.164990234375,1951.5899975585935,0.0001552645941138575,0.07774737082492045,42.3035734230358,-3.4114389915118863,-1.618374873255728,105.41000366210938,0.0033314878321828445,4505.10009765625,0.012122727948367329
2023-09-15,1946.199951171875,1952.4000244140625,1931.199951171875,1932.5,199773,1944.714990234375,1952.2059960937497,0.0069328963189310144,0.07680158767443432,53.17857912727498,-2.893424216286121,-1.8733847418618066,105.31999969482422,0.002188632267091206,4450.31982421875,-0.0016086204970128248
2023-09-18,1953.4000244140625,1955.699951171875,1943.800048828125,1945.699951171875,138031,1946.559991455078,1952.623996582031,0.00369955473375283,0.0774764787066611,53.31991457515385,-1.88023387203134,-1.8747545678957134,105.1999969482422,0.006024646220297969,4453.52978515625,-0.007561109419717549
2023-09-19,1953.699951171875,1958.9000244140625,1950.9000244140625,1955.300048828125,131097,1948.094989013672,1953.0779956054685,0.0001535408795247939,0.07698253763987571,42.997509099061794,-1.041070825373481,-1.708017819391267,105.1999969482422,0.0046795708915463585,4443.9501953125,-0.004022884292366413
2023-09-20,1967.0999755859373,1968.9000244140625,1948.5999755859373,1953.0,220980,1950.1499877929687,1953.6779956054684,0.0068587934426802555,0.07991514829661865,46.605270809950355,0.6972049715670892,-1.2269732611995958,105.16000366210938,0.003722506743716547,4402.2001953125,-0.014603385148858616
2023-09-21,1939.5999755859373,1952.199951171875,1933.0999755859373,1952.0,225908,1949.7249877929687,1953.2359960937497,-0.013979970688479448,0.08674068167228915,37.74459613196797,-0.14257558606141174,-1.0100937261719591,105.36000061035156,-0.00047436723290605887,4330.0,-0.03886708260874039
2023-09-22,1945.5999755859373,1949.0999755859373,1939.5999755859373,1939.5999755859373,139926,1949.6499877929687,1952.871994628906,0.003093421362921678,0.08751170692686262,40.41033537255991,-0.320266044760956,-0.8721281898897586,105.58000183105467,0.00246868721025284,4320.06005859375,-0.029269753808731536
2023-09-25,1936.5999755859373,1946.800048828125,1933.800048828125,1944.699951171875,164259,1949.4849853515625,1952.3159936523434,-0.004625822426467474,0.08808852585823469,42.495299255896796,-1.1737811785599206,-0.9324587876237911,106.0,0.007604591967349528,4337.43994140625,-0.02606692878465322
2023-09-26,1919.800048828125,1935.5,1917.199951171875,1935.0999755859373,212263,1948.1349853515626,1951.5839941406248,-0.008674959707530405,0.09202077017850706,39.39132428525023,-3.1692782905231525,-1.3798226882036633,106.2300033569336,0.009790935727860717,4273.52978515625,-0.03834885691023504
2023-09-27,1890.9000244140625,1921.699951171875,1890.300048828125,1918.800048828125,238525,1944.4249877929688,1949.7859936523434,-0.015053663756131042,0.09727540229873216,31.85652686365617,-7.001999875199999,-2.504258125602931,106.66999816894533,0.014359019154161823,4274.509765625,-0.029006047890204
2023-09-28,1878.5999755859373,1896.800048828125,1874.5,1893.300048828125,231419,1939.7049865722656,1947.7419921874998,-0.006504864704275803,0.09593804122334151,29.228773165087617,-10.906250027544274,-4.1846565059911995,106.22000122070312,0.008162496254456864,4299.7001953125,-0.006997645424364873
2023-09-29,1866.0999755859373,1896.699951171875,1862.300048828125,1882.300048828125,245131,1934.7149841308594,1945.6459912109372,-0.0066538912820443,0.09703791185464042,25.01539981994047,-14.83799872208715,-6.315324949210391,106.16999816894533,0.005588144796916605,4288.0498046875,-0.007409677984122731
2023-10-02,1847.199951171875,1864.699951171875,1842.699951171875,1864.4000244140625,202147,1928.7199829101562,1943.2579907226564,-0.010128087809511799,0.09979711144512458,24.0094508856415,-19.25702886369595,-8.903665732107504,106.9000015258789,0.008490580432819916,4288.39013671875,-0.011308468901035096
2023-10-03,1841.5,1849.300048828125,1830.9000244140625,1844.9000244140625,216784,1923.1649841308595,1940.8439916992188,-0.003085725055513855,0.09852750889498131,23.577228280055678,-22.95447560529169,-11.713827706744341,107.0,0.007248391402937315,4229.4501953125,-0.010314562448320075
2023-10-04,1834.800048828125,1846.800048828125,1831.5999755859373,1838.699951171875,195048,1917.6949890136718,1938.2659936523437,-0.0036383117957506927,0.09843094837598527,22.564367195456114,-26.124215161787788,-14.595905197753032,106.8000030517578,0.001218757711109797,4263.75,-0.0025171928981256864
2023-10-05,1831.800048828125,1843.5,1826.199951171875,1837.5999755859373,172464,1912.1599914550782,1935.4999951171876,-0.0016350555483776175,0.09826295962118192,15.992884793750378,-28.549233729848538,-17.38657090417213,106.33000183105467,0.0010355922527527373,4258.18994140625,-0.009654220531818525
2023-10-06,1845.199951171875,1849.0,1823.5,1834.300048828125,231024,1907.2849914550782,1933.4899951171874,0.0073151555773363075,0.10434399416401,18.979297716848237,-29.054891580766707,-19.720235039491048,106.04000091552734,-0.0012244255030608997,4308.5,0.004769113290182592
2023-10-09,1864.300048828125,1877.300048828125,1857.5,1861.0,187802,1903.1399963378906,1931.5679956054687,0.010351234642142604,0.11286473224359196,26.863373463221507,-27.5962978722323,-21.295447606039296,106.08000183105467,-0.007670717335076183,4335.66015625,0.011022788977734788
2023-10-10,1875.300048828125,1879.0999755859373,1866.0999755859373,1875.4000244140625,157340,1900.15,1929.6639965820314,0.005900337773908415,0.11524439487255562,25.9434061852821,-25.26154442113284,-22.088666969058007,105.83000183105467,-0.010934562326591846,4358.240234375,0.03045077565997545
2023-10-11,1887.300048828125,1890.9000244140625,1871.699951171875,1873.699951171875,169964,1897.8900024414063,1927.8339965820312,0.006398975997200518,0.11864906441721601,35.08273000305702,-22.18717582644058,-22.108368740534523,105.81999969482422,-0.009176061132307733,4376.9501953125,0.02654944481090582
2023-10-12,1883.0,1898.300048828125,1880.5999755859373,1888.0999755859373,163475,1895.4,1925.9939965820313,-0.002278412926866036,0.11860680057573933,31.970050579025468,-19.868661012598523,-21.660427194947324,106.56999969482422,0.00225710391833589,4349.60986328125,0.021469197741989188
2023-10-13,1941.5,1946.199951171875,1881.5,1881.699951171875,312994,1895.1650024414062,1925.4479956054688,0.031067445565586826,0.16328880335924864,51.09816785080177,-13.159070648333909,-19.960155885624644,106.6500015258789,0.005752551915173099,4327.77978515625,0.0044748253815132255
2023-10-16,1934.300048828125,1943.0,1921.199951171875,1941.300048828125,182823,1894.2100036621093,1924.6119970703126,-0.003708447680594862,0.16313723962863252,53.395784543325526,-8.326663241058213,-17.633457356711357,106.23999786376952,0.001508258200915824,4373.6298828125,0.008757542149092412
2023-10-17,1935.699951171875,1944.5,1924.5999755859373,1933.300048828125,165063,1893.3100036621095,1923.92599609375,0.0007237255381336016,0.1631773697540503,62.042998967652004,-4.3340251909444305,-14.973570923557972,106.25,0.003968611562681579,4373.2001953125,0.003432569140981556
2023-10-18,1968.300048828125,1975.800048828125,1935.9000244140625,1936.699951171875,270045,1893.3700073242187,1924.0939965820312,0.016841503579371198,0.17265016553305348,71.74020966752256,1.444078224782288,-11.69004109388992,106.56999969482422,0.007087507107946811,4314.60009765625,-0.014245101011892691
2023-10-19,1980.5,1990.199951171875,1957.0,1960.0999755859373,264821,1895.4150085449219,1924.6919970703125,0.006198217176867082,0.16555757571955948,77.76701267102455,6.927841071614921,-7.966464660788952,106.25,-0.003002718361082679,4278.0,-0.016463514092555642
2023-10-20,1994.4000244140625,2009.199951171875,1983.699951171875,1988.0,289109,1897.8550109863281,1925.6019970703126,0.007018442016694104,0.16676773568390357,86.6169558803613,12.254120565022731,-3.9223476156266153,106.16000366210938,-0.004594447789582401,4224.16015625,-0.023942906998561386
2023-10-23,1987.800048828125,1994.300048828125,1971.0,1987.699951171875,212290,1900.4150146484376,1926.4259985351562,-0.0033092536628285263,0.16621271570641374,86.23083694687429,15.760989687589245,0.014319845016556698,105.54000091552734,-0.006588826829042049,4217.0400390625,-0.03580317675379141
2023-10-24,1986.0999755859373,1992.0,1964.5999755859373,1984.0999755859373,200943,1903.7300109863277,1927.267998046875,-0.0008552536474631944,0.16222260834173924,88.42049466678642,18.19330592455276,3.6501170609237974,106.2699966430664,0.00018820369944849702,4247.68017578125,-0.0287020977603063
2023-10-25,1994.9000244140625,1998.5999755859373,1973.5999755859373,1982.699951171875,240655,1908.9300109863277,1928.4619995117187,0.004430818657821689,0.14971850751453464,90.23184919895517,20.59363386943687,7.038820422626412,106.52999877929688,-0.00037534874394196116,4186.77001953125,-0.029627329354217302
2023-10-26,1997.4000244140625,2003.699951171875,1981.5999755859373,1991.199951171875,214053,1914.870013427734,1929.8439990234374,0.0012531956335677386,0.14585980959313646,89.67673035150227,22.438977599822465,10.118851858065623,106.5999984741211,0.003294103285845562,4137.22998046875,-0.03290556791286814
2023-10-27,1998.5,2019.699951171875,1986.4000244140625,1995.0,213757,1921.4900146484374,1931.51,0.0005507037010576976,0.14164409019705845,88.60757004291413,23.716792220514662,12.838439930555431,106.55999755859376,0.003767839889658564,4117.3701171875,-0.025280774192355193
2023-10-30,2005.5999755859373,2016.800048828125,1999.699951171875,2013.5,181339,1929.4100158691406,1933.2919995117188,0.0035526522821802686,0.13223597561216832,88.34605886820205,25.014032015998055,15.273558347643956,106.12000274658205,0.005495564013865417,4166.81982421875,-0.011908877880826285
2023-10-31,1994.300048828125,2017.699951171875,1987.4000244140625,2005.5999755859373,214776,1937.0500183105469,1934.7180004882812,-0.005634187722061035,0.13437872369190904,81.61939446758714,24.843909128462656,17.187628503807694,106.66000366210938,0.0036699635961494614,4193.7998046875,-0.012684658181413178
2023-11-01,1987.5,2005.9000244140625,1978.199951171875,1993.300048828125,197629,1944.6850158691407,1935.9480004882812,-0.003409742095789814,0.13420813297275042,80.43099292887786,23.88504645674311,18.527112094394777,106.87999725341795,0.0032854452091581887,4237.85986328125,0.01220268691895332
2023-11-02,1993.5,1999.199951171875,1986.300048828125,1992.0,158650,1952.7700134277343,1936.8560009765624,0.0030188679245282124,0.13260582602365226,71.81208947184086,23.340238990788976,19.489737473673618,106.12000274658205,-0.004502774243993812,4317.77978515625,0.043640263060030327
2023-11-03,1999.199951171875,2011.9000244140625,1989.300048828125,1993.5,222189,1960.4700134277343,1937.8980004882812,0.0028592682076122866,0.13219190078683432,77.57006341021243,23.10210686461255,20.212211351861406,105.0199966430664,-0.01445196087472278,4358.33984375,0.058525155549315144
2023-11-06,1988.5999755859373,2000.0999755859373,1984.199951171875,1999.4000244140625,146279,1966.685009765625,1938.8719995117187,-0.005302108765921298,0.13395889817943613,70.84318921856726,21.8066821393611,20.531105509361346,105.22000122070312,-0.008480979104647735,4365.97998046875,0.047796680598576335
2023-11-07,1973.5,1985.199951171875,1962.800048828125,1984.800048828125,218948,1971.5950073242188,1939.4059985351562,-0.007593269521934953,0.13891069219406996,52.376579439502606,19.338682582643287,20.292620924017736,105.54000091552734,-0.010500681681299362,4378.3798828125,0.04401261069226314
2023-11-08,1957.800048828125,1977.5,1953.199951171875,1975.300048828125,189359,1975.1200073242187,1939.26,-0.007955384429630064,0.14297721570436367,39.94686855318983,15.932263091929826,19.42054935760016,105.58999633789062,-0.012069619654542785,4382.77978515625,0.03419648750791704
2023-11-09,1969.800048828125,1971.5,1948.300048828125,1955.5,214077,1979.460009765625,1939.1960009765626,0.006129328685624769,0.14285379618976668,38.91891773001757,14.039116618100934,18.344262809700314,105.91000366210938,-0.0019788831420797237,4347.35009765625,0.006848499453737222
2023-11-10,1937.699951171875,1965.5999755859373,1936.9000244140625,1964.0999755859373,229637,1979.2700073242188,1938.6319995117187,-0.01629611983985224,0.11190287604690519,31.648315876831504,9.835200717387806,16.642450391237816,105.86000061035156,0.007998514512813193,4415.240234375,0.013055519455784648
2023-11-13,1950.199951171875,1953.5,1935.5999755859373,1943.4000244140625,183702,1980.0650024414062,1938.2939990234374,0.006450947161577014,0.11332865533065119,37.81397071802745,7.4266033511039495,14.799280983211045,105.66000366210938,0.004181737657304563,4411.5498046875,0.010437478967518565
2023-11-14,1966.5,1975.300048828125,1938.800048828125,1950.300048828125,180741,1981.6050048828124,1938.5719995117188,0.0083581423629564,0.11677549905882229,40.82686115914804,6.75518078146024,13.190460942860884,104.11000061035156,-0.013549367943632373,4495.7001953125,0.02679537080840011
2023-11-15,1964.300048828125,1979.199951171875,1958.800048828125,1966.9000244140625,142924,1981.4050048828126,1938.9740014648437,-0.0011187140462115552,0.10032812061651003,39.28802532743705,5.97666066012016,11.747700886312739,104.38999938964844,-0.01136468405967328,4502.8798828125,0.027402722368805588
2023-11-16,1987.300048828125,1991.0999755859373,1959.0,1963.0,186810,1981.7450073242187,1939.8700024414063,0.011709005461625566,0.1066139047170121,46.825408908092896,7.133356739866485,10.824832057023489,104.37000274658205,-0.014540655861371543,4508.240234375,0.03700878307580724
2023-11-17,1984.699951171875,1996.4000244140625,1981.0999755859373,1984.199951171875,133120,1981.2600036621093,1940.7100024414062,-0.0013083568622580533,0.10359789937586811,43.92087799716667,7.750893094840194,10.21004426458683,103.81999969482422,-0.019270743470294893,4514.02001953125,0.022372459914456355
2023-11-20,1980.300048828125,1987.800048828125,1967.199951171875,1980.9000244140625,177887,1980.8850036621093,1941.3720043945314,-0.0022169105920277765,0.10323829796261262,45.75757575757576,7.795399247585237,9.727115261186512,103.47000122070312,-0.020726882126652857,4547.3798828125,0.030789650834424087
2023-11-21,2001.5999755859373,2009.800048828125,1979.9000244140625,1980.0,230024,1981.6600036621094,1942.7020043945313,0.01075590881816968,0.11020642131166579,53.92757247207166,9.440571738278095,9.66980655660483,103.58999633789062,-0.004994758134784116,4538.18994140625,0.009451196531755413
2023-11-22,1992.800048828125,2008.300048828125,1988.5999755859373,2000.300048828125,199370,1981.5550048828125,1943.9080053710939,-0.004396446275553245,0.11039093925246812,49.80802196330521,9.919951221949532,9.71983548967377,103.91999816894533,-0.004502358688103558,4556.6201171875,0.011934636449026037
2023-11-23,1993.300048828125,1999.5,1990.9000244140625,1991.199951171875,199370,1981.3500061035156,1945.1180053710937,0.00025090324555843146,0.1102937434066362,48.33430061441877,10.222371601214263,9.82034271198187,103.91999816894533,-0.004311627534679285,4556.6201171875,0.010731434062365874
2023-11-24,2003.0,2004.5,1990.9000244140625,1991.199951171875,214880,1981.5750061035155,1946.2540063476563,0.004866277496746063,0.1116760913969538,54.0862764985324,11.116601660203969,10.07959450162629,103.4000015258789,-0.004045445676939763,4559.33984375,0.010039792473817144
2023-11-27,2012.4000244140625,2018.9000244140625,2001.4000244140625,2002.5,251250,1981.9150085449219,1947.4340063476564,0.004692972747909474,0.1122108821529046,61.407639960336105,12.440383834491968,10.551752368199425,103.1999969482422,-0.002609493276075292,4550.43017578125,0.0006707803278716007
2023-11-28,2040.0,2044.0999755859373,2011.5,2014.300048828125,174665,1984.2000061035155,1949.1600073242187,0.013714954905138077,0.11965662031939048,72.5328934159629,15.537471808843975,11.548896256328335,102.75,-0.008108855754282662,4554.89013671875,0.0036799242711567093
2023-11-29,2047.0999755859373,2052.10009765625,2036.0,2041.699951171875,15290,1987.1800048828125,1950.7600073242188,0.0034803801891849506,0.118661618428856,71.77464223058034,18.353279849065075,12.909772974875684,102.7699966430664,-0.011066219651094777,4550.580078125,-0.0013255524724822276
2023-11-30,2038.0999755859373,2047.0999755859373,2033.0999755859373,2046.0999755859373,151918,1989.4100036621094,1952.7300073242188,-0.004396463341964529,0.1203147296991792,82.51300754322875,19.632294355232034,14.254277250946956,103.5,-0.004041552890161948,4567.7998046875,0.0024535043985409732
2023-12-01,2089.699951171875,2095.699951171875,2052.60009765625,2056.5,241615,1993.9350036621095,1955.6120068359376,0.02531768618028818,0.14784623809160416,86.0465571081602,24.526878766004984,16.308797553958563,103.2699966430664,-0.001257300588916932,4594.6298828125,0.007740164206200939
2023-12-04,2042.199951171875,2152.300048828125,2038.4000244140625,2094.39990234375,378224,1996.6150024414062,1957.7240063476563,-0.02273053601468611,0.1708229805820765,66.84469289524868,24.292984742923636,17.905634991751576,103.63999938964844,0.0042635896745899515,4569.77978515625,0.004252259374945444
2023-12-05,2036.300048828125,2059.60009765625,2027.5999755859373,2049.0,209549,1999.7550048828125,1960.0540063476562,-0.002888993479979507,0.16834152724269666,65.76184495336847,23.36224382855312,18.996956759111885,104.0500030517578,0.01265209782732657,4567.18017578125,0.0026982075733121835
2023-12-06,2047.9000244140625,2053.39990234375,2035.300048828125,2037.800048828125,154219,2004.2600036621093,1963.1940063476563,0.005696594464363436,0.16498266401543885,63.963151579519405,23.29214864234268,19.855995135758047,104.1500015258789,0.013428091153933064,4549.33984375,-0.00027254423693412466
2023-12-07,2046.4000244140625,2057.199951171875,2036.5999755859373,2043.4000244140625,173977,2008.0900024414063,1966.5500073242188,-0.0007324576308012087,0.16466989704821366,64.2890703582226,22.85213505038473,20.455223118683385,103.54000091552734,0.0003864822756265429,4585.58984375,0.0038946625997584583
2023-12-08,2014.5,2050.39990234375,2010.5999755859373,2045.699951171875,237289,2011.9300048828125,1969.5180078125,-0.015588362017927682,0.1636451471362629,57.02547230845618,19.702240572938308,20.304626609534374,104.01000213623048,0.0071657356174976705,4604.3701171875,0.0021199170822086
2023-12-11,1993.699951171875,2023.699951171875,1991.199951171875,2020.0,160072,2014.1050048828124,1972.4480078125,-0.010325166953648601,0.16835464513125684,48.373809888759666,15.350584416878519,19.313818171003202,104.0999984741211,0.004438431948877497,4622.43994140625,0.011523565407036251
2023-12-12,1993.199951171875,2012.5,1992.300048828125,1997.800048828125,148532,2015.4400024414062,1975.4820068359375,-0.00025078999460581564,0.16623070657893035,50.08523073176671,11.726345725756119,17.796323681953787,103.87000274658205,-0.0017299404122671502,4643.7001953125,0.0167543246787194
2023-12-13,1997.300048828125,2043.300048828125,1987.9000244140625,1995.0999755859373,192679,2017.0900024414063,1978.7320068359375,0.0020570428239472527,0.16614534321831267,50.83963073466664,9.080282225509109,16.05311539066485,102.87000274658205,-0.012289954493940214,4707.08984375,0.03467536069364452
2023-12-14,2044.9000244140625,2062.89990234375,2039.0999755859373,2043.199951171875,231095,2019.9700012207031,1982.9940063476563,0.02383216062797655,0.18148499694165604,57.587835588384706,10.70082560139599,14.982657432811079,101.95999908447266,-0.015259820524279544,4719.5498046875,0.029213245297130763
2023-12-15,2035.699951171875,2059.60009765625,2029.199951171875,2051.300048828125,172147,2022.520001220703,1986.8040063476562,-0.004499033269278585,0.18248849338662507,54.22253075317686,11.114626385390466,14.209051223326957,102.5500030517578,-0.014037102725566797,4719.18994140625,0.024937140433203497
2023-12-18,2040.5,2048.0,2029.5,2033.300048828125,141406,2025.5299987792969,1990.3280053710937,0.002357935326059213,0.18203045405674737,50.09877514956139,11.69507674790998,13.706256328243562,102.51000213623048,-0.015273740261253499,4740.56005859375,0.02555362940022654
2023-12-19,2052.10009765625,2061.0,2034.800048828125,2041.0999755859373,134781,2028.0550048828125,1993.8640063476562,0.005684929015559836,0.17950545633799245,50.970519760351955,12.941932238155687,13.553391510225987,102.16999816894533,-0.016366655749343928,4768.3701171875,0.026847108260960928
2023-12-20,2047.699951171875,2056.89990234375,2040.5999755859373,2053.800048828125,122567,2030.8,1997.0720043945312,-0.0021442163028014827,0.17873267489510172,51.897225630482644,13.420318076624426,13.526776823505674,102.41000366210938,-0.0044716542450753405,4698.35009765625,-0.00185671962589673
2023-12-21,2051.300048828125,2058.0,2043.300048828125,2044.4000244140625,119952,2033.7,2000.4380053710938,0.0017581177624141908,0.1786820061443344,40.63419246810102,13.929370975904703,13.607295653985481,101.83999633789062,-0.0011769590786541162,4746.75,0.00576330295010008
2023-12-22,2069.10009765625,2083.0,2058.199951171875,2061.199951171875,170150,2037.0050048828125,2002.9900073242188,0.008677447669488414,0.1801418410915068,57.672579596145574,15.589409239682254,14.003718371124837,101.6999969482422,-0.008288698958756613,4754.6298828125,0.007509751005209564
2023-12-26,2069.800048828125,2080.5,2065.10009765625,2066.0,79573,2039.8750061035157,2005.7000073242189,0.0003382877284032748,0.17984059630309165,59.84711481602682,16.768188494361766,14.556612395772223,101.47000122070312,-0.010145360392688763,4774.75,0.007212215641962061
2023-12-27,2093.10009765625,2095.800048828125,2072.800048828125,2079.300048828125,128179,2042.530010986328,2008.8480102539063,0.0112571496175764,0.17782096007438056,62.4312181941851,19.359336381105322,15.517157192838845,100.98999786376952,-0.011549381680761028,4781.580078125,0.0027703304510455773
2023-12-28,2083.5,2098.199951171875,2074.60009765625,2089.5,129544,2044.3500122070313,2011.1520092773437,-0.004586544937339454,0.17883880915098424,59.76825374582092,20.4029990277013,16.494325559811337,101.2300033569336,-0.01152231484210331,4783.35009765625,0.018091457263349042
2023-12-29,2071.800048828125,2084.10009765625,2067.60009765625,2076.10009765625,105724,2046.0350158691406,2012.9780102539062,-0.00561552732031434,0.17937298477494631,66.88268061585916,20.054841189782564,17.206428685805584,101.33000183105467,-0.005007801700462222,4769.830078125,0.004862290646231671
2024-01-02,2073.39990234375,2088.10009765625,2064.300048828125,2072.699951171875,157555,2045.2200134277343,2014.5580078125,0.0007722045940339317,0.1544507340274943,76.47830318760646,19.681146398473857,17.70137222833924,102.1999969482422,0.004916420993153592,4742.830078125,-0.002481750415559203
2024-01-03,2042.800048828125,2074.300048828125,2038.300048828125,2067.89990234375,221680,2045.250018310547,2015.6580078125,-0.014758297943891718,0.1411460081554251,63.73200547760764,16.723065054766266,17.505710793624644,102.45999908447266,0.009756557128803411,4704.81005859375,-0.01464787505235876
2024-01-04,2050.0,2058.10009765625,2043.300048828125,2049.300048828125,130263,2045.9350158691407,2016.9360083007812,0.0035245501271674584,0.14120946406599025,64.34401065339776,14.789258795717615,16.96242039404324,102.41999816894533,0.014159821125105942,4688.68017578125,-0.019428703655670843
2024-01-05,2049.800048828125,2071.10009765625,2030.800048828125,2051.39990234375,214684,2046.0300170898438,2018.0340087890625,-9.753715701221743e-05,0.1398029634205118,51.79751220477694,13.089679339211216,16.187872183076834,102.41000366210938,0.011656626158700556,4697.240234375,-0.01800199891775478
2024-01-08,2033.5,2053.300048828125,2022.699951171875,2052.60009765625,220988,2045.3850158691407,2018.7560083007813,-0.00795201894811337,0.1426807333826386,49.23293273200571,10.308641062619927,15.012025958985454,102.20999908447266,0.00868446893828323,4763.5400390625,-0.0013187134467005368
2024-01-09,2033.0,2048.60009765625,2031.9000244140625,2034.5,218745,2046.3100158691407,2019.4460083007812,-0.0002458814851241664,0.13073896343718033,47.30409966406555,7.9724014890782655,13.604101065004018,102.56999969482422,0.003620379233175486,4756.5,0.0028822288907310867
2024-01-10,2027.800048828125,2046.199951171875,2025.9000244140625,2036.0,205007,2048.015020751953,2019.890009765625,-0.0025577723422897103,0.12499864239457889,40.84398727598203,5.636349860893688,12.010550824181953,102.36000061035156,-0.0009759757467755481,4783.4501953125,0.016714837738264654
2024-01-11,2019.199951171875,2056.10009765625,2017.300048828125,2029.4000244140625,301337,2049.315020751953,2020.3880078125,-0.004241097469752986,0.12627241926149305,39.59093486844217,3.055830397733189,10.219606738892201,102.29000091552734,-0.0012692565489363927,4780.240234375,0.019527895945364637
2024-01-12,2051.60009765625,2067.300048828125,2033.0999755859373,2033.199951171875,272352,2052.0300231933593,2021.670009765625,0.01604603172933472,0.1375577537705542,50.09053980583669,3.583858681500942,8.89245712741395,102.4000015258789,-9.766757028417672e-05,4783.830078125,0.018434195278394405
2024-01-16,2030.199951171875,2062.800048828125,2027.5999755859373,2053.39990234375,285254,2051.29501953125,2022.4040087890626,-0.010430954116653846,0.11535000296365304,38.5114780670067,2.2495801679613123,7.563881735523423,103.36000061035156,0.011251360299186386,4765.97998046875,0.0005122117975795426
2024-01-17,2006.5,2036.0999755859373,2004.5999755859373,2031.699951171875,254292,2049.8350219726562,2022.550009765625,-0.01167370295629988,0.1214355450617798,33.54133313697136,-0.7120253725163366,5.908700313915471,103.4499969482422,0.008579479926257516,4739.2099609375,-0.0036350339666771925
2024-01-18,2021.5999755859373,2025.5999755859373,2007.699951171875,2009.0999755859373,171928,2048.890020751953,2023.210009765625,0.0075255298210501476,0.12450486164850195,30.581170137924133,-1.8197008874312814,4.363020073646121,103.54000091552734,0.01152794351445574,4780.93994140625,-0.0005247789364901667
2024-01-19,2029.300048828125,2041.9000244140625,2022.199951171875,2027.4000244140625,172805,2047.750018310547,2024.3260107421875,0.003808900541738547,0.12345527580248844,35.12624432024505,-2.052549640339066,3.079906130849084,103.29000091552734,0.00977612661110272,4839.81005859375,0.012461680019840715
2024-01-22,2022.199951171875,2034.0999755859373,2017.4000244140625,2031.800048828125,152756,2046.4750183105468,2025.6140087890626,-0.0034987914479922555,0.12378341876338668,36.03601622104612,-2.7779796769864333,1.9083289692819805,103.33000183105467,0.00908203409489916,4850.43017578125,0.013921919585060616
2024-01-23,2025.800048828125,2039.300048828125,2020.800048828125,2023.199951171875,156699,2045.200018310547,2026.7340087890625,0.0017802876783592492,0.12378903932597211,36.748395621245635,-3.0274913778271184,0.9211648998601607,103.62000274658205,0.002515500529171266,4864.60009765625,0.02069251603902056
2024-01-24,2016.0,2037.9000244140625,2011.699951171875,2030.699951171875,234459,2042.5450134277344,2028.300009765625,-0.00483761901071833,0.11958465388403189,41.56172601303411,-3.9702467037739098,-0.05711742086665339,103.23999786376952,-0.002029957377164049,4868.5498046875,0.02729143566460901
2024-01-25,2017.800048828125,2025.5999755859373,2004.0,2014.800048828125,196670,2039.9450134277345,2029.65201171875,0.0008928813631572385,0.11969985968154334,39.50462257829895,-4.520034056004533,-0.9497007478942294,103.56999969482422,0.0002897313022176551,4894.16015625,0.023681580658059476
2024-01-26,2017.300048828125,2028.0999755859373,2015.5999755859373,2021.0,119588,2036.155010986328,2030.6680126953124,-0.000247794621816122,0.11036560215255412,39.427503105353274,-4.939154812811694,-1.7475915608777224,103.47000122070312,0.0017426692185140702,4890.97021484375,0.010570695054273438
2024-01-29,2025.4000244140625,2037.199951171875,2018.800048828125,2024.4000244140625,150708,2033.2500122070312,2031.8900122070313,0.004015255732850775,0.11172072532457433,47.21651491139242,-4.565087212995422,-2.3110906913012625,103.61000061035156,0.002709752969468626,4927.93017578125,0.015977964261183697
2024-01-30,2031.5,2048.5,2028.0999755859373,2032.5,26907,2031.235009765625,2032.7740112304687,0.003011738675031461,0.11158954170790339,49.50364189831122,-3.7333827822042167,-2.5955491094818535,103.4000015258789,-0.002123153974828429,4924.97021484375,0.012410088388680851
2024-01-31,2048.39990234375,2055.0,2030.0,2035.4000244140625,238373,2029.985009765625,2034.0480102539063,0.008318928055008667,0.11625936107976638,56.326715464637964,-1.6910764710321473,-2.414654581791912,103.2699966430664,0.0002905732266333949,4845.64990234375,-0.004703639330484344
2024-02-01,2071.10009765625,2083.199951171875,2046.4000244140625,2057.89990234375,260921,2031.4000122070313,2035.8640112304688,0.011081915834172174,0.11050615800385777,64.66929345763437,1.7391343842571132,-1.583896788582107,103.0500030517578,-0.0050207265095937315,4906.18994140625,0.0024579876367323283
2024-02-02,2053.699951171875,2074.699951171875,2044.199951171875,2072.0,219800,2031.585009765625,2036.9060107421874,-0.008401402956846882,0.11451489971607762,50.64850070497402,3.018756452932166,-0.6633661402792523,103.91999816894533,0.004349057146354474,4958.60986328125,0.013829495062599007
2024-02-05,2042.9000244140625,2059.10009765625,2030.800048828125,2057.89990234375,170431,2031.240008544922,2037.9080102539062,-0.0052587656496022595,0.11609643170502851,54.196972374103744,3.125374953943947,0.0943820785653875,104.4499969482422,0.008107290154834024,4942.81005859375,0.0030194995224623877
2024-02-06,2051.39990234375,2055.300048828125,2038.800048828125,2041.4000244140625,126384,2032.1350036621093,2039.0700073242188,0.0041606920691703575,0.11321666583445059,66.49514679792705,3.8513440992251162,0.8457744826973332,104.18000030517578,0.007543508392518383,4954.22998046875,0.005941105092739818
2024-02-07,2051.699951171875,2061.300048828125,2046.4000244140625,2052.60009765625,125631,2033.070001220703,2040.0440063476562,0.00014626540041362546,0.11319268151578217,62.40720222442954,4.4001689019114565,1.556653366540158,104.04000091552734,0.0074562244358573615,4995.06005859375,0.03083387352803446
2024-02-08,2047.9000244140625,2053.800048828125,2034.5999755859373,2051.0,137076,2034.075,2040.7540063476563,-0.0018520869757988612,0.11296882378281936,57.92160691577688,4.4768874087842505,2.140700174988977,104.1500015258789,0.010674414765117657,4997.91015625,0.01869479493031223
2024-02-09,2038.699951171875,2051.89990234375,2034.300048828125,2049.699951171875,116031,2035.05,2040.7280053710938,-0.004492442566779942,0.11311267252031423,56.90375158588932,3.7520668645495334,2.4629735129010886,104.08000183105467,0.0015396811482735195,5026.60986328125,0.013713520900997533
2024-02-12,2033.0,2041.800048828125,2025.4000244140625,2038.199951171875,116025,2034.1199951171875,2040.446005859375,-0.0027958754639684225,0.09746825978219169,52.96050386087208,2.6867319644493364,2.507725203210738,104.16999816894533,-0.0026806968643151574,5021.83984375,0.015988837163355196
2024-02-13,2007.199951171875,2047.300048828125,2002.800048828125,2033.699951171875,217571,2032.9699951171874,2039.8280053710937,-0.01269062903498519,0.1008138081839363,46.80231010805344,-0.23667371239639579,1.9588454200893115,104.95999908447266,0.007487029919485577,4953.169921875,-0.00021397040467019401
2024-02-14,2004.300048828125,2008.800048828125,1996.4000244140625,2006.300048828125,193607,2032.8599975585937,2038.1200073242187,-0.0014447501067629265,0.09199785727972813,45.133379685451004,-2.755725370253913,1.0159312620206666,104.72000122070312,0.006535950588157924,5000.6201171875,0.0011131114598279535
2024-02-15,2014.9000244140625,2020.199951171875,2001.800048828125,2004.800048828125,204249,2032.525,2037.5740087890624,0.005288617137007456,0.0898765992233301,49.1935397864917,-3.8523549657627427,0.042274016463984765,104.3000030517578,0.001440245066550716,5029.72998046875,0.006366625894416833
2024-02-16,2024.0999755859373,2027.199951171875,2006.5999755859373,2016.0999755859373,162356,2032.2649963378906,2037.3300073242187,0.004565959134647413,0.09035785467548416,49.566361015651644,-3.933736977413446,-0.7529281823115014,104.27999877929688,0.00192156941510091,5005.56982421875,-0.004185731464101616
2024-02-20,2039.800048828125,2042.699951171875,2023.9000244140625,2027.699951171875,202432,2033.145001220703,2037.1680078125,0.007756570046715705,0.09354058580369999,52.60189618436521,-2.7002414062253592,-1.1423908270942729,104.08000183105467,-0.0008639372129458645,4975.509765625,-0.009225717977179415
2024-02-21,2034.300048828125,2043.5,2030.9000244140625,2036.199951171875,120599,2033.570001220703,2036.9260083007812,-0.0026963427141595275,0.0940444835611794,45.23975549686953,-2.1418019540840305,-1.3422730524922244,104.01000213623048,-0.009051038076682949,4981.7998046875,0.0057801131929797744
2024-02-22,2030.699951171875,2045.5,2029.300048828125,2036.5,147947,2034.304998779297,2037.2500073242188,-0.001769698456392299,0.09247092933394498,34.341028494428286,-1.967057444738657,-1.4672299309415109,103.95999908447266,-0.007257468748770535,5087.02978515625,0.017279790494733493
2024-02-23,2049.39990234375,2053.199951171875,2025.4000244140625,2034.0999755859373,212029,2035.884991455078,2038.3640063476562,0.009208623440938979,0.09764956678475317,48.34994041685716,-0.31599874769767666,-1.2369836942927441,103.94000244140624,-0.0034515877259649885,5088.7998046875,0.011744134267272388
2024-02-26,2038.9000244140625,2046.800048828125,2034.0999755859373,2044.199951171875,129021,2036.964990234375,2039.2780078125,-0.005123391446286041,0.09984916275154186,48.46153557229487,0.14356978405703558,-0.9608729986227883,103.83000183105467,-0.0043152757336965,5069.52978515625,0.01277775821406757
2024-02-27,2044.0999755859373,2049.10009765625,2038.0999755859373,2041.199951171875,148780,2037.8999877929687,2040.2140063476563,0.002550370841929439,0.09930909967036675,47.11920418141957,0.9168053963326201,-0.5853373196317067,103.83000183105467,-0.0024019984204631806,5078.18017578125,0.020635153982730303
2024-02-28,2042.699951171875,2047.4000244140625,2033.4000244140625,2039.699951171875,137077,2038.4599853515624,2040.1700048828125,-0.0006849099509729228,0.09892444319399078,46.478867858207174,1.40048598948556,-0.18817265780825332,103.9800033569336,-0.00028842206211665555,5069.759765625,0.017656261669675377
2024-02-29,2054.699951171875,2059.39990234375,2036.0,2043.800048828125,227074,2038.7749877929687,2040.5500048828126,0.005874577905147449,0.09664861786555543,52.499975316642605,2.7207430241271595,0.39361047857882925,104.16000366210938,0.0019238609022516062,5096.27001953125,0.0018164301695191565
2024-03-01,2095.699951171875,2097.10009765625,2047.0,2052.800048828125,330592,2040.00498046875,2041.65400390625,0.01995425170308507,0.11358105430194708,66.98452513283715,6.9947820908787435,1.713844801038812,103.86000061035156,-0.0007696924107710723,5137.080078125,0.009487556062438784
2024-03-04,2126.300048828125,2128.39990234375,2088.10009765625,2091.60009765625,328253,2043.6349853515626,2043.1380029296874,0.014601373464335321,0.1186009254541692,74.20863323024614,12.70470901215549,3.912017643262148,103.83000183105467,0.0,5130.9501953125,0.01211560297684633
2024-03-05,2141.89990234375,2150.5,2118.5,2123.300048828125,283148,2048.5849792480467,2045.022001953125,0.007336619083568419,0.11712562716176246,86.90414558024621,18.277948230788297,6.785203760767379,103.8000030517578,-0.0002889220723090169,5078.64990234375,9.249899496288627e-05
2024-03-06,2158.199951171875,2160.699951171875,2131.89990234375,2136.39990234375,319763,2053.924981689453,2047.16,0.007610088973013518,0.11844796520135357,89.280239679165,23.736439283176423,10.17545086524919,103.37000274658205,-0.0058665184714179475,5104.759765625,0.0069036801777697665
2024-03-07,2165.199951171875,2172.199951171875,2151.699951171875,2156.699951171875,267795,2059.599981689453,2049.0819970703124,0.0032434436837973646,0.11811813317815743,89.0795590232087,28.300938662874614,13.800548424774274,102.81999969482422,-0.012864860984760251,5157.35986328125,0.011987167774838436
2024-03-08,2185.5,2203.0,2161.199951171875,2166.60009765625,389682,2066.47998046875,2051.39599609375,0.009375600076629409,0.11907123670026962,89.67551746343453,33.173972685533045,17.67523327692603,102.73999786376952,-0.010783773733873958,5123.68994140625,-0.002606565697850116
2024-03-11,2188.60009765625,2195.5,2180.89990234375,2187.60009765625,242418,2073.974987792969,2053.30599609375,0.0014184844000229013,0.11575395010997376,88.99371350847144,36.861127101099555,21.512412041760737,102.87000274658205,-0.009245873712250052,5117.93994140625,-0.0025356422126521228
2024-03-12,2166.10009765625,2190.800048828125,2156.199951171875,2189.10009765625,316254,2080.629992675781,2054.957998046875,-0.010280544181687223,0.12397779786884783,81.71319005250557,37.534981676245934,24.716925968657776,102.95999908447266,-0.008092523531683216,5175.27001953125,0.019024764267155048
2024-03-13,2180.800048828125,2185.60009765625,2161.300048828125,2163.60009765625,232273,2089.3099975585938,2057.137998046875,0.006786367438781138,0.10926101869344494,84.285099273489,38.807827016054944,27.535106178137212,102.79000091552734,-0.005610929821455168,5165.31005859375,0.011861536242408599
2024-03-14,2167.5,2181.300048828125,2157.0,2179.5,207225,2097.4699951171874,2059.02,-0.006098701637168413,0.11360056144754492,77.65810249560896,38.30184352088554,29.68845364668688,103.36000061035156,0.005251905437950732,5150.47998046875,-0.0013339931660543147
2024-03-15,2161.5,2176.89990234375,2158.699951171875,2166.199951171875,187847,2104.7999938964845,2061.3939990234376,-0.0027681660899654403,0.11591379408151478,79.33012056918615,36.990296981697156,31.148822313688935,103.43000030517578,0.006716005993315122,5117.08984375,-0.0012881532121825634
2024-03-18,2164.300048828125,2167.199951171875,2149.199951171875,2159.89990234375,211858,2111.8099975585938,2063.68,0.0012954193051699647,0.11611217844344064,79.09001582894585,35.76455590187925,32.071969031327,103.58000183105467,0.006901905954272092,5149.419921875,0.0061509085353002035
2024-03-19,2159.699951171875,2166.300048828125,2150.199951171875,2164.0,178162,2117.8049926757812,2065.877998046875,-0.0021254435856713494,0.11646933061844994,77.88365982344631,34.02968480520576,32.463512186102754,103.80999755859376,0.008255618508929308,5178.509765625,0.0006260052290070206
2024-03-20,2161.0,2192.199951171875,2152.300048828125,2161.39990234375,233572,2124.139990234375,2068.427998046875,0.0006019580763612087,0.11495138566806122,76.69509451083057,32.38636023649224,32.44808179618065,103.41000366210938,0.006031741813987912,5224.6201171875,0.011482381100254235
2024-03-21,2184.699951171875,2225.300048828125,2168.199951171875,2190.199951171875,391750,2131.839990234375,2071.4619970703125,0.010967122245199024,0.11674494266529128,74.47740829969355,32.620374297660874,32.4825402964767,104.0,0.006191944522728088,5241.52978515625,0.017677926141402844
2024-03-22,2160.0,2188.0,2158.39990234375,2183.39990234375,205808,2137.3699951171875,2074.10599609375,-0.011305878026236948,0.12620375023094269,59.5792845672441,30.461610015091992,32.07835424019976,104.43000030517578,0.009668374717678008,5234.18017578125,0.022882211492585736
2024-03-25,2176.39990234375,2182.5,2164.39990234375,2166.60009765625,211610,2144.244989013672,2077.2499951171876,0.007592547381365833,0.12385018888078055,59.76229820770307,29.731383940613796,31.608960180282565,104.2300033569336,0.006275357350727928,5218.18994140625,0.013354906100998098
2024-03-26,2177.199951171875,2200.60009765625,2168.300048828125,2173.0,202373,2150.8999877929687,2079.7619921875,0.0003676019408305198,0.12426642923823378,55.89329310773071,28.884271863530103,31.064022516932077,104.29000091552734,0.0046238644467999634,5203.580078125,0.004841221439113141
2024-03-27,2190.60009765625,2196.199951171875,2172.10009765625,2179.39990234375,31200,2158.2949951171877,2082.9699951171874,0.006154761521633523,0.12380995072800434,57.5775938795993,28.960372128231484,30.64329243919196,104.3499984741211,0.009089979486734512,5248.490234375,0.004568775652984636
2024-03-28,2217.39990234375,2234.10009765625,2187.10009765625,2193.60009765625,250248,2166.4299926757812,2087.1879931640624,0.012234001411838502,0.12741261973628865,59.16136830857338,30.82783826934292,30.680201605222155,104.5500030517578,0.005288490882286556,5254.35009765625,0.0024459104546741273
2024-04-01,2257.10009765625,2286.39990234375,2249.10009765625,2259.199951171875,220767,2174.5,2091.8979956054686,0.017903940227713466,0.1241409345816861,66.25532427684848,35.10660551856881,31.56548238789149,105.0199966430664,0.005649682430015179,5243.77001953125,0.0018321577454234461
2024-04-02,2281.800048828125,2301.89990234375,2267.10009765625,2272.699951171875,277228,2182.275,2096.947995605469,0.010943223651234346,0.12052453906987896,77.1723512365846,40.029207240150754,33.25822735834335,104.81999969482422,0.00566052306330822,5205.81005859375,-0.002372447716834869
2024-04-03,2315.0,2321.800048828125,2285.699951171875,2301.699951171875,254574,2190.9300048828127,2102.8039965820312,0.014549895022101467,0.1261105952832188,78.9973781803411,46.0782023321367,35.82222235310202,104.25,-0.0003835546569775916,5211.490234375,0.0015201373153173048
2024-04-04,2308.5,2325.300048828125,2298.699951171875,2321.0,236227,2198.4450073242188,2108.4579956054686,-0.0028077753779697234,0.1274854704420659,81.3891225941941,49.77381726366821,38.61254133521526,104.12000274658205,-0.002204079836149564,5147.2099609375,-0.01929702998667404
2024-04-05,2345.39990234375,2350.0,2286.199951171875,2309.5,293212,2207.4550048828123,2115.045993652344,0.015984363155187253,0.13507107808912427,85.98823920621331,55.04560103216227,41.899153274604664,104.3000030517578,-0.0023912003127942727,5204.33984375,-0.00951787623145961
2024-04-08,2351.0,2372.5,2321.699951171875,2343.60009765625,285570,2215.7300048828124,2121.7099926757815,0.0023876941627967163,0.1336799745640618,86.14013083212902,58.99534709080126,45.318392037843985,104.13999938964844,-0.008379330427983445,5202.39013671875,-0.007891246690524989
2024-04-09,2362.39990234375,2384.5,2355.699951171875,2358.10009765625,279608,2224.4199951171877,2128.611989746094,0.004848958887175625,0.1334612578881414,88.23086819622249,62.3269597500248,48.72010558028015,104.1500015258789,-0.006391892490898332,5209.91015625,0.0007876003177413882
2024-04-10,2348.39990234375,2378.10009765625,2337.10009765625,2372.39990234375,353847,2233.5349853515627,2135.0719873046874,-0.005926177014361711,0.12813009302043038,83.72930779317109,63.11010972804888,51.5981064098339,105.25,0.00959232613908867,5160.64013671875,-0.009757304603747019
2024-04-11,2372.699951171875,2395.60009765625,2343.10009765625,2351.699951171875,260415,2243.12998046875,2141.895986328125,0.010347491840666967,0.12974139445826616,83.76437965985166,64.94295067457824,54.267075262782775,105.27999877929688,0.01114095276714644,5199.06005859375,0.010073437464129809
2024-04-12,2374.10009765625,2448.800048828125,2350.60009765625,2389.39990234375,479894,2253.4599853515624,2148.409990234375,0.0005901068458671332,0.12473607488638876,91.96393878781498,65.75053916221304,56.56376804266883,106.04000091552734,0.01668262524312758,5123.41015625,-0.01555042328705536
2024-04-15,2383.0,2404.300048828125,2340.199951171875,2369.39990234375,343730,2264.5349853515627,2154.64798828125,0.0037487477265747415,0.12174522699939049,91.72052022836408,66.34393501143131,58.51980143642133,106.20999908447266,0.01987708572072422,5061.81982421875,-0.027020332732804353
2024-04-16,2407.800048828125,2414.800048828125,2379.199951171875,2399.10009765625,297592,2276.7099853515624,2161.729990234375,0.01040707042724498,0.12244385372511281,92.45213820727496,68.03114152333092,60.42206945380325,106.26000213623048,0.020259247042135664,5051.41015625,-0.03042278950047872
2024-04-17,2388.39990234375,2412.0,2370.699951171875,2398.0,284352,2288.144982910156,2168.639987792969,-0.008057208277662875,0.12890204034737235,85.62675344092169,67.03015327010235,61.74368621706307,105.9499969482422,0.006650802358595831,5022.2099609375,-0.02682422569950149
2024-04-18,2398.0,2408.0,2377.199951171875,2377.89990234375,200546,2299.994982910156,2175.5719897460935,0.004019468283694705,0.1278954656556014,84.67738608663042,66.24784657966529,62.644518289583516,106.1500015258789,0.008263703995721405,5011.1201171875,-0.03614883061325591
2024-04-19,2413.800048828125,2433.300048828125,2386.800048828125,2394.0,275405,2311.449987792969,2182.8139916992186,0.006588844382037218,0.12623196402853598,83.12891953690752,66.14036977339356,63.34368858634553,106.1500015258789,0.0010373501452456413,4967.22998046875,-0.030483637073390857
2024-04-22,2346.39990234375,2404.300048828125,2338.199951171875,2403.699951171875,262673,2320.769982910156,2188.7839892578127,-0.02792283748486002,0.16313698737404644,61.56872346658155,59.92577802871892,62.66010647482021,106.08000183105467,-0.0012239643587096394,5010.60009765625,-0.010118836375296203
2024-04-23,2342.10009765625,2347.89990234375,2304.60009765625,2342.300048828125,270225,2329.0549926757812,2194.8519921875,-0.001832511450075125,0.1639640588769822,55.41351696692449,54.030876680712026,60.934260515998574,105.69000244140624,-0.005364198036562073,5070.5498046875,0.003788971365514371
2024-04-24,2338.39990234375,2350.89990234375,2324.800048828125,2335.699951171875,187699,2337.114990234375,2200.959990234375,-0.0015798621571310179,0.16463752964194117,56.04037239509865,48.50145546653857,58.447699506106574,105.86000061035156,-0.0008494227511360863,5071.6298828125,0.009840273954969225
2024-04-25,2342.5,2357.60009765625,2316.39990234375,2327.39990234375,224471,2344.7099853515624,2207.6659912109376,0.00175337744931503,0.1644832194880494,49.32466392393116,43.943638026684766,55.546887210222216,105.5999984741211,-0.005181375825262902,5048.419921875,0.007443406626707283
2024-04-26,2347.199951171875,2364.39990234375,2338.0,2344.199951171875,171011,2351.199987792969,2214.5239892578124,0.0020063825707044014,0.16117853808153668,49.11130980316925,40.24684111712895,52.48687799160356,105.94000244140624,-0.0019783238949975246,5099.9599609375,0.026721126460954592
2024-04-29,2357.699951171875,2358.89990234375,2331.0,2347.60009765625,187309,2356.22998046875,2221.3799877929687,0.004473415225983546,0.15134438811589476,48.89621015525646,37.72944363964689,49.535391121212236,105.58000183105467,-0.004713423749712176,5116.169921875,0.02106929752149478
2024-04-30,2302.89990234375,2347.60009765625,2296.199951171875,2347.0,229064,2357.2849731445312,2226.955986328125,-0.023243012242031513,0.1724116184238367,41.032739968320506,30.95564464234303,45.819441825438396,106.22000122070312,0.005014653865588858,5035.68994140625,-0.00687496713847946
2024-05-01,2311.0,2339.5,2291.699951171875,2298.199951171875,227384,2357.0849731445314,2232.3799853515625,0.003517346823457723,0.1647804079369893,37.01057665323811,25.941927923103776,41.84393904497147,105.76000213623048,-0.0009446294496932017,5018.39013671875,-0.010497561400167776
2024-05-02,2309.60009765625,2336.10009765625,2294.300048828125,2329.89990234375,193658,2357.1399780273437,2237.885986328125,-0.0006057560985504029,0.1644740272582804,36.42108054876531,21.60649466068662,37.796450168114504,105.3000030517578,-0.002840865783126034,5064.2001953125,0.0031257846379069143
2024-05-03,2308.60009765625,2330.699951171875,2285.199951171875,2313.5,231400,2355.2999877929688,2243.4439892578125,-0.0004329753886894716,0.15336070914771083,33.79797202172591,17.883787749554813,33.81391768440257,105.02999877929688,-0.008589802162905058,5127.7900390625,0.005456920904901352
2024-05-06,2331.199951171875,2341.89990234375,2300.60009765625,2312.800048828125,191895,2354.3099853515623,2249.079990234375,0.009789418937722782,0.15755948638321662,33.15743929776946,16.56617050419254,30.364368248360563,105.0500030517578,-0.005019878481769324,5180.740234375,0.012620830325419607
2024-05-07,2324.199951171875,2338.699951171875,2318.199951171875,2334.800048828125,204623,2352.3999877929687,2254.7859887695313,-0.0030027454300868284,0.15656832990563846,35.06979575104951,14.786656474302617,27.248825893548975,105.41000366210938,-0.0076256594735932826,5187.7001953125,0.03018657933172908
2024-05-08,2322.300048828125,2329.60009765625,2311.39990234375,2322.0,214693,2351.0949951171874,2260.349990234375,-0.0008174435864659602,0.1553817428816068,31.741453607992455,13.072382258513699,24.41353716654192,105.5500030517578,-0.0019856191398538448,5187.669921875,0.033731890216676774
2024-05-09,2340.300048828125,2354.199951171875,2312.89990234375,2316.5,249092,2349.475,2266.3019921875,0.007750936408533082,0.15323323090394844,32.458233890214785,13.016214342912463,22.13407260181603,105.2300033569336,-0.0006647644140124198,5214.080078125,0.029595963238426393
2024-05-10,2375.0,2385.300048828125,2352.0,2353.5,275241,2349.5199951171876,2272.7079931640624,0.014827137737851492,0.16278772190186505,58.08827184701977,15.591962487215824,20.82565057889599,105.30999755859376,0.0026658933880905344,5222.68017578125,0.018505074504980845
2024-05-13,2343.0,2370.800048828125,2337.60009765625,2369.10009765625,243075,2347.5199951171876,2277.653994140625,-0.013473684210526304,0.16898594468999184,50.22002502292176,14.879606047713423,19.63644167265948,105.22000122070312,0.0016182595336200478,5221.419921875,0.007852099441327809
2024-05-14,2359.89990234375,2365.199951171875,2340.5,2342.300048828125,192076,2345.1249877929686,2282.3259912109374,0.007212933138604383,0.16654110983931286,54.93799470224224,15.500064225977894,18.809166183323164,105.01000213623048,-0.003794720728414802,5246.68017578125,0.01136919603065012
2024-05-15,2394.89990234375,2396.10009765625,2357.10009765625,2362.89990234375,249843,2345.449987792969,2287.3859912109374,0.014831137526316152,0.17327019906693306,60.53901542232663,18.601562066773113,18.767645360013155,104.3499984741211,-0.011369062462729285,5308.14990234375,0.023224295740312817
2024-05-16,2385.5,2402.699951171875,2375.199951171875,2391.5,191026,2344.824987792969,2291.9319921875,-0.003924966690487142,0.17323803701878862,57.56022804489574,20.069677144625985,19.02805171693572,104.45999908447266,-0.007317345318797797,5297.10009765625,0.015922275509260064
2024-05-17,2417.39990234375,2427.39990234375,2377.800048828125,2381.39990234375,218553,2345.00498046875,2296.9759912109375,0.013372417666631664,0.1783636733159966,60.866412067876034,23.53591704051223,19.92962478165102,104.4499969482422,-0.008166371952226692,5303.27001953125,0.015430744567456633
2024-05-20,2438.5,2454.199951171875,2411.10009765625,2422.199951171875,281430,2349.6099853515625,2302.0359912109375,0.008728426618944019,0.14649559261709785,78.13285734256951,27.666615153280873,21.477022855976994,104.56999969482422,-0.006177547218570223,5308.1298828125,0.016606586375907284
2024-05-21,2425.89990234375,2438.199951171875,2408.5,2431.5,229421,2353.7999755859373,2306.7819873046874,-0.005167150976522428,0.14811212291694906,73.40124865001403,29.582492036537587,23.098116692089114,104.66000366210938,-0.0033330013046476425,5321.41015625,0.014243288701625945
2024-05-22,2392.89990234375,2430.5,2378.0,2425.39990234375,253852,2356.5249755859377,2311.3179833984377,-0.013603199360417761,0.1575971614550169,65.03066079295154,28.113934129841255,24.101280179639545,104.94000244140624,0.005654086975683592,5307.009765625,-0.00021478984951928126
2024-05-23,2337.199951171875,2385.699951171875,2328.10009765625,2383.0,273658,2356.259973144531,2314.4459814453126,-0.023277175579855647,0.17989840087859318,54.30980882983788,22.199666911398253,23.720957525991288,105.11000061035156,0.006222492165190108,5267.83984375,-0.005523824992319182
2024-05-24,2334.5,2349.0,2326.300048828125,2330.39990234375,178343,2355.6249755859376,2317.7859814453127,-0.0011552076109369036,0.17976862617798658,50.52902411742558,17.097613391369578,22.39628869906695,104.72000122070312,0.0025850098645261443,5304.72021484375,0.00027345304070114373
2024-05-28,2356.5,2365.5,2333.800048828125,2338.0,316223,2355.564978027344,2321.6859814453123,0.009423859498822074,0.18231993612104788,54.940361364350956,14.660419170363184,20.8491147933262,104.61000061035156,0.00038252764314883336,5306.0400390625,-0.0003937062197303387
2024-05-29,2341.199951171875,2363.699951171875,2334.199951171875,2362.5,119317,2357.47998046875,2325.2239794921875,-0.006492700542382823,0.16257822704611044,52.77694874980989,11.363349499008109,18.951961734462582,105.0999984741211,0.004204039715421937,5266.9501953125,-0.010234122035028048
2024-05-30,2342.89990234375,2349.5,2320.800048828125,2336.89990234375,32587,2359.0749755859374,2328.887978515625,0.0007261025146629851,0.16227817535307557,50.401212264609455,8.78628703517279,16.918826794604627,104.72000122070312,-0.002096447642317756,5235.47998046875,-0.013478359436903342
2024-05-31,2322.89990234375,2354.0,2319.0,2344.10009765625,183406,2359.7399658203126,2332.1259765625,-0.008536429567474357,0.1655561716278126,41.577735118699934,5.07165077963009,14.54939159160972,104.66999816894533,-0.004186113964905647,5277.509765625,0.0018356522145359655
2024-06-03,2369.300048828125,2375.5,2334.800048828125,2348.0,173149,2362.7749633789062,2335.817978515625,0.019975095111743002,0.17955148984952993,54.062411614971246,5.804962825698112,12.800505838427398,104.13999938964844,-0.005538596488671721,5283.39990234375,-0.004019121016098248
2024-06-04,2347.39990234375,2373.10009765625,2335.10009765625,2371.300048828125,171547,2363.5849609375,2339.5659765625,-0.009243298034458336,0.18040770214200852,48.098571254556745,4.566321400636298,11.153668950869179,104.11000061035156,-0.004779657748616106,5291.33984375,-0.0027704644526386213
2024-06-05,2375.5,2377.60009765625,2345.300048828125,2347.10009765625,171862,2366.1499633789062,2343.547978515625,0.011970733077135032,0.1844378563780101,46.98572332474012,5.78544122080848,10.08002340485704,104.2699966430664,-0.0078972582597997,5354.02978515625,0.016533209279489647
2024-06-06,2390.89990234375,2397.800048828125,2372.199951171875,2375.300048828125,172202,2369.5799560546875,2347.8219775390626,0.006482804606924963,0.18522039552453484,50.823657339480285,7.90314336123356,9.644647396132344,104.0999984741211,-0.0059205761970470006,5352.9599609375,0.02243919963537544
2024-06-07,2325.0,2406.699951171875,2304.199951171875,2395.699951171875,314551,2368.8149536132814,2350.5099755859374,-0.027562802725095148,0.2102000601324077,37.23053793218861,4.215275126324286,8.558772942170732,104.88999938964844,0.0021018555894880553,5346.990234375,0.013165388949644363
2024-06-10,2327.0,2331.300048828125,2304.5,2311.0,142888,2366.4149536132813,2352.7019775390627,0.0008602150537635467,0.2026281765202691,33.732136496402376,1.4374265077904056,7.134503655294667,105.1500015258789,0.009698503381505352,5360.7900390625,0.014647790844758646
2024-06-11,2326.60009765625,2337.300048828125,2314.5,2329.5,145501,2365.5949584960936,2354.0919775390626,-0.00017185317737433703,0.19714473416822217,34.97733665847201,-0.7872325855223608,5.5501564071312615,105.2300033569336,0.010757878590106129,5375.31982421875,0.01587121276437098
2024-06-12,2354.800048828125,2358.800048828125,2327.199951171875,2334.0,241670,2365.3399658203125,2355.5519775390626,0.012120669641629833,0.2003613509943563,44.15108086775252,-0.27165904565526944,4.385793316573955,104.6500015258789,0.0036444317161850037,5421.02978515625,0.012513938601117491
2024-06-13,2318.0,2342.39990234375,2310.89990234375,2340.89990234375,182657,2361.494970703125,2355.6119775390625,-0.015627674564742233,0.19956259537359344,46.87093414013256,-2.800240263721207,2.948586600514923,105.1999969482422,0.010566748225213196,5433.740234375,0.015090767356188639
2024-06-14,2349.10009765625,2352.300048828125,2316.699951171875,2319.60009765625,163367,2359.6749755859373,2356.4239794921873,0.013416780697260489,0.2062143060779594,52.17781759384697,-2.2684913735170085,1.9051710057085367,105.5500030517578,0.006292341175992977,5431.60009765625,0.015823829775731824
2024-06-17,2329.0,2348.699951171875,2324.300048828125,2348.5,122702,2355.25498046875,2356.0959814453126,-0.008556509650782584,0.2010087909063693,45.87459108495617,-3.4294538352687596,0.8382460375130776,105.31999969482422,0.0016167205561425924,5473.22998046875,0.020974509463518087
2024-06-18,2346.89990234375,2348.199951171875,2320.199951171875,2333.699951171875,154251,2350.6749755859373,2356.0139794921874,0.007685660087483948,0.20031834726377484,50.848459167334745,-2.8720452769089206,0.096187774628678,105.26000213623048,0.0002850781938601443,5487.02978515625,0.020782011971489656
2024-06-20,2369.0,2379.5,2338.5,2344.199951171875,252687,2347.82998046875,2356.1459814453124,0.009416719321595046,0.2037618263422479,53.66265453204934,-0.6396285560208526,-0.0509754915012281,105.58999633789062,0.008982272320170681,5473.169921875,0.009618124006903539
2024-06-21,2331.199951171875,2382.60009765625,2329.199951171875,2373.800048828125,194824,2344.744982910156,2355.801982421875,-0.01595612023137405,0.20583623257886666,51.109334568936546,-1.898683412770879,-0.4205170757551583,105.8000030517578,0.005703480236893821,5464.6201171875,0.005682988416918944
2024-06-24,2344.39990234375,2347.5,2329.5,2333.5,117625,2345.10498046875,2355.2359814453125,0.005662299008388105,0.18971687110350363,46.34788269509936,-1.8104974274224332,-0.6985131460886134,105.47000122070312,-0.0007579519539705482,5447.8701171875,0.002995437668224188
2024-06-25,2330.800048828125,2349.699951171875,2327.10009765625,2346.800048828125,144271,2344.9199829101562,2354.36998046875,-0.00580099559892866,0.19087732235270666,47.504530843871045,-2.805661993681497,-1.11994291560719,105.61000061035156,0.0027535218037186837,5469.2998046875,-0.0007180724718812703
2024-06-26,2313.199951171875,2335.800048828125,2304.699951171875,2331.800048828125,191628,2342.75498046875,2352.9739794921875,-0.007551097171590859,0.18925315523481892,40.32907836682657,-4.957372370095982,-1.8874288065049485,106.0500030517578,0.007505233702207903,5477.89990234375,-0.0016639025429019405
2024-06-27,2336.60009765625,2342.0,2306.800048828125,2309.39990234375,140228,2342.5249877929687,2351.54998046875,0.010115920360676212,0.19186051883774152,41.7752516474495,-4.720012719016722,-2.4539455890073034,105.91000366210938,0.0030306594878053428,5482.8701171875,0.0017723175876067643
2024-06-28,2339.60009765625,2350.60009765625,2329.699951171875,2338.60009765625,135383,2342.359997558594,2350.573984375,0.001283916748531011,0.19189983775536748,52.73205220512183,-4.240941622370428,-2.8113447956799287,105.87000274658205,0.000661622805341544,5460.47998046875,-0.00075762571413307
2024-07-01,2338.89990234375,2348.800048828125,2328.199951171875,2336.199951171875,142601,2343.1599975585937,2349.391982421875,-0.0002992799124950096,0.18924962293088846,52.23766168898421,-3.87312723685136,-3.0237012839142148,105.9000015258789,0.004076991563468191,5475.08984375,0.00499639785402084
2024-07-02,2333.39990234375,2346.10009765625,2327.39990234375,2341.60009765625,153709,2341.364990234375,2347.7839794921874,-0.002351532869999562,0.1746699161471086,51.25457425014729,-3.9795618096,-3.2148733890513723,105.72000122070312,0.0010415738066076319,5509.009765625,0.00726052005842992
2024-07-03,2369.39990234375,2374.5,2335.699951171875,2338.60009765625,193642,2342.464990234375,2348.2439794921875,0.015428131270529555,0.1805305974737295,52.61833310419653,-1.1458047163450829,-2.8010596545101145,105.4000015258789,-0.006129198558925575,5537.02001953125,0.010792478548613982
2024-07-05,2397.699951171875,2401.5,2356.0,2365.800048828125,293254,2343.574987792969,2349.3559765625,0.011943973155452259,0.18050812537203675,64.74283995588678,3.344986698748926,-1.5718503838583064,104.87999725341795,-0.009725298584423725,5567.18994140625,0.015378774695834485
2024-07-08,2363.5,2399.300048828125,2358.300048828125,2396.199951171875,240781,2342.2049926757813,2349.857978515625,-0.014263649275698453,0.18635652755400228,52.63348240118302,4.0970922814935875,-0.4380618507879276,105.01000213623048,-0.008123175479744948,5572.85009765625,0.02057879849196942
2024-07-09,2367.89990234375,2378.300048828125,2356.0,2366.5,252489,2344.349987792969,2350.3659765625,0.0018616045456949504,0.1565975096181427,57.547511226481234,4.990647642615386,0.6476800478927351,105.12000274658205,-0.007365427460416574,5576.97998046875,0.018609765250712895
2024-07-10,2379.699951171875,2393.39990234375,2369.699951171875,2371.0,163900,2346.9849853515625,2351.0159765625,0.0049833393786811175,0.15724495036882669,56.51828383734977,6.575167588272052,1.8331775559685988,105.0500030517578,-0.00633747787749861,5633.91015625,0.022672022003727532
2024-07-11,2421.89990234375,2430.39990234375,2376.800048828125,2377.39990234375,303520,2351.7499755859376,2352.2999755859373,0.01773330757564362,0.1677187006269198,59.73497687090479,11.108047780622655,3.6881516008994106,104.44000244140624,-0.009108150574712814,5584.5400390625,0.008582237261853587
2024-07-12,2420.699951171875,2423.199951171875,2396.10009765625,2421.0,220933,2355.044970703125,2354.6559765625,-0.0004954586152440266,0.16361212026229624,69.03444551751352,14.437139601025592,5.837949200924648,104.08999633789062,-0.007532426928067881,5615.35009765625,0.008650711895386687
2024-07-15,2428.89990234375,2445.0,2406.10009765625,2419.300048828125,193535,2360.5899658203125,2357.013974609375,0.003387429808434206,0.15073194275983115,68.36157412810746,17.535003774869892,8.177360115713697,104.19000244140624,-0.007808777051165561,5631.22021484375,0.010474015300007578
2024-07-16,2467.800048828125,2474.5,2424.5,2427.10009765625,246085,2366.5249633789062,2360.1779736328126,0.01601554121140958,0.15351184536150772,76.82063243222575,22.865421821223663,11.11497245681569,104.2699966430664,-0.008086054806950349,5667.2001953125,0.016177252771161443
2024-07-17,2459.89990234375,2488.39990234375,2455.5,2473.199951171875,259540,2373.069958496094,2363.2039697265627,-0.003201291161383346,0.1495154937599666,79.85341652184195,26.150889553131492,14.122155876078851,103.75,-0.012375088186501904,5588.27001953125,-0.008100969921949974
2024-07-18,2456.39990234375,2478.5,2442.89990234375,2462.5,192770,2378.544958496094,2365.70796875,-0.0014228221224226179,0.1490467621797429,76.5278231291046,28.147755843907362,16.927275869644554,104.16999816894533,-0.0025852572400348883,5544.58984375,-0.007153712755761155
2024-07-19,2399.10009765625,2448.39990234375,2395.699951171875,2448.0,254408,2380.0499633789063,2367.2059716796875,-0.023326741151889818,0.17194122119678762,60.621203008829504,24.82055548874405,18.505931793464452,104.4000015258789,0.0029782418954262813,5505.0,-0.01965150805152971
2024-07-22,2394.699951171875,2414.39990234375,2385.199951171875,2403.699951171875,197562,2383.224963378906,2368.6539697265625,-0.0018340820746385322,0.1607541545911694,59.830873718756585,21.579910414136066,19.120727517598773,104.30999755859376,0.0011516951183008217,5564.41015625,-0.011864224101490572
2024-07-23,2407.300048828125,2413.5,2389.199951171875,2398.0,171191,2386.369970703125,2369.9939697265627,0.005261660296975501,0.16061928073102025,62.70197821786665,19.800154565706634,19.256612927220345,104.4499969482422,0.0017262905051389499,5555.740234375,-0.019667553129619764
2024-07-24,2415.699951171875,2433.0,2397.0,2410.699951171875,245884,2390.6149658203126,2370.80796875,0.003489345812059952,0.15848665235046228,58.79225982566155,18.850193850732467,19.17532911192277,104.38999938964844,0.006168668815888623,5427.1298828125,-0.028835424228886297
2024-07-25,2353.5,2400.800048828125,2351.89990234375,2398.10009765625,294897,2392.6299682617187,2371.01796875,-0.02574821063423105,0.1839087155864133,42.563937006451,12.92928614465427,17.926120518469073,104.36000061035156,0.0018239651026785708,5399.22021484375,-0.026218283588661517
2024-07-26,2381.0,2389.699951171875,2354.60009765625,2363.800048828125,154523,2394.849963378906,2371.439970703125,0.011684724877841557,0.18502912068804822,53.01204819277108,10.33678824223216,16.40825406322169,104.31999969482422,-0.0007663010525421621,5459.10009765625,-0.008337856919845565
2024-07-29,2377.800048828125,2402.10009765625,2367.300048828125,2386.89990234375,126409,2396.7599609375,2371.0979736328127,-0.0013439526131352464,0.18521190265092463,51.71105164421468,7.9325640002170985,14.713116050620773,104.55999755859376,0.002396702193953937,5463.5400390625,-0.018127728610048965
2024-07-30,2405.0,2409.300048828125,2373.800048828125,2380.89990234375,25944,2400.0649658203124,2371.4879736328126,0.011439124658644051,0.18887543416746944,54.1516332265268,8.12830961348618,13.396154763193856,104.5500030517578,0.0009574543459791585,5436.43994140625,-0.02147333891361658
2024-07-31,2426.5,2447.60009765625,2402.800048828125,2407.10009765625,176268,2404.719970703125,2371.6699755859377,0.008939708939708968,0.1901002722859904,50.809876347931336,9.904140967318199,12.697752004018726,104.0999984741211,-0.002778052660436181,5522.2998046875,0.017535958034908816
2024-08-01,2480.800048828125,2506.60009765625,2474.0,2493.39990234375,219834,2410.2899780273438,2372.5159765625,0.022377930693643133,0.1980335819907536,58.91428066531379,15.514221951996205,13.261045993614223,104.41999816894533,0.0005749095270493054,5446.68017578125,0.008790150993845502
2024-08-02,2469.800048828125,2522.5,2453.10009765625,2490.800048828125,309937,2413.894982910156,2373.3939794921876,-0.004434053443846175,0.19605991503589582,56.01649438922133,18.855291419171408,14.379895078725662,103.20999908447266,-0.010640343305202582,5346.56005859375,-0.020615126495082348
2024-08-05,2444.39990234375,2500.800048828125,2403.800048828125,2490.300048828125,352229,2417.939978027344,2374.4239794921873,-0.010284292648073623,0.19227380681893494,46.41542034579093,19.231840810151425,15.350284225010814,102.69000244140624,-0.01788442196681972,5186.330078125,-0.050738158585009074
2024-08-06,2431.60009765625,2459.5,2421.800048828125,2451.699951171875,186107,2421.1249877929686,2376.311982421875,-0.005236379151883908,0.1938653873777963,45.72897353287094,18.286624821630085,15.93755234433467,102.97000122070312,-0.015112403490533555,5240.02978515625,-0.03612845140696874
2024-08-07,2432.39990234375,2447.300048828125,2418.800048828125,2432.60009765625,166078,2423.7599853515626,2378.26998046875,0.0003289211446697582,0.19342761126490807,46.348139298514646,17.401478482941002,16.230337572055937,103.1999969482422,-0.00864554792575356,5199.5,-0.05845387177521533
2024-08-08,2463.300048828125,2467.89990234375,2420.199951171875,2422.800048828125,178509,2425.8299926757813,2380.4059814453126,0.01270356344555057,0.18847453238463868,60.62209820400691,18.974649264966956,16.77919991063814,103.20999908447266,-0.011587809861047571,5319.31005859375,-0.023384908435390317
2024-08-09,2473.39990234375,2476.5,2456.10009765625,2467.300048828125,152173,2428.464990234375,2383.04998046875,0.004100131252962713,0.18872416292030766,62.7801296745766,20.7966414770317,17.582688223916854,103.13999938964844,-0.0006782259029662896,5344.16015625,-0.00044886849066483325
2024-08-12,2504.0,2513.39990234375,2462.699951171875,2470.10009765625,171204,2432.2199951171874,2386.271982421875,0.012371674158818458,0.1927908126121637,64.83584728272473,24.428162920863087,18.951783163306104,103.13999938964844,0.004382091124196519,5344.39013671875,0.030476282113323094
2024-08-13,2507.800048828125,2517.300048828125,2498.199951171875,2512.60009765625,155078,2434.2199951171874,2389.9699853515626,0.001517591385034045,0.18512296485829083,64.33242353599121,27.29812620450275,20.62105177154543,102.55999755859376,-0.003981777772640527,5434.43017578125,0.03709910030963748
2024-08-14,2479.699951171875,2519.699951171875,2476.199951171875,2506.300048828125,187384,2435.209997558594,2392.1779833984374,-0.011205078997179596,0.18958341334441892,71.97074732376095,26.99397994754554,21.895637406745454,102.56999969482422,-0.006104624729145525,5455.2099609375,0.049179721307337276
2024-08-15,2492.39990234375,2508.0,2469.199951171875,2486.199951171875,169322,2437.0099975585936,2395.0779833984375,0.005121567698492369,0.19013971086108453,70.44786018373291,27.46116653546278,23.008743232488918,102.9800033569336,-0.002228424857855349,5543.22021484375,0.04209383431000724
2024-08-16,2537.800048828125,2548.300048828125,2488.199951171875,2494.39990234375,223934,2443.9449951171873,2398.323984375,0.018215434225335336,0.17696072631914464,75.42910844465553,31.13591225369055,24.634177036729245,102.45999908447266,-0.006592983412835207,5554.25,0.03931204110795594
2024-08-19,2541.300048828125,2549.89990234375,2523.699951171875,2549.699951171875,155994,2451.275,2401.3319873046876,0.0013791472663955417,0.176192962929518,73.42729119860482,33.939363602687536,26.495214349920904,101.88999938964844,-0.01211944936394338,5608.25,0.04937137007801784
2024-08-20,2550.60009765625,2570.39990234375,2535.10009765625,2542.39990234375,191196,2458.4400024414062,2405.8439892578126,0.003659563471229532,0.1760159857068218,72.26408516095574,36.49091070739087,28.494353621414895,101.44000244140624,-0.01092038946810292,5597.1201171875,0.029936890555938067
2024-08-21,2547.5,2558.0,2528.199951171875,2552.199951171875,148894,2465.0300048828126,2410.2539892578125,-0.0012154385389927524,0.17661736781844148,64.65931419630603,37.826834002515625,30.360849697635043,101.04000091552734,-0.014916630436278333,5620.85009765625,0.030363659310059576
2024-08-22,2516.699951171875,2551.39990234375,2506.39990234375,2549.89990234375,177369,2473.1900024414062,2414.055986328125,-0.01209030375981357,0.15241630905676767,59.48237905033062,35.985438569358394,31.485767471979713,101.51000213623048,-0.014274627818839924,5570.64013671875,0.004946569108254861
2024-08-23,2546.300048828125,2554.5,2519.800048828125,2521.10009765625,164613,2481.4550048828123,2417.885986328125,0.011761472654881588,0.152471862358638,70.2584587606599,36.49392072314595,32.48739812221296,100.72000122070312,-0.016982216272859785,5634.60986328125,0.014468175411846751
2024-08-26,2555.199951171875,2563.199951171875,2544.0,2545.10009765625,127485,2490.325,2422.6299853515625,0.0034952292240051364,0.15143674748003524,74.95954824186454,37.186382760251036,33.427195049820575,100.8499984741211,-0.010207095119808218,5616.83984375,0.0015316442294832644
2024-08-27,2552.89990234375,2561.39990234375,2538.5,2553.800048828125,146222,2497.7199951171874,2426.7059814453123,-0.0009001443613326776,0.1493356688624566,74.18701657133673,37.12165387698997,34.16608681525446,100.5500030517578,-0.008773653077961185,5625.7998046875,0.00512400786467504
2024-08-28,2537.800048828125,2564.300048828125,2527.800048828125,2559.800048828125,165123,2503.2849975585937,2430.881982421875,-0.00591478479111629,0.15084063879243317,65.96654660223231,35.44335485464762,34.421540423133095,101.08999633789062,0.0004948082136804199,5592.18017578125,-0.005100638048852191
2024-08-29,2560.300048828125,2562.199951171875,2536.5,2539.199951171875,159965,2507.2599975585936,2435.1499853515625,0.008865946712543371,0.13361318391152074,67.68416586429302,35.51940713224667,34.64111376495581,101.33999633789062,-0.0016747689366778395,5591.9599609375,0.003827176714974012
2024-08-30,2527.60009765625,2560.10009765625,2526.60009765625,2553.60009765625,175644,2510.15,2438.3219873046874,-0.012771921473360925,0.14165329569010363,54.761918836638785,32.56566956813913,34.226024925592476,101.6999969482422,0.00972990186320244,5648.39990234375,0.0024473813444236825
2024-09-03,2523.0,2539.5,2504.39990234375,2536.0,273539,2514.0800048828123,2442.15798828125,-0.001819946778968462,0.13561320791454604,53.05710584748401,29.513409617207344,33.283501863915454,101.83000183105467,0.009717435515728345,5528.93017578125,-0.01565109036651091
2024-09-04,2526.0,2531.5,2502.699951171875,2524.60009765625,167957,2518.8,2445.789990234375,0.0011890606420927874,0.1332021523877746,60.357941443453925,27.02501894776242,32.03180528068485,101.36000061035156,0.00805566915971978,5520.06982421875,-0.018793768733230465
2024-09-05,2543.10009765625,2554.0,2523.699951171875,2526.39990234375,152709,2524.335009765625,2450.0359912109375,0.006769634859956408,0.1341279887798812,61.12332347773921,26.131558048864008,30.851755834320684,101.11000061035156,0.00019788577688806264,5503.41015625,-0.01587395554880322
2024-09-06,2524.60009765625,2559.800048828125,2513.89990234375,2547.10009765625,228117,2527.400012207031,2454.263994140625,-0.007274585855684523,0.13223326794286192,46.71643404506514,23.657974061990444,29.412999479854637,101.18000030517578,-0.0015788044059266149,5408.419921875,-0.03282213040590676
2024-09-09,2532.699951171875,2536.5,2514.199951171875,2526.5,140583,2530.3650146484374,2458.1859912109376,0.003208370911157221,0.132017186982129,47.90853755560252,22.09651652865523,27.949702889614755,101.5500030517578,-0.0014748662830417203,5471.0498046875,-0.03139828990908744
2024-09-10,2543.10009765625,2547.5,2528.89990234375,2536.0,156108,2532.32001953125,2462.2559912109373,0.0041063476467329,0.1258726088377981,48.18577820193611,21.450981525181305,26.649958616728068,101.62999725341795,-0.0019641026616943336,5495.52001953125,-0.006042788602458549
2024-09-11,2542.39990234375,2558.0,2529.0,2545.699951171875,194085,2534.050012207031,2466.3259912109374,-0.00027533140089341934,0.12589884800517284,48.75181342568361,20.64490881633219,25.448948656648895,101.68000030517578,0.0031570609007232076,5554.1298828125,0.006170222420795346
2024-09-12,2580.60009765625,2588.5,2538.699951171875,2540.60009765625,233679,2539.09501953125,2471.2699951171876,0.015025250464053563,0.12737987784921787,65.0921147470088,22.825409780865357,24.92424088149219,101.37000274658205,0.002571477941459621,5595.759765625,0.016780433722556998
2024-09-13,2610.699951171875,2614.60009765625,2585.0,2587.5,174674,2545.0100219726564,2476.09599609375,0.011663896914117844,0.13153718040423937,65.17432683059279,26.67478876821815,25.274350458837382,101.11000061035156,-0.0006918333130370158,5626.02001953125,0.04023358038012925
2024-09-16,2608.89990234375,2617.39990234375,2602.5,2608.0,127576,2548.5650146484377,2480.3199951171873,-0.0006894889729924802,0.11769020118600892,63.091141316833536,29.243104150729778,26.06810119721586,100.76000213623048,-0.007779427787162785,5633.08984375,0.029617723261021522
2024-09-17,2592.39990234375,2613.699951171875,2587.300048828125,2609.800048828125,159525,2551.120007324219,2484.8979931640624,-0.006324504817213139,0.12085017446428226,59.00591592133183,29.60582299286034,26.77564555634476,100.88999938964844,-0.0072812937495639884,5634.580078125,0.025304258395843604
2024-09-18,2598.60009765625,2627.199951171875,2572.5,2596.0,233128,2553.5200073242186,2489.5119970703126,0.002391681664119183,0.12056682774320869,64.44863721439172,30.04721860073596,27.429960165223,100.5999984741211,-0.010621575804614869,5618.259765625,0.011546341941147675
2024-09-19,2614.60009765625,2620.5,2575.300048828125,2585.10009765625,204475,2556.8750122070314,2494.21,0.00615716131713806,0.12163792808368812,63.315321183413815,31.32697620120007,28.209363372418416,100.61000061035156,-0.0074973080362880085,5713.64013671875,0.021066017132810977
2024-09-20,2646.199951171875,2651.0,2608.699951171875,2611.199951171875,207209,2563.3500122070313,2498.6960009765626,0.012085922257843995,0.1164246482192866,79.24051760564652,34.49341874752599,29.466174447439933,100.72000122070312,-0.0038571791839996372,5702.5498046875,0.013602828445432147
2024-09-23,2652.5,2659.800048828125,2638.60009765625,2646.199951171875,170494,2568.660009765625,2503.332001953125,0.0023807909244859538,0.11121244368045413,81.66251608697831,37.083730406890936,30.989685639330133,100.91999816894533,0.0015878923116587895,5718.56982421875,0.015174616922467798
2024-09-24,2677.0,2689.39990234375,2647.10009765625,2653.300048828125,216553,2574.7500122070314,2508.29400390625,0.009236569274269524,0.11402121745865838,83.40700746895857,40.64498620375025,32.92074575221416,100.37000274658205,-0.005154095016475346,5732.93017578125,0.017454734211351797
2024-09-25,2684.699951171875,2694.89990234375,2673.39990234375,2682.800048828125,189943,2581.3400146484373,2512.632001953125,0.0028763358878876044,0.11337724350323024,82.6868952146935,43.58619427250733,35.05383545627279,100.91999816894533,0.0031809115276135724,5722.259765625,0.018511070035657218
2024-09-26,2694.89990234375,2708.699951171875,2677.5,2681.199951171875,217643,2589.1950073242188,2517.332001953125,0.003799289066706679,0.10892036440861291,90.87843618948943,46.207522120457725,37.28457278910978,100.55999755859376,-0.000496998821731931,5745.3701171875,0.005553373980422327
2024-09-27,2668.10009765625,2696.89990234375,2665.300048828125,2695.10009765625,196732,2594.585009765625,2521.566005859375,-0.009944638264371974,0.11580165525639737,79.82378873577237,45.59681140380417,38.94702051204866,100.41999816894533,-0.0029785846715829623,5738.169921875,0.006246349160899944
2024-09-30,2659.39990234375,2687.699951171875,2646.199951171875,2680.5,173252,2601.175,2526.772001953125,-0.0032608204317906564,0.10392487375928375,75.80995416273853,43.90467988971659,39.93855238758225,100.77999877929688,-0.0013872313930692881,5762.47998046875,0.007678520609127881
2024-10-01,2690.300048828125,2694.699951171875,2653.800048828125,2656.10009765625,202756,2609.540002441406,2532.68400390625,0.011619217725451048,0.10729802277799438,78.9432495420576,44.543566543931775,40.85955521885216,101.19000244140624,0.008169768580106096,5708.75,-0.004217769105822944
2024-10-02,2669.699951171875,2684.800048828125,2662.10009765625,2684.60009765625,128680,2616.725,2537.932001953125,-0.0076571747694920145,0.1139274202763814,68.72631329411077,42.89318714039382,41.26628160316049,101.68000030517578,0.007530738704118578,5709.5400390625,-0.0022228502520823534
2024-10-03,2679.199951171875,2683.39990234375,2657.800048828125,2679.89990234375,138551,2623.529992675781,2543.202001953125,0.003558452325636896,0.1130079457645375,65.76159863020779,41.86917835254644,41.38686095303768,101.98999786376952,0.014220369330682603,5699.93994140625,-0.007907267043657296
2024-10-04,2667.800048828125,2690.60009765625,2651.60009765625,2675.699951171875,192656,2630.689990234375,2549.4880029296874,-0.004254965120749521,0.10996363530990458,62.97930992927566,39.68035671239522,41.04556010490919,102.5199966430664,0.02091215407700031,5751.06982421875,0.002248086501337898
2024-10-07,2666.0,2679.199951171875,2657.300048828125,2671.699951171875,130705,2637.3549926757814,2555.1880029296876,-0.0006747315372888085,0.11062727103805778,67.34213711440313,37.36967652698604,40.31038338932457,102.54000091552734,0.017463803905026776,5695.93994140625,-0.011547118478160368
2024-10-08,2635.39990234375,2672.39990234375,2623.39990234375,2662.800048828125,233849,2641.9699829101564,2560.34,-0.011477906097618118,0.12112841491404647,57.776794061379775,32.6924158675256,38.786789884964776,102.5500030517578,0.013440068954826412,5751.1298828125,0.00742367117363707
2024-10-09,2626.0,2642.89990234375,2622.800048828125,2640.699951171875,143000,2646.1499877929687,2564.76,-0.0035667840525418493,0.1224370056902397,52.47823963994565,27.90548250442953,36.61052840885773,102.93000030517578,0.01229346967199385,5792.0400390625,0.014449500211149546
2024-10-10,2639.300048828125,2648.89990234375,2618.800048828125,2625.800048828125,195581,2649.0849853515624,2569.0160009765623,0.005064755837062007,0.11272175545251875,48.37035994851948,24.897997496789685,34.268022226444124,102.98999786376952,0.00980488303701832,5780.0498046875,0.014054510065852677
2024-10-11,2676.300048828125,2679.0,2645.300048828125,2647.39990234375,168597,2652.364990234375,2572.9260009765626,0.014018868380057281,0.11590045270072669,54.90924802920017,25.209534912493382,32.45632476365398,102.88999938964844,0.003609078801184884,5815.02978515625,0.011121402259480995
2024-10-14,2665.60009765625,2684.199951171875,2660.0,2673.10009765625,123361,2655.2,2576.842001953125,-0.003998038701437889,0.11722858352167866,47.50658410459381,24.312771427752523,30.82761409647369,103.3000030517578,0.0074117625262803966,5859.85009765625,0.02877666512219812
2024-10-15,2678.89990234375,2685.89990234375,2654.39990234375,2663.5,160564,2659.525,2581.532001953125,0.004989422344032102,0.11457199522351921,48.761731418152934,24.394063414177253,29.540903960014408,103.26000213623048,0.006923442840994776,5815.259765625,0.011150831944198414
2024-10-16,2691.300048828125,2702.5,2674.89990234375,2679.5,156877,2664.1599975585937,2586.7260009765623,0.004628820387624799,0.11503389564007062,49.238610134308246,25.168944166806796,28.666512001372887,103.58999633789062,0.006412086182435051,5842.47021484375,0.008706807176942943
2024-10-17,2707.5,2712.699951171875,2688.199951171875,2690.39990234375,181816,2668.8049926757812,2592.2280029296876,0.0060193775788504045,0.11496536317198028,58.724502042431546,26.781522694208434,28.28951413994,103.83000183105467,0.008156170353516012,5841.47021484375,0.010626276975405968
2024-10-18,2730.0,2737.800048828125,2707.300048828125,2707.800048828125,178959,2672.9949951171875,2597.562001953125,0.008310249307479145,0.11119209840106513,64.73290252108717,29.534608176427355,28.53853294723747,103.48999786376952,0.0058314557068746,5864.669921875,0.008536523208438895
2024-10-21,2738.89990234375,2755.39990234375,2728.5,2736.300048828125,210450,2677.314990234375,2602.872001953125,0.0032600374885531913,0.11131946026016333,61.16725327026363,32.06497096995872,29.243820551781724,104.01000213623048,0.006873175832501577,5853.97998046875,-0.0010017521079332958
2024-10-22,2759.800048828125,2763.300048828125,2733.5,2734.699951171875,173695,2681.4549926757813,2607.9880029296874,0.007630854441409207,0.11000183116709635,70.67465306021839,35.34928432011202,30.464913305447787,104.08000183105467,0.007941116384467817,5851.2001953125,0.0061803653037049155
2024-10-23,2729.39990234375,2772.60009765625,2722.10009765625,2762.60009765625,214515,2683.689990234375,2612.42,-0.01101534384611802,0.11849933766507276,60.51087539936102,35.094540537916146,31.39083875194146,104.43000030517578,0.008108929404198717,5797.419921875,-0.007710829719643653
2024-10-24,2748.89990234375,2756.300048828125,2728.699951171875,2729.199951171875,175872,2686.389990234375,2617.8039990234374,0.0071444276022927244,0.12018557354188997,66.42361389217672,36.05057272522163,32.322785546597494,104.05999755859376,0.0022151182074843234,5809.85986328125,-0.005411369124535659
2024-10-25,2754.60009765625,2760.89990234375,2729.10009765625,2748.60009765625,153487,2690.714990234375,2623.0480029296873,0.0020736278202200253,0.11300028366426199,67.66347570959371,36.843484489775165,33.226925335233034,104.26000213623048,0.0074403738366539685,5808.1201171875,-0.009642453103212434
2024-10-28,2755.89990234375,2758.300048828125,2736.89990234375,2749.199951171875,161907,2695.539990234375,2627.41,0.0004718669285628252,0.11163013256130548,77.20090293453724,37.14853100984101,34.01124647015463,104.31999969482422,0.002980459111881384,5823.52001953125,-0.005203290930123949
2024-10-29,2781.10009765625,2787.699951171875,2752.0,2754.300048828125,207424,2700.0799926757813,2632.2060009765623,0.009144089482737927,0.10906082064862614,82.68013193659965,38.97445447915379,35.003888071954464,104.27999877929688,0.00192156941510091,5832.919921875,-0.0031241921020143115
2024-10-30,2800.800048828125,2801.800048828125,2782.39990234375,2786.89990234375,191549,2706.6349975585936,2637.21,0.007083510294533024,0.1047842390948833,83.13497549579441,41.53237404883157,36.30958526732989,103.98999786376952,-0.004213372020687944,5813.669921875,0.002802971014517208
2024-10-31,2749.300048828125,2801.199951171875,2741.800048828125,2799.10009765625,242571,2710.140002441406,2641.2460009765623,-0.01838760322128241,0.12800713711448483,64.13631773431621,38.95487657152671,36.83864352816926,103.9800033569336,-0.0007687315350466406,5705.4501953125,-0.017971116416873878
2024-11-01,2749.199951171875,2772.39990234375,2742.60009765625,2754.0,180660,2714.209997558594,2645.8960009765624,-3.6408414677224776e-05,0.12643513919740032,66.88201496591797,36.48355450053032,36.76762572264147,104.27999877929688,0.00019179592035944992,5728.7998046875,-0.013656796157722972
2024-11-04,2746.199951171875,2757.5,2739.39990234375,2743.5,145248,2718.2199951171874,2649.8939990234376,-0.0010912265580105274,0.1265402468358851,64.18034060266486,33.89225026256372,36.192550630625924,103.88999938964844,-0.004121935452776948,5712.68994140625,-0.0190314582509018
2024-11-05,2749.699951171875,2759.5,2733.39990234375,2746.0,151434,2723.9349975585938,2653.7839990234374,0.0012744884066093753,0.11690548780602213,62.78454519800583,31.7549919534722,35.30503889519518,103.41999816894533,-0.00824703318391573,5782.759765625,-0.008599493379274126
2024-11-06,2676.300048828125,2758.800048828125,2660.699951171875,2752.60009765625,361313,2726.45,2656.252001953125,-0.02669378610290485,0.1546408372066312,44.537830211340385,23.863358710056218,33.01670285816739,105.08999633789062,0.010577925730531845,5929.0400390625,0.019844628046975732
2024-11-07,2705.800048828125,2718.300048828125,2650.300048828125,2667.699951171875,292924,2729.775,2659.612001953125,0.011022680365348814,0.1581274922780961,45.86467482859696,19.761784417236868,30.36571916998129,104.51000213623048,0.005097122159897882,5973.10009765625,0.04691126785466415
2024-11-08,2694.800048828125,2717.800048828125,2687.300048828125,2713.60009765625,233110,2730.7,2662.302001953125,-0.0040653410457155426,0.15172361310051102,42.51785073726714,15.4456018867686,27.381695713338754,105.0,0.006904499703984213,5995.5400390625,0.04656127696358747
2024-11-11,2617.699951171875,2693.39990234375,2617.10009765625,2692.10009765625,281919,2728.3049926757812,2664.1039990234376,-0.028610693283079858,0.18307559682851177,29.75207474076177,5.737524001296151,23.052861370930234,105.54000091552734,0.015882197859010683,6001.35009765625,0.05052963826336132
2024-11-12,2606.300048828125,2633.39990234375,2595.699951171875,2625.699951171875,282766,2724.675,2665.77,-0.004354930876873997,0.18213000685403224,31.455287859985887,-2.843298734131622,17.873629349917863,106.0199966430664,0.025140190680275953,5983.990234375,0.03479834489168865
2024-11-13,2586.5,2625.0,2578.10009765625,2604.699951171875,262752,2719.4349975585938,2666.98,-0.007596995149130148,0.18201322860278335,25.55692250707729,-11.113254359469465,12.076252608040397,106.4800033569336,0.013226825268636944,5985.3798828125,0.009502355082579017
2024-11-14,2572.89990234375,2585.800048828125,2541.5,2578.10009765625,266162,2712.7049926757813,2667.57599609375,-0.00525810850811903,0.17987768790391026,23.28724740676931,-18.550825624156005,5.950836961601118,106.66999816894533,0.02066784028861912,5949.169921875,-0.004006324252064708
2024-11-15,2570.10009765625,2580.800048828125,2558.89990234375,2570.39990234375,179892,2704.709997558594,2668.48599609375,-0.001088190288689228,0.17543573207290994,22.804486011232186,-24.389923420571904,-0.11731511483348633,106.69000244140624,0.01609526134672601,5870.6201171875,-0.02083547454626511
2024-11-18,2614.60009765625,2619.5,2568.5,2571.5,195294,2698.495007324219,2670.1239990234376,0.017314500723369042,0.18863580258108983,26.9326620873657,-25.13690974630481,-5.121234041127751,106.27999877929688,0.007011539296477798,5893.6201171875,-0.01795095748718656
2024-11-19,2631.0,2643.39990234375,2614.199951171875,2616.300048828125,202241,2692.0550048828127,2671.8819970703125,0.006272432391649874,0.187751435083514,26.25837270921788,-24.127440615154683,-8.922475355933138,106.20999908447266,0.0017921377798748583,5916.97998046875,-0.011198255893084541
2024-11-20,2651.699951171875,2659.0,2621.89990234375,2635.800048828125,182012,2688.1700073242187,2674.067998046875,0.007867712342027655,0.1881165233826534,35.067295595604875,-21.410311252363954,-11.420042535219302,106.68000030517578,0.0018782582826539773,5917.10986328125,-0.011406129747469018
2024-11-21,2674.89990234375,2676.5,2651.60009765625,2653.5,186297,2684.470007324219,2675.953994140625,0.008749086095363845,0.18916377921848707,39.38266341703711,-17.18680568943182,-12.573395166061808,106.97000122070312,0.0028124407697340814,5948.7099609375,-7.731514539677242e-05
2024-11-22,2712.199951171875,2718.5,2670.10009765625,2672.0,220554,2682.35,2677.983994140625,0.013944465284642105,0.19651813879994348,45.57521786485452,-10.706427855381662,-12.20000170392578,107.48999786376952,0.0074983166562643255,5969.33984375,0.016815894163118683
2024-11-25,2618.5,2723.199951171875,2616.60009765625,2716.89990234375,305339,2675.4800048828124,2678.17599609375,-0.034547582353354755,0.2301763703379737,36.17200192883583,-12.981838160302232,-12.35636899520107,106.81999969482422,0.005080927001596125,5987.3701171875,0.015907031355244294
2024-11-26,2621.300048828125,2642.699951171875,2605.300048828125,2626.199951171875,177858,2667.4900024414064,2678.7539990234377,0.0010693331403952566,0.22653631856816184,43.18969457618183,-14.39326013758,-12.763747223676857,107.01000213623048,0.007532276232500079,6021.6298828125,0.017686370866419443
2024-11-27,2639.89990234375,2657.89990234375,2627.199951171875,2633.5,61653,2659.4449951171873,2679.5799951171875,0.007095659851660274,0.226543393259137,41.613616211100734,-13.851300322091902,-12.981257843359867,106.08000183105467,-0.005624282643463707,5998.740234375,0.013795649055007297
2024-11-29,2657.0,2664.300048828125,2620.699951171875,2636.39990234375,180756,2654.8299926757813,2680.4279931640626,0.00647755531983174,0.22106074642360807,45.26314887753372,-11.90472800037469,-12.765951874762832,105.73999786376952,-0.011498582246398548,6032.3798828125,0.014065221270564976
2024-12-02,2658.5,2678.5,2644.5,2673.800048828125,163543,2650.2949951171877,2680.673994140625,0.0005645464809935774,0.22112786569336823,56.30799195256087,-10.12431118990844,-12.237623737791955,106.4499969482422,-0.009675327343902196,6047.14990234375,0.0130349520433517
2024-12-03,2667.89990234375,2678.39990234375,2656.60009765625,2662.0,140965,2646.379992675781,2680.9819921875,0.0035357917411134032,0.22187297020013239,59.58306145377009,-7.864171209102551,-11.362933232054075,106.37000274658205,-0.0042126656948865415,6049.8798828125,0.010440270837033694
2024-12-04,2676.199951171875,2682.0,2654.199951171875,2665.800048828125,171792,2642.7049926757813,2680.9659912109373,0.00311107955018608,0.2222567030514112,64.47241853895186,-5.341673924927363,-10.158681370628733,106.33999633789062,-0.0062611511537669085,6086.490234375,0.010771228525291887
2024-12-05,2648.39990234375,2680.0,2646.300048828125,2674.199951171875,156116,2641.3099853515623,2680.239990234375,-0.010387881823236578,0.20432069243105594,61.64765365586149,-5.522152324755098,-9.231375561454005,105.70999908447266,-0.003487959466396795,6075.10986328125,0.012730944485414453
2024-12-06,2659.60009765625,2667.89990234375,2635.60009765625,2655.0,167166,2638.9999877929686,2679.533994140625,0.004229042337068556,0.20065398846134433,63.45864661654135,-4.70715939570573,-8.32653232830435,105.97000122070312,0.0021751783769650146,6090.27001953125,0.009596566834872311
2024-12-09,2685.800048828125,2700.0,2649.699951171875,2665.0,182150,2638.5499877929688,2679.8879931640627,0.0098510867084729,0.20369312037906817,61.33035681678495,-1.9249647350675332,-7.046218809656986,106.1500015258789,-0.0028181815966529244,6052.85009765625,0.0009426251051409817
2024-12-10,2718.39990234375,2721.699951171875,2680.699951171875,2684.39990234375,181509,2643.5849853515624,2681.0679931640625,0.012137855731237046,0.17771371738031572,63.2263813826462,2.8773124417225517,-5.061512559381079,106.4000015258789,0.00028202292490608905,6034.91015625,-0.0024743840956295005
2024-12-11,2756.699951171875,2759.699951171875,2719.10009765625,2721.199951171875,264985,2651.10498046875,2682.3959912109376,0.014089188568283673,0.18106385171185685,65.08620689655172,9.662264980292093,-2.116757051446445,106.70999908447266,0.003479431628024221,6084.18994140625,-0.000377934224844112
2024-12-12,2709.39990234375,2761.300048828125,2696.699951171875,2753.60009765625,219468,2657.2499755859376,2683.189990234375,-0.01715821441068255,0.19128784497011508,54.63584936114038,11.094776436126722,0.5255496460681885,106.95999908447266,0.011824803810670081,6051.25,-0.0039274784848686295
2024-12-13,2675.800048828125,2716.39990234375,2663.300048828125,2704.89990234375,178685,2662.394982910156,2683.1219921875,-0.012401216035536011,0.1966818879477411,45.05972964268248,9.410348077643448,2.3025093323832406,107.0,0.009719720368330576,6051.08984375,-0.006433241162641545
2024-12-16,2670.0,2683.39990234375,2661.39990234375,2668.0,115996,2667.3899780273437,2683.1659912109376,-0.002167594260514827,0.19694646009343159,59.18003565062389,7.520716858039577,3.346150837514508,106.86000061035156,0.006688639418432452,6074.080078125,0.0035074353612309928
2024-12-17,2662.0,2675.800048828125,2646.10009765625,2670.199951171875,147053,2669.759973144531,2683.0859912109377,-0.002996254681647992,0.18901123290585192,57.1228488148026,5.316353744583012,3.740191418928209,106.95999908447266,0.005263134873710884,6050.60986328125,0.002601481484358237
2024-12-18,2653.300048828125,2667.60009765625,2598.10009765625,2663.300048828125,156334,2670.8749755859376,2683.443994140625,-0.0032682010412753426,0.1884924606166514,52.42932271790964,2.8346902004482217,3.559091175232212,108.02999877929688,0.012369971944047098,5872.16015625,-0.03484930404839448
2024-12-19,2608.10009765625,2640.89990234375,2596.699951171875,2600.60009765625,191587,2668.6949829101563,2683.08599609375,-0.017035371175543546,0.1961369352930976,41.95460380759881,-2.747631361521144,2.297746667881541,108.41000366210938,0.013556512621990313,5867.080078125,-0.030435021173311316
2024-12-20,2645.10009765625,2653.800048828125,2603.699951171875,2609.699951171875,153567,2667.2049926757813,2683.2019970703127,0.014186572069549763,0.20053209968096553,48.02594192702826,-4.138366131024213,1.01052410810039,107.62000274658205,0.005794418192355488,5930.85009765625,-0.019870758689518042
2024-12-23,2628.199951171875,2646.800048828125,2623.199951171875,2639.10009765625,105131,2663.004992675781,2682.2399951171874,-0.006389227575678391,0.19401179609513058,44.277899335844886,-6.5289721100893985,-0.49737513553756785,108.04000091552734,0.011042488287815733,5974.06982421875,-0.016465086501974757
2024-12-24,2635.5,2635.800048828125,2624.199951171875,2629.39990234375,53366,2663.8549926757814,2681.6379931640627,0.0027775850253972667,0.1499143120167273,44.116806311657136,-7.745209684490874,-1.9469420453282291,108.26000213623048,0.012154104926002551,6040.0400390625,-0.0017469022887913743
2024-12-26,2653.89990234375,2655.699951171875,2634.10009765625,2638.0,79265,2665.4849853515625,2681.1379931640627,0.006981560365680206,0.1517399741735424,50.81723625557207,-7.142039395594566,-2.9859615153814967,108.12999725341795,0.0009256546815794575,6037.58984375,0.02817186232972979
2024-12-27,2631.89990234375,2654.60009765625,2625.199951171875,2653.699951171875,93897,2665.0849853515624,2679.949990234375,-0.00828968718095624,0.15291088048277174,46.01206292968915,-8.343065073574962,-4.05738222702019,108.0,-0.0037819725879474353,5970.83984375,0.01768507745647807
2024-12-30,2618.10009765625,2640.699951171875,2608.39990234375,2636.10009765625,110915,2663.139990234375,2678.1619921875,-0.00524328629489712,0.15187267557140988,39.89250219974645,-10.289801063319828,-5.303865994280118,108.12999725341795,0.004738844952799415,5906.93994140625,-0.004031488885454904
2024-12-31,2641.0,2642.0,2614.300048828125,2620.0,86292,2662.264990234375,2676.3819921875,0.008746763488626907,0.15550544337839955,38.099635290213804,-9.870986041386459,-6.217290003701386,108.48999786376952,0.004165095746287539,5881.6298828125,-0.015473528787946278
2025-01-02,2669.0,2674.199951171875,2636.10009765625,2641.0,144517,2662.3199951171873,2674.983994140625,0.010602044680045442,0.15977224693871683,36.07493706530091,-7.1967465109100885,-6.4131813051431275,109.38999938964844,0.010437809265845033,5868.5498046875,-0.028392234698102703
2025-01-03,2654.699951171875,2681.0,2649.699951171875,2671.10009765625,121173,2661.2449951171875,2672.8819921875,-0.005357830209113845,0.16046004738913602,40.297974903456506,-6.160275030178127,-6.362600050150127,108.9499969482422,0.007583461718790874,5942.47021484375,-0.01575456951662857
2025-01-06,2647.39990234375,2663.800048828125,2624.60009765625,2652.800048828125,169923,2661.1949951171873,2671.2419921875,-0.0027498583502449936,0.15636394938034856,44.444412605534055,-5.860362237771824,-6.262152487674467,108.26000213623048,0.0024074271873193442,5975.3798828125,0.0007603685882233702
2025-01-07,2665.39990234375,2678.5,2643.5,2647.10009765625,161617,2661.4849853515625,2669.5719921875,0.00679912391930837,0.1575416394717681,49.14113125257543,-4.1227056370235005,-5.834263117544275,108.54000091552734,0.0037917661382020906,5909.02978515625,0.00035379465014551137
2025-01-08,2672.39990234375,2687.0,2658.39990234375,2662.89990234375,197370,2660.814978027344,2667.92798828125,0.0026262475637688354,0.15368465020172226,51.949008612643354,-2.1559068115134323,-5.098591856338106,109.08999633789062,0.005530449681403038,5918.25,0.006226185244078808
2025-01-09,2690.800048828125,2696.800048828125,2673.699951171875,2679.89990234375,156645,2659.4349853515623,2666.6259912109376,0.006885251892217781,0.14915353806983778,56.78119349005424,0.8774191310048991,-3.903389658869505,109.18000030517578,-0.0019197283631443574,5918.25,0.008468905771712443
2025-01-10,2715.0,2735.0,2686.89990234375,2692.89990234375,298408,2657.349987792969,2665.3039892578126,0.008993589539443514,0.14354882086275597,70.91974605552838,5.1744379073038544,-2.087824145634833,109.6500015258789,0.006425007776450498,5827.0400390625,-0.019424611585417084
2025-01-13,2678.60009765625,2723.800048828125,2675.199951171875,2716.800048828125,211094,2655.8099975585938,2662.859990234375,-0.013406962189226546,0.13837681393415768,56.57120691141399,5.578384192853719,-0.5545824779371227,109.95999908447266,0.015702908873980626,5836.22021484375,-0.023288840324449778
2025-01-14,2682.300048828125,2693.699951171875,2672.0,2682.0,179414,2656.1349975585936,2661.519990234375,0.0013813003199367735,0.1311619324801031,61.19159355233626,6.1264477956096925,0.7816235767722404,109.2699966430664,0.006725591684002108,5842.91015625,-0.011189591406756016
2025-01-15,2717.800048828125,2722.699951171875,2685.39990234375,2693.300048828125,193720,2658.525,2660.8919921875,0.013234910097216668,0.13872342735674445,65.24641590434814,9.317934119186702,2.488885685255133,109.08999633789062,0.0,5949.91015625,0.005349580745997562
2025-01-16,2750.89990234375,2757.89990234375,2720.39990234375,2722.300048828125,186543,2662.9699951171874,2660.9859912109373,0.012178914166219634,0.14341464380717492,67.04148509075935,14.352643238686142,4.861637195941335,108.95999908447266,-0.002015032241144743,5937.33984375,0.003225589278925467
2025-01-17,2748.699951171875,2759.199951171875,2729.199951171875,2746.800048828125,156868,2667.739990234375,2660.9659912109373,-0.0007997205459931989,0.14254948334800657,72.05442648524505,17.95815834437053,7.480941425627174,109.3499984741211,-0.002736005905909722,5996.66015625,0.029109138782370536
2025-01-21,2759.199951171875,2762.0,2715.60009765625,2739.60009765625,294121,2675.2949829101562,2662.6239892578124,0.0038199876983748826,0.12400514800413592,76.9789646747325,21.415947577093448,10.267942655920429,108.05999755859376,-0.017279024569828216,6049.240234375,0.036499654175052854
2025-01-22,2770.89990234375,2774.39990234375,2756.199951171875,2758.699951171875,158141,2681.5849731445314,2663.925986328125,0.0042403419030598855,0.11675811768938846,75.9488621067704,24.814314760861635,13.177217076908672,108.16999816894533,-0.010066793336822921,6086.3701171875,0.041667585916425054
2025-01-23,2765.0,2767.10009765625,2741.0,2765.89990234375,194742,2688.4249755859373,2665.3299853515623,-0.0021292369091931995,0.11346097314852648,71.0342075476139,26.723421458490975,15.886457953225134,108.0500030517578,-0.009533351554175451,6118.7099609375,0.028370143456735386
2025-01-24,2778.89990234375,2794.800048828125,2761.0,2761.800048828125,199562,2695.594970703125,2668.553984375,0.005027089455244216,0.11379746808519424,77.26079692026403,29.023444027263395,18.513855168032787,107.44000244140624,-0.01395004272979139,6101.240234375,0.027605020924906576
2025-01-27,2738.39990234375,2778.10009765625,2732.0,2778.10009765625,215514,2699.819970703125,2671.1959814453126,-0.014574112570892472,0.12784019798140678,67.43298280535876,27.263935281688646,20.26387119076396,107.33999633789062,-0.018381364099480657,6012.27978515625,0.0026047213781108525
2025-01-28,2767.5,2774.0,2737.39990234375,2742.39990234375,171359,2706.5999755859375,2674.8159814453124,0.010626679336112943,0.12605426625265892,68.76152962710404,27.89607798315683,21.790312549242536,107.87000274658205,-0.0017582344651516646,6067.7001953125,0.0030516164381437783
2025-01-29,2769.800048828125,2778.10009765625,2761.0,2771.60009765625,125692,2714.1849731445313,2678.753984375,0.0008310926208221492,0.1228806345377037,68.21246652648802,28.256922137454694,23.08363446688497,108.0,-0.001571583357890205,6039.31005859375,-0.007732040228847659
2025-01-30,2823.0,2829.5,2770.0,2772.5,40141,2723.2849731445312,2683.811982421875,0.019207145004702886,0.13459153792038647,71.87296262993725,32.46148933601489,24.959205440710956,107.8000030517578,-0.002313743571855764,6071.169921875,-0.007769618002160694
2025-01-31,2812.5,2838.0,2804.0,2829.0,165676,2730.4599731445314,2687.76998046875,-0.0037194473963868546,0.13398680030420007,66.89777556626335,34.54812757607169,26.876989867783102,108.37000274658205,0.008655996686923073,6040.52978515625,-0.00995050954996024
2025-02-03,2857.10009765625,2872.0,2802.199951171875,2846.5,181344,2740.57998046875,2692.291982421875,0.015857812499999957,0.1382532290417761,80.08091949029114,39.347089798539855,29.371009853934453,108.98999786376952,0.01537173078229781,5994.56982421875,-0.00294563153584837
2025-02-04,2875.800048828125,2877.10009765625,2837.39990234375,2850.39990234375,145862,2751.9999877929686,2696.773984375,0.0065450808626603685,0.13641185172266856,81.03949019441977,44.15029459853167,32.3268668028539,107.95999908447266,0.0008343036580988894,6037.8798828125,-0.004914598866146536
2025-02-05,2893.0,2906.0,2870.10009765625,2873.699951171875,167383,2763.379992675781,2701.135986328125,0.005980927352332355,0.13623439633112838,79.85687717648625,48.78242785897692,35.6179790140785,107.58000183105467,-0.003888871934678906,6061.47998046875,0.003670936193026275
2025-02-06,2876.699951171875,2894.199951171875,2855.0,2885.0,167701,2773.5949951171874,2704.425986328125,-0.005634306542732448,0.14053955280868954,72.74044024774196,50.555378195155754,38.60545885029395,107.69000244140624,-0.001020413796266273,6083.56982421875,0.0020424238661269634
2025-02-07,2887.60009765625,2910.60009765625,2876.10009765625,2880.199951171875,192551,2783.4349975585938,2709.80798828125,0.003789114843185004,0.1400456779936803,74.34281856153018,52.237839537694526,41.33193498777407,108.04000091552734,-0.0030451400082216473,6025.990234375,-0.002406999269663257
2025-02-10,2934.39990234375,2938.10009765625,2879.89990234375,2884.800048828125,167232,2794.404992675781,2716.0699853515625,0.016207162731946667,0.14596493394222332,77.23881078561544,56.69402199438264,44.404352389095784,108.31999969482422,-0.006147336288443217,6066.43994140625,0.011989203444947139
2025-02-11,2932.60009765625,2968.5,2907.0,2937.0,218478,2807.1049926757814,2721.9239892578125,-0.0006133467650617508,0.13222482258575574,75.93845801983517,59.395673152107975,47.40261654169822,107.95999908447266,0.0,6068.5,0.0050713359294647375
2025-02-12,2928.699951171875,2936.5,2886.5,2927.0,204625,2819.4249877929688,2727.35798828125,-0.0013299278300822337,0.13343746617376612,76.42879835021769,60.52435484499529,50.02696420235764,107.94000244140624,0.003346352521139684,6051.97021484375,-0.0015688850999495685
2025-02-13,2945.39990234375,2958.800048828125,2925.800048828125,2928.800048828125,169496,2830.80498046875,2733.095986328125,0.005702172107181047,0.12947049308434974,76.64,62.051103218148455,52.43179200551581,107.30999755859376,-0.00352869230381192,6115.06982421875,0.0051778809005524895
2025-02-14,2900.699951171875,2964.10009765625,2889.89990234375,2957.300048828125,228078,2838.2949829101562,2737.7519873046876,-0.015176190892213226,0.1424793632097791,75.62363022595538,58.974330445874784,53.74029969358761,106.56999969482422,-0.013606083008574466,6114.6298828125,0.014709557266100237
2025-02-18,2949.0,2956.5,2887.60009765625,2895.10009765625,218757,2848.3099853515623,2743.20798828125,0.016651170283438654,0.1500690621399455,77.01697719076117,59.744676693819656,54.94117509363402,107.0500030517578,-0.011724488983054338,6129.580078125,0.010408103818483339
2025-02-19,2936.10009765625,2964.39990234375,2933.699951171875,2954.10009765625,159341,2857.154992675781,2748.9619921875,-0.004374331076212323,0.15268087142497275,73.99713795117607,58.63832126870466,55.68060432864815,107.16999816894533,-0.007317533551562949,6144.14990234375,0.012465996925723033
2025-02-20,2956.10009765625,2973.39990234375,2939.300048828125,2949.5,172197,2866.415002441406,2754.8919921875,0.006811756866179408,0.15319511243680065,71.24165027632404,58.698717203230444,56.28422690356461,106.33999633789062,-0.014823106052681001,6117.52001953125,0.010831151238438919
2025-02-21,2953.199951171875,2964.699951171875,2930.10009765625,2955.699951171875,163686,2875.825,2760.239990234375,-0.0009810718137299723,0.15271042696864617,73.01275329494061,57.84575398847028,56.59653232054575,106.61000061035156,-0.006523128917787835,6013.1298828125,-0.01667028248843805
2025-02-24,2963.199951171875,2974.0,2936.800048828125,2950.39990234375,162775,2885.040002441406,2765.1359912109374,0.0033861574445821496,0.1525812622302477,69.56840849224396,57.31598789156715,56.74042343475003,106.5999984741211,0.0002814936603432461,5983.25,-0.021486154571970673
2025-02-25,2918.800048828125,2970.39990234375,2897.0,2968.5,234850,2894.060009765625,2768.3779931640624,-0.01498376858645356,0.15322189759825133,57.24394007692738,52.705882780912816,55.93351530398259,106.30999755859376,-0.006912708753555541,5955.25,-0.028440786465477874
2025-02-26,2930.60009765625,2942.0,2903.300048828125,2929.0,163371,2902.2150146484373,2772.8019970703126,0.0040427739587241,0.150774440774885,56.451631821738744,49.43465466306134,54.63374317579834,106.41999816894533,-0.006998227235365695,5956.06005859375,-0.030612834442442782
2025-02-27,2895.89990234375,2935.800048828125,2879.0,2931.39990234375,207650,2908.5200073242186,2777.203994140625,-0.01184064497242443,0.15954605311745007,53.098765033204856,43.54026201402576,52.415046943443826,107.23999786376952,0.008463433861885639,5861.56982421875,-0.04183888152312287
2025-02-28,2848.5,2896.10009765625,2844.10009765625,2889.0,210560,2909.7950073242187,2780.773994140625,-0.01636793533691816,0.15944970242095646,44.35458854914258,34.64477400215719,48.860992355186504,107.61000061035156,0.009379983062329122,5954.5,-0.009750310396601236
2025-03-03,2901.10009765625,2906.39990234375,2866.300048828125,2872.0,177018,2914.2250122070313,2785.55599609375,0.018465893507547904,0.17071627496698907,45.27125881117902,31.476581509571588,45.38411018606352,106.75,0.0014071437901128636,5849.72021484375,-0.022317266561860172
2025-03-04,2920.60009765625,2939.800048828125,2892.5,2904.199951171875,188515,2917.400012207031,2790.9019970703125,0.006721588136773926,0.1635300221110635,48.377502637482486,30.19122748820564,42.34553364649195,105.73999786376952,-0.0053616753636936965,5778.14990234375,-0.029738482457705384
2025-03-05,2926.0,2941.300048828125,2903.39990234375,2929.0,183016,2919.910009765625,2797.2599951171874,0.0018489016514391388,0.1623203195489634,49.63641922746894,29.27088560728407,39.73060403865038,105.73999786376952,-0.006389779335424173,5842.6298828125,-0.019044498320258896
2025-03-06,2926.60009765625,2935.89990234375,2897.60009765625,2929.5,166364,2921.5900146484373,2802.8899951171875,0.00020509147513680936,0.16122069745825757,47.353632552065434,28.26411972321739,37.43730717556378,104.05999755859376,-0.029653117945931062,5738.52001953125,-0.020992636508241236
2025-03-07,2914.10009765625,2938.800048828125,2905.300048828125,2919.199951171875,237577,2923.4600219726562,2808.607998046875,-0.0042711677656303015,0.1605899768413229,52.074324513287515,26.156093805805995,35.18106450161223,103.83999633789062,-0.035033958285270006,5770.2001953125,-0.03095134850743131
2025-03-10,2899.39990234375,2926.39990234375,2885.199951171875,2919.60009765625,221609,2924.050012207031,2813.88599609375,-0.005044505960630219,0.1613916160983857,41.43054065180566,23.033766252355235,32.75160485176083,103.91000366210938,-0.026604181151200224,5614.56005859375,-0.04020023994537003
2025-03-11,2920.89990234375,2929.0,2882.5,2893.199951171875,194119,2923.3750122070314,2819.22599609375,0.007415327558857987,0.15264480127384805,47.44963583781879,22.040104878542024,30.609304857117074,103.44000244140624,-0.02175142300765398,5572.06982421875,-0.035665408756773376
2025-03-12,2946.800048828125,2948.89990234375,2911.0,2922.300048828125,209823,2924.085009765625,2825.5239990234377,0.008867180441066269,0.15596669299533517,48.46988657406106,23.076534520278983,29.102750789749457,103.61000061035156,-0.02014372324994884,5599.2998046875,-0.04164735453135815
2025-03-13,2991.300048828125,3001.5,2942.199951171875,2943.300048828125,256564,2927.2150146484373,2832.987998046875,0.015101126395629327,0.16438497613840247,55.51375453125773,27.175429145339876,28.717286460867545,103.83000183105467,-0.0022102223038165114,5521.52001953125,-0.037814628033261743
2025-03-14,3001.10009765625,3017.10009765625,2988.60009765625,3001.39990234375,181492,2930.0000244140624,2840.19,0.003276183822470191,0.16371008788701372,55.48799414006848,30.85889259975056,29.14560768864415,103.72000122070312,-0.0011555770552711397,5638.93994140625,-0.022747954917210822
2025-03-17,3006.10009765625,3010.89990234375,2991.39990234375,2994.800048828125,142155,2935.2700317382814,2846.932001953125,0.0016660557253338482,0.1521634348065558,64.26934744594638,33.79198912272432,30.07488397546019,103.37000274658205,-0.005196813554961266,5675.1201171875,0.010786251809891345
2025-03-18,3040.800048828125,3047.5,3008.199951171875,3009.39990234375,177098,2939.8600341796873,2854.65400390625,0.011543178884471983,0.14654086128405655,66.75787274264962,38.472992598904966,31.754505700149146,103.23999786376952,-0.00193353222076742,5614.66015625,0.007643538823963292
2025-03-19,3041.199951171875,3061.60009765625,3031.300048828125,3041.39990234375,145404,2945.115026855469,2862.5300048828126,0.00013151221301255234,0.14497939730609546,74.66891822995292,41.73390784442927,33.75038612900517,103.43000030517578,-0.0017372869811352887,5675.2900390625,0.013571381605854471
2025-03-20,3043.800048828125,3065.199951171875,3032.800048828125,3058.0,141231,2949.5000244140624,2870.0980078125,0.0008549578120464751,0.14378508089752315,89.1068692662008,44.020571079519414,35.80442311910802,103.8499984741211,0.00019259022164863637,5662.89013671875,0.025603478152290027
2025-03-21,3021.39990234375,3055.0,3004.10009765625,3052.60009765625,190470,2952.910021972656,2877.0780078125,-0.007359270032536891,0.1469925837497194,77.40308361714386,43.52355114723741,37.34824872473391,104.08999633789062,0.003567249448832799,5667.56005859375,0.005075442811040665
2025-03-24,3015.60009765625,3038.39990234375,3007.699951171875,3027.60009765625,202822,2955.530029296875,2883.5740087890626,-0.0019195753210294875,0.1471442638565165,73.08062797909267,42.17549069932738,38.3136971196526,104.26000213623048,0.008609841985109723,5767.56982421875,0.016290352472233982
2025-03-25,3025.89990234375,3042.39990234375,3010.800048828125,3017.5,172592,2960.8850219726564,2889.7920068359376,0.0034155074790935824,0.13474431748230697,73.70664682953507,41.460322452254786,38.94302218617304,104.18000030517578,0.009105021899038057,5776.64990234375,0.028851211219512507
2025-03-26,3022.5,3036.10009765625,3017.800048828125,3025.800048828125,172002,2965.480017089844,2896.6700048828125,-0.0011236004010299894,0.1348708140112239,72.45899352312647,40.15630586143152,39.185678921224735,104.5500030517578,0.010828606238783678,5712.2001953125,0.0065036599003664985
2025-03-27,3061.0,3071.300048828125,3022.300048828125,3025.60009765625,124359,2973.7350219726563,2904.24400390625,0.012737799834574126,0.13058455366453092,80.66803806758872,41.7482437932772,39.698191895635226,104.06999969482422,0.0021184518433858823,5693.31005859375,0.005371801525470898
2025-03-28,3086.5,3094.89990234375,3066.800048828125,3069.699951171875,31206,2985.6350219726564,2911.6180029296875,0.008330610911466918,0.11034075505503256,87.3751984924329,44.5539131838309,40.669336153274365,104.04000091552734,-0.0004803095794237988,5580.93994140625,-0.015283493477260546
2025-03-31,3122.800048828125,3132.5,3086.0,3091.0,228393,2996.72001953125,2919.056005859375,0.011760910036651584,0.10087778983850924,88.08001849244232,49.140080696236964,42.36348506186689,104.20999908447266,-0.0004795995658286589,5611.85009765625,-0.026999192260943827
2025-04-01,3146.0,3177.0,3130.5,3157.300048828125,197314,3007.9900146484374,2927.0020068359377,0.007429214425874298,0.10118896684047232,87.9573572115085,54.023939317146414,44.6955759129228,104.26000213623048,0.0007679192822072078,5633.06982421875,-0.02485525011075118
2025-04-02,3166.199951171875,3201.60009765625,3135.699951171875,3147.5,223124,3020.0000122070314,2935.1420068359375,0.00642083635469648,0.10135500405187235,86.72830518345953,58.846058964707936,47.52567252327983,103.80999755859376,-0.007078005466893078,5670.97021484375,-0.007217880861840942
2025-04-03,3121.699951171875,3196.60009765625,3073.5,3196.60009765625,382860,3029.7550048828125,2942.1580078125,-0.014054703015054293,0.11941425039910232,72.10411433102408,58.40360502516569,49.701259023657,102.06999969482422,-0.01921783420644585,5396.52001953125,-0.05212961107124514
2025-04-04,3035.39990234375,3160.199951171875,3032.699951171875,3138.0,341150,3035.8199951171873,2947.566005859375,-0.027645209398080794,0.16066285950498238,54.13722634984197,50.50705055034405,49.86241732899442,103.0199966430664,-0.009803962547915601,5074.080078125,-0.09081980250687571
2025-04-07,2973.60009765625,3084.39990234375,2970.39990234375,3055.10009765625,328515,3039.5300048828126,2951.460009765625,-0.020359691202395447,0.17795069506004066,41.18572326121611,38.81481347334284,47.6528965578641,103.26000213623048,-0.009116178453011048,5062.25,-0.09793563407650296
2025-04-08,2990.199951171875,3037.89990234375,2988.60009765625,2997.5,197577,3042.995007324219,2956.4960107421875,0.005582409527329801,0.17723610585994135,43.58328193307564,30.53609965103169,44.22953717649762,102.95999908447266,-0.012468856945343165,4982.77001953125,-0.11544323521281574
2025-04-09,3079.39990234375,3118.5,2983.300048828125,2998.300048828125,298325,3049.625,2962.7340087890625,0.029830764707529767,0.20296643944086715,53.677676383041074,30.817603733860324,41.547150487970164,102.9000015258789,-0.008765976824161137,5456.89990234375,-0.03774844592547344
2025-04-10,3177.5,3195.0,3086.10009765625,3099.10009765625,234973,3058.9349975585938,2970.8880078125,0.03185688795456065,0.22456861119986957,63.94499870884892,38.51260641824001,40.940241674024136,100.87000274658205,-0.011756607738120928,5268.0498046875,-0.02380612216368816
2025-04-11,3244.60009765625,3263.0,3193.39990234375,3194.199951171875,247317,3071.109997558594,2979.320009765625,0.021117261260818143,0.23348705342146736,68.43801771809716,49.45527891654956,42.64324912252923,99.77999877929688,-0.03145018413265099,5363.35986328125,0.05701127705953479
2025-04-14,3226.300048828125,3261.60009765625,3208.699951171875,3246.0,189619,3082.1199951171875,2987.5960107421874,-0.005640155420492121,0.2358881670632753,65.93006552209047,56.00517194840495,45.31563368770438,99.63999938964844,-0.03505716319670604,5405.97021484375,0.06789870410267174
2025-04-15,3240.39990234375,3250.89990234375,3225.5,3226.10009765625,123474,3092.099987792969,2995.2620068359374,0.004370285869953916,0.23407008404693144,67.03142114563337,61.623393584884525,48.577185667140405,100.22000122070312,-0.02661225610075546,5396.6298828125,0.08305819085749899
2025-04-16,3346.39990234375,3358.39990234375,3245.199951171875,3248.39990234375,258376,3107.3599853515625,3004.67400390625,0.03271201184870143,0.2558057948013961,70.17816887550964,73.77871374355209,53.61749128242275,99.37999725341795,-0.03420800991509887,5275.7001953125,-0.033205613127230804
2025-04-17,3328.39990234375,3371.89990234375,3296.39990234375,3357.5,242065,3121.589978027344,3013.382001953125,-0.005378914811524194,0.2580654440106933,67.28597996489844,81.02543222976146,59.09907947189049,99.37999725341795,-0.014771542109575098,5282.7001953125,0.002780989392310529
2025-04-21,3425.300048828125,3442.300048828125,3344.0,3347.0,243457,3141.7849853515627,3024.35400390625,0.02911313223394263,0.2679260700105991,69.89346821707616,93.50962013959315,65.98118760543103,98.27999877929688,-0.015033072943985926,5158.2001953125,-0.03825207951704279
2025-04-22,3419.39990234375,3509.89990234375,3379.10009765625,3435.10009765625,423078,3161.9749755859375,3034.99,-0.0017225196042004454,0.2678455436134634,68.39837835422274,101.75437539054155,73.13582516245314,98.91999816894533,-0.007226025944535586,5287.759765625,-0.021866648264943667
2025-04-23,3294.10009765625,3396.0,3270.800048828125,3367.699951171875,377411,3175.3849853515626,3042.18400390625,-0.036643799574778035,0.3085003390414851,57.54039432704717,97.05892143384199,77.92044441673092,99.83999633789062,-0.00379170702638143,5375.85986328125,-0.003848701871773663
2025-04-24,3348.60009765625,3377.0,3301.300048828125,3301.800048828125,239603,3191.689990234375,3050.50400390625,0.016544730999151103,0.3106457319797882,63.221080597716444,96.62164073917575,81.66068368121988,99.29000091552734,-0.0009055779872998437,5484.77001953125,0.03962882962995318
2025-04-25,3298.39990234375,3384.10009765625,3274.800048828125,3362.0,241249,3203.5599853515623,3057.8980029296877,-0.014991397553752672,0.3173821445156495,65.99756690997567,91.17336660031606,83.56322026503912,99.47000122070312,0.0009056547572210416,5525.2099609375,0.04590640328977713
2025-04-28,3347.699951171875,3363.800048828125,3278.0,3336.5,217995,3216.619982910156,3065.94400390625,0.014946656041644246,0.3194604373522,73.10684006727965,89.79853045387699,84.8102823028067,99.01000213623048,0.00742779167684926,5528.75,0.07183703436408617
2025-04-29,3333.60009765625,3359.300048828125,3309.199951171875,3354.89990234375,170152,3227.1599853515627,3074.6020068359376,-0.004211803244400514,0.31951916293848825,71.27633473333469,86.57325991107382,85.16287782446012,99.23999786376952,0.0032349342978925666,5560.830078125,0.05164196646662966
2025-04-30,3319.10009765625,3337.60009765625,3275.60009765625,3324.5,207722,3235.814990234375,3082.0040087890625,-0.004349651900416807,0.3203149189649518,66.36625013085506,81.90305353239819,84.51091296604774,99.47000122070312,-0.003705880716735166,5569.06005859375,0.03593847314215082
2025-05-01,3222.199951171875,3300.60009765625,3209.39990234375,3299.0,214691,3238.614990234375,3087.726005859375,-0.029194704478120448,0.3394617315408398,53.057032572438196,69.58076558417042,81.52488348967228,100.25,0.00966863808662266,5604.14013671875,0.02176392387692161
2025-05-02,3243.300048828125,3277.0,3229.5,3247.60009765625,210994,3244.6949951171873,3093.4700048828126,0.006548351429456201,0.3351173360227713,49.90511982341775,60.81680685561105,77.38326816286003,100.0,0.005328227332790814,5686.669921875,0.02922241183212959
2025-05-05,3322.300048828125,3346.699951171875,3243.10009765625,3247.10009765625,184904,3259.040002441406,3100.8520068359376,0.024357906703249554,0.32451906563643124,56.43603930603595,59.55938270240267,73.81849107076857,99.83000183105467,0.008281988457044198,5650.3798828125,0.02199952662220217
2025-05-06,3422.800048828125,3444.5,3332.10009765625,3345.699951171875,268098,3281.5,3110.0440087890624,0.03025012747883782,0.32235152342021905,60.95890712363948,65.91257594188437,72.23730804499174,99.23999786376952,0.0,5606.91015625,0.008286546698534902
2025-05-07,3391.89990234375,3448.199951171875,3367.0,3448.10009765625,304244,3301.584997558594,3119.506005859375,-0.009027739290512815,0.3274877511571502,53.00488474352839,67.67403957586566,71.32465435116652,99.61000061035156,0.0014074533822294732,5631.27978515625,0.011172392810971266
2025-05-08,3306.0,3422.0,3293.300048828125,3373.10009765625,327126,3312.915002441406,3127.01400390625,-0.02532501100176765,0.33388670445081836,48.64243096447031,61.43047568816337,69.34581861856589,100.63999938964844,0.0038902682259196464,5663.93994140625,0.010670647633467922
2025-05-09,3344.0,3352.699951171875,3278.89990234375,3310.199951171875,232464,3321.2400024414064,3135.976005859375,0.011494252873563315,0.31864070549334006,44.693903370579555,58.870071209898924,67.2506691368325,100.33999633789062,0.0033999633789063566,5659.91015625,-0.004705700522912859
2025-05-12,3228.0,3295.5,3211.199951171875,3281.0,308534,3320.4099975585937,3143.566005859375,-0.03468899521531099,0.33701718041558465,39.077844117833905,46.93961104932259,63.18845751933052,101.79000091552734,0.019633367209485053,5844.18994140625,0.034300359022459315
2025-05-13,3247.800048828125,3270.39990234375,3220.10009765625,3240.699951171875,214423,3321.484997558594,3150.5000048828124,0.006133844122715226,0.3370145652889498,46.99623573194153,38.636951159953696,58.27815624745516,101.0,0.017734806268804082,5886.5498046875,0.04987410902701672
2025-05-14,3188.300048828125,3261.300048828125,3170.699951171875,3254.10009765625,233929,3318.8800048828125,3155.85400390625,-0.018320093326394504,0.34316856743373897,39.66739989594837,26.94527231603297,52.011579461170726,101.04000091552734,0.01435599133032417,5892.580078125,0.04640158240006542
2025-05-15,3226.60009765625,3244.300048828125,3123.300048828125,3180.800048828125,253064,3312.8900146484375,3161.866005859375,0.012012686460360689,0.32385057926965727,45.29983129435395,20.533330993655,45.71592976766758,100.87999725341795,0.0023847164668624465,5916.93017578125,0.04466682856672155
2025-05-16,3187.199951171875,3255.800048828125,3156.39990234375,3243.5,245486,3305.8300170898438,3167.0780029296875,-0.012211041124369437,0.3258037638604775,39.35535768412707,12.132700540118549,38.99928392215777,101.08999633789062,0.007474586679018902,5958.3798828125,0.052734004307985805
2025-05-19,3233.5,3252.89990234375,3209.10009765625,3220.0,185135,3296.2400146484374,3173.4660009765626,0.014526872972340898,0.3111340580919763,43.63312409080124,9.106196808792447,33.020666499484705,100.43000030517578,-0.013360846823060601,5963.60009765625,0.020432285303387587
2025-05-20,3284.60009765625,3298.5,3207.39990234375,3233.0,224088,3289.5000244140624,3181.1700048828125,0.015803339309184983,0.3180031454542661,47.90324715367344,10.707591170687465,28.558051433725257,100.12000274658205,-0.00871284409324713,5940.4599609375,0.009158192496234507
2025-05-21,3313.5,3327.199951171875,3287.0,3293.0,229503,3290.47001953125,3189.0220068359376,0.008798606066038772,0.2918297060130198,56.048760809936944,14.145626357193123,25.675566418418832,99.55999755859376,-0.014647697382454639,5844.60986328125,-0.008140782850254324
2025-05-22,3295.0,3346.800048828125,3277.800048828125,3318.0,234658,3287.7900146484376,3195.986005859375,-0.005583220159951718,0.2861639247538948,53.43703813831252,15.202256473604393,23.580904429455945,99.95999908447266,-0.009119728330624355,5842.009765625,-0.01266204060729137
2025-05-23,3365.800048828125,3366.5,3285.5,3295.10009765625,247200,3291.160021972656,3203.476005859375,0.02148711648805013,0.29117102720796745,52.92377854267913,21.5047226368697,23.165668070938697,99.11000061035156,-0.019586465518516616,5802.81982421875,-0.026107777894873285
2025-05-27,3300.39990234375,3356.0,3283.0,3355.60009765625,297309,3288.79501953125,3209.462001953125,-0.0194307877876303,0.29514486893711067,41.36568469716838,20.980378485268375,22.728610153804635,99.5199966430664,-0.0090610739753475,5921.5400390625,-0.007052796616976331
2025-05-28,3294.89990234375,3324.5,3273.5,3300.89990234375,127758,3286.860009765625,3215.237998046875,-0.0016664647202583316,0.29486378226281335,42.903135458315354,19.89172846922429,22.161233816888565,99.87999725341795,-0.0023971782518981133,5888.5498046875,-0.00873840688959171
2025-05-29,3317.10009765625,3328.800048828125,3242.39990234375,3283.699951171875,24370,3286.760009765625,3220.7639990234375,0.00673774499088986,0.29552936422873494,50.89560153394367,20.58306693207578,21.84560043992601,99.27999877929688,-0.002812362255554479,5912.169921875,0.011559378670969345
2025-05-30,3288.89990234375,3318.0,3270.89990234375,3315.10009765625,184770,3290.095007324219,3225.717998046875,-0.008501460457109866,0.2768274710631494,45.482864547181634,18.640560780525902,21.204592508045987,99.33000183105467,-0.00630249358931656,5911.68994140625,0.011927432266761295
2025-06-02,3397.199951171875,3408.10009765625,3319.39990234375,3323.0,180995,3297.790002441406,3232.78599609375,0.032928958631713856,0.2986068502339105,64.04846317726924,25.54554634288843,22.072783275014476,98.6999969482422,-0.004136854601800244,5935.93994140625,0.02294059116430036
2025-06-03,3377.10009765625,3417.800048828125,3357.199951171875,3406.5,168220,3300.5300048828126,3239.9,-0.00591659419655044,0.2883610656195799,60.73028146442055,29.060910860952845,23.47040879220215,99.25,-0.0027129888683051773,5970.3701171875,0.008246178832344908
2025-06-04,3399.199951171875,3409.699951171875,3366.89990234375,3377.800048828125,167220,3299.35,3247.5719970703126,0.006544032713440284,0.2679997589853092,68.66038609691651,33.24688663719644,25.42570436120101,98.79000091552734,-0.010913059349862086,5970.81005859375,0.013969526731482773
2025-06-05,3375.10009765625,3427.699951171875,3362.300048828125,3398.0,224859,3298.510009765625,3254.5560009765627,-0.007089860514771007,0.2672413229702576,63.47793562385442,34.22511995195646,27.1855874793521,98.73999786376952,-0.005439171254703612,5939.2998046875,0.0045888198700310134
2025-06-06,3346.60009765625,3398.300048828125,3328.800048828125,3377.39990234375,185366,3300.5400146484376,3261.0380029296875,-0.008444194001769323,0.2524262250175261,64.75926614978201,32.32800793415299,28.21407157031228,99.19000244140624,-0.0014094370992416838,6000.35986328125,0.014999081946761805
2025-06-09,3354.89990234375,3359.0,3313.10009765625,3333.39990234375,142005,3301.085009765625,3266.9160009765624,0.0024800706523950833,0.2493373640860555,62.09162373941733,31.13534894445911,28.798327045141647,98.94000244140624,0.002431666672592536,6005.8798828125,0.011782454353755023
2025-06-10,3343.39990234375,3370.39990234375,3321.300048828125,3346.300048828125,158897,3306.8550048828124,3272.0539990234374,-0.003427822091492505,0.21327157580631306,56.35811171125508,28.928731799320758,28.82440799597747,99.0500030517578,-0.002015082601936502,6038.81005859375,0.011463266106271242
2025-06-11,3343.699951171875,3382.300048828125,3335.39990234375,3344.300048828125,201534,3311.65,3276.4719970703127,8.974362531821711e-05,0.21273723275310957,53.48086073911905,26.894164064497545,28.438359209681487,98.62999725341795,-0.001619634179841789,6022.240234375,0.008613601048525599
2025-06-12,3402.39990234375,3419.800048828125,3358.5,3377.5,230166,3322.3549926757814,3281.5999951171875,0.017555388350950052,0.20633317176401467,61.329103622758446,29.676260501757042,28.6859394680966,97.91999816894533,-0.008304635533368465,6045.259765625,0.017840480262315328
2025-06-13,3452.800048828125,3468.0,3399.60009765625,3406.699951171875,270627,3333.664990234375,3287.3319970703124,0.014813116603270782,0.20812698155801912,59.5899450253129,35.53829919065083,30.05641141260745,98.18000030517578,-0.010182499358512342,5976.97021484375,-0.003898040945949144
2025-06-16,3417.300048828125,3476.300048828125,3400.89990234375,3473.0,192505,3345.1699951171877,3293.2439990234375,-0.010281510512619607,0.20630294213757344,63.79515694550483,36.894160850717526,31.423961300229465,98.0,-0.009500731940682128,6033.10986328125,0.0045338869574591545
2025-06-17,3406.89990234375,3422.699951171875,3384.39990234375,3404.199951171875,209083,3353.839990234375,3300.6739990234373,-0.0030433811300654146,0.20333352190964943,63.06579263659283,36.70635803462892,32.48044064710936,98.81999969482422,-0.002322093385634605,5982.72021484375,-0.009288227847169872
2025-06-18,3408.10009765625,3419.0,3380.10009765625,3409.0,0,3360.014990234375,3309.3639990234374,0.00035228370275119936,0.19743109777267945,61.16290213413356,36.23665507789701,33.231683533266896,98.91000366210938,0.0028389578879535193,5980.8701171875,-0.006869556108266672
2025-06-20,3385.699951171875,3405.199951171875,3356.199951171875,3387.10009765625,280833,3363.6249877929686,3317.2739990234377,-0.006572619888652764,0.19786722221113048,62.0457985396528,33.66879457939194,33.31910574249191,98.70999908447266,0.008067819958128553,5967.83984375,-0.012806715488924203
2025-06-23,3395.0,3413.800048828125,3361.39990234375,3400.699951171875,193872,3368.6249877929686,3323.5860009765624,0.002746861494594688,0.196309964663591,49.636732031518974,32.01513233375408,33.058311060744344,98.41999816894533,0.0024444679468684782,6025.169921875,0.008064237447853895
2025-06-24,3333.89990234375,3385.0,3308.300048828125,3383.800048828125,227429,3367.02998046875,3326.7139990234373,-0.01799708325662741,0.19317962713039263,43.71725443578568,25.480601333012146,31.542769115197906,97.86000061035156,-0.0014285652004942806,6092.18017578125,0.009791022182359832
2025-06-25,3343.10009765625,3351.300048828125,3325.5,3338.10009765625,130010,3369.164990234375,3328.6839990234375,0.0027595895443748297,0.17978969523937186,41.52315716236686,20.80449602877752,29.39511449791383,97.68000030517578,-0.011536120149453377,6092.16015625,0.018292672476095007
2025-06-26,3348.0,3363.89990234375,3322.5,3347.5,155584,3371.8199951171873,3331.117998046875,0.0014656762288347558,0.1795857765779151,45.65286521931879,17.294667888736058,26.975025176078276,97.1500015258789,-0.01779397503859048,6141.02001953125,0.026777023945649736
2025-06-27,3287.60009765625,3341.39990234375,3266.5,3341.300048828125,218869,3370.3449951171874,3332.062001953125,-0.018040592097894215,0.19006229334204822,41.414450030837266,9.529486476510101,23.48591743616464,97.4000015258789,-0.013271173850105122,6173.06982421875,0.034389324419234146
2025-06-30,3307.699951171875,3321.60009765625,3250.5,3284.300048828125,144201,3371.2849975585937,3331.2880029296875,0.006113837729216032,0.18885474390264845,43.35961355232218,4.940463867306335,19.776826722392983,96.87999725341795,-0.01564723576690019,6204.9501953125,0.029838208012157308
2025-07-01,3349.800048828125,3370.5,3313.699951171875,3315.699951171875,168854,3368.915002441406,3331.716005859375,0.01272790708883198,0.15281090245441098,50.8290329456396,4.647186549285379,16.750898687771464,96.81999969482422,-0.010627436225637332,6198.009765625,0.017371382130893398
2025-07-02,3359.699951171875,3371.0,3337.199951171875,3350.0,132187,3368.0449951171877,3330.40400390625,0.002955371126468709,0.15200473783257426,52.02224169639221,5.154187281399118,14.431556406496995,96.77999877929688,-0.009213774806174135,6227.419921875,0.02220226687347271
2025-07-03,3342.89990234375,3376.89990234375,3321.39990234375,3369.0,0,3365.2299926757814,3328.87400390625,-0.005000461074586515,0.1507148825267708,41.588933417451365,4.152498064926931,12.375744738182982,97.18000030517578,0.00030878825348112926,6279.35009765625,0.022525586577644585
2025-07-04,3346.5,3355.0,3332.800048828125,3335.0,0,3363.7999877929688,3329.922001953125,0.0010769385148881039,0.1489664067133093,32.68168312696639,3.6075641834040653,10.622108627227199,97.18000030517578,-0.0022587393968845904,6279.35009765625,0.01721676191325927
2025-07-07,3342.800048828125,3352.89990234375,3304.39990234375,3344.5,235762,3363.6099853515625,3329.8060009765627,-0.0011056181598311232,0.14594666829894198,36.45949812391064,2.8443570410540815,9.066558309992576,97.4800033569336,0.006193291912944154,6229.97998046875,0.004033841427955265
2025-07-08,3316.89990234375,3355.60009765625,3295.39990234375,3348.89990234375,218029,3361.7099853515624,3330.1760009765626,-0.007748039399920081,0.14812556612440786,34.5148281945728,0.14787985053226294,7.282822618100513,97.51000213623048,0.007126651968406783,6225.52001953125,0.004438562529995638
2025-07-09,3321.0,3325.60009765625,3290.199951171875,3310.60009765625,167968,3360.589990234375,3329.642001953125,0.0012361234215578776,0.14783946647899532,35.16184791270511,-1.6393566520896456,5.498386764062482,97.47000122070312,0.00712959754194431,6263.259765625,0.0057551673405074055
2025-07-10,3325.699951171875,3339.39990234375,3319.199951171875,3322.199951171875,168190,3359.689990234375,3329.4839990234377,0.0014152216717480126,0.14796001515390395,39.12256412889336,-2.646006164341088,3.8695081783817677,97.6500015258789,0.004836398633743189,6280.4599609375,0.00017674811309920102
2025-07-11,3364.0,3381.60009765625,3332.300048828125,3333.10009765625,216883,3357.7699951171876,3330.3819970703125,0.011516387344152612,0.1396525319021336,44.9147030506335,-0.3492632128436526,3.0257539001366838,97.8499984741211,0.006894403857185649,6259.75,-0.0031213576805608767
2025-07-14,3359.10009765625,3389.300048828125,3348.5,3376.5,195336,3353.084997558594,3333.12,-0.0014565702567628236,0.12734270672569498,55.06842023596978,1.0632840774355827,2.6332599355964637,98.08000183105467,0.006155092875039347,6268.56005859375,0.0061926488120267464
2025-07-15,3336.699951171875,3375.39990234375,3327.300048828125,3352.0,179884,3349.0549926757812,3334.987998046875,-0.006668496273750324,0.12459563226084515,48.777665146927305,0.37095720266279386,2.1807993890097297,98.62000274658205,0.011383453861489867,6243.759765625,0.002929834943350418
2025-07-16,3359.10009765625,3385.800048828125,3326.10009765625,3330.5,235160,3346.665002441406,3335.7239990234375,0.006713263647367462,0.12742417787732013,51.98712603167444,1.6112147017774987,2.0668824515632838,98.38999938964844,0.009438782778530497,6263.7001953125,7.03195626527986e-05
2025-07-17,3345.300048828125,3358.199951171875,3314.300048828125,3354.699951171875,161740,3343.525,3334.1739990234373,-0.0041082576960875805,0.12792969500089782,62.39790335322896,1.4637064005296452,1.9462472413565561,98.7300033569336,0.011059926412479104,6297.35986328125,0.0026908701669721147
2025-07-18,3358.300048828125,3368.0,3337.199951171875,3347.5,115413,3342.1550048828126,3333.502001953125,0.003886049027068239,0.12716162602107625,61.21453152392702,2.368493840856445,2.030696561256534,98.4800033569336,0.006438476163892037,6296.7900390625,0.005917175456288115
2025-07-21,3406.39990234375,3416.89990234375,3351.0,3355.60009765625,191195,3342.725,3335.51,0.014322678979327375,0.13717604259193678,62.219294038276054,6.887406858417762,3.00203862068878,97.8499984741211,-0.0023450586525249895,6305.60009765625,0.005908859246186893
2025-07-22,3443.699951171875,3447.5,3394.89990234375,3410.699951171875,227372,3348.2150024414063,3337.5039990234377,0.01094999116294626,0.12409662025658717,66.21618564455832,13.32487927888269,5.066606752327562,97.38999938964844,-0.012472148881340739,6309.6201171875,0.010548187956412658
2025-07-23,3397.60009765625,3451.699951171875,3390.60009765625,3444.300048828125,263025,3350.9400024414062,3340.8960009765624,-0.013386721889036113,0.1349438017885927,59.48667008784989,14.539151358867457,6.9611156736355415,97.20999908447266,-0.011993091904622277,6358.91015625,0.015200274273783343
2025-07-24,3373.5,3401.10009765625,3355.199951171875,3398.60009765625,215271,3352.2150024414063,3343.41,-0.00709327082750999,0.1378097687486371,54.37175751040048,13.402300880763505,8.249352715061136,97.37999725341795,-0.013673716779235123,6363.35009765625,0.010479031817726803
2025-07-25,3335.60009765625,3376.60009765625,3325.5,3372.10009765625,196380,3354.6150024414064,3346.3560009765624,-0.01123459384726544,0.1274487978399612,48.95044518263912,9.335519255046165,8.466586023058142,97.6500015258789,-0.008428125535763886,6388.64013671875,0.01458681281834906
2025-07-28,3310.0,3345.39990234375,3300.0,3321.10009765625,180215,3354.7300048828124,3348.0239990234377,-0.0076748102010902874,0.12914700632947995,48.99330341241006,4.00073361838713,7.57341554212394,98.66000366210938,0.008278029643531415,6389.77001953125,0.013348439572989257
2025-07-29,3324.0,3332.300048828125,3305.800048828125,3313.39990234375,113144,3353.4400024414062,3350.76,0.004229607250755274,0.12138621898801985,50.42541111303445,0.8922749729313182,6.237187428285416,98.91000366210938,0.015607395851596095,6370.85986328125,0.009705773874869594
2025-07-30,3295.800048828125,3331.800048828125,3263.89990234375,3325.800048828125,19252,3350.245007324219,3352.0060009765625,-0.008483739823067049,0.12400698993136636,46.02500736770906,-3.8028642299300373,4.229177096642325,99.94000244140624,0.028083565298270274,6362.89990234375,0.0006274260833563083
2025-07-31,3293.199951171875,3312.0,3272.89990234375,3272.89990234375,158029,3347.760009765625,3352.177998046875,-0.0007889124393861691,0.12307137097425093,39.60046733831607,-7.645469808967391,1.854247715520382,100.02999877929688,0.02721299651490705,6339.39013671875,-0.0037653060997421273
2025-08-01,3399.800048828125,3416.89990234375,3331.39990234375,3342.699951171875,229954,3350.425012207031,3353.9039990234373,0.03236976170193273,0.1702254970543926,54.60302190747624,-2.065218870575791,1.0703543983011474,98.69000244140624,0.010650290827201925,6238.009765625,-0.023577845655760266
2025-08-04,3426.39990234375,3439.5,3397.89990234375,3416.60009765625,138229,3354.6050048828124,3356.5319970703126,0.007823946447907737,0.17181235552606375,60.04928762694573,4.452233499730937,1.7467302185871056,98.77999877929688,0.0012162488620865997,6329.93994140625,-0.009363416514541312
2025-08-05,3434.699951171875,3444.89990234375,3403.300048828125,3428.89990234375,154163,3360.495007324219,3357.9099951171875,0.0024223818190187707,0.16847615948744643,58.74593499034904,10.169874055351556,3.431358985939996,98.77999877929688,-0.0013143754726429036,6299.18994140625,-0.011249646580373418
2025-08-06,3433.39990234375,3440.5,3411.699951171875,3434.89990234375,151580,3366.1150024414064,3360.5699951171873,-0.000378504337091079,0.1686451730012708,60.495575859567644,14.429903369843942,5.631067862720785,98.18000030517578,-0.017610587284729418,6345.06005859375,-0.00280372849232291
2025-08-07,3453.699951171875,3483.800048828125,3430.0,3431.800048828125,249091,3372.515002441406,3363.74599609375,0.005912520942948474,0.16929213153358516,61.17094875219555,19.222466945893757,8.349347679355379,98.4000015258789,-0.01629508420783199,6340.0,9.620220054262774e-05
2025-08-08,3491.300048828125,3534.10009765625,3445.0,3487.89990234375,321346,3378.8800048828125,3367.2299951171876,0.010886903375463053,0.1688341606079719,60.19208844157481,25.757702985794367,11.831018740643177,98.18000030517578,-0.005167718346478445,6389.4501953125,0.024277042739179855
2025-08-11,3404.699951171875,3466.300048828125,3393.0,3458.10009765625,224513,3381.1599975585937,3369.54599609375,-0.02480454170225721,0.193545755096503,45.81365656175999,23.676097187089454,14.200034429932433,98.5199966430664,-0.002632133422185934,6373.4501953125,0.006873723022494227
2025-08-12,3399.0,3410.800048828125,3379.10009765625,3393.60009765625,193820,3384.275,3369.5819970703124,-0.001674141995952727,0.19181273762747686,50.1645393815569,21.32069942012413,15.624167427970772,98.0999984741211,-0.006883987786789669,6445.759765625,0.02326804328526566
2025-08-13,3408.300048828125,3422.60009765625,3392.699951171875,3399.60009765625,135846,3386.734997558594,3370.20599609375,0.0027361132180421244,0.19075665887414284,54.23770334381999,19.97421561269266,16.49417706491515,97.83999633789062,-0.003463067490612315,6466.580078125,0.01915191005428918
2025-08-14,3383.199951171875,3423.800048828125,3375.5,3407.199951171875,165697,3388.629992675781,3369.88599609375,-0.007364403748689963,0.1922114977435343,55.98287949301303,16.689364775458216,16.533214607023762,98.25,-0.0015244057271630584,6468.5400390625,0.02027445411080442
2025-08-15,3382.60009765625,3394.800048828125,3377.699951171875,3383.199951171875,118486,3389.8449951171874,3370.03599609375,-0.0001773035954960589,0.1918401524715868,59.737129909167706,13.877719938481277,16.002115673315267,97.8499984741211,-0.0033611919945908397,6449.7998046875,0.009445195991867106
2025-08-18,3378.0,3403.60009765625,3368.0,3382.39990234375,119141,3388.425,3370.663994140625,-0.0013599294990375155,0.1847214521900342,57.42982140265826,11.149754285211657,15.031643395694545,98.16999816894533,-0.0035525627897563528,6449.14990234375,0.011877351310743078
2025-08-19,3358.699951171875,3389.699951171875,3358.10009765625,3378.300048828125,133497,3384.175,3370.7399951171874,-0.005713454360013359,0.18062076514633824,58.871624218165685,7.345791496102265,13.494473015776089,98.2699966430664,0.0017329069479052883,6411.3701171875,-0.005335235827574336
2025-08-20,3388.5,3394.300048828125,3353.39990234375,3359.0,135521,3383.7199951171874,3371.6419970703123,0.008872495090765042,0.17794329678780646,62.48361790788931,6.658977918318669,12.127373996284605,98.22000122070312,0.0038839421201546376,6395.77978515625,-0.01094864551484509
2025-08-21,3381.60009765625,3394.39990234375,3367.39990234375,3392.199951171875,123500,3384.125,3372.4,-0.0020362704275490584,0.17619461611407547,46.77306109657138,5.494570763934462,10.800813349814579,98.62000274658205,0.0037659312629216846,6370.169921875,-0.015207468237571131
2025-08-22,3418.5,3423.39990234375,3362.800048828125,3383.300048828125,186037,3388.2699951171876,3372.722001953125,0.010911965128379553,0.1746993303600656,48.64866670787179,7.463251718674201,10.133301023586505,97.72000122070312,-0.0013285360801753576,6466.91015625,0.0026528500233549135
2025-08-25,3417.5,3421.5,3405.5,3417.60009765625,97780,3393.6449951171876,3372.0160009765623,-0.00029252596167905764,0.17161551349820972,46.98246729160903,8.840842190693365,9.874809257007877,98.43000030517578,0.0026484887550166647,6439.31982421875,-0.0015242440125988743
2025-08-26,3433.0,3443.300048828125,3396.10009765625,3410.800048828125,176297,3399.0949951171874,3372.33,0.004535479151426491,0.17167980671037741,49.933171443398905,11.055867863179628,10.111020978242227,98.2300033569336,-0.0004069735168311661,6465.93994140625,0.008511413819716873
2025-08-27,3448.60009765625,3452.5,3422.199951171875,3443.0,153806,3406.734997558594,3373.16400390625,0.004544158944436383,0.16764125837157892,49.13415122447407,13.909746275874113,10.870766037768604,98.2300033569336,0.00010183400637497897,6481.39990234375,0.013386970793805686
2025-08-28,3474.300048828125,3478.699951171875,3442.5,3452.60009765625,156602,3415.790002441406,3374.4880029296874,0.0074522851139919855,0.1681649000478792,46.992216184461746,18.037313829150662,12.304075596045017,97.80999755859376,-0.008213396526358885,6501.85986328125,0.020672908732627393
2025-08-29,3516.10009765625,3518.5,3463.0,3477.199951171875,0,3421.6050048828124,3377.096005859375,0.012031214414605307,0.13229686438955493,73.42307056566078,24.400086447446483,14.723277766325312,97.7699966430664,0.000511619133634289,6460.259765625,-0.0010283722000641315
2025-09-02,3592.199951171875,3602.39990234375,3506.0,3517.89990234375,374141,3429.8950073242186,3381.0400048828124,0.02164325571002701,0.14882067379622452,81.34328062630556,35.177744631717815,18.814171139403815,98.4000015258789,-0.0003047727238023601,6415.5400390625,-0.0036929032577032173
2025-09-03,3635.5,3640.10009765625,3592.39990234375,3600.0,220786,3439.935009765625,3387.0720068359374,0.012053908305966976,0.15270978984986466,83.19695844400638,46.67502779221695,24.386342469966444,98.13999938964844,-0.000916257398038689,6448.259765625,-0.0027343550885819967
2025-09-04,3606.699951171875,3621.60009765625,3573.699951171875,3619.800048828125,232579,3448.6000122070313,3392.34400390625,-0.007921894877767843,0.1571339204067981,82.30703427286446,52.85352178304538,30.079778332582233,98.3499984741211,0.0012215729724804891,6502.080078125,0.0031906958516434436
2025-09-05,3653.300048828125,3655.5,3595.39990234375,3602.0,237651,3458.5800170898438,3398.4500048828127,0.01292042539915439,0.16106532481964467,84.53685251208087,60.8092895742725,36.22568058092029,97.7699966430664,-0.0004089655099254186,6481.5,-0.0031313906650358714
2025-09-08,3677.39990234375,3685.699951171875,3621.699951171875,3635.0,227640,3467.885009765625,3406.2460009765623,0.006596735333402437,0.1589362044131825,86.3879403760265,68.27195305782743,42.63493507630172,97.4499969482422,-0.0032729846150291175,6495.14990234375,0.005400732785452389
2025-09-09,3682.199951171875,3715.199951171875,3663.699951171875,3676.60009765625,262656,3481.760009765625,3413.7360009765625,0.0013052833402931174,0.12180758731637721,90.7533483996452,73.7236511003739,48.852678281116155,97.79000091552734,-0.006199193098499478,6512.60986328125,0.015130421387399728
2025-09-10,3682.0,3697.5,3651.39990234375,3662.0,182028,3495.910009765625,3420.38,-5.4302095086167235e-05,0.12094772729078421,89.95373755367375,77.13881840660315,54.50990630621355,97.77999877929688,-0.003668235302531797,6532.0400390625,0.012992695158486667
2025-09-11,3673.60009765625,3687.5,3651.0,3680.60009765625,214612,3509.175012207031,3426.6580029296874,-0.0022813422986828202,0.12295657457321528,89.58787345988756,78.26536675407169,59.26099839578518,97.54000091552734,-0.008235867525782314,6587.47021484375,0.013132741475459397
2025-09-12,3686.39990234375,3695.5,3667.300048828125,3672.800048828125,154559,3524.335009765625,3433.5280029296873,0.0034842672983557144,0.11572911936022358,88.85989701747303,79.27714413238346,63.26422754310484,97.5500030517578,-0.002250113520119612,6584.2900390625,0.015858989286816394
2025-09-15,3719.0,3724.89990234375,3662.800048828125,3680.199951171875,189452,3541.1550048828126,3440.9780029296876,0.008843342697444134,0.11550330131254846,90.06114223875058,81.7669815593963,66.96477834636313,97.3000030517578,-0.001539188313818718,6615.27978515625,0.018495321065515657
2025-09-16,3725.10009765625,3739.89990234375,3711.800048828125,3720.300048828125,192295,3558.510009765625,3448.62400390625,0.0016402521259075709,0.11386854658472127,89.80651068456544,83.27250891143558,70.22632445937762,96.62999725341795,-0.01186219093209151,6606.759765625,0.01445655494805198
2025-09-17,3717.800048828125,3744.0,3679.5,3727.300048828125,256047,3576.4650146484373,3456.6420068359375,-0.001959691991288537,0.10992772852876634,87.53486630469934,82.9207385951322,72.76520728652855,96.87000274658205,-0.009306566210629863,6600.35009765625,0.010457691346845266
2025-09-18,3678.300048828125,3707.300048828125,3660.5,3692.5,224128,3590.9550170898438,3463.7880078125,-0.010624562774012136,0.12218922174162015,77.38991051234143,78.54917223796974,73.92200027681679,97.3499984741211,-0.001947943814054276,6631.9599609375,0.006753692182698501
2025-09-19,3705.800048828125,3719.60009765625,3664.39990234375,3677.699951171875,186954,3607.1650146484376,3471.390009765625,0.0074762797039249484,0.1204657099225352,76.48701881744805,76.42274079303706,74.42214838006085,97.63999938964844,0.0009225662232208443,6664.35986328125,0.012160737717160197
2025-09-22,3775.10009765625,3783.300048828125,3718.10009765625,3721.300048828125,219170,3624.99501953125,3479.61201171875,0.01870042849452691,0.12875250165776042,76.03189881335025,79.41402784904494,75.42052427385767,97.33000183105467,0.00030831221331939496,6693.75,0.011861964632218003
2025-09-23,3815.699951171875,3824.60009765625,3772.39990234375,3781.199951171875,291564,3644.9050170898436,3488.7440087890627,0.010754642914192258,0.12869585031217776,75.8462459686315,84.09136040586418,77.15469150025896,97.26000213623048,0.00651976509075447,6656.919921875,0.007592247641723393
2025-09-24,3768.10009765625,3812.60009765625,3749.699951171875,3796.89990234375,236560,3661.660021972656,3497.37201171875,-0.012474737040318429,0.1437683292947788,71.96520095769134,83.00049178211611,78.32385155663039,97.87000274658205,0.010323113158322794,6637.97021484375,0.0056997154137110595
2025-09-25,3771.10009765625,3792.300048828125,3751.89990234375,3768.300048828125,262183,3677.785021972656,3505.61201171875,0.0007961571938777112,0.14443846796074136,68.19027311667269,81.43926432154831,78.94693410961398,98.5500030517578,0.012326703610126,6604.72021484375,-0.0041073447750277214
2025-09-26,3809.0,3814.39990234375,3764.0,3781.5,214083,3694.52001953125,3514.8860107421874,0.010050091846489195,0.14542912384588907,69.49055834215596,82.31135166252443,79.61981762019607,98.1500015258789,0.005223291063278568,6643.7001953125,-0.0031000228667991125
2025-09-29,3855.199951171875,3863.699951171875,3785.5,3788.800048828125,258145,3711.4750122070313,3524.8240087890626,0.012129154941421527,0.14549546371316743,72.82324840148881,85.74205606403711,80.84426530896428,97.91000366210938,0.005959126889378608,6661.2099609375,-0.004861257002801156
2025-09-30,3873.199951171875,3899.199951171875,3820.60009765625,3863.10009765625,312257,3725.525012207031,3534.160009765625,0.0046690185276974105,0.1309564805613422,74.09276246530621,88.88870987076007,82.45315422132344,97.7699966430664,0.005243620148409844,6688.4599609375,0.004737932772611142
2025-10-01,3897.5,3922.699951171875,3880.300048828125,3887.699951171875,290470,3738.6250122070314,3543.2360107421873,0.0062738947470999396,0.12769428790525736,77.1262492472276,92.27952561022812,84.41842849910438,97.70999908447266,-0.0016348590744774683,6711.2001953125,0.01103198388944171
2025-10-02,3868.10009765625,3923.300048828125,3842.800048828125,3892.699951171875,284217,3751.69501953125,3552.6460107421876,-0.007543271929121187,0.1272507742052721,71.16238970161714,91.53923774780014,85.84259034884354,97.8499984741211,-0.007103039634296815,6715.35009765625,0.01675012403460574
2025-10-03,3908.89990234375,3916.800048828125,3861.10009765625,3880.39990234375,218284,3764.4750122070313,3563.3540087890624,0.010547763412901645,0.12519184608425973,71.7028702040962,93.17074321244718,87.30822092156427,97.72000122070312,-0.004381052455331935,6715.7900390625,0.010850857448513995
2025-10-06,3976.300048828125,3994.5,3909.199951171875,3913.5,278143,3779.42001953125,3576.1680078125,0.017242740455943206,0.1341609276324977,75.18045032923283,98.76386324518444,89.59934938628831,98.11000061035156,0.0020426610229979936,6740.27978515625,0.011870189452431124
2025-10-07,4004.39990234375,4014.60009765625,3963.39990234375,3983.0,297512,3795.5300170898436,3590.056005859375,0.0070668342857844735,0.13421403088803588,77.57892644714344,104.26200699008314,92.53188090704728,98.58000183105467,0.008284803270939944,6714.58984375,0.003906711405182284
2025-10-08,4070.5,4081.0,4005.60009765625,4007.10009765625,348778,3814.9550170898438,3604.986005859375,0.016506867263072822,0.13994322416015115,85.9026306155863,112.6544407116271,96.55639286796325,98.8499984741211,0.011667172247774582,6753.72021484375,0.006335680399006449
2025-10-09,3972.60009765625,4077.89990234375,3957.89990234375,4061.800048828125,461023,3829.9050170898436,3618.5220068359376,-0.024051075382324094,0.17262027219022116,71.63479755827449,110.13621918727677,99.27235813182597,99.54000091552734,0.01727135889381959,6735.10986328125,0.0029424773597279685
2025-10-10,4000.39990234375,4038.60009765625,3961.199951171875,3990.10009765625,357542,3845.605017089844,3632.666005859375,0.006997886523715691,0.17293768139666088,69.58791071172344,109.1257882337286,101.24304415220651,98.9800033569336,0.01289400450768241,6552.509765625,-0.024312891333376663
2025-10-13,4133.0,4137.2001953125,4011.300048828125,4018.300048828125,357542,3866.3050170898437,3647.3300048828123,0.033146710552253156,0.20093288027308484,73.78206796199294,117.66832689245803,104.52810070025681,99.2699966430664,0.011823422948714635,6654.72021484375,-0.012693771332893844
2025-10-14,4163.39990234375,4190.89990234375,4105.0,4130.89990234375,405991,3888.220007324219,3662.0700048828126,0.0073554082612508065,0.20055062433003504,80.41238352689794,125.44531290159193,108.71154314052384,99.0500030517578,0.004767713653613059,6644.31005859375,-0.01046672794491943
2025-10-15,4201.60009765625,4235.7998046875,4157.2998046875,4160.10009765625,309914,3912.410009765625,3677.4080078125,0.009175240478579871,0.19883215642027552,81.41878889645952,133.15612592055322,113.60045969652973,98.79000091552734,-0.0006069555844196994,6671.06005859375,-0.012239203523463194
2025-10-16,4304.60009765625,4346.7001953125,4214.5,4225.10009765625,375196,3943.7250122070313,3694.83201171875,0.024514470108056186,0.19849599272963456,83.03121109027609,145.89643667990367,120.05965509320451,98.38999938964844,-0.01155315968757964,6629.06982421875,-0.015744366642126084
2025-10-17,4213.2998046875,4392.0,4196.0,4348.10009765625,569847,3969.1,3710.0240087890625,-0.021209936091034498,0.22392495550059954,72.51350632024261,146.93230992485223,125.43418605953407,98.43000030517578,-0.005556708760399154,6664.009765625,0.017016380591287072
2025-10-20,4359.39990234375,4398.0,4229.7001953125,4269.0,338235,3998.314990234375,3727.386005859375,0.034675932031636325,0.24189785202381017,76.3266121964007,157.72415789361685,131.89218042635062,98.58999633789062,-0.006850008342609071,6735.1298828125,0.01208310272600066
2025-10-21,4109.10009765625,4393.60009765625,4093.0,4371.0,535325,4012.984997558594,3741.4740087890623,-0.0574161146704919,0.33298536406460444,59.20480753586174,144.41494714884675,134.39673377084983,98.93000030517578,-0.0012115370306380324,6735.35009765625,0.013701955245864594
2025-10-22,4065.39990234375,4175.0,4021.199951171875,4137.0,468711,4027.849987792969,3754.8020068359374,-0.01063497950254988,0.33184586000720323,58.47726095957718,128.8556929831575,133.28852561331138,98.9000015258789,0.0011134791915390352,6699.39990234375,0.004248176976535012
2025-10-23,4145.60009765625,4171.5,4079.60009765625,4114.7998046875,271973,4046.574987792969,3769.5480078125,0.0197275046093901,0.33618627180789595,59.83709085005784,121.59468956792307,130.94975840423373,98.94000244140624,0.005590030035264482,6738.43994140625,0.016498561651579813
2025-10-24,4137.7998046875,4159.0,4055.699951171875,4144.0,297599,4063.0149780273437,3784.6400048828127,-0.001881583554853683,0.3364585524513944,57.061637622099596,113.89792916739316,127.53939255686562,98.9499969482422,0.005282908071260861,6791.68994140625,0.01915966216614251
2025-10-27,4019.699951171875,4123.7998046875,3985.89990234375,4103.2001953125,330749,4071.2399780273436,3797.382001953125,-0.028541703100724125,0.35449894695594475,50.620188072287746,97.1486507478694,121.46124419506639,98.77999877929688,0.0019271979761015245,6875.16015625,0.020791027919869087
2025-10-28,3983.10009765625,4034.199951171875,3901.300048828125,3999.89990234375,338428,4076.7349853515625,3809.48400390625,-0.009105120770259267,0.35665926774740897,46.37043742114606,79.99924315015369,113.16884398608386,98.69000244140624,-0.002425936147065655,6890.89013671875,0.023093088971963605
2025-10-29,4000.699951171875,4046.199951171875,3930.0,3967.199951171875,288266,4081.894982910156,3822.32400390625,0.004418631991192301,0.3564004350231092,51.25032671204171,67.05540222840182,103.94615563454747,99.22000122070312,0.003235588370951392,6890.58984375,0.028538368240917045
2025-10-30,4015.89990234375,4041.5,3925.10009765625,3942.800048828125,246321,4089.2849731445312,3834.872001953125,0.0037993229578294763,0.3548330238943339,50.69750660724032,57.36258391050205,94.6294412897384,99.52999877929688,0.005963172865697475,6822.33984375,0.012450938655430122
2025-10-31,3996.5,4059.89990234375,3982.300048828125,4038.199951171875,237172,4093.6649780273438,3847.17,-0.004830773379692066,0.3541850503414631,43.160640015657876,47.56722026751231,85.21699708529319,99.8000030517578,0.008590259016988178,6840.2001953125,0.007142589594749005
2025-11-03,4014.0,4043.10009765625,3971.300048828125,4001.0,0,4095.5499755859373,3859.08,0.0043788314775428105,0.34943989499944433,42.41625237138504,40.74672487465659,76.32294264316587,99.87000274658205,0.011034662692399388,6851.97021484375,-0.0033730038107067095
2025-11-04,3960.5,4018.0,3937.10009765625,4013.699951171875,250259,4093.35498046875,3869.94,-0.013328350772296993,0.3520047784528688,37.948614063647874,30.670875494218308,67.19252921337636,100.22000122070312,0.01550307773277515,6771.5498046875,-0.017318565477532966
2025-11-05,3992.89990234375,4000.699951171875,3935.699951171875,3939.5,175161,4089.4749755859375,3881.137998046875,0.00818076059683115,0.3479447118746209,33.23652092986126,25.011773454411014,58.75637806158329,100.1999969482422,0.009876997737171989,6796.2900390625,-0.013685302249274556
2025-11-06,3991.0,4028.699951171875,3973.199951171875,3992.39990234375,188688,4090.394970703125,3891.98599609375,-0.0004758201783707783,0.33687570164865976,36.772589768114294,20.141410433357578,51.033384535938154,99.7300033569336,0.0020094904058043372,6720.31982421875,-0.014953816706259726
2025-11-07,4009.800048828125,4035.800048828125,3981.60009765625,3986.89990234375,208649,4090.8649780273436,3902.69599609375,0.004710611081965688,0.3363832846239328,25.483872845492485,17.59578620163211,44.34586486907695,99.5999984741211,-0.0020040538228538463,6728.7998046875,-0.016286130148842948
2025-11-10,4122.0,4124.0,4004.199951171875,4007.199951171875,253812,4090.314978027344,3914.813994140625,0.027981432940693773,0.330142212492335,51.1219259466874,24.351252937476602,40.34694248275688,99.62000274658205,-0.0025032541616561987,6832.43017578125,-0.0028517402221289734
2025-11-11,4116.2998046875,4155.0,4102.7998046875,4124.0,252249,4087.9599731445314,3925.2959912109377,-0.001382871254852036,0.3290415710494381,54.740166846888464,28.911773939919385,38.05990877418938,99.45999908447266,-0.00758333792629684,6846.60986328125,0.011084620324551153
2025-11-12,4213.60009765625,4218.5,4104.39990234375,4132.2001953125,296796,4088.5599731445313,3936.8579931640625,0.023637805209899332,0.3384712455902397,56.13718411552347,39.91719953261736,38.43136692587498,99.4800033569336,-0.007185565002367333,6850.919921875,0.008038191792655747
2025-11-13,4194.5,4250.0,4148.5,4202.39990234375,319216,4083.054968261719,3948.613994140625,-0.004532964024486885,0.3264708812572155,55.015055271763636,46.561132596681546,40.0573200600363,99.18000030517578,-0.00551492061811476,6737.490234375,0.0025549989591822087
2025-11-14,4094.199951171875,4215.10009765625,4032.60009765625,4174.89990234375,342176,4077.0999755859375,3957.4319921875,-0.02391227770368931,0.32881211218799633,56.80365296803654,43.23473856546616,40.69280376112227,99.2699966430664,-0.003313271446890975,6734.10986328125,0.0007891538978541668
2025-11-17,4074.5,4107.60009765625,4006.800048828125,4084.39990234375,235352,4062.85498046875,3965.373994140625,-0.004811672953646595,0.3002627895819724,58.61288027909143,38.56437974592609,40.26711895808304,99.58999633789062,-0.00030120867159333375,6672.41015625,-0.023420659328282523
2025-11-18,4066.5,4083.699951171875,3997.39990234375,4045.60009765625,233302,4060.7249755859375,3973.0599951171876,-0.0019634310958399626,0.221708546516671,56.3147809975272,33.8276099614327,38.979217158752974,99.5500030517578,0.0009049262830647109,6617.31982421875,-0.03348957274346753
2025-11-19,4082.800048828125,4134.2998046875,4055.60009765625,4067.800048828125,233696,4061.5949829101564,3981.07599609375,0.0040083730058095846,0.2188420864326304,56.40682845122545,31.031254510167855,37.38962462903595,100.2300033569336,0.007539203605663403,6642.16015625,-0.030471785979927946
2025-11-20,4060.0,4109.60009765625,4034.0,4079.89990234375,272355,4057.314978027344,3988.803994140625,-0.005584414753465383,0.20717847713055712,56.04185927663824,26.667937888156303,35.245287280860026,100.16000366210938,0.00988105821655716,6538.759765625,-0.029496216222484106
2025-11-21,4079.5,4101.0,4018.10009765625,4074.89990234375,257813,4054.3999877929687,3996.66599609375,0.004802955665024644,0.20814136664937075,56.20852505875569,24.501032410646985,33.09643630681742,100.18000030517578,0.009166955705472324,6602.990234375,-0.019470966700617653
2025-11-24,4094.199951171875,4138.2001953125,4036.39990234375,4069.199951171875,223055,4058.1249877929686,4004.1699951171877,0.0036033707983516017,0.18038940540558296,63.67913146563675,23.69674607689967,31.21649826083387,100.13999938964844,0.005522673681920276,6705.1201171875,0.004902270719503221
2025-11-25,4140.0,4156.2998046875,4106.7001953125,4133.5,132704,4065.9699829101564,4012.4679931640626,0.011186568651835316,0.17972233249537883,64.64846902952635,26.45012397177061,30.263223403021218,99.66000366210938,0.0011049784729226797,6765.8798828125,0.022450185655230825
2025-11-26,4165.2001953125,4171.0,4127.5,4128.60009765625,25088,4074.1949951171873,4021.41599609375,0.006087003698671545,0.18011795827373073,66.57783630616873,30.316174951691664,30.27381371275531,99.5999984741211,-0.006285591756082898,6812.60986328125,0.025661788186613244
2025-11-28,4254.89990234375,4263.10009765625,4174.60009765625,4198.60009765625,154806,4086.1449951171876,4032.9479931640626,0.02153550917725333,0.19291464640782308,70.55170490905228,40.15518098173925,32.2500871665521,99.45999908447266,-0.006988863339084883,6849.08984375,0.04746008253070255
2025-12-01,4274.7998046875,4299.60009765625,4241.10009765625,4258.5,227572,4100.059985351562,4044.32798828125,0.004676937836490147,0.1907591309699344,65.15869609656333,48.9936516368989,35.598800060621464,99.41000366210938,-0.007686131370740479,6812.6298828125,0.03174919862006176
2025-12-02,4220.7998046875,4269.2001953125,4194.0,4265.2998046875,215921,4110.399975585938,4053.241982421875,-0.012632170503233064,0.1990263454602568,59.46043314935493,51.052354838098836,38.68951101611694,99.36000061035156,-0.007789083124135732,6829.3701171875,0.018530615086447932
2025-12-03,4232.5,4273.2998046875,4225.10009765625,4241.60009765625,176443,4123.999975585937,4061.5779833984375,0.002772032755381071,0.18994601114861376,52.02484405766048,53.01685463789272,41.5549797404721,98.8499984741211,-0.008127685713664512,6849.72021484375,0.012391637670694067
2025-12-04,4243.0,4251.10009765625,4203.2998046875,4234.5,161251,4136.50498046875,4071.0759814453127,0.0024808033077377,0.18911679127805583,55.29360288811743,54.78941881564697,44.20186755550708,98.98999786376952,-0.0061245042138236006,6857.1201171875,0.006533509888207778
2025-12-05,4243.0,4290.5,4221.39990234375,4239.5,193599,4149.10498046875,4080.5139794921874,0.0,0.18900466080681383,70.7937435049937,55.55379908236955,46.472253860879576,98.98999786376952,-0.004725530112904552,6870.39990234375,0.003111370865312324
2025-12-08,4217.7001953125,4247.89990234375,4204.0,4228.10009765625,149813,4159.499987792969,4088.6879833984376,-0.0059627161648597715,0.19160256804283327,69.70283899210338,53.50136274553097,47.87807563780986,99.08999633789062,-0.0032190656114090554,6846.509765625,0.004973098993382052
2025-12-09,4236.2001953125,4251.7001953125,4197.7998046875,4219.60009765625,177366,4165.209997558593,4096.30798828125,0.004386276677645462,0.1668532443812314,72.69326553025999,52.75940991472544,48.85434249319298,99.22000122070312,-0.0014090115618804466,6840.509765625,0.001631138486617445
2025-12-10,4224.7001953125,4268.7998046875,4207.7998046875,4237.5,186178,4170.630017089844,4103.337993164063,-0.002714697009061351,0.16721652715522414,69.22246041725508,50.65948208529335,49.21537041161306,98.79000091552734,-0.0006069555844196994,6886.68017578125,0.00539583512585029
2025-12-11,4313.0,4317.2998046875,4231.2001953125,4258.2998046875,228282,4175.600012207031,4111.647993164062,0.020900845173693616,0.16259721813863104,79.10725119654855,55.480782512117,50.46845283171385,98.3499984741211,-0.006465293498937097,6901.0,0.006399170798031317
2025-12-12,4328.2998046875,4387.7998046875,4286.0,4309.10009765625,292175,4182.290002441407,4120.851987304687,0.003547369507883147,0.16133264574330922,78.90336238368702,59.846392251654834,52.34404071570205,98.4000015258789,-0.005960161133679032,6827.41015625,-0.006257240729041769
2025-12-15,4335.2001953125,4384.2998046875,4315.89990234375,4330.0,207700,4194.340014648437,4129.377993164063,0.0015942496907277448,0.130193514030186,78.51399996187106,63.1351901059752,54.502270593756684,98.1500015258789,-0.009486273556882585,6816.509765625,-0.00438179467012878
2025-12-16,4332.2998046875,4367.89990234375,4297.39990234375,4334.2998046875,212277,4207.230004882813,4136.49798828125,-0.0006690326846119365,0.12774832541285402,75.32258437860874,64.76102404333778,56.55402128367291,98.1500015258789,-0.010784112897198384,6800.259765625,-0.005884064401496025
2025-12-17,4373.89990234375,4383.60009765625,4330.7001953125,4333.5,212413,4222.6,4143.88798828125,0.009602312751125552,0.12826064042451632,76.34431400877452,68.6153345019602,58.96628392733037,98.37000274658205,-0.004251423879471639,6721.43017578125,-0.023995596685489118
2025-12-18,4364.5,4409.5,4338.0,4371.5,234460,4236.684997558594,4149.76798828125,-0.0021490894976158303,0.12990401881211236,67.35275427168389,70.10330251474716,61.193687644813735,98.43000030517578,0.0008134400843506917,6774.759765625,-0.018293034976815004
2025-12-19,4387.2998046875,4389.0,4336.2998046875,4363.60009765625,165214,4253.049987792969,4158.061982421875,0.0052239213397868856,0.12561365423240597,67.6498166073743,72.28897922331544,63.41274596051408,98.5999984741211,0.00203248927988664,6834.5,0.0010384382346664278
2025-12-22,4469.39990234375,4484.5,4367.89990234375,4369.89990234375,203043,4272.544982910156,4167.441982421875,0.01871312682313886,0.13617984905951822,85.84196765350646,79.72689350347991,66.67557546910726,98.29000091552734,0.0014263819406210576,6878.490234375,0.009092698592256365
2025-12-23,4505.7001953125,4530.7998046875,4457.7001953125,4481.7998046875,248418,4293.1199951171875,4174.895986328125,0.008121961283821255,0.13668087578996319,86.77973989913598,87.54150050107637,70.84876047550108,97.94000244140624,-0.0021395729109316974,6909.7900390625,0.016106777860335653
2025-12-24,4502.7998046875,4555.10009765625,4474.2998046875,4516.7001953125,151576,4311.259985351562,4181.683984375,-0.0006437158486526373,0.13583781321849833,85.70632858385319,92.43506171143235,75.16602072268734,97.9800033569336,-0.003964617045433605,6932.0498046875,0.03133553773498354
2025-12-26,4552.7001953125,4584.0,4518.0,4523.5,181246,4330.634985351562,4188.705986328125,0.011082080658583404,0.13787875621415913,87.43042277459104,99.19631533964366,79.97207964607861,98.0199966430664,-0.004165433920940598,6929.93994140625,0.022905635203277708
2025-12-29,4343.60009765625,4581.2998046875,4316.0,4568.0,316961,4335.069995117187,4189.485986328125,-0.045928808989342484,0.21415001681045862,60.5355308523531,86.682801812648,81.31422407939249,98.04000091552734,-0.005679488511764363,6905.740234375,0.010423620509912856
2025-12-30,4386.2998046875,4420.5,4338.7998046875,4350.2998046875,189751,4340.644995117187,4192.945986328125,0.009830487630362317,0.21605812320032086,62.07168461033392,79.29717323629666,80.91081391077333,98.23999786376952,-0.000508729792370266,6896.240234375,0.002580508134080839
2025-12-31,4341.10009765625,4384.89990234375,4284.2998046875,4353.0,161782,4346.660009765625,4192.579990234375,-0.010304746379384833,0.2142064904574874,58.88005387923808,69.00136597613437,78.52892432384554,98.27999877929688,0.0034714756934384194,6845.5,-0.00930419574242558
2026-01-02,4329.60009765625,4414.7998046875,4319.7001953125,4340.0,154807,4351.5150146484375,4196.989990234375,-0.002649098095252156,0.21464145063207268,51.434502837612605,59.23113104608001,74.66936566829244,98.41999816894533,0.00449065928696557,6858.47021484375,-0.010614405827551132
2026-01-05,4451.5,4467.60009765625,4354.60009765625,4368.2998046875,211711,4361.940014648438,4204.7119921875,0.028155002677900498,0.23501699911106258,58.99007476704777,60.625598669088504,71.86061226845166,98.2699966430664,0.0025504999853280808,6902.0498046875,-0.004024585631991817
2026-01-06,4496.10009765625,4508.2998046875,4437.89990234375,4459.7998046875,176584,4374.59501953125,4211.7219921875,0.01001911662501409,0.2362870766518769,61.12876654591925,64.58508281730974,70.40550637822328,98.58000183105467,0.0055079652232215,6944.81982421875,0.0056590008481960385
2026-01-07,4462.5,4512.39990234375,4432.89990234375,4505.39990234375,202783,4386.835009765625,4218.21599609375,-0.0074731649488331,0.23710703295231383,58.638541273858436,64.27088075211486,69.1785812530016,98.68000030517578,0.0044788523104044575,6920.93017578125,0.0035802032074203627
2026-01-08,4460.7001953125,4489.2998046875,4415.0,4467.10009765625,208958,4398.060009765625,4227.036000976563,-0.00040331757703082616,0.23732689148530647,56.08015251771199,63.148705190328656,67.97260604046701,98.93000030517578,0.006613772221737424,6921.4599609375,0.011096334955445153
2026-01-09,4500.89990234375,4527.0,4461.7998046875,4489.2998046875,217946,4411.8699951171875,4237.391997070313,0.009011972396955503,0.23743351350158748,59.15927239152204,64.7566786849793,67.32942056936947,99.12999725341795,0.007213971730154478,6966.27978515625,0.015719186193907886
2026-01-12,4614.7001953125,4640.5,4520.7998046875,4529.10009765625,307991,4426.955004882812,4249.672001953125,0.025283897762198748,0.2422097250156066,63.60700282239921,74.3566051790367,68.73485749130293,98.86000061035156,0.006003907473693726,6977.27001953125,0.010898242836883787
2026-01-13,4599.10009765625,4644.0,4576.7001953125,4610.0,267451,4440.49501953125,4261.336005859375,-0.00338052245996312,0.24343636832491927,58.431939702295324,79.78609415560277,70.9451048241629,99.12999725341795,0.005579178455543676,6963.740234375,0.002724391796352865
2026-01-14,4635.7001953125,4650.5,4594.2998046875,4594.2998046875,306299,4455.52001953125,4274.120009765625,0.007958099819332487,0.2439438726584509,58.44813711976402,86.05038995705036,73.96616185074039,99.12999725341795,0.00456016362840006,6926.60009765625,0.0008192427507562883
2026-01-15,4623.7001953125,4637.2001953125,4584.0,4635.7001953125,226481,4470.0900390625,4286.314013671875,-0.002588605710984959,0.24447044495371106,57.76495765093128,89.02041783616733,76.97701304782578,99.31999969482422,0.003942175158651473,6944.47021484375,0.00332447981150108
2026-01-16,4595.39990234375,4625.5,4539.10009765625,4621.60009765625,246155,4481.1650390625,4299.01201171875,-0.006120702418690671,0.24552604465676556,52.82069708947179,88.07531183128776,79.19667280451819,99.38999938964844,0.0026228401435925974,6940.009765625,-0.0037710256178952184
2026-01-20,4765.7998046875,4771.5,4622.2001953125,4633.7001953125,414495,4501.230029296875,4314.470009765625,0.037080538356812465,0.27339457300789893,79.39291835528968,99.9242915092309,83.34219654546072,98.63999938964844,-0.0022253815430391954,6796.85986328125,-0.025856840246254453
2026-01-21,4837.5,4891.10009765625,4757.10009765625,4767.5,400518,4523.7400390625,4331.400009765625,0.015044735039432044,0.2759267437775739,80.19272466355523,113.78861548116129,89.43148033260084,98.76000213623048,-0.0037324233575999344,6875.6201171875,-0.012654136171322716
2026-01-22,4913.39990234375,4944.2998046875,4772.7001953125,4836.2001953125,265088,4545.9400390625,4349.4720068359375,0.01568990229328171,0.27414275005419203,86.78490277062907,129.4089342731304,97.42697112070677,98.36000061035156,-0.007767544279235206,6913.35009765625,-0.0019129154005127491
2026-01-23,4979.7001953125,4991.39990234375,4901.2001953125,4940.0,276594,4569.6400390625,4366.626010742188,0.013493770970509411,0.27564194071347314,89.03564092505384,145.46124234670333,107.0338253659061,97.5999984741211,-0.01731777311707705,6915.60986328125,-0.0041558752028069135
2026-01-26,5082.5,5107.89990234375,4983.60009765625,5013.39990234375,433111,4598.625048828125,4385.950014648438,0.02064377385294547,0.2800218600765007,88.77824149259357,164.5807132358641,118.5432029398977,97.04000091552734,-0.023644214594550572,6950.22998046875,0.0014726513634566452
2026-01-27,5082.60009765625,5190.7998046875,5004.5,5005.5,325759,4625.120043945312,4403.330014648437,1.9694570831285674e-05,0.2802286318638206,88.12895287845102,177.69277698501173,130.37311774892052,96.22000122070312,-0.02453363933413888,6978.60009765625,0.026738852651180478
2026-01-28,5303.60009765625,5415.2001953125,5154.7998046875,5179.0,112054,4673.120043945312,4425.512016601562,0.04348168176794198,0.23849339429955926,93.96757283248414,203.570402121979,145.01257462353223,96.4499969482422,-0.02339008847733559,6978.02978515625,0.01489460822780897
2026-01-29,5318.39990234375,5586.2001953125,5097.5,5415.7001953125,570055,4719.725048828125,4449.996015625,0.0027905204794833605,0.23991935994814853,94.23410392251567,222.70561532832653,160.5511827644911,96.27999877929688,-0.021146826130009067,6969.009765625,0.008051041417332483
2026-01-30,4745.10009765625,5480.2001953125,4700.39990234375,5410.0,508003,4739.925048828125,4463.408017578125,-0.10779554287274529,0.4788295685952174,58.12591841098408,189.4263180040598,166.32620981240484,96.98999786376952,-0.006250006351314896,6939.02978515625,0.0033865302320406077
2026-02-02,4652.60009765625,4905.60009765625,4423.2001953125,4816.0,385977,4756.075048828125,4475.13001953125,-0.019493793196415088,0.48603695447451667,51.27927816269425,153.81517260181045,163.82400237028597,97.61000061035156,0.005873863246563582,6976.43994140625,0.003771092612928406
2026-02-03,4935.0,5018.10009765625,4690.2001953125,4691.0,260114,4780.250048828125,4492.174018554688,0.06069722228781482,0.5199666492387456,59.60757060748709,146.68945063485717,160.39709202320023,97.44000244140624,0.012679289183386677,6917.81005859375,-0.008710921705187835
2026-02-04,4950.7998046875,5113.89990234375,4867.7001953125,4966.10009765625,245957,4802.985034179687,4509.990014648438,0.0032015814969605927,0.5197783124319494,59.121161494949845,140.69532866277314,156.4567393511148,97.62000274658205,0.012130698137478468,6882.72021484375,-0.013658521566537796
2026-02-05,4889.5,5045.0,4779.60009765625,4986.60009765625,234592,4824.335034179688,4526.190014648438,-0.012381798316599357,0.5216739288019707,57.48057703280164,129.50570077609336,151.06653163611054,97.81999969482422,0.015995024252726697,6798.39990234375,-0.024481220290835548
2026-02-06,4979.7998046875,4995.60009765625,4670.0,4800.0,177809,4850.290014648437,4543.90201171875,0.018468106081910296,0.5233260907181588,60.45360834598565,126.46645308181633,146.14651592525172,97.62999725341795,0.006598612266672799,6932.2998046875,-0.0009698734084044869
2026-02-09,5079.39990234375,5111.10009765625,4988.60009765625,5003.60009765625,124150,4879.215014648437,4562.690009765625,0.020000823640037968,0.5255983078735038,58.86978784146625,130.58936990837265,143.0350867218759,96.81999969482422,-0.008093442378726556,6964.81982421875,-0.0016656227653495392
2026-02-10,5031.0,5102.7001953125,5011.0,5084.2998046875,105658,4900.030004882812,4580.006005859375,-0.009528665447549711,0.5237121240292119,55.54600482431662,128.47041658086437,140.1221526936736,96.8000030517578,-0.006568138070740415,6941.81005859375,0.003469306008219375
2026-02-11,5098.5,5144.5,5036.2998046875,5048.0,129968,4925.0,4596.8780078125,0.013416815742397059,0.5235990293658461,55.33091962916369,130.73083301565566,138.24388875807,96.83000183105467,-0.008092613125387671,6941.47021484375,0.008535869273502694
2026-02-12,4948.39990234375,5122.7998046875,4900.0,5107.2998046875,161618,4940.634985351562,4610.350009765625,-0.02944005053569676,0.5380913851325256,49.14005408417631,119.03820752599768,134.40275251165554,96.93000030517578,-0.009098337685800706,6832.759765625,0.005054110345789509
2026-02-13,5046.2998046875,5069.10009765625,4907.10009765625,4950.0,123016,4961.764965820313,4626.860009765625,0.019784153317394804,0.5404049806997088,49.00274890385508,116.33043665951755,130.78828934122794,96.87999725341795,-0.00768206515517178,6836.169921875,-0.013866954044240654
2026-02-17,4905.89990234375,5074.39990234375,4854.2001953125,5050.0,166706,4977.289965820312,4640.3280078125,-0.027822346625805405,0.5516757991347748,45.48150408595234,101.68326856679596,124.96728518634156,97.16000366210938,0.003511712129279587,6843.22021484375,-0.017459117743744312
2026-02-18,5009.5,5031.89990234375,4868.5,4898.5,98203,4989.4749755859375,4655.6580078125,0.02111745035946533,0.5417500834041709,41.999013288197155,97.31317863690765,119.43646387645478,97.6999969482422,0.009297457315194269,6881.31005859375,-0.008715306165011372
2026-02-19,4997.39990234375,5042.7998046875,4971.5,4993.7001953125,87026,4997.469970703125,4670.746005859375,-0.0024154302138437167,0.5401739848714586,41.25435547486117,91.81508695701541,113.91218849256691,97.93000030517578,0.011360099693484838,6861.89013671875,-0.011464441344835707
2026-02-20,5080.89990234375,5131.0,4999.2998046875,5015.0,136737,5005.844970703125,4688.01,0.016708688844540687,0.5405235140156932,62.47955815862651,93.12210815417166,109.75417242488787,97.8000030517578,0.00897557767298962,6909.509765625,0.01123265014908359
2026-02-23,5225.60009765625,5257.2998046875,5120.39990234375,5128.7998046875,140957,5018.139965820313,4707.797998046875,0.02847924542771474,0.5472346356034519,70.49943331968456,104.62794252839194,108.7289264455887,97.6999969482422,0.00846407636324864,6837.75,0.00023113499855287323
2026-02-24,5176.2998046875,5269.39990234375,5109.5,5247.5,145961,5022.8299560546875,4726.829990234375,-0.00943437921911816,0.5447796733720531,60.36066142926149,108.51735700039171,108.6866125565493,97.87999725341795,0.007410390738687989,6890.06982421875,0.0068461349926132176
2026-02-25,5226.2001953125,5237.2998046875,5135.89990234375,5160.0,110992,5030.0099609375,4745.093994140625,0.009640166239948345,0.5455045022594317,61.488413815916516,114.30861195565831,109.81101243637112,97.6999969482422,0.0,6946.1298828125,0.009419692422927506
2026-02-26,5194.2001953125,5221.89990234375,5144.7998046875,5175.2998046875,131633,5024.539965820312,4762.412001953125,-0.006122995446806945,0.5234134446326125,63.02916239339082,114.99055117182797,110.8469201834625,97.79000091552734,-0.0014295863291347022,6908.85986328125,0.006845012908492931
2026-02-27,5247.89990234375,5299.0,5182.89990234375,5201.89990234375,151664,5021.014965820313,4780.66599609375,0.01033839763814104,0.5247281055446789,61.8345517725672,118.49813771494519,112.37716368975904,97.61000061035156,-0.0019427651889303288,6878.8798828125,-0.0044330037660391675
2026-03-02,5311.60009765625,5434.10009765625,5272.89990234375,5360.0,227839,5049.3399658203125,4800.252001953125,0.012138226051920498,0.3377118312676604,60.585340532300975,124.97733776408404,114.89719850462404,98.37999725341795,0.006960085224321899,6881.6201171875,0.006415870306387239
2026-03-03,5123.7001953125,5394.2001953125,5005.0,5335.7001953125,273216,5072.894970703125,4815.2480078125,-0.03537538573859522,0.3576472490346427,53.74909555661578,113.64022493454468,114.64580379060818,99.0500030517578,0.011953471916336778,6816.6298828125,-0.010658809457649743
2026-03-04,5134.7001953125,5218.2998046875,5092.7998046875,5110.0,146885,5082.87998046875,4830.65201171875,0.0021468859575475285,0.29105936049814946,51.53416559337017,104.3403191571615,112.58470686391885,98.7699966430664,0.010951890770181327,6869.5,-0.011032025617907504
2026-03-05,5078.7001953125,5204.2998046875,5058.89990234375,5155.7001953125,151852,5089.275,4844.48001953125,-0.0109061868989202,0.294666390313839,56.000746565685404,91.39776825856006,108.34731914284711,99.31999969482422,0.015645758921901676,6830.7099609375,-0.01131154834375725
2026-03-06,5158.7001953125,5185.0,5071.0,5099.7001953125,160268,5102.735009765625,4858.266025390625,0.0157520619299083,0.294084824918834,55.26317233507831,86.59778942622506,103.99741319952271,98.98999786376952,0.014137867480677135,6740.02001953125,-0.02018640616595213
2026-03-09,5103.7001953125,5210.39990234375,5021.2001953125,5186.7001953125,181749,5108.930029296875,4870.226025390625,-0.010661600387240178,0.2917314063085175,60.0671883146608,77.46278846725909,98.69048825306999,99.18000030517578,0.008131765339422614,6795.990234375,-0.012443273728323212
2026-03-10,5242.10009765625,5248.7001953125,5127.10009765625,5152.39990234375,179577,5117.0650390625,4885.01203125,0.027117561190381778,0.29876176878540506,61.433343557855196,80.46341766395562,95.04507413524712,98.83000183105467,-0.002221112709993256,6781.47998046875,-0.0051564927167861985
2026-03-11,5179.10009765625,5230.89990234375,5155.89990234375,5194.0,140336,5124.470043945313,4897.540029296875,-0.012018084131618867,0.30013537720097033,58.505762364741,76.87173492445709,91.41040629308911,99.2300033569336,0.004657352733639986,6775.7998046875,-0.01364003134325642
2026-03-12,5125.7998046875,5197.7998046875,5058.2001953125,5185.39990234375,153533,5125.835034179688,4913.1840234375,-0.010291419737739838,0.299576186556795,52.16301494951358,68.92983208632177,86.91429145173564,99.73999786376952,0.004228737114738257,6672.6201171875,-0.02314398424966979
2026-03-13,5061.7001953125,5132.39990234375,5014.10009765625,5084.0,160333,5131.500048828125,4926.69203125,-0.012505289285075327,0.2827335076903763,41.43947288287834,56.80865923352394,80.89316500809329,100.36000061035156,0.013839809840863415,6632.18994140625,-0.015998480392124925
2026-03-16,5002.2001953125,5044.5,4970.10009765625,5010.0,170909,5129.295068359375,4939.914033203125,-0.011754943537568896,0.27747736052143407,41.002604166666664,41.91818296157635,73.09816859878991,99.70999908447266,0.005343806994011713,6699.3798828125,-0.014215787284954096
2026-03-17,5008.2001953125,5049.39990234375,4977.0,5012.2001953125,119419,5134.410083007812,4953.48603515625,0.0011994721853840762,0.2577078819062161,38.19834927455628,30.252787785986584,64.52909243622925,99.58000183105467,0.007588788688702941,6716.08984375,-0.009642458122279929
2026-03-18,4896.2001953125,5022.0,4809.2998046875,5010.60009765625,217316,5128.745092773437,4962.3800390625,-0.022363323276259672,0.25925522154194947,35.15344181004703,11.83399911239394,53.99007377146219,100.08999633789062,0.008666662822368387,6624.7001953125,-0.022299892814198752
2026-03-19,4605.7001953125,4868.7001953125,4505.0,4828.0,303828,5109.160107421875,4964.572041015625,-0.05933172427837352,0.33187757553761843,24.11319906516414,-25.90532533685837,38.01099394979808,99.2300033569336,-0.0051132396005512115,6606.490234375,-0.009910632053241164
2026-03-20,4574.89990234375,4738.2001953125,4478.39990234375,4653.89990234375,226870,5083.860107421875,4966.8200390625,-0.006687428982046439,0.32291347994567204,19.49481592908903,-57.634958172534425,18.881803525331577,99.6500015258789,-0.007074522520473359,6506.47998046875,-0.018954517594959808
2026-03-23,4407.2998046875,4537.10009765625,4100.0,4450.0,398666,5042.945092773438,4965.75203125,-0.036634702667568186,0.3159321570360278,19.82815562810677,-95.20735683776365,-3.936028547287469,98.9499969482422,-0.007622125596316476,6581.0,-0.017670274694559063
2026-03-24,4402.0,4485.60009765625,4306.2998046875,4414.7998046875,209745,5004.2301025390625,4963.774033203125,-0.0012025060518604525,0.31688573359069705,18.99279748994921,-123.98221363786888,-27.94526556540375,99.43000030517578,-0.0015063418670485662,6556.3701171875,-0.02378165424799006
2026-03-25,4552.2998046875,4601.0,4458.2001953125,4473.5,245178,4970.535083007812,4962.526025390625,0.03414352673500676,0.3454954563450847,29.369788712503407,-133.12398638495597,-48.981009729314195,99.5999984741211,-0.00489557280145525,6591.89990234375,-0.0049512116777690185
2026-03-26,4376.2998046875,4541.60009765625,4348.2001953125,4508.89990234375,247440,4929.640063476562,4958.07001953125,-0.03866177702504847,0.36366457910816097,21.48270513118956,-152.80914752429726,-69.74663728831081,99.9000015258789,0.006751971644456178,6477.16015625,-0.019576215741918035
2026-03-27,4492.5,4552.10009765625,4369.10009765625,4371.7998046875,74348,4891.870068359375,4955.206015625,0.02655215604471084,0.3789076425480318,28.67410344338799,-157.2210485341884,-87.24151953748634,100.1500015258789,0.005017561388297231,6368.85009765625,-0.02115274053338201
2026-03-30,4526.0,4579.10009765625,4413.39990234375,4482.7998046875,10816,4852.590063476562,4953.25201171875,0.007456872565386741,0.3760485940424126,23.040432008100154,-156.21360860137793,-101.03593735026466,100.51000213623048,0.01576559106721631,6343.72021484375,-0.03605527809698372
2026-03-31,4647.60009765625,4684.10009765625,4508.60009765625,4510.0,176389,4828.78505859375,4954.296015625,0.026867012297006276,0.3801772965971938,30.835799915632677,-143.94379905635378,-109.6175096914825,99.95999908447266,0.005330370890779257,6528.52001953125,-0.004247792171348186
2026-04-01,4813.10009765625,4821.0,4690.0,4698.39990234375,166758,4812.705053710937,4955.242021484375,0.035609776341011035,0.40573767277944284,39.569026372531674,-119.48803603325723,-111.59161495983744,99.6500015258789,0.0005020386799585719,6575.31982421875,-0.0025152199473030823
2026-04-02,4679.7001953125,4825.89990234375,4580.39990234375,4783.0,0,4792.755053710937,4952.086025390625,-0.0277160041630361,0.41442281893181,37.82043258437812,-109.60743856927002,-111.19477968172397,100.02999877929688,0.0013012737881119563,6582.68994140625,0.016292600863732076
2026-04-06,4684.7001953125,4733.10009765625,4626.2001953125,4675.0,89405,4769.0550537109375,4947.51203125,0.0010684445138191556,0.4084902754902179,39.512454283113414,-100.21828171208017,-108.9994800877952,99.9800033569336,-0.0016974355102868932,6611.830078125,0.03815131094986324
2026-04-07,4684.7001953125,4745.7001953125,4631.89990234375,4678.60009765625,145711,4748.105053710938,4941.61203125,0.0,0.4081070113320358,39.271739799272616,-91.72001600673684,-105.54358727158353,99.63999938964844,-0.00865588228127634,6616.85009765625,0.04305515904900714
2026-04-08,4777.2001953125,4888.0,4720.60009765625,4747.2001953125,215119,4724.86005859375,4935.50603515625,0.019745126933107704,0.4014461435877179,46.001881992260735,-76.63767089848534,-99.7624039969639,99.12999725341795,-0.008303339722455338,6782.81005859375,0.03895064092654166
2026-04-09,4818.0,4826.0,4718.60009765625,4744.7998046875,133629,4706.8050537109375,4930.214033203125,0.008540526463080456,0.40285205172785277,58.57084395185708,-60.69296970300638,-91.9485171381724,98.81999969482422,-0.008329170279431808,6824.66015625,0.0379206394056848
2026-04-10,4787.39990234375,4820.0,4752.7001953125,4790.5,121566,4689.88505859375,4919.890029296875,-0.006351203332555011,0.4021871189482075,58.58031307101865,-49.95005809846589,-83.54882533023111,98.6500015258789,-0.013795833952400138,6816.89013671875,0.03557819028347975
2026-04-13,4767.39990234375,4774.39990234375,4626.0,4710.0,127322,4675.1700439453125,4908.870029296875,-0.004177633038386586,0.4006880661156877,66.50775622909069,-42.559457176407705,-75.35095169946644,98.37000274658205,-0.016103226208182497,6886.240234375,0.041502905097013265
2026-04-14,4850.10009765625,4870.2998046875,4767.60009765625,4769.2998046875,129586,4667.5650390625,4910.970029296875,0.017347022906939902,0.4052411680719616,69.18072340526922,-29.686925692015393,-66.21814649797622,98.12000274658205,-0.015254884106555955,6967.3798828125,0.05297532511434877
2026-04-15,4823.60009765625,4895.39990234375,4807.89990234375,4862.7001953125,106707,4658.335034179688,4914.390029296875,-0.005463804759989532,0.405401594180105,62.989572769222065,-21.377256572425722,-57.249968512866126,98.05999755859376,-0.010793904211344074,7022.9501953125,0.035404225482400964
2026-04-16,4808.2998046875,4861.2998046875,4792.10009765625,4813.60009765625,108864,4653.940014648438,4911.856025390625,-0.0031719654737100145,0.3979977151129295,74.44543421967336,-15.843752780255272,-48.96872536634395,98.22000122070312,-0.006071629993665284,7041.27978515625,0.03174072026251307
2026-04-17,4879.60009765625,4917.7001953125,4785.89990234375,4811.7998046875,135440,4667.635009765625,4910.43203125,0.014828587206488386,0.3349160069741808,73.0773686744575,-5.640058315602801,-40.302991956195726,98.0999984741211,-0.005575296941212171,7126.06005859375,0.04535351394467635
2026-04-20,4828.7998046875,4847.89990234375,4752.0,4811.7998046875,123214,4680.330004882812,4909.21802734375,-0.010410749231919647,0.33661628944413957,67.68688430143347,-1.6338816548723116,-32.56916989593104,98.0500030517578,-0.0032530211028724,7109.14013671875,0.03236888269321048
2026-04-21,4719.60009765625,4854.7998046875,4685.7998046875,4842.39990234375,177092,4695.94501953125,4904.014033203125,-0.02261425435886688,0.3179262571819749,54.26742235604222,-7.187607263289465,-27.492857369402728,98.41000366210938,0.002955573862715166,7064.009765625,0.013868898271338859
2026-04-22,4753.0,4790.7998046875,4733.10009765625,4738.7001953125,100063,4713.49501953125,4897.48603515625,0.007076850083195918,0.31761895863995415,45.77652449674125,-8.79252705712588,-23.75279130694736,98.58999633789062,0.005404841856947451,7137.89990234375,0.01636772351140614
2026-04-23,4724.0,4771.2998046875,4680.10009765625,4759.2001953125,153536,4722.080029296875,4891.34603515625,-0.00610140963601935,0.29857230182123545,53.648473227800565,-12.263133424865373,-21.454859730530963,98.8000030517578,0.005905129544352183,7108.39990234375,0.009532374686913592
2026-04-24,4740.89990234375,4757.10009765625,4672.2001953125,4715.60009765625,103218,4740.310034179687,4884.194033203125,0.0035774560422840995,0.2569873086670512,54.539552722106656,-13.49437830179886,-19.86276344478454,98.51000213623048,0.004179446161944211,7165.080078125,0.0054756792968919665
2026-04-27,4693.7001953125,4745.7998046875,4681.2001953125,4713.10009765625,85748,4750.370043945312,4879.1000390625,-0.009955853952519855,0.2472349181600883,50.675472632950694,-18.07046555201123,-19.50430386622988,98.4800033569336,0.00438552056901842,7173.91015625,0.00911080922384877
2026-04-28,4608.39990234375,4716.5,4567.60009765625,4697.5,144757,4754.4900390625,4870.342041015625,-0.018173357781551047,0.2567126504011322,37.192703497913875,-28.254369639547804,-21.254317020893467,98.62000274658205,0.002133920096108355,7138.7998046875,0.010587476736859003
2026-04-29,4561.5,4624.2998046875,4522.2001953125,4611.39990234375,126415,4750.185034179687,4863.45404296875,-0.010177046987588367,0.2404155566504911,30.717202373348726,-39.652527506041224,-24.93395911792302,98.91999816894533,0.0033472141526784682,7135.9501953125,-0.00027314855320537124
2026-04-30,4629.60009765625,4658.7998046875,4550.7998046875,4557.0,119642,4741.010034179688,4855.856044921875,0.014929320981311056,0.20784762294148884,38.77030507475715,-42.69834109261319,-28.486835512861056,98.08000183105467,-0.007287461522910488,7209.009765625,0.01415365830052373
2026-05-01,4644.5,4673.0,4570.0,4636.89990234375,93230,4739.250024414063,4848.798046875,0.0032183994361183466,0.18450266200994972,41.18997732556471,-43.40947529863024,-31.471363470014897,98.20999908447266,-0.003045407017075785,7230.1201171875,0.009077363874978595
2026-05-04,4533.2998046875,4650.60009765625,4510.10009765625,4644.0,117006,4731.680004882813,4837.846044921875,-0.02394233939336854,0.2025002042012385,28.181812679027928,-52.34260770378751,-35.64561231676942,98.47000122070312,-0.00010156514916248582,7200.75,0.003741313058767126
2026-05-05,4568.5,4597.5,4522.7001953125,4534.0,88281,4725.8699951171875,4824.70404296875,0.0077648063946933465,0.2051538851304981,32.639181958533015,-55.93701087145928,-39.7038920277074,98.4800033569336,-0.0014195841183274327,7259.22021484375,0.01686843915656233
2026-05-06,4694.2998046875,4734.60009765625,4556.10009765625,4569.2998046875,160439,4721.7249755859375,4815.06404296875,0.027536347748166712,0.217201996948868,43.256035633199886,-48.08036784118576,-41.37918719040307,98.0199966430664,-0.009098276814985429,7365.1201171875,0.032114843237770696
2026-05-07,4710.89990234375,4775.2001953125,4693.2998046875,4702.2001953125,159525,4716.369970703125,4804.758037109375,0.0035362244311012425,0.21506787655391799,39.32952591318786,-40.05272955325108,-41.11389566297267,98.25,0.0017332602546047404,7337.10986328125,0.017769444323279204
2026-05-08,4730.7001953125,4760.39990234375,4671.0,4682.5,122010,4713.534985351563,4795.488037109375,0.00420308080816989,0.21487142433502257,43.541829534233045,-31.727317443507673,-39.236580019079675,97.83999633789062,-0.0037674651260690695,7398.93017578125,0.023348167922197183
2026-05-11,4728.7001953125,4758.39990234375,4655.10009765625,4690.0,147404,4711.6,4785.10404296875,-0.0004227703970718366,0.21443395823580577,50.69753898276157,-25.00253795646131,-36.389771606556,97.94000244140624,-0.0053823374908769095,7412.83984375,0.02945385463319794
2026-05-12,4686.7001953125,4783.39990234375,4645.2001953125,4745.2998046875,146315,4703.430004882813,4772.606044921875,-0.008881933357000271,0.20580984516999176,44.98413031464533,-22.799334222091602,-33.67168412966313,98.29000091552734,-0.0019293504765388603,7400.9599609375,0.019525478205485225
2026-05-13,4706.7001953125,4734.7998046875,4676.0,4722.2998046875,120048,4697.585009765625,4764.266044921875,0.004267394790902879,0.20630513137097767,48.67312514792988,-19.217914382092204,-30.780930180148946,98.4800033569336,0.004692988467876358,7444.25,0.01074386860681864
2026-05-14,4685.2998046875,4725.7998046875,4649.2998046875,4696.7998046875,102965,4691.435009765625,4755.278037109375,-0.004546792813851397,0.2065418133092395,45.764775806752766,-17.900104763778472,-28.204765096874855,98.87999725341795,0.006412185785424462,7501.240234375,0.022369894161615944
2026-05-15,4561.89990234375,4670.10009765625,4513.7998046875,4654.5,169760,4675.55,4744.94203125,-0.02633767474608395,0.21562346536180502,41.004634199499186,-26.50750989635253,-27.865314056770394,99.2699966430664,0.014615702766762828,7408.5,0.0012934064778817866
2026-05-18,4558.0,4588.60009765625,4483.5,4547.60009765625,151971,4662.010009765625,4732.92802734375,-0.0008548855580426951,0.2140903541697211,46.13023269066531,-33.26022681230006,-28.94429660787633,98.97000122070312,0.01051663011661752,7403.0498046875,-0.0013206867096628994
2026-05-19,4511.2001953125,4593.2001953125,4467.10009765625,4570.60009765625,140957,4651.590014648437,4721.07802734375,-0.010267618404453671,0.20313633775467807,46.137324572126225,-41.90510081767479,-31.536457449836025,99.3000030517578,0.010275736359983023,7353.60986328125,-0.006397831890209593
2026-05-20,4535.2998046875,4558.39990234375,4455.0,4486.60009765625,152270,4640.705004882812,4706.942021484375,0.005342172444495308,0.20217924480808364,42.23354654917677,-46.27812328407708,-34.484790616684236,99.11000061035156,0.006397209910062651,7432.97021484375,-0.0015152345980118387
2026-05-21,4542.5,4572.39990234375,4488.2998046875,4548.0,153243,4631.6300048828125,4694.21001953125,0.001587589712384263,0.20208600356723005,41.49149703642638,-48.60251991192399,-37.30833647573219,99.19000244140624,0.0031351658232126045,7445.72021484375,-0.007401445333909629
2026-05-22,4523.2001953125,4547.0,4488.0,4544.2001953125,108508,4620.74501953125,4682.15802734375,-0.0042487186984039305,0.20119033508637882,49.00496459359606,-51.40933906936061,-40.128536994457875,99.31999969482422,0.0005037075999669849,7473.47021484375,0.00876968547529855
2026-05-26,4502.2998046875,4583.2998046875,4480.0,4532.0,254516,4611.175,4670.97001953125,-0.004620708728890532,0.19937062572112005,43.2887095400931,-54.689820122116544,-43.04079361998961,99.16999816894533,0.0020207835280936504,7519.1201171875,0.015678715605358384
2026-05-27,4448.39990234375,4528.10009765625,4398.5,4507.39990234375,81062,4603.175,4659.894013671875,-0.01197163775891441,0.19383840638715993,20.816552178140824,-60.936459081218345,-46.61992671223536,99.20999908447266,-0.0009063843355395784,7520.35986328125,0.022675937818326775
2026-05-28,4499.2998046875,4512.60009765625,4363.5,4453.60009765625,153472,4600.064990234375,4649.716005859375,0.0114422946365349,0.19646333212440872,26.777869589494458,-61.07572578151212,-49.511086526090715,99.0199966430664,-0.000908121952687746,7563.6298828125,0.01757839251229898
2026-05-29,4593.0,4627.10009765625,4519.5,4527.60009765625,133439,4598.2349853515625,4643.652001953125,0.02082550605204836,0.203634035249396,36.997148695703494,-53.01415874648319,-50.21170097016922,98.91000366210938,-0.0028228528319904633,7580.06005859375,0.018042558661038655
2026-06-01,4506.2998046875,4577.2998046875,4476.0,4575.2001953125,116787,4591.324975585938,4641.663994140625,-0.01887659379762685,0.21341271947566737,31.895122117972903,-53.01022113716954,-50.771405003569285,99.1999969482422,-0.0012082435254806567,7599.9599609375,0.01692516895866092
2026-06-02,4519.89990234375,4571.2998046875,4492.2998046875,4515.7998046875,100306,4590.65498046875,4640.563994140625,0.0030180188282420417,0.19646565194089835,35.763041178809374,-51.31812295630152,-50.88074859411574,99.22000122070312,0.0005042155155898786,7609.77978515625,0.012057217673849374
2026-06-03,4466.89990234375,4525.10009765625,4454.0,4520.0,106691,4585.574975585938,4641.75599609375,-0.011725923393240967,0.19832266750252303,30.62377347800802,-53.63550332221621,-51.43169953973583,99.52999877929688,0.0032254782559946182,7553.68017578125,0.0044306805931839666
2026-06-04,4505.0,4543.2001953125,4450.10009765625,4462.60009765625,109643,4576.1099853515625,4643.81599609375,0.008529427228995967,0.17167152520057627,35.81433480035405,-51.80055988336335,-51.505471608461335,99.41000366210938,0.003938669281607909,7584.31005859375,0.0027341601984312014
2026-06-05,4365.2998046875,4508.7001953125,4336.60009765625,4503.0,179306,4558.82998046875,4640.07599609375,-0.03101003225582688,0.19858255194799082,34.918686001137175,-60.916781488867855,-53.387733584542644,100.06999969482422,0.011727792839615558,7383.740234375,-0.025899507748118222
2026-06-08,4363.39990234375,4377.5,4293.0,4354.0,144089,4540.4649658203125,4639.817998046875,-0.00043522837577159024,0.19680027830562516,35.026161132739844,-67.5164711788484,-56.2134811034038,100.0500030517578,0.008568610178073754,7405.72998046875,-0.02555671101782886
2026-06-09,4286.39990234375,4388.60009765625,4259.89990234375,4354.7001953125,138100,4518.349951171875,4635.69599609375,-0.0176467895960305,0.20212001182398484,33.470578562601546,-78.06019989688048,-60.582824862099145,99.91000366210938,0.0069542676165808,7386.64990234375,-0.029321463841534556
2026-06-10,4133.2998046875,4281.10009765625,4090.10009765625,4276.10009765625,206026,4490.679931640625,4627.8419921875,-0.035717642110932535,0.22982062786056984,25.154541734416355,-97.64449429074375,-67.99515874782807,99.9499969482422,0.004219814870857652,7266.990234375,-0.037953677510128236
2026-06-11,4114.0,4241.2998046875,4046.199951171875,4094.39990234375,206270,4461.044921875,4617.169990234375,-0.004669345462337993,0.22660836567280784,23.906972705983662,-113.41514247421856,-77.07915549310617,99.86000061035156,0.004526676709234456,7394.2998046875,-0.025053070409608358
2026-06-12,4238.7998046875,4267.7998046875,4191.10009765625,4234.89990234375,136146,4438.719921875,4605.683984375,0.030335392486023238,0.26189879251107484,34.65356082538766,-114.52304318449933,-84.5679330313848,99.75,-0.0031977585270320796,7431.4599609375,0.0064628122127510235
2026-06-15,4351.60009765625,4391.5,4283.39990234375,4289.39990234375,132136,4428.204931640625,4599.121982421875,0.026611375428490236,0.27158282375293646,42.601883417574,-105.08763668724714,-88.67187376255728,99.62999725341795,-0.0041979588758489506,7554.2900390625,0.020060150584148895
2026-06-16,4354.39990234375,4376.5,4326.7001953125,4331.2998046875,89925,4418.024926757813,4592.5159765625,0.0006433965954288912,0.2717345718374133,45.14161866632749,-96.27429804125404,-90.19235861829664,99.54000091552734,-0.003703360354518237,7511.35009765625,0.016881833708259686
2026-06-17,4381.39990234375,4403.60009765625,4237.39990234375,4352.60009765625,160543,4411.534912109375,4586.449970703125,0.006200624794582499,0.271491353244482,43.75199569008569,-86.11827148908014,-89.37754119245334,100.08999633789062,0.0014006942863731275,7420.10009765625,0.02106922650824483
2026-06-18,4245.89990234375,4350.2001953125,4220.2998046875,4275.10009765625,139534,4397.064916992187,4575.82396484375,-0.03092618866575425,0.2896078448875937,32.386075588670366,-87.9889826349372,-89.0998294809501,100.8499984741211,0.009913857978355534,7500.580078125,0.014373270795718263
2026-06-22,4202.7001953125,4238.10009765625,4151.39990234375,4163.89990234375,177657,4380.074926757812,4563.51796875,-0.010174452536529044,0.2900742884089973,33.88194561816999,-91.89804654219097,-89.65947289319828,101.0199966430664,0.012731795920465139,7472.7900390625,0.005561501823631687
2026-06-23,4149.39990234375,4216.0,4108.2001953125,4210.7998046875,118495,4361.384912109375,4550.75796875,-0.012682392388635888,0.29181737505077465,31.125827814569547,-98.1653074864962,-91.36063981185787,101.41000366210938,0.01786616940441954,7365.4599609375,-0.024996402990695055
2026-06-24,4008.800048828125,4132.39990234375,3975.699951171875,4130.0,189386,4336.709924316407,4535.585971679688,-0.03388438251907422,0.3103525855926416,28.575441199004445,-113.17280443286472,-95.72307273605924,101.61000061035156,0.02079565677903572,7358.22021484375,-0.020386465924452257
2026-06-25,4047.60009765625,4060.0,3976.300048828125,4019.0,147347,4316.669934082031,4519.5359716796875,0.009678718907286887,0.3139567759191592,28.622173029964173,-120.54593570161796,-100.68764532917099,101.43000030517578,0.0133879909712602,7357.490234375,-0.008437873136108553
2026-06-26,4096.2998046875,4111.5,3998.10009765625,4044.39990234375,118966,4296.519934082031,4504.989965820312,0.012031748655073171,0.3143610542486181,36.25867450604391,-121.06398572790204,-104.76291340891721,101.36000061035156,0.00505703662812973,7354.02001953125,-0.01953982986211744
2026-06-29,4038.89990234375,4102.89990234375,4012.0,4101.10009765625,107421,4268.814929199219,4489.6019677734375,-0.014012622386199824,0.30119301077615446,34.31305160640059,-124.66912840579789,-108.74415640829335,101.11000061035156,0.0008909519924373832,7440.43017578125,-0.004330358957242875
2026-06-30,4038.5,4078.10009765625,3955.39990234375,4032.5,125413,4245.424938964844,4472.779965820312,-9.901268994505497e-05,0.29809981798618,37.057528215000964,-126.1048406235277,-112.21629325134023,101.19000244140624,-0.0021694232596239926,7499.35986328125,0.018179435236072683
2026-07-01,4082.39990234375,4131.0,3973.0,4025.0,146949,4223.549938964844,4457.8519677734375,0.01087034848180024,0.3022785476960473,47.00059157772859,-122.29060766556995,-114.2311561341862,101.38999938964844,-0.0021651532268637252,7483.22998046875,0.01698913079182085
2026-07-02,4125.7001953125,4157.10009765625,4042.800048828125,4049.199951171875,0,4206.489953613282,4445.973969726562,0.010606577994451527,0.30596607648601487,50.67049867394491,-114.45446892703421,-114.2758186927558,100.86000061035156,-0.005619636134370887,7483.240234375,0.017091426015420685
2026-07-06,4167.5,4215.5,4140.60009765625,4187.5,147556,4189.614953613282,4434.263969726562,0.010131566209050202,0.3068730005286985,45.48449342721698,-103.67626220323018,-112.15590739485069,100.8499984741211,-0.00503159168468259,7537.43017578125,0.024940121969057483
2026-07-07,4157.39990234375,4192.39990234375,4102.7001953125,4176.39990234375,110330,4179.219958496094,4422.9319677734375,-0.0024235387297540933,0.28942042659561285,35.86194025871538,-94.85600817621071,-108.6959275511227,101.13999938964844,0.0002966944824032147,7503.85009765625,0.0085236902136967
2026-07-08,4082.39990234375,4144.7001953125,4032.5,4106.5,170826,4165.169958496093,4409.761967773437,-0.018040121653372432,0.2946332048920596,32.08167490226327,-92.84747857468483,-105.52623775583513,101.0500030517578,-0.0013835298574036425,7482.7099609375,-0.0022201764746978547
2026-07-09,4140.7998046875,4148.39990234375,4063.39990234375,4087.60009765625,125061,4157.889953613281,4398.703959960938,0.01430528702252376,0.29562225639542694,34.779840838974565,-85.55707167911987,-101.53240454049208,100.94000244140624,-0.004438277452915584,7543.64013671875,0.008072738163556359
2026-07-10,4113.7001953125,4144.60009765625,4081.699951171875,4135.39990234375,98745,4156.909973144531,4388.809965820313,-0.006544535030242882,0.2677377563235633,40.3079254890337,-81.0319972617499,-97.43232308474366,100.97000122070312,0.0010906267071773001,7575.39013671875,0.012314171329212531
2026-07-13,4005.699951171875,4111.60009765625,3992.89990234375,4106.60009765625,154814,4151.494970703125,4377.69396484375,-0.02625379561293495,0.2831408083656384,36.81036689440715,-85.17867356406896,-94.98159318060873,101.27999877929688,0.004263761147067502,7515.33984375,-0.002930751133486953
2026-07-14,4069.699951171875,4112.5,3990.39990234375,4005.89990234375,151122,4143.039978027344,4366.495961914063,0.015977232638524574,0.2660123279365676,44.739272063807306,-82.3513837888022,-92.45555130224743,100.94000244140624,-0.0019774268286447683,7543.58984375,0.005295914174266558
2026-07-15,4051.800048828125,4089.10009765625,4023.300048828125,4059.800048828125,113034,4128.049975585937,4354.641962890625,-0.0043983346582088245,0.24377591887727462,53.38689715699706,-80.62570584655532,-90.089582211109,100.5,-0.005442880110316128,7572.39990234375,0.011986291313503372
2026-07-16,3992.10009765625,4071.89990234375,3973.39990234375,4068.89990234375,125063,4109.934985351562,4343.81796875,-0.014734179982336837,0.2464479753052719,45.767876610726866,-83.11725677336017,-88.69511712355924,100.7300033569336,-0.002080434707682377,7533.77001953125,-0.0013084024434645292
2026-07-17,4018.800048828125,4028.89990234375,3963.0,3980.10009765625,112279,4091.8049926757812,4332.823969726563,0.006688196818398939,0.2467272916919035,43.88513322183838,-81.99221074762045,-87.35453584837148,100.75,-0.0021788770728271567,7457.68994140625,-0.015537179364795262
2026-07-20,4015.89990234375,4046.0,3986.5,4005.60009765625,102847,4080.3049926757812,4319.255971679688,-0.0007216448813422982,0.22572424880124412,48.01450175813375,-80.40773097979536,-85.96517487465627,100.98999786376952,-0.002863358205200117,7443.27978515625,-0.009588396545191169
2026-07-21,4076.39990234375,4092.5,4003.300048828125,4013.39990234375,119957,4073.9899780273436,4306.565971679687,0.015065116529595635,0.23229961741514119,52.964172839242146,-73.4237912075132,-83.45689814122767,101.18000030517578,0.0023776288682859636,7509.2001953125,-0.004558790860825002
2026-07-22,4151.89990234375,4171.39990234375,4081.0,4084.699951171875,132783,4074.1149780273436,4294.989965820312,0.018521244678813442,0.23856001805087418,55.179610233747674,-61.09251313854611,-78.98402114069137,101.13999938964844,0.0063681531308301675,7498.9599609375,-0.00969837070854107
2026-07-23,4050.199951171875,4144.0,4042.5,4126.0,159889,4076.1849731445313,4281.4199609375,-0.024494798420950703,0.2225931552196646,44.823783790298044,-58.84786103396618,-74.95678911934634,101.43000030517578,0.006949239798610618,7408.2998046875,-0.016654372846326537
2026-07-24,4070.800048828125,4085.199951171875,4024.0,4053.39990234375,120072,4077.344970703125,4269.101958007813,0.005086192757048913,0.22069980255294747,43.17187041546668,-54.77528693917793,-70.92048868331267,101.47000122070312,0.007146414101271814,7411.97998046875,-0.006129238584150709
2026-07-27,4077.0,4119.2998046875,4067.10009765625,4097.5,135087,4076.37998046875,4256.507954101562,0.0015230301408835079,0.21645161771873667,44.29139904909233,-50.465720965856235,-66.82953513982139,101.51000213623048,0.005149067070606694,7413.18017578125,-0.0040438637594983895
2026-07-28,4038.699951171875,4085.699951171875,4011.10009765625,4083.0,167757,4076.369982910156,4243.57595703125,-0.009394174350778717,0.21312303071724478,46.72659422057666,-49.5694470076246,-63.37751751338203,101.37999725341795,0.001976645064626803,7428.77978515625,-0.010709583985582305
2026-07-29,4036.300048828125,4115.2001953125,3993.800048828125,4020.89990234375,89664,4076.2599853515626,4233.063959960938,-0.0005942264522655893,0.21313590537127036,41.45545399993532,-48.493789284208106,-60.40077186754725,100.8000030517578,-0.0033616406954956046,7316.14990234375,-0.024378055029766532
2026-07-30,4100.10009765625,4118.5,4028.5,4060.699951171875,149370,4077.1449951171876,4223.905961914063,0.015806567414790695,0.2171395716659494,48.950933850791785,-42.008939146704506,-56.72240532337871,100.01000213623048,-0.013999784725159281,7437.6298828125,0.00395908358169339
2026-07-31,4107.0,4170.7001953125,4076.39990234375,4163.89990234375,110633,4076.2099853515624,4215.821958007812,0.001682861925174528,0.21380968900567454,59.25791226018231,-35.8990621950652,-52.55773669771601,99.8000030517578,-0.016458048180298945,7489.72021484375,0.010488457143685403
2026-08-03,4090.5,4145.5,4074.0,4135.2001953125,93289,4072.3599853515625,4206.925961914062,-0.0040175310445580426,0.21066959710252653,52.081670829340474,-32.019254757796716,-48.45004030973215,99.95999908447266,-0.015269461325374212,7600.5,0.02526848394036363
2026-08-04,4152.60009765625,4163.7998046875,4098.2001953125,4109.60009765625,118831,4072.1199951171875,4199.127963867188,0.01518154202573041,0.21806229025321017,59.26811693428002,-23.660773849947873,-43.4921870177753,99.88999938964844,-0.014697158257412357,7736.52001953125,0.04142540811209772
2026-08-05,4305.2001953125,4328.2001953125,4121.60009765625,4133.7998046875,211902,4083.260009765625,4194.767963867187,0.03674808410816599,0.24312168203970386,74.5877180469983,-4.6692408601102215,-35.727597786242285,99.69000244140624,-0.01101191048359007,7723.5498046875,0.055685012989309834
2026-08-06,4299.60009765625,4363.7001953125,4281.2001953125,4307.0,167624,4091.2000244140627,4190.713969726563,-0.0013007752025904207,0.23958768523869817,72.80700884672173,9.816644613596509,-26.618749306274527,99.97000122070312,-0.00039996914981432763,7709.9599609375,0.03661516940421072
2026-08-07,4399.7001953125,4432.2998046875,4288.0,4298.2998046875,190635,4105.500024414063,4189.739975585938,0.023281257647848497,0.2487119915952131,76.9220072406435,29.039307465988713,-15.48713795182188,99.5999984741211,-0.0020040538228538463,7757.64013671875,0.035771686283289306
2026-08-10,4419.7001953125,4453.7998046875,4373.89990234375,4400.0,118606,4126.200036621094,4188.147983398438,0.00454576428214537,0.2225209688265783,75.53176731879748,45.364307621384796,-3.3168488371805456,99.80999755859376,-0.0015006155187349268,7753.10986328125,0.020078924186731184
2026-08-11,4441.10009765625,4495.0,4415.7001953125,4446.89990234375,138129,4144.770043945313,4185.1099853515625,0.004841935289286559,0.21872847585329333,73.39049692198085,59.34469245863147,9.215459421981858,99.81999969482422,-0.0007007677970961579,7728.2001953125,-0.0010753961985163762
2026-08-12,4467.5,4502.7001953125,4421.39990234375,4430.0,153093,4165.555041503906,4184.333989257812,0.005944451096178138,0.21623616344905994,88.4324862988534,71.72766774647516,21.71790108688052,100.01000213623048,0.0032099477077687233,7748.5,0.00323040518200024
2026-08-13,4420.39990234375,4509.10009765625,4400.0,4468.7998046875,139219,4186.970031738281,4182.343989257813,-0.010542831036653655,0.21163000034155766,80.69896062322303,76.85474694532513,32.74527025856944,99.95999908447266,-0.0001000513764962685,7798.990234375,0.011547436548123624
2026-08-14,4437.2998046875,4454.60009765625,4365.5,4408.2001953125,126955,4207.89501953125,4181.751987304688,0.0038231614146018167,0.21160579628702536,81.05496845658203,81.3439921234658,42.46501463154871,99.66999816894533,0.0007028081917332951,7785.759765625,0.0036247658322217102
2026-08-17,4473.7001953125,4486.5,4422.2998046875,4440.0,121052,4230.7850341796875,4181.125991210937,0.008203275015708167,0.21074729243585577,87.6167341339327,86.83794481006134,51.33960066725124,99.63999938964844,-0.0017032178449410962,7745.06005859375,-0.0010382678472833362
2026-08-18,4420.60009765625,4493.10009765625,4383.2998046875,4473.39990234375,131150,4247.995043945312,4182.231997070313,-0.011869391183586209,0.21614366645761265,80.55332015774985,85.91681226076798,58.25504298595459,99.6500015258789,-0.0017030471795735913,7691.759765625,-0.004715254362794963
2026-08-19,4545.2998046875,4582.7998046875,4378.0,4391.39990234375,250482,4267.6650390625,4185.8699951171875,0.028208773532209852,0.22714296763724204,82.2701883116929,94.16357322024487,65.43674903281264,98.83000183105467,-0.011798822917416296,7707.97998046875,-0.005229401759211494
2026-08-20,4571.39990234375,4597.10009765625,4506.0,4580.0,186475,4293.725036621094,4191.569995117187,0.005742216966487801,0.1993764430575596,82.75032316758642,101.63368064289443,72.676135354829,98.9000015258789,-0.01060421736996997,7641.16015625,-0.020237245256359615
2026-08-21,4680.60009765625,4690.39990234375,4565.5,4577.0,195566,4324.2150390625,4202.516000976562,0.02388769253298384,0.20899031625654713,86.80301824186012,115.03923701727399,81.148755687318,98.8000030517578,-0.008728756227253553,7674.3701171875,-0.014306843749443354
2026-08-24,4697.7998046875,4738.5,4651.7998046875,4673.39990234375,206802,4355.255029296875,4214.191997070313,0.003674679885569132,0.20836945331858828,86.02005126693064,125.60323374593554,90.03965129904151,99.0,-0.006423117157454805,7652.85986328125,-0.011904387392089544
2026-08-25,4694.5,4755.0,4659.5,4710.10009765625,176784,4388.045031738281,4223.306000976562,-0.000702414922876704,0.20135900601566398,82.04113618827161,132.18526119365106,98.46877327796342,98.91999816894533,-0.007325673314154457,7677.27978515625,-0.0018825315545425436
2026-08-26,4653.2998046875,4730.89990234375,4638.2001953125,4715.7001953125,151459,4418.89501953125,4229.339995117188,-0.008776269104803447,0.2077819828022676,77.49958430423919,132.5491102950682,105.28484068138438,99.16999816894533,0.0034402138175799735,7675.7001953125,-0.004187839776185642
2026-08-27,4664.0,4697.7001953125,4616.0,4650.0,140302,4447.090014648437,4235.531997070312,0.002299485475172114,0.20590032130358796,73.86668877173985,132.1772229174594,110.6633171285994,99.16000366210938,0.002628939658432916,7730.990234375,0.011756078434179251
2026-08-28,4529.89990234375,4688.0,4495.0,4656.0,274603,4468.235009765625,4238.501997070312,-0.028752165020636822,0.24081066329603668,58.25094779019563,119.6821213365838,112.4670779701963,99.6999969482422,0.00910924968304827,7711.759765625,0.00487201527507275
2026-08-31,4481.5,4521.5,4445.60009765625,4483.2001953125,152216,4487.785009765625,4243.213999023437,-0.010684541245317147,0.24525153786184886,52.90730320299153,104.6676521465206,110.90719280546116,99.43000030517578,0.00434343742601806,7686.14013671875,0.0043487368163084295
2026-09-01,4396.39990234375,4510.5,4369.7001953125,4498.7001953125,198560,4499.975,4247.087993164063,-0.018989199521644573,0.25563392456221784,45.282013829982326,84.92277359886157,105.71030896414126,99.66999816894533,0.0075818844913349,7631.47021484375,-0.005966901245551992
2026-09-02,4414.60009765625,4444.39990234375,4329.2001953125,4377.2001953125,187568,4505.444995117187,4252.391997070313,0.004139795222631415,0.22256891223130898,49.599792989402836,69.93722594572318,98.55569236045766,99.55999755859376,0.00393263483764561,7666.60009765625,-0.0011855723158399334
2026-09-03,4539.89990234375,4558.5,4426.7001953125,4436.39990234375,209167,4517.459985351563,4263.013994140625,0.028383047595641253,0.24197708891911363,56.1584656371539,67.39483284844118,92.32352045805438,99.0,-0.0016135907240846237,7747.7099609375,0.0021626888736914207
2026-09-04,4476.60009765625,4537.7998046875,4412.0,4522.0,189656,4521.30498046875,4271.593994140625,-0.013942995671517133,0.2362644925398542,50.16861859943501,59.58534007238268,85.77588438092005,99.16000366210938,-0.005416181571331058,7718.60009765625,0.0008870001451213305
2026-09-08,4439.0,4488.7998046875,4381.0,4466.5,217162,4522.269970703125,4278.447998046875,-0.008399253191263556,0.23812826206419496,51.08952537137193,49.78831839693976,78.578371184124,98.83999633789062,-0.005933862671973045,7673.52001953125,-0.0016419317060341054
2026-09-09,4460.7001953125,4479.0,4384.10009765625,4399.0,164390,4523.249975585937,4286.88400390625,0.004888532397499423,0.23814004358756558,44.29460717550455,43.27627063174168,71.51795107364754,98.7699966430664,-0.009029813809702025,7636.35986328125,0.0006407216826960216
2026-09-10,4407.2998046875,4479.89990234375,4354.7001953125,4448.0,201300,4520.239965820312,4294.26,-0.011971302326283961,0.24100877623450329,39.32613817324409,33.421201812777326,63.8986012214735,99.08999633789062,-0.004720783770876813,7591.7001953125,-0.009769637308544077
2026-09-11,4408.89990234375,4444.89990234375,4333.0,4359.39990234375,187975,4519.664965820312,4300.79,0.0003630562310619201,0.23811444702504175,29.45091858244197,25.446768769781556,56.208234731135114,99.12000274658205,0.0012121489553742482,7656.97998046875,-0.011710554593059586
2026-09-14,4351.89990234375,4396.7998046875,4293.0,4375.0,164499,4515.394970703125,4305.313994140625,-0.012928395124075953,0.2419191154436711,25.324620588040645,14.36199337974449,47.838986460856994,99.45999908447266,0.0030253671972979568,7619.97998046875,-0.012776943479355318
2026-09-15,4332.7998046875,4358.2001953125,4301.60009765625,4340.2998046875,146019,4508.349951171875,4308.619990234375,-0.004388910150705305,0.23978110049865115,24.766317573736004,3.990016342268973,39.06919243713939,99.6500015258789,0.008195115520029272,7585.72998046875,-0.01144064768698716
2026-09-16,4387.5,4413.10009765625,4273.2998046875,4333.5,249081,4506.6949462890625,4313.2219921875,0.01262467637053577,0.24147702988202563,31.799549567622364,0.1819015789506011,31.291734265501635,100.30999755859376,0.015591788679436558,7551.81005859375,-0.011072003703498812
2026-09-17,4399.7001953125,4423.2998046875,4294.5,4301.39990234375,169188,4499.414965820312,4319.567998046875,0.002780671296296333,0.21737392253333848,31.939361665211905,-1.8305021175692673,24.667286988887458,100.22000122070312,0.01140382404455087,7637.759765625,0.006067095529001421
2026-09-18,4424.89990234375,4439.7998046875,4372.2001953125,4381.60009765625,169188,4492.0899658203125,4325.25,0.005727596407159252,0.21736743447561307,41.57033812728539,-1.3760782178469526,19.458613947540577,100.22000122070312,0.011097643700973547,7650.5,-0.0008462841074782235
2026-09-21,4395.7998046875,4414.10009765625,4382.0,4382.5,14712,4477.849951171875,4330.8919921875,-0.006576442020945206,0.19594748418898975,42.89974675760739,-3.3257416055403155,14.901742836924399,100.3759994506836,0.00920973632256894,7764.7001953125,0.018992204075954477
