Date,Close,High,Low,Open,Volume,SMA_20,SMA_50,Daily_Return,Volatility_20d,RSI_14,MACD,MACD_Signal,USD_Close,USD_Return_5d,SP500_Close,SP500_Return_5d
2016-12-19,2.497006416320801,2.5171534173556926,2.4323883016074457,2.4495871667663973,744656000,2.3018388032913206,1.9907502818107605,0.012150106871421151,0.3706647245466102,63.71081080909441,0.11452594703955388,0.1099306401261154,103.13999938964844,0.021592713202699176,2262.530029296875,0.0024679517828314346
2016-12-20,2.58398175239563,2.607568470483033,2.5581835817853644,2.5694857021964976,848056000,2.3169846653938295,2.0095068335533144,0.03483184324491351,0.38409406632161247,69.62172716262342,0.12535142475842553,0.11301479705257743,103.29000091552734,0.022369614604940358,2270.760009765625,-0.00042257010101598436
2016-12-21,2.6001977920532227,2.603146161247408,2.54811032681211,2.5955295603552377,576136000,2.3321195006370545,2.029063651561737,0.006275601459862834,0.38408658960516673,81.20075886319657,0.13369800533981735,0.11715143871002542,103.0199966430664,0.009999967088886397,2265.179931640625,0.0052811466790763095
2016-12-22,2.631647109985352,2.674889470975211,2.617396618730014,2.624521864357683,718612000,2.3482617259025576,2.0491022539138792,0.012094971401116261,0.3845430162207243,81.49906811125533,0.14122250260655012,0.12196565148933038,103.08999633789062,-0.0003878688702864119,2260.9599609375,-0.00047305665509123074
2016-12-23,2.6972475051879883,2.6987218069570846,2.6110083497340804,2.6137109238924974,647692000,2.3674505710601808,2.070982778072357,0.02492750450990422,0.38930012401680864,81.01184231762427,0.15074147070797217,0.12772081533305873,103.01000213623048,0.0005828575985140638,2263.7900390625,0.00253312365425451
2016-12-27,2.882502555847168,2.8834852675921416,2.7326280019937825,2.7532665888342787,1194272000,2.3959635496139526,2.0962543845176698,0.0686830000965255,0.4430281647942954,84.29356460096655,0.17125968086043963,0.13642858843853492,103.0199966430664,-0.001163493768588042,2268.8798828125,0.0028065278398088367
2016-12-28,2.6842257976531982,2.946628788205587,2.6704668972673207,2.9385208312905235,2295764000,2.4156192183494567,2.1177468967437743,-0.0687863251991796,0.5231422805484284,67.17540437889767,0.1695665749888038,0.1430561857485887,103.26000213623048,-0.0002904325591147616,2249.919921875,-0.009177582748066793
2016-12-29,2.7377872467041016,2.73926154845035,2.52575186677449,2.577347975933058,2175368000,2.4392428040504455,2.1398199939727784,0.01995415180709892,0.5192501600348435,71.43540837300883,0.17058039310495854,0.14856102721986267,102.68000030517578,-0.003300294592986752,2249.260009765625,-0.0070281047667014596
2016-12-30,2.622556447982788,2.74982699772196,2.611745915318899,2.735822300260313,1212932000,2.4627067685127257,2.1596571612358093,-0.04208902604102438,0.5086028821024108,66.61472561291882,0.16023855847625734,0.1508965334711416,102.38999938964844,-0.0067901539733095095,2238.830078125,-0.009787826053904936
2017-01-03,2.5063419342041016,2.6134652295042846,2.441723843949074,2.565063051997972,1501996000,2.4793649435043337,2.176551806926727,-0.04431344609115129,0.5444773259123713,63.10122986687958,0.1410392275856558,0.14892507229404445,103.20999908447266,0.0019415294058306998,2257.830078125,-0.002632735737263081
2017-01-04,2.564818859100342,2.5920911118417016,2.4945497882761907,2.540494977005113,1199220000,2.4947332620620726,2.194709212779999,0.023331583012758284,0.5354759904961773,63.71369577795754,0.12905455804672927,0.1449509694445814,102.6999969482422,-0.0031061901111578694,2270.75,0.0008242468901358269
2017-01-05,2.499709367752075,2.599953266354983,2.482756295187001,2.568258574935432,984296000,2.504991114139557,2.2100090408325195,-0.025385610027487515,0.5461181119344396,55.804268055848944,0.11300023293805905,0.13856082214327695,101.5199966430664,-0.01685072106495311,2269.0,0.008480336539755218
2017-01-06,2.533123254776001,2.561378209446912,2.486440931628326,2.526980720512505,822856000,2.5148558139801027,2.2254079961776734,0.013367108774718917,0.5448888473478992,54.91380510745768,0.10179980131422228,0.13120861797746602,102.22000122070312,-0.004479928740801387,2276.97998046875,0.012324040165553551
2017-01-09,2.635824203491211,2.6535144230501206,2.5429513709050635,2.5429513709050635,916248000,2.531808841228485,2.242718684673309,0.040543210253024764,0.5529886248219121,57.28523754788878,0.10005709095015947,0.12497831257200472,101.93000030517578,-0.004492617318241354,2268.89990234375,0.01343104352248714
2017-01-10,2.615922451019287,2.6827515305072924,2.595283865860237,2.6488456349308342,880920000,2.5498060464859007,2.2603574991226196,-0.007550485516281236,0.5479724894758763,55.17754396921024,0.09596386364778953,0.11917542278716169,102.01000213623048,-0.01162675088544507,2268.89990234375,0.004902859752822009
2017-01-11,2.583735942840576,2.609288318255861,2.558920718262107,2.6043745260756723,525664000,2.568933403491974,2.2774114632606506,-0.012304075820814053,0.5402051139719308,49.98876138713478,0.08909572919836828,0.11315948406940302,101.77999877929688,-0.00895811291415105,2275.320068359375,0.0020125810236155672
2017-01-12,2.54147744178772,2.572435213402488,2.496760764705848,2.5608875271263423,625616000,2.584006834030151,2.293325867652893,-0.016355580441551165,0.5461039122088074,47.3777042415028,0.0793283277172736,0.10639325279897714,101.3499984741211,-0.0016745289062903845,2270.43994140625,0.0006346149873293072
2017-01-13,2.5412309169769287,2.5798050435474065,2.5321400141870813,2.545407558613844,457820000,2.592581582069397,2.310270628929138,-9.700058979000836e-05,0.5119831357825126,45.84649899752934,0.07075211286578531,0.09926502481233877,101.18000030517578,-0.010174143055250773,2274.639892578125,-0.0010277156192401993
2017-01-17,2.484229326248169,2.535579639402134,2.4709617823438608,2.530665847070092,580612000,2.5955299019813536,2.3262176489830018,-0.022430700944158777,0.5147669949913611,40.136537610216465,0.05867942888849864,0.09114790562757075,100.33000183105467,-0.015697031976167453,2267.889892578125,-0.00044515395526334434
2017-01-18,2.529437780380249,2.536317231429936,2.435090654920114,2.4628542542193763,654424000,2.5986502051353453,2.3434613656997683,0.018198180680990772,0.5151686678509793,31.215724358452334,0.052158434319810265,0.08335001136601865,100.93000030517578,-0.010587215061640731,2271.889892578125,0.0013178149601427158
2017-01-19,2.583735942840576,2.6156764121096825,2.530174413076752,2.53238563127352,644872000,2.602986681461334,2.3619823980331422,0.021466494602671915,0.5187118571840138,43.68631224671325,0.050786472226421964,0.07683730353809931,101.1500015258789,-0.006189794271702409,2263.68994140625,-0.005111424592457836
2017-01-20,2.5554816722869877,2.6240308604784963,2.533614810933331,2.6063406415777077,492024000,2.6015616774559023,2.3781229209899903,-0.010935432713965909,0.5058262201672362,38.16969348529779,0.046878908009647446,0.07084562443240894,100.73999786376952,-0.00601875302945698,2271.31005859375,0.00038323726236111355
2017-01-23,2.582016944885254,2.601918383946501,2.547865245985449,2.5503222600549877,369904000,2.6006526350975037,2.394848115444183,0.010383667739052527,0.506719181867224,47.027053489783036,0.04539996738599994,0.06575649302312714,100.16000366210938,-0.010081010476279184,2265.199951171875,-0.0041500817061422834
2017-01-24,2.637052059173584,2.6431945926340417,2.577347992957356,2.592089838948761,428052000,2.6009228825569153,2.413262803554535,0.02131477657315517,0.5106470238245423,60.530482885790036,0.04811414020373839,0.06222802245924939,100.3499984741211,0.00019930870827744585,2280.070068359375,0.005370708613813502
2017-01-25,2.6483542919158936,2.6854543520534238,2.6124827385223,2.6793118183337445,522760000,2.5984782218933105,2.4329780769348144,0.004285934630297472,0.5027985543767468,57.2835502560041,0.050593922200455665,0.05990120240749065,100.02999877929688,-0.008917086328719237,2298.3701171875,0.011655593299605416
2017-01-26,2.694053888320923,2.7014246950819745,2.621573624615035,2.651057085972964,458800000,2.5890557885169985,2.4436960649490356,0.01725584697807525,0.4379954615870863,67.53876369294751,0.055605754279191455,0.059042112781830816,100.37999725341795,-0.007612498871430562,2296.679931640625,0.014573546328469744
2017-01-27,2.746141195297241,2.749089564687412,2.6743980868683974,2.700933177066229,471996000,2.5921515583992005,2.457580337524414,0.01933417412403049,0.368676875229343,68.59716270368249,0.06305383234150597,0.05984445669376585,100.52999877929688,-0.002084565107462355,2294.68994140625,0.010293567240650336
2017-01-30,2.703143835067749,2.727467701758133,2.651302172192846,2.7252564837524,496004000,2.590419387817383,2.469353494644165,-0.0156573741740319,0.3665698234080861,56.56120583846216,0.0647406700946247,0.06082369937393762,100.43000030517578,0.002695653286687527,2280.89990234375,0.0069309339176670814
2017-01-31,2.682506561279297,2.703882067743787,2.6584282456697395,2.676855616489389,362756000,2.593416893482208,2.478044719696045,-0.007634545199084797,0.3334858015362991,56.48022847426417,0.06367820295973159,0.061394600091096416,99.51000213623048,-0.008370666175019803,2278.8701171875,-0.0005262782001863586
2017-02-01,2.799702882766724,2.8038795244912844,2.699213234344341,2.716903215846679,590004000,2.6080849409103393,2.4887069940567015,0.04368910897706657,0.3197158731013452,68.03457710184833,0.07146910246888671,0.06340950056665448,99.63999938964844,-0.00389882429678845,2279.550048828125,-0.008188441112524147
2017-02-02,2.8350837230682373,2.8436832728784305,2.753267211121038,2.783733390924606,483240000,2.621598184108734,2.4996009349822996,0.012637355384850446,0.3141165035234644,74.80284194405213,0.07958102407454026,0.06664380526823163,99.8499984741211,-0.00527992422592749,2280.85009765625,-0.0068924858733219185
2017-02-03,2.810267448425293,2.8476133011175278,2.7984742062438137,2.8365569754817312,372744000,2.637126088142395,2.5101849937438967,-0.008753277527933867,0.2977546147350497,71.82143728735423,0.08304996611230164,0.06992503743704563,99.87000274658205,-0.0065651650326166155,2297.419921875,0.0011896947031881933
2017-02-06,2.882256507873535,2.882747863702912,2.8009311431123143,2.8009311431123143,506768000,2.654582750797272,2.521880102157593,0.02561644425998688,0.304844027095314,81.5175418293253,0.09056407682593681,0.07405284531482387,99.91000366210938,-0.0051777022949944795,2292.56005859375,0.0051120859087321335
2017-02-07,2.926974296569824,2.9709538234803365,2.8967536754382897,2.916409322069341,746224000,2.6691402554512025,2.5342435359954836,0.01551485392578078,0.2798587760566091,81.50316866455087,0.09898636235995983,0.07903954872385106,100.26000213623048,0.007536930799913355,2293.080078125,0.0062355291029212445
2017-02-08,2.9141974449157715,2.9313960732567126,2.859407160708044,2.909037856413489,449580000,2.6840540051460264,2.5462580728530884,-0.004365208013280553,0.27812700571300303,78.03250506627623,0.10343773337449846,0.08391918565398054,100.27999877929688,0.006423117157454916,2294.669921875,0.006632832235750952
2017-02-09,2.8594062328338623,2.925252823697545,2.840242187080518,2.92033879758688,842568000,2.6978375196456907,2.5572013378143312,-0.018801475575205173,0.28454376243508767,74.67070299829612,0.10137568823833476,0.0874104861708514,100.6500015258789,0.00801204871290162,2307.8701171875,0.011846468805212229
2017-02-10,2.791595220565796,2.965547621911336,2.7665341960033856,2.9466291316755453,1651092000,2.7103434085845945,2.5672109937667846,-0.02371506765614806,0.2930224905594346,65.94385881159681,0.09319542183120033,0.08856747330292118,100.8000030517578,0.00931210853709108,2316.10009765625,0.008130936623029106
2017-02-13,2.662850141525269,2.800439606020517,2.65842747071974,2.785943555580527,1180724000,2.7164243698120116,2.5751616859436037,-0.04611882055537875,0.34439374181502247,51.76469974254844,0.07545406239410202,0.08594479112115735,100.95999908447266,0.010509412309845478,2328.25,0.01556772363387604
2017-02-14,2.672678232192993,2.7063385680432464,2.6114998600572674,2.6532681531761595,850632000,2.7258468151092528,2.58554970741272,0.0036908162853259707,0.33148946278466696,51.66722446722421,0.06147826878703011,0.0810514866543319,101.25,0.009874305233151137,2337.580078125,0.01940621281590249
2017-02-15,2.678084135055542,2.697739780374888,2.647617955104688,2.675627355125955,373020000,2.7332791328430175,2.5956478214263914,0.002022653829942378,0.3271609211223697,48.84139523813478,0.0502592060037208,0.07489303052420969,101.18000030517578,0.0089748856884182,2349.25,0.02378559007754899
2017-02-16,2.63508677482605,2.6888941054821744,2.596021056624743,2.687665598725322,647176000,2.7358466744422913,2.6032005071640016,-0.01605526864024398,0.3262742484953876,41.835319540081585,0.037466598665115036,0.06740774415239076,100.44000244140624,-0.0020864290242328387,2347.219970703125,0.017050289451981282
2017-02-17,2.63459587097168,2.639018543311173,2.574646225228409,2.621574117721611,563740000,2.739802384376526,2.6100013780593874,-0.00018629513800438868,0.3231944440775304,44.624397160892855,0.026977770401014123,0.05932174940211544,100.9499969482422,0.0014880346422945223,2351.159912109375,0.015137434901282276
2017-02-21,2.728943109512329,2.7328741913731034,2.658919615521566,2.659165410650133,551952000,2.7471486926078796,2.617863655090332,0.035810895925321606,0.3441550512154212,53.26423057314465,0.025978863919266182,0.05265317230554559,101.37000274658205,0.004061050572775171,2365.3798828125,0.015947549795984006
2017-02-22,2.7247602939605717,2.7503449196887844,2.7058176953294444,2.7409966730104443,433772000,2.7515341043472294,2.6264235877990725,-0.0015327602606215462,0.337515457854113,43.736834344875376,0.024566517555713485,0.04703584135557917,101.33000183105467,0.0007901415412807644,2362.820068359375,0.010797486884222662
2017-02-23,2.472113132476806,2.617256644904097,2.4521868093195,2.595362182662717,1592888000,2.742722046375275,2.630746283531189,-0.09272271107434948,0.4756340613121849,27.746794396739034,0.0030258285478921287,0.03823383879404177,101.0500030517578,-0.0012848117515901203,2363.81005859375,0.006197747618921001
2017-02-24,2.4959752559661865,2.509259547064378,2.354275838106209,2.387978659180872,1029904000,2.7328181147575377,2.6366420125961305,0.009652520823540511,0.4720922615801902,30.70862707875463,-0.01198173080720677,0.028190724873792063,101.08999633789062,0.006471464363649204,2367.340087890625,0.008571892467953424
2017-02-27,2.5685482025146484,2.5835545340386807,2.498436542055196,2.5141809552666823,715400000,2.723938465118408,2.64321280002594,0.029075987983049556,0.4795166468819354,30.758258464659377,-0.017813951308820464,0.01898978963726956,101.12999725341795,0.0017830639981895047,2369.75,0.00790677307608001
2017-02-28,2.496467113494873,2.5879814533745265,2.479246780408931,2.578140994914625,625360000,2.7136046290397644,2.645747423171997,-0.02806296917036899,0.4858767645325285,24.451818800249455,-0.027930405226946675,0.009605750664426312,101.12000274658205,-0.0024662128166750286,2363.639892578125,-0.0007356070993155273
2017-03-01,2.528693675994873,2.567562590338931,2.487364647355889,2.5532941151158925,504804000,2.705913984775543,2.647816038131714,0.012908867225126519,0.48902681504416995,27.638720091518422,-0.03296732675565606,0.001091135180409839,101.77999877929688,0.00444090535982089,2395.9599609375,0.01402556759268414
2017-03-02,2.435457468032837,2.5299238921772216,2.432751482903964,2.515901521345973,754332000,2.687701714038849,2.6471845531463623,-0.036871293999402255,0.47143275404529533,26.45865592570857,-0.04397558298445814,-0.007922208452563757,102.1999969482422,0.01138044395600235,2381.919921875,0.0076613022334051095
2017-03-03,2.421435594558716,2.42979965614164,2.367068138527173,2.4248796613180583,864692000,2.667019307613373,2.6456731367111206,-0.005757387947918802,0.4660129534653055,28.139629319239603,-0.053217692922515436,-0.016981305346554093,101.54000091552734,0.004451524324252443,2383.1201171875,0.006665721320562534
2017-03-06,2.4027388095855717,2.413317113908869,2.341237356713993,2.385272372570663,883568000,2.646642875671387,2.6420482778549195,-0.007721363729499275,0.4659885574712505,32.34371641864473,-0.06134367423454856,-0.025853779124152987,101.63999938964844,0.00504303520302174,2375.31005859375,0.002346263780462099
2017-03-07,2.4290616512298584,2.448496229648575,2.3899468582881696,2.4027391736851964,603400000,2.623983132839203,2.6386255550384523,0.010955348762534456,0.4549954482547309,33.8255723247821,-0.06491128277537728,-0.03366527985439785,101.80999755859376,0.006823524458765329,2368.389892578125,0.002009612384236359
2017-03-08,2.4246342182159424,2.492039878357767,2.4224202082101702,2.4772794206367585,638712000,2.598866128921509,2.634485297203064,-0.0018226927306165264,0.44714806249621825,33.15081633377626,-0.06731987349337176,-0.040396198582192636,102.06999969482422,0.0028492917960845077,2362.97998046875,-0.013764829549090418
2017-03-09,2.4241421222686768,2.446528561212314,2.3960973712893794,2.40864381838462,478060000,2.5743633627891542,2.629023189544678,-0.00020295677738468854,0.4479612499201039,35.13653810487608,-0.06847902346487755,-0.046012763558729616,101.8499984741211,-0.003424642706186809,2364.8701171875,-0.007158009188687919
2017-03-10,2.4384095668792725,2.4622721609818687,2.4202052829521365,2.4504640338800736,499740000,2.553313529491425,2.6201413297653198,0.005885564414533251,0.4492003381158083,36.43969618617739,-0.06746865793555479,-0.05030394243409465,101.25,-0.0028560263237401573,2372.60009765625,-0.0044143891259940116
2017-03-13,2.505570411682129,2.5154106391498003,2.448004975421962,2.4487430569996578,774136000,2.5390122890472417,2.6165682220458986,0.02754288931404192,0.4614007667296517,33.9576797381704,-0.06055062714699089,-0.0523532793766739,101.37999725341795,-0.0025580690455706545,2373.469970703125,-0.0007746727143969068
2017-03-14,2.503846883773804,2.527709239322605,2.471619999684516,2.518361228224081,522016000,2.5310621261596684,2.6118894147872926,-0.0006878784568531415,0.4351024937795109,34.07805888611813,-0.05457797132360076,-0.05279821776605928,101.6999969482422,-0.001080449985162324,2365.449951171875,-0.00124132492520046
2017-03-15,2.5227904319763184,2.533614610438688,2.4679309889611414,2.5154103209614984,615036000,2.5235677361488347,2.609894094467163,0.0075657774144568535,0.4360741637286243,55.50797915345107,-0.04776540270138696,-0.05179165475312482,100.73999786376952,-0.013030291319988563,2385.260009765625,0.009428784619857522
2017-03-16,2.553785800933838,2.554278011424436,2.519345143155109,2.5333675115119,523100000,2.5173528194427495,2.6108429718017576,0.012286144962599277,0.43900116112261767,56.18733244634841,-0.039411020044050726,-0.04931552781131,100.2699966430664,-0.015513027537807478,2381.3798828125,0.00698125681618178
2017-03-17,2.609384298324585,2.610614355803633,2.5537867794751854,2.571253220302512,1119688000,2.516067695617676,2.6117342805862425,0.021771010462356077,0.44344613173700015,54.53538750939363,-0.027981227343524928,-0.04504866771775299,100.3000030517578,-0.009382685908564947,2378.25,0.0023813125310629957
2017-03-20,2.692533016204834,2.6964692923688727,2.610859156855781,2.626849662922569,748568000,2.5189645528793334,2.615590753555298,0.0318652633625629,0.45773347001953557,71.25321501525849,-0.012074441011144188,-0.038453822376431225,100.41000366210938,-0.009567899167366334,2373.469970703125,0.0
2017-03-21,2.6054484844207764,2.705081046476955,2.597576396684694,2.6753142601689546,913484000,2.512789821624756,2.6170372581481933,-0.032342976394326484,0.45388439473484865,57.43575624675775,-0.0064211728758292175,-0.03204729247631082,99.80999755859376,-0.018584065352630352,2344.02001953125,-0.009059558258676437
2017-03-22,2.6585845947265625,2.663258717844418,2.5904408862328694,2.5943769281717475,616764000,2.5094810366630553,2.6174924659729,0.0203942279509699,0.46074820228992064,73.43675732042595,0.002319979595045929,-0.02517383806203947,99.68000030517578,-0.010522112180577636,2348.449951171875,-0.01543230442092014
2017-03-23,2.6344761848449707,2.670639116630689,2.624882066911097,2.6507125648941625,533940000,2.5175991892814635,2.617863540649414,-0.009068137207073335,0.3106701785041204,71.91296973775277,0.007218844365489918,-0.018695301576533593,99.76000213623048,-0.005086212465443274,2345.9599609375,-0.014873696603654785
2017-03-24,2.643825054168701,2.688598162483514,2.617994550107934,2.6807260758962754,439500000,2.524991679191589,2.6190653228759766,0.003548663441146571,0.30978686613082296,75.28390948702014,0.011720498996471207,-0.012612141461932635,99.62999725341795,-0.006680017726361398,2343.97998046875,-0.01440976328445287
2017-03-27,2.663013696670532,2.666949740211738,2.5481289448391373,2.5973300756279527,506644000,2.5297149538993837,2.6214960479736327,0.007257909320276257,0.29480641358649784,74.90843997144812,0.016644587365659547,-0.006760795696414199,99.16999816894533,-0.012349421849806919,2341.590087890625,-0.013431761600529502
2017-03-28,2.6492364406585693,2.6787571081412884,2.638904242231029,2.664242762366579,432444000,2.5373534202575683,2.6236561584472655,-0.005173558074142659,0.2743643049194236,73.44618763321564,0.019213769085686838,-0.001565882739993992,99.70999908447266,-0.001001888353542979,2358.570068359375,0.006207305699989174
2017-03-29,2.6406264305114746,2.668917042519087,2.638412421376784,2.6566167050259524,349992000,2.5429500579833983,2.626784100532532,-0.003249996872666583,0.2727058204777951,72.22212704679522,0.0203208619989228,0.0028114662077893663,100.0,0.00321026980181105,2361.1298828125,0.0053992769291497655
2017-03-30,2.691303968429565,2.7060644230562194,2.642102844023164,2.6477609205427703,525532000,2.555742383003235,2.6300214242935183,0.019191483252810837,0.23601815505672197,74.1541066599385,0.024999318309039342,0.007249036628039362,100.41000366210938,0.006515652686046147,2368.06005859375,0.009420492260838964
2017-03-31,2.679741382598877,2.7033581071155948,2.6667031976639244,2.681709521178416,440808000,2.568657672405243,2.631941533088684,-0.004296276439348157,0.2351812046987478,68.61184287628734,0.027457511496465692,0.011290731601724628,100.3499984741211,0.00722675138564699,2362.719970703125,0.00799494466272166
2017-04-03,2.666210889816284,2.697453590242617,2.6425941682390675,2.680233259600404,445232000,2.5818312764167786,2.63415611743927,-0.005049178577624769,0.2334209310768778,66.92312127121966,0.027991184666390723,0.014630822214657849,100.54000091552734,0.013814689642809963,2358.840087890625,0.007366788956447712
2017-04-04,2.4792463779449463,2.5687925646744123,2.4684222038493973,2.543699915815808,1271280000,2.584340512752533,2.6321007061004638,-0.07012367723253154,0.35382489719931254,46.63872675881731,0.013175768856323433,0.014339811542990967,100.54000091552734,0.008324158446251007,2360.159912109375,0.0006740710277501893
2017-04-05,2.460796356201172,2.5183617705095864,2.4477579366085203,2.460550250899279,747048000,2.5861486196517944,2.6285755920410154,-0.007441786305670717,0.3550352980811993,42.680142814030944,-5.369847136771355e-05,0.011461109540119233,100.55999755859376,0.005599975585937722,2352.949951171875,-0.003464414092663737
2017-04-06,2.478754997253418,2.490809231351389,2.4209434723510097,2.465962681791643,635120000,2.5888792634010316,2.625183606147766,0.00729789809993453,0.3557005483827671,39.069525446167226,-0.008985455655887709,0.007371796500917845,100.66999816894533,0.0025893287257598985,2357.489990234375,-0.004463598092039889
2017-04-07,2.4681761264801025,2.50261702205979,2.45316980497028,2.4851505863065446,429068000,2.590367591381073,2.6206660509109496,-0.00426781621622041,0.3558125791406671,28.63172035563646,-0.016724771282019546,0.0025524829443303674,101.18000030517578,0.008271069692828537,2355.5400390625,-0.003038841559581118
2017-04-10,2.4051992893218994,2.4755567894207413,2.401017141092664,2.468914761006185,756332000,2.5853490352630617,2.613847212791443,-0.025515536141262007,0.35285508698188534,30.009815327142604,-0.02762153524922173,-0.0034823206943800527,101.0199966430664,0.004774176677622588,2357.159912109375,-0.0007122889719720638
2017-04-11,2.413808822631836,2.4329972906952397,2.370265787558275,2.3751857812463943,618148000,2.580847132205963,2.6080605125427248,0.003579550912125695,0.35335857034266144,23.180678753504267,-0.035157310227300176,-0.009817318600964077,100.70999908447266,0.0016908510781508124,2353.780029296875,-0.00270315701057644
2017-04-12,2.393882989883423,2.4280777891136123,2.3887168893904707,2.4138095450772874,414092000,2.5744017601013183,2.6022880411148073,-0.008254934094858224,0.3523836579201267,23.39510518087303,-0.04225027944387527,-0.016303910769546317,100.77999877929688,0.002187760799963412,2344.929931640625,-0.0034084955896557245
2017-04-13,2.3491101264953613,2.391423121520562,2.3491101264953613,2.369774765206873,506892000,2.5641679763793945,2.59327618598938,-0.018703029169459096,0.3524467846827689,19.778012922759657,-0.05089758882179085,-0.023222646379995226,100.55999755859376,-0.0010926851331313214,2328.949951171875,-0.012106112509797984
2017-04-17,2.441115617752075,2.441361488415217,2.3567355276309656,2.3619016268698814,497292000,2.555754542350769,2.5853968238830567,0.039166103887167125,0.37401882219026017,30.20183025666988,-0.049753047421368546,-0.028528726588269892,100.3000030517578,-0.008697343850205264,2349.010009765625,-0.0027722005096860736
2017-04-18,2.4425911903381348,2.4487414751634287,2.401016297200409,2.426846789638511,370116000,2.543257451057434,2.5780432987213135,0.0006044664887352447,0.3510593279145783,31.148905146955485,-0.04817163116150702,-0.032457307502917324,99.5,-0.015046492710121595,2342.18994140625,-0.006350850710730382
2017-04-19,2.452186107635498,2.484166657681701,2.445543845410722,2.4600581925002243,380828000,2.53559433221817,2.569441890716553,0.003928171580785511,0.3363748249301417,32.84047408971854,-0.04561825885257775,-0.03508949777284941,99.73999786376952,-0.009631627738269866,2338.169921875,-0.006631931288217263
2017-04-20,2.491055011749268,2.4957291354279074,2.4455438322056087,2.4667004414056484,404016000,2.5272178530693052,2.5607235050201416,0.01585071540562999,0.33258328873827,31.364391755917012,-0.03999723396496746,-0.03607104501127302,99.77999877929688,-0.009922603811396646,2355.840087890625,0.00465265767765044
2017-04-21,2.501386880874634,2.5040928656858146,2.4689141247028688,2.480722250377529,341896000,2.5205633878707885,2.5524672937393187,0.0041475876994425676,0.33271253435815606,33.36383000205042,-0.034313293465072725,-0.035719494702032964,99.9800033569336,-0.0057676433546274275,2348.68994140625,0.008475918610634903
2017-04-24,2.53262996673584,2.5456681514819954,2.511965567692377,2.532875837423823,371820000,2.5150036334991457,2.5459317684173586,0.01249030531825679,0.33631845465271165,37.93866853237177,-0.02697670310767908,-0.03397093638316219,99.08999633789062,-0.01206387514507623,2374.14990234375,0.010702335227866122
2017-04-25,2.57666563987732,2.5911799908799704,2.525742475992788,2.547144961761511,388440000,2.510686230659485,2.5416331768035887,0.01738733005605031,0.3418642545202064,61.856450266896836,-0.01740841818267791,-0.030658432743065338,98.81999969482422,-0.00683417392136465,2388.610107421875,0.01981912960814536
2017-04-26,2.558952569961548,2.5926551523528127,2.556984431492168,2.590195272527869,327004000,2.506172037124634,2.5395552253723146,-0.00687441538461131,0.34216501537045846,61.96760902463709,-0.011126520548875973,-0.026752050304227466,98.95999908447266,-0.007820320794093338,2387.449951171875,0.021076325050557898
2017-04-27,2.598805904388428,2.60716996651171,2.548374722488999,2.566333138782757,319700000,2.5040810108184814,2.538077778816223,0.015574080932449386,0.3473775260631204,63.89523588758638,-0.0028988245504608656,-0.021981405153474146,99.08000183105467,-0.007015403455661762,2388.77001953125,0.013977999529717566
2017-04-28,2.565840721130371,2.598805457115776,2.560182410968773,2.5919173243375804,348248000,2.4978078484535216,2.5358329105377195,-0.012684742328155751,0.34171373916403985,60.74720258162686,0.000950709827146401,-0.01739498215735004,99.0500030517578,-0.009301863112122999,2384.199951171875,0.015119070908254484
2017-05-01,2.623406410217285,2.6285727454194583,2.569531160085289,2.576665399545936,307732000,2.4949910998344422,2.5355993032455446,0.02243541020019113,0.3525006125164376,74.30134370358323,0.008548027231610966,-0.012206380279557838,99.13999938964844,0.000504622601733784,2388.330078125,0.005972738186098336
2017-05-02,2.545668363571167,2.597821810729194,2.523035824091062,2.596591753358493,629972000,2.4889639735221865,2.533820753097534,-0.02963248330237911,0.3669161672494839,62.72555538937652,0.008201602363263838,-0.008124783750993504,98.9800033569336,0.001619142507624849,2391.169921875,0.0010716752998620738
2017-05-03,2.564610242843628,2.574204359178248,2.524019299486796,2.5387795145568868,336904000,2.4932321667671205,2.53053409576416,0.007440827542001038,0.2652817589088746,66.50796856283692,0.009347754418478349,-0.004630276117099133,99.20999908447266,0.002526273265085699,2388.1298828125,0.000284794091826468
2017-05-04,2.554771423339844,2.581831988892328,2.546899100987264,2.570761704209603,209788000,2.497930920124054,2.5271343183517456,-0.0038363800235292622,0.26391628917996496,71.32656966515589,0.00935434658772083,-0.0018333515761351409,98.76000213623048,-0.0032297102231572117,2389.52001953125,0.00031396911124459415
2017-05-05,2.555016040802002,2.5621502781136383,2.527709383260617,2.543207914979648,228428000,2.501743972301483,2.5287923765182496,9.574925565658532e-05,0.2632385009985712,64.58725826732316,0.009272422796071655,0.0003878032983062182,98.6500015258789,-0.004038379743106835,2399.2900390625,0.0063292040095914714
2017-05-08,2.528202772140503,2.5683015260264623,2.5168863823507848,2.566825597589288,365240000,2.504745304584503,2.529436926841736,-0.010494364118779687,0.2660072727806803,60.29608177660533,0.00696361864675632,0.0017029663679962387,99.1500015258789,0.00010088900839266834,2399.3798828125,0.004626581890295078
2017-05-09,2.532384157180786,2.581339409891652,2.5254960233618737,2.533860319918817,847672000,2.5111045479774474,2.5287136459350585,0.0016538962326755335,0.2463928559597021,59.77226944416521,0.00540892681051508,0.002444158456500007,99.58999633789062,0.006162790061315038,2396.919921875,0.0024046806324375947
2017-05-10,2.98380446434021,2.9968428832950087,2.8049584129302483,2.8116004404431463,2129096000,2.539604330062866,2.5384603929519653,0.17825901567081903,0.6702812023089172,79.94031468070523,0.04013995996793751,0.009983318758787508,99.66999816894533,0.004636620186650786,2399.6298828125,0.00481548348051164
2017-05-11,3.111974000930786,3.208654451120682,2.9498562779856843,2.9533003449728,1939792000,2.575508880615234,2.5501259994506835,0.04295507233209994,0.6749687775961032,82.4530461400589,0.07711779843789657,0.02341021469460932,99.62000274658205,0.00870798493063285,2394.43994140625,0.0020589582153678343
2017-05-12,3.1461682319641118,3.188235344208412,3.0942611311987243,3.11517163467724,962620000,2.615361785888672,2.564340214729309,0.010987955240981506,0.6640354662195156,82.50792054693459,0.10793794902029052,0.04031576155974556,99.25,0.00608209290259043,2390.89990234375,-0.0034969247494681666
2017-05-15,3.3041043281555176,3.306564442825433,3.1828234433201725,3.18725169664791,1087540000,2.658511221408844,2.581993589401245,0.05019950763815584,0.6703815701609612,84.39180998752643,0.14345361941184764,0.06094333313016598,98.91000366210938,-0.002420553303843276,2402.320068359375,0.001225393931130414
2017-05-16,3.365605354309082,3.381103887048324,3.2807335205995947,3.3550270502767536,1120700000,2.7046619296073913,2.6012509202957155,0.018613524285383765,0.6679308713203956,86.62064534480598,0.17455055278031084,0.08366477706019496,98.11000061035156,-0.014860887458191141,2400.669921875,0.0015645078359842746
2017-05-17,3.141986608505249,3.317634713145954,3.1378044605022555,3.2989382170921804,1271368000,2.739151954650879,2.615509419441223,-0.06644235501869744,0.7299229314633193,71.1333171682571,0.1790865344974013,0.10274912854763622,97.41999816894533,-0.022574496250979625,2357.030029296875,-0.017752676702665338
2017-05-18,3.273599624633789,3.282455896465316,3.1255040565459296,3.185775456842391,1156032000,2.778279185295105,2.63248872756958,0.041888471380580716,0.7368976565323072,75.57345132133469,0.19109853816067623,0.12041901047024424,97.87999725341795,-0.017466426874032437,2365.719970703125,-0.011994441876148176
2017-05-19,3.3492023944854736,3.4038729919494792,3.329993717322693,3.374567599581658,1018372000,2.820669960975647,2.650989933013916,0.023094690408312246,0.7363652179009358,75.88774673521291,0.20436288121083246,0.1372077846183619,97.1500015258789,-0.02115867480222766,2381.72998046875,-0.0038353432805827703
2017-05-22,3.4206197261810303,3.4349029953138306,3.381956001440817,3.392791811678894,836608000,2.8650694489479065,2.670634136199951,0.02132368345763358,0.7365291728174824,81.34918424731282,0.2181233601322723,0.15339089972114398,96.9800033569336,-0.01951269066543493,2394.02001953125,-0.003455013733367096
2017-05-23,3.374568223953247,3.442537347676648,3.342061261948861,3.440321006604809,681248000,2.904964578151703,2.6880140924453735,-0.013462911961627966,0.7439162346906779,78.46747048850749,0.22274500172910683,0.16726172012273655,97.3499984741211,-0.007746428819716877,2398.419921875,-0.0009372383847933152
2017-05-24,3.4124929904937744,3.4740592188272266,3.4004258274917563,3.4713501488358234,815996000,2.947641599178314,2.706187014579773,0.01123840563403955,0.7397628839732614,79.5625665919812,0.22685287892383021,0.1791799518829553,97.23999786376952,-0.001847673050287435,2404.389892578125,0.02009302499017296
2017-05-25,3.4048585891723637,3.448447488118839,3.360038337532559,3.44770862953154,608228000,2.987944233417511,2.723828377723694,-0.0022371917957568765,0.7424234867650138,79.14255356444414,0.22687707116273081,0.1887193757389104,97.25,-0.0064364249192493395,2415.070068359375,0.020860498396850558
2017-05-26,3.4930214881896973,3.5777365834344166,3.3765382909423374,3.39673195908136,779140000,3.034303271770477,2.742613091468811,0.02589326302645767,0.736243368367333,81.74940525907735,0.23134346932094152,0.19724419445531663,97.4000015258789,0.0025733401551559787,2415.820068359375,0.014313162352650677
2017-05-30,3.5676400661468506,3.602609499324451,3.5228198105537465,3.5388269272658746,989652000,3.0815149545669556,2.7617782068252565,0.021362186923111537,0.7361384379056255,82.55797736720986,0.23815887045776352,0.205427129655806,97.27999877929688,0.0030933740150447253,2412.909912109375,0.007890448878461687
2017-05-31,3.5548341274261475,3.620094179153557,3.4981930752321357,3.612459933020621,887316000,3.1319732427597047,2.7790242290496825,-0.0035894704856069826,0.7201486650952215,74.80040159910669,0.23976295463615482,0.2122942946518758,96.91999816894533,-0.004417055078743237,2411.800048828125,0.005578725739846524
2017-06-01,3.55508041381836,3.5715802595612605,3.5097676640077573,3.570595036404311,503340000,3.1814967513084413,2.7980168676376342,6.928210526391254e-05,0.7220208329112859,71.65027199674199,0.23830702115893176,0.217496839953287,97.1999969482422,-0.00041136277669762134,2430.06005859375,0.0106763741167204
2017-06-02,3.537349224090576,3.5782290542240065,3.53143882495269,3.552124987078774,487456000,3.230625641345978,2.8155921602249148,-0.0049875636170882975,0.7224808756252293,69.4257009549392,0.233036129126881,0.2206046977880058,96.72000122070312,-0.005449858913078365,2439.070068359375,0.009937599871089331
2017-06-05,3.6449673175811768,3.657773105835991,3.509521787390748,3.521096222752997,817376000,3.2851232051849366,2.8358019828796386,0.030423372608416432,0.7209093185738034,67.81737601777846,0.23483574961809284,0.2234509081540232,96.8000030517578,-0.006160148508433938,2436.10009765625,0.008394677055004074
2017-06-06,3.628467082977295,3.686339249859544,3.615168802818321,3.6402876459761,758728000,3.3401364207267763,2.8554948234558104,-0.004526853923845775,0.71799431755324,64.41846049224492,0.23225325978248668,0.2252113784797159,96.63999938964844,-0.0065789411768027994,2429.330078125,0.0068051301597373826
2017-06-07,3.672302484512329,3.691018671400762,3.637333051205008,3.652847673825219,612612000,3.3971323370933533,2.8756805992126466,0.012080969878625947,0.7155769762474271,86.2355232608527,0.23108002188806864,0.22638510716138646,96.75,-0.001754005077971632,2433.139892578125,0.008848098232840274
2017-06-08,3.9387614727020255,3.9402389552156487,3.738055419401065,3.779181618403672,1161744000,3.444880187511444,2.9014710998535156,0.07255910680382893,0.4562137784969739,88.37730296886859,0.24878341550856575,0.23086476883082235,96.91999816894533,-0.0028806459679826535,2433.7900390625,0.0015349334497141154
2017-06-09,3.684123992919922,4.149564874852214,3.515432383652875,4.05696938059714,3692928000,3.473487687110901,2.9223410511016845,-0.06464912423534497,0.5219547167109553,66.01510119717405,0.23950549570715074,0.23259291420608805,97.2699966430664,0.0056864703827728125,2431.77001953125,-0.0029929639672202635
2017-06-12,3.693234443664551,3.735838351752813,3.4996704154833407,3.592512242113929,1697532000,3.500840997695923,2.942379660606384,0.0024728947131358314,0.5223977990730847,63.861724740817564,0.23023382246678548,0.23212109585822754,97.13999938964844,0.003512358751774469,2429.389892578125,-0.0027544866011790514
2017-06-13,3.728450775146485,3.811442022470796,3.5868482657887526,3.802330059333889,1672504000,3.5220583200454714,2.9633538484573365,0.009535363113041706,0.49882449058384504,68.19445619170554,0.2231552237503367,0.2303279214366494,96.9800033569336,0.003518252994955784,2440.35009765625,0.004536238047879948
2017-06-14,3.7363317012786874,3.793957748715853,3.6570345004214713,3.731406524540149,1184640000,3.5405946373939514,2.9847562646865846,0.0021137267480466626,0.49695949809828144,67.18055266039158,0.21569491147021402,0.22740131944336234,96.94000244140624,0.0019638495235787534,2437.919921875,0.00196455177585797
2017-06-15,3.7523388862609854,3.782629273760976,3.6077811625177807,3.619109467765831,963824000,3.5711122512817384,3.0102181148529055,0.004284198048267518,0.41789314900137864,68.27247264967764,0.2086688022297296,0.2236548160006358,97.43000030517578,0.005262093952389968,2432.4599609375,-0.0005465048766131186
2017-06-16,3.733868598937988,3.809718332422443,3.699884154995973,3.7619428783927376,924960000,3.5941256999969484,3.0356795597076416,-0.004922339874638082,0.4021313514026765,63.66683099921587,0.1993126105058094,0.21878637490167052,97.16000366210938,-0.0011308007068269177,2433.14990234375,0.000567439684434401
2017-06-19,3.874239921569824,3.8794114624953737,3.7742563272961287,3.7779501508963578,778176000,3.620377576351166,3.0635892581939697,0.037594071379952076,0.41302035722239244,66.18983292396288,0.20090860443056746,0.2152108208074499,97.52999877929688,0.00401481770742107,2453.4599609375,0.009907865523319126
2017-06-20,3.86857533454895,3.9830885539008505,3.8643890171355855,3.9163507866385032,1095444000,3.6427753567695618,3.0915972423553466,-0.0014621157015435315,0.4109137475539439,66.69282361035849,0.19941759438783757,0.21205217552352745,97.75,0.007939746508694556,2437.030029296875,-0.0013604885473456063
2017-06-21,3.9271864891052246,3.930880547378999,3.834344651837719,3.896157245089008,682652000,3.6704062700271605,3.1220369863510133,0.015150578569024686,0.4049963789361287,68.64046654016157,0.20065239264502743,0.20977221894782744,97.55999755859376,0.006395658155282868,2435.610107421875,-0.0009474529628309414
2017-06-22,3.900096893310547,3.9486111988620407,3.876209169796709,3.935312684859292,469132000,3.6947864651679994,3.1517627477645873,-0.006897965215003077,0.40813008962986835,68.00286536206083,0.19717219682706721,0.2072522145236754,97.54000091552734,0.001129021964559218,2434.5,0.0008386732341993941
2017-06-23,3.7882936000823975,3.9234929972504022,3.7732712360801353,3.9077320094161863,1088588000,3.713958215713501,3.179650959968567,-0.02866679887361634,0.4264468589253515,57.08373731322462,0.1832797898537466,0.20245772958968966,97.3000030517578,0.0014409158539689937,2438.300048828125,0.0021166581144114183
2017-06-26,3.7469208240509033,3.8565086391354506,3.652847631406404,3.8210464772321058,1063960000,3.726653182506561,3.2076071739196776,-0.010921216885247276,0.4233273281768876,55.71395744839417,0.16700637445215083,0.1953674585621819,97.43000030517578,-0.0010253099084660544,2439.070068359375,-0.005865142617867081
2017-06-27,3.6097512245178223,3.738055226323667,3.60408718955668,3.729435991631379,999492000,3.7287587404251097,3.2309798860549925,-0.03660861971051288,0.44115993032674455,47.23191192728075,0.14141103678783873,0.1845761742073133,96.47000122070312,-0.013094616667998715,2419.3798828125,-0.007242482149252494
2017-06-28,3.737070322036743,3.7417493688115258,3.5893112715841275,3.677227937134784,994948000,3.7378705501556397,3.256869468688965,0.035270878683870466,0.45712978608386107,39.82102316071772,0.1299026969749968,0.17364147876085,96.0500030517578,-0.015477598858375075,2440.68994140625,0.0020856515453338
2017-06-29,3.6122138500213614,3.711704710956979,3.5481849153602543,3.708749746147875,1064424000,3.74072722196579,3.280070023536682,-0.0334102548938211,0.4749744582831079,45.823757420611145,0.10944575836285386,0.1608023346812508,95.62999725341795,-0.019581747428560226,2419.699951171875,-0.006079297115680893
2017-06-30,3.560006618499756,3.6429978901487767,3.533902543868302,3.62945324114478,731060000,3.741860091686249,3.301449055671692,-0.014452973630367127,0.47779560081782774,42.63152925588727,0.08800631780902002,0.14624313130680464,95.66000366210938,-0.016855080557151125,2423.409912109375,-0.006106769643016818
2017-07-03,3.431209087371826,3.586848511692932,3.412739265058736,3.572072747785073,709072000,3.7311721801757813,3.3200454998016355,-0.03617901451604799,0.4814076793033775,35.102475285147435,0.05993166739556566,0.12898083852455686,96.1999969482422,-0.012624482737153775,2429.010009765625,-0.004124546778812688
2017-07-05,3.522819757461548,3.551632661051754,3.475536796977167,3.4944991131568592,820188000,3.725889813899994,3.33984929561615,0.026699238594023456,0.49236986736368754,40.127535710395726,0.044560850384824935,0.11209684089661048,96.29000091552734,-0.0018658681755789885,2432.5400390625,0.005439474942935174
2017-07-06,3.533408641815185,3.580199103829385,3.441798163885764,3.4937601661978737,746284000,3.718945121765137,3.358984155654907,0.0030057979353639297,0.4902161619239059,39.826023292031465,0.032855068853226754,0.09624848648793374,95.81999969482422,-0.0023946210268170898,2409.75,-0.012676719349457133
2017-07-07,3.614185094833374,3.632408793356978,3.5671484830296434,3.590051229761068,654972000,3.7027163028717043,3.3800888061523438,0.022860773040021876,0.41693377506594287,44.742600676690316,0.02975316141136597,0.08294942147262019,96.01000213623048,0.0039736996102333055,2425.179931640625,0.0022647355371876454
2017-07-10,3.785091638565064,3.7924795201053314,3.661466689441692,3.687570756750056,958492000,3.707764685153961,3.4038145208358763,0.047287711959193235,0.38923630622680533,46.186247665075626,0.04061739512170792,0.07448301620243775,96.0500030517578,0.004076932623021667,2427.429931640625,0.0016588277167484122
2017-07-11,3.838777780532837,3.846412027139257,3.7469209264610814,3.7887859831142303,757956000,3.7150418519973756,3.429273262023926,0.014183577861307972,0.3917809519742178,48.77557258489579,0.052949038041807395,0.07017622057031167,95.73999786376952,-0.004781695416478771,2425.530029296875,-0.001432674404287737
2017-07-12,4.002051830291748,4.014118761027232,3.8555243445048655,3.8983743960142174,1145208000,3.7287219047546385,3.456846170425415,0.042532821406569665,0.4166676342344206,52.83267882678845,0.07503188432132202,0.07114735332051375,95.79000091552734,-0.0051926471621766,2443.25,0.004402789169146715
2017-07-13,3.955753326416016,4.095385396459517,3.90945558928085,4.0141179919748,1369132000,3.739692986011505,3.485047869682312,-0.0115686917209058,0.42024909406215505,52.075698992347036,0.0877848674582471,0.07447485614806043,95.7300033569336,-0.000939222898948544,2447.830078125,0.015802501556178017
2017-07-14,4.06213903427124,4.06361628146636,3.965110432332924,3.972005818286618,941948000,3.755182993412018,3.514998445510864,0.026893918572928666,0.4286108636608835,60.25446558424039,0.10526273273678788,0.08063243146580593,95.11000061035156,-0.009374039223558062,2459.27001953125,0.014056725212781673
2017-07-17,4.044899940490723,4.124936203975414,3.9833337284910897,4.096123073966858,930792000,3.7707345604896547,3.544801015853882,-0.004243846317192879,0.4284235514482042,61.363568172135,0.11638144326327504,0.08778223382529975,95.12999725341795,-0.009578404675782082,2459.139892578125,0.013063182802590001
2017-07-18,4.087010860443115,4.101540487664975,3.972251089544156,3.984071882828523,776640000,3.781373107433319,3.575440912246704,0.01041086814802239,0.41096027847682853,69.62323797170248,0.12712567511626016,0.09565092208349182,94.66000366210938,-0.011280491181928864,2460.610107421875,0.014462850470323474
2017-07-19,4.065834999084473,4.122475833465685,4.053768067307539,4.096125393381831,687044000,3.791236090660095,3.6061935567855836,-0.00518125889108767,0.41170654096611126,64.81036629728976,0.13240555244122865,0.10300184815503918,94.8000030517578,-0.010335085648893294,2473.830078125,0.012516147805177624
2017-07-20,4.124937534332275,4.125183663982333,4.036528609515007,4.086274042184916,699596000,3.8011236429214477,3.638044624328613,0.01453638311960792,0.411468035249176,74.55196625204798,0.13974804543706876,0.1103510876114451,94.2699966430664,-0.015251297008979425,2473.449951171875,0.010466360911170591
2017-07-21,4.139713287353516,4.169265285238735,4.090213984466443,4.104497489253721,648332000,3.8131044626235964,3.6611628007888792,0.0035820549761687026,0.409878091830824,78.79160483558896,0.14508683311998194,0.11729823671315247,93.94000244140624,-0.012301526247892713,2472.5400390625,0.005395918067500061
2017-07-24,4.091692924499512,4.156460739838933,4.081103709854206,4.146856513798631,652524000,3.828274428844452,3.680757179260254,-0.011599924806556583,0.39648126726348254,85.66514287067925,0.14378554856274262,0.1225956990830705,93.9800033569336,-0.012088656887279003,2469.909912109375,0.004379587986740763
2017-07-25,4.07199239730835,4.08627590865817,4.028403473971443,4.068790831542939,496556000,3.844528007507324,3.6992736625671387,-0.004814761897991571,0.39398626425839356,82.15140856964433,0.13955588984808642,0.1259877372360737,94.0500030517578,-0.006444121981327933,2477.1298828125,0.00671369077969608
2017-07-26,4.119028091430664,4.184780891174555,4.084304544471581,4.129371175692267,640404000,3.8699918508529665,3.7155721378326416,0.011551026999315095,0.36329551057418896,82.88193397658571,0.13840380930535767,0.1284709516499305,93.66999816894533,-0.011919882346369981,2477.830078125,0.0016169259301075378
2017-07-27,3.983089685440064,4.155475357227491,3.8801508705660455,4.143900685361436,782856000,3.8822928190231325,3.727921824455261,-0.033002544040282245,0.3731984485527967,69.5053429556287,0.12507984134464856,0.1277927295888741,93.86000061035156,-0.004349167787363051,2475.419921875,0.0007964465592649184
2017-07-28,4.048348426818848,4.072728880769241,3.922507378594652,3.9473798569263776,513348000,3.9040995478630065,3.7460490608215333,0.016383949780828022,0.3490346571093755,65.67000404458983,0.1184212493333443,0.12591843353776816,93.26000213623048,-0.0072386660368664035,2472.10009765625,-0.00017793095331097852
2017-07-31,4.002051830291748,4.097848887109207,3.955507954597738,4.061894224591559,559672000,3.926201808452606,3.7606181049346925,-0.011435921923222181,0.3468536702598821,59.80492126666309,0.10816169804217468,0.12236708643864948,92.86000061035156,-0.011917458039752193,2470.300048828125,0.00015795584965960785
2017-08-01,4.05081033706665,4.0525341834867605,3.9648641456317457,3.99269181792412,431384000,3.9571818709373474,3.7746502637863157,0.012183377138158535,0.30910420906112096,53.39497954459584,0.10278054360472932,0.11844977787186545,93.02999877929688,-0.010845340131457437,2476.35009765625,-0.0003147938110393822
2017-08-02,4.048348426818848,4.085780796267162,3.971514181257852,4.081840843512401,478444000,3.9834583044052123,3.7872048377990724,-0.0006077574714558054,0.30293195571045395,56.86641768509369,0.09719685946896073,0.1141991941912845,92.83000183105467,-0.008967613476148606,2477.570068359375,-0.00010493446177783916
2017-08-03,4.099820137023926,4.103513961932302,4.030865763883714,4.047858110003429,442420000,4.011778879165649,3.8017098760604857,0.01271424906613694,0.30313142859523157,53.04200439768906,0.09582052702032806,0.11052346075709323,92.80999755859376,-0.011186906508947936,2472.159912109375,-0.0013169522216479601
2017-08-04,4.117794036865234,4.188225599388966,4.099816717080307,4.12247284653204,589096000,4.036959326267242,3.8158158969879152,0.0043840703349380394,0.2978705879726131,55.87778422875951,0.09508404743087251,0.10743557809184909,93.54000091552734,0.003002345838335474,2476.830078125,0.0019133450434447585
2017-08-07,4.244375228881836,4.244867488072287,4.137249671124847,4.146854361894251,717412000,4.059923505783081,3.8326062297821046,0.030740049376768885,0.27270005936304315,61.167694944069666,0.10352109956660316,0.10665268238679991,93.43000030517578,0.006138269341780189,2480.909912109375,0.004294969465868492
2017-08-08,4.193892478942871,4.298801029766987,4.154736252219313,4.282301416320592,755336000,4.077679240703583,3.846623649597168,-0.011894035568637551,0.2778333112877128,58.72494254434499,0.10492448401323662,0.10630704271208725,93.63999938964844,0.0065570312625578,2474.919921875,-0.0005775337593031393
2017-08-09,4.238464832305908,4.240927537398053,4.129123168722092,4.1478393516520216,530784000,4.089499890804291,3.860040144920349,0.010627919906585737,0.2406147139514571,57.89120083577444,0.10838391045465112,0.10672241626060004,93.5199966430664,0.0074328859032823935,2474.02001953125,-0.0014328752488020902
2017-08-10,4.056967735290527,4.252009469050086,4.046870785341834,4.239695943607912,1328088000,4.094560611248016,3.8700828170776367,-0.04282142336819594,0.2868202992103128,45.330648628954876,0.09538074211601799,0.10445408143168364,93.4000015258789,0.006357116504745575,2438.2099609375,-0.013732910644484675
2017-08-11,3.840747356414795,3.915611862477242,3.76563672072678,3.8698066224747034,1497196000,4.083491027355194,3.8757961559295655,-0.05329605581895225,0.330307885440702,38.098381580173324,0.06685776527810106,0.09693481820096712,93.06999969482422,-0.005024601412261798,2441.320068359375,-0.01433687764019187
2017-08-14,4.14709997177124,4.150793794088579,3.92053629862057,3.932110729270711,1279020000,4.08860102891922,3.8879911708831787,0.07976380296006114,0.44083762223086703,52.80063654063281,0.0681871770685305,0.0911852899744798,93.45999908447266,0.0003210829412274574,2465.840087890625,-0.00607431335785058
2017-08-15,4.112131595611572,4.178376636947612,4.07790078698944,4.152272803609251,764532000,4.089857065677643,3.8973344564437866,-0.008432007040508616,0.440923048103473,49.74050584763425,0.0656621770731558,0.08608066739421501,93.8499984741211,0.0022426215916429015,2464.610107421875,-0.004165716378134121
2017-08-16,4.06706428527832,4.150548251270074,4.034803928406367,4.127153257098159,596632000,4.089918529987335,3.906106400489807,-0.010959598272912152,0.44241447059457767,53.39164297015153,0.05934050073027297,0.0807326340614266,93.48999786376952,-0.00032077395609175774,2468.110107421875,-0.002388789121639645
2017-08-17,3.976438283920288,4.07568298613232,3.97422217839117,4.058691121461727,525444000,4.082493567466736,3.9121891164779665,-0.022282903588732084,0.4460782004391939,47.153946191142026,0.04648195077232842,0.07388249740360696,93.62000274658205,0.002355473416584264,2430.010009765625,-0.0033631029744141117
2017-08-18,3.97717809677124,4.047610156016509,3.931372856670068,4.030617817555207,601204000,4.074366807937622,3.9129574489593506,0.00018604912188457945,0.4457317520576387,48.9787212048286,0.0359368958387174,0.06629337709062905,93.43000030517578,0.0038680628723757327,2425.550048828125,-0.006459628024869324
2017-08-21,3.91930627822876,4.012886978060727,3.8754712455131295,4.001558907981509,623672000,4.065747475624084,3.9176610946655273,-0.014550974870715772,0.44672914191869456,44.640743825518314,0.02264900806297021,0.05756450328509728,93.0999984741211,-0.003851921826215521,2428.3701171875,-0.015195620708388424
2017-08-22,4.006560325622559,4.012475928530424,3.9365596513816015,3.9557852433005176,450456000,4.062475872039795,3.9239276123046873,0.022262625372883704,0.4545591123330953,48.40707636458022,0.01894059825226968,0.04983972227853176,93.5500030517578,-0.003196541579550627,2452.510009765625,-0.0049095382753694405
2017-08-23,4.086667060852051,4.097758757496956,3.964658397758096,3.973285690816658,579520000,4.060857820510864,3.931091938018799,0.019993892196555008,0.45848022005841427,49.50932869605311,0.022209582569859165,0.04431369433679725,93.1500015258789,-0.003636713505823841,2444.0400390625,-0.009752428907848887
2017-08-24,4.071630954742432,4.123146009580043,4.045257796631876,4.118708955384752,469700000,4.065284883975982,3.9377979230880737,-0.003679307828537426,0.4420060151186514,48.274118064008675,0.023318190507147563,0.040114593570867316,93.27999877929688,-0.003631744897567679,2438.969970703125,0.003687211534722845
2017-08-25,4.037616729736328,4.105892263816767,4.031207965031281,4.095786424167436,357200000,4.064748299121857,3.9435034799575805,-0.008353955794172752,0.4396470293313513,41.69517593002253,0.021207638144055352,0.03633320248550492,92.73999786376952,-0.0073852342839823,2443.050048828125,0.00721485834046387
2017-08-28,4.066208362579346,4.069412744891163,4.001137211678048,4.056595685770407,389496000,4.067956125736236,3.9501502752304076,0.007081314239770542,0.43804233849600965,44.7795329257917,0.02159320300780987,0.03338520258996591,92.20999908447266,-0.00955960691981994,2444.239990234375,0.006535195328978505
2017-08-29,4.059553146362305,4.081243842851111,3.999411743635115,4.007545872350043,324096000,4.068393266201019,3.9538565397262575,-0.0016367130317983536,0.4361696008460371,42.450992463969655,0.021118306915002272,0.030931823454973185,92.3499984741211,-0.012827413559492684,2446.300048828125,-0.002532083829534848
2017-08-30,4.083710193634033,4.09480189217792,4.048956079496078,4.079273138115142,384400000,4.070161354541779,3.958159236907959,0.005950666588359743,0.4365773512111008,51.301131887069275,0.022432630762369676,0.029231984916452486,92.87999725341795,-0.002898596543618348,2457.590087890625,0.005544119004418091
2017-08-31,4.17638635635376,4.180329778067489,4.096526425131839,4.1039205759083695,612684000,4.07398966550827,3.9631432342529296,0.022694108623133147,0.4416009937062497,68.56169943003192,0.030599699398065283,0.02950552781277505,92.66999816894533,-0.006539457743720889,2471.64990234375,0.01339907093288395
2017-09-01,4.201527118682861,4.237020733205557,4.180329582520131,4.188956874900141,445432000,4.078176319599152,3.969171838760376,0.006019740556534758,0.44179117592489425,54.36881424023236,0.038655216271109794,0.031335465504441995,92.80999755859376,0.0007547950877362375,2476.550048828125,0.013712367462987096
2017-09-05,4.089378833770752,4.15518951341106,4.031455939128873,4.150259765318706,695364000,4.070426499843597,3.975193543434143,-0.02669226729810248,0.43817446198120946,48.37500042569567,0.035579701449069745,0.03218431269336755,92.30999755859376,0.0010844645387046992,2457.85009765625,0.0055682369473750715
2017-09-06,4.086914539337158,4.135964740597152,4.052160891648545,4.12216182008233,397672000,4.065077602863312,3.981993417739868,-0.000602608497222934,0.43645203413000594,51.5095660120101,0.03256806148896185,0.03226106245248641,92.29000091552734,-0.000649675794099358,2465.5400390625,0.007864934738317064
2017-09-07,4.105892658233643,4.138181420776897,4.0657161121993095,4.103674130978046,352868000,4.058448994159699,3.9919162464141844,0.0046436299838954476,0.43486305275395754,61.048719928275155,0.03135129252632929,0.03207910846725499,91.52999877929688,-0.01453486772224688,2465.10009765625,0.0030558431215317317
2017-09-08,4.034659385681152,4.109096880811328,4.01050428099938,4.094308108371186,498856000,4.05733357667923,3.9978680276870726,-0.017349034298216326,0.411317666417665,54.379008136330626,0.024358277522628313,0.030534942278329653,91.33000183105467,-0.01445987228194101,2461.429931640625,-0.0041348779588217255
2017-09-11,4.165542602539063,4.176141610240828,4.074837286594804,4.080260198718993,567444000,4.073573338985443,4.008934602737427,0.03243971903115561,0.3748397328018624,66.88078402913305,0.02904265882152579,0.030236485586968884,91.86000061035156,-0.010235933339427628,2488.110107421875,0.00466780737955208
2017-09-12,4.180577754974365,4.190190435728111,4.115506577369466,4.190190435728111,411488000,4.075247228145599,4.021346025466919,0.0036094103145498657,0.24735490378794167,63.240912544327955,0.033581173038333745,0.030905423077241857,91.91000366210938,-0.004333158997545161,2496.47998046875,0.015716940121505596
2017-09-13,4.199309349060059,4.22814738394143,4.123146491575563,4.155435255594529,580960000,4.079606115818024,4.036708030700684,0.004480623297439035,0.24539771286123063,59.453899891785284,0.03824855580718811,0.03237404962323111,92.5199966430664,0.0024920980090743505,2498.3701171875,0.013315572898781047
2017-09-14,4.1753997802734375,4.253287987195401,4.135962749183316,4.160364194736825,513712000,4.08502289056778,4.049759631156921,-0.005693690747497038,0.24264402952943748,58.58134650707386,0.039562140172376026,0.033811667733060095,92.12000274658205,0.006446017427661266,2495.6201171875,0.012380843909854944
2017-09-15,4.439382076263428,4.439382076263428,4.255506645978332,4.260682739411377,1364792000,4.108170080184936,4.067879099845886,0.06322323846381539,0.3118057350313414,74.06972126918649,0.061198867885927655,0.039289107763633604,91.87000274658205,0.005912634454188215,2500.22998046875,0.01576321484083998
2017-09-18,4.622763156890869,4.712729373202375,4.556459814682428,4.563361270821203,1684460000,4.140449333190918,4.088050661087036,0.04130779407520402,0.3354299967364442,78.12655431274797,0.09208198727980665,0.04984768366686822,92.0500030517578,0.0020683914668384595,2503.8701171875,0.0063341287504175
2017-09-19,4.6178364753723145,4.67945692272929,4.550546770090856,4.572483822356566,874280000,4.175375843048096,4.1047055578231815,-0.0010657438746803916,0.3268403287820318,78.26328776818988,0.11483578443558518,0.06284530382061161,91.79000091552734,-0.0013056548993644057,2506.64990234375,0.004073704557843172
2017-09-20,4.580615520477295,4.668855914365321,4.540438979699561,4.621531570243472,724920000,4.204078602790832,4.1195423126220705,-0.0080602583251973,0.32754393018940353,74.82760296648694,0.12838497059808063,0.07595323717610541,92.51000213623048,-0.0001080253696341682,2508.239990234375,0.003950524775722997
2017-09-21,4.455404758453369,4.503222284491781,4.377762865237528,4.477094993615732,1075600000,4.222515487670899,4.128609371185303,-0.027334920703163235,0.3450940217151675,63.50203103641467,0.12754903035769338,0.086272395812423,92.26000213623048,0.0015197501679800052,2500.60009765625,0.001995488189269201
2017-09-22,4.412024021148682,4.49360981093543,4.40216499384882,4.444066917658335,491232000,4.239535140991211,4.137734785079956,-0.009736654615358997,0.34766985367858255,60.009496056007684,0.1219799695825694,0.09341391056645229,92.16999816894533,0.003265433910901283,2502.219970703125,0.0007959228750635816
2017-09-25,4.214837551116943,4.382445197730314,4.194133176679744,4.381212525846245,874580000,4.248396182060242,4.14078875541687,-0.04469297290462171,0.3868575294014694,55.51940369143398,0.10049668538776046,0.09483046553071393,92.6500015258789,0.006518179839535065,2496.659912109375,-0.002879624237947298
2017-09-26,4.238498687744141,4.40413459207139,4.19881531093468,4.349169283659412,1125620000,4.2570106983184814,4.144660730361938,0.005613771904667386,0.3866584892738092,56.54666119146577,0.08440728917818152,0.09274583026020747,92.97000122070312,0.012855434071318061,2496.840087890625,-0.003913515981610605
2017-09-27,4.331424236297607,4.344734462812006,4.25797258434237,4.328713015744183,713720000,4.270604252815247,4.1495489978790285,0.02192416593690738,0.3924333383717311,59.15553101901823,0.07825259471992041,0.08984718315215007,93.36000061035156,0.009188179164339116,2507.0400390625,-0.00047840365218121406
2017-09-28,4.330190658569336,4.342514555397472,4.28286584166587,4.3385706639466735,435244000,4.2829282760620115,4.154836111068725,-0.00028479725396879374,0.39254819976549005,62.720117757356135,0.07244036813503918,0.0863658201487279,93.08999633789062,0.008996251706504088,2510.06005859375,0.0037830762889141667
2017-09-29,4.406354427337647,4.430016370605665,4.368889096171666,4.413995395407725,619092000,4.294426679611206,4.160464448928833,0.017589010455598686,0.3895967024358898,60.87727407244035,0.07313684033484069,0.08372002418595047,93.08000183105467,0.009873100577059146,2519.360107421875,0.006849971992643589
2017-10-02,4.412024021148682,4.485475678545836,4.3627279443959495,4.45639081931484,503480000,4.304951524734497,4.165910663604737,0.0012866858316842311,0.3894670314959707,60.54344426101312,0.0733013164610945,0.08163628264097927,93.55999755859376,0.00982186743365232,2529.1201171875,0.01300145242877715
2017-10-03,4.421143054962158,4.450967417075299,4.377022612716945,4.418185018321986,390332000,4.321539735794067,4.172499666213989,0.0020668595115904687,0.3737113881963681,60.19483345539461,0.07332228117805428,0.07997348234839428,93.56999969482422,0.0064536782429069905,2534.580078125,0.015115101050086954
2017-10-04,4.458113193511963,4.480296577712749,4.390823532086061,4.427302989913805,427848000,4.340099668502807,4.180222082138061,0.008362122213690926,0.37354827158413617,62.83856734708196,0.07545230981579198,0.07906924784187383,93.45999908447266,0.001071106185382753,2537.739990234375,0.012245496957980384
2017-10-05,4.455649375915527,4.485966894228168,4.425825020310832,4.48251616565208,437364000,4.357587504386902,4.186954507827759,-0.000552659272990419,0.3739983721729911,50.968853001868126,0.07606473643520673,0.07846834556054041,93.95999908447266,0.009345824264770153,2552.070068359375,0.016736655213405838
2017-10-06,4.468713760375977,4.482023985015341,4.412023072739553,4.428044517550407,318800000,4.379290223121643,4.196666989326477,0.0029320943723865067,0.3652125042591465,38.48997475429437,0.07671989637677612,0.07811865572378757,93.8000030517578,0.007735294440689433,2549.330078125,0.011895866182383141
2017-10-09,4.56952428817749,4.602553028952448,4.486706324991137,4.505438987505107,563492000,4.399489307403565,4.20709050655365,0.022559182173492287,0.35709328155388326,46.842672749596446,0.08440076297753674,0.0793750771745374,93.73999786376952,0.001923902414202372,2544.72998046875,0.006172052950418561
2017-10-10,4.6567792892456055,4.755865051096125,4.615616885018204,4.718399722418591,974876000,4.423299384117127,4.220185055732727,0.019094985728353775,0.3605781108660969,54.67196749304881,0.09641721680433513,0.08278350510049695,93.29000091552734,-0.0029923990617728435,2550.639892578125,0.00633628212883508
2017-10-11,4.70632266998291,4.707801688410568,4.6274485823653055,4.673293922482881,529508000,4.448650050163269,4.233295302391053,0.010638979788395897,0.3609754174687762,66.96658934839202,0.10868522419976756,0.08796384892035108,92.95999908447266,-0.005349882354996449,2555.239990234375,0.006895899527667337
2017-10-12,4.708540439605713,4.75931551955687,4.68142730005456,4.70977264134596,528292000,4.4753070831298825,4.2464991426467895,0.00047123195291054465,0.3589938135611103,71.231787862399,0.11723524894729742,0.09381812892574035,93.12000274658205,-0.008939935569129087,2550.929931640625,-0.0004467497710527457
2017-10-13,4.796287536621094,4.806393377062807,4.723822229322731,4.770653416044017,628728000,4.493152356147766,4.260428490638733,0.018635731845329184,0.2942133720525899,99.37209338106742,0.12959774047496797,0.10097405123558588,93.08999633789062,-0.007569367705408281,2553.169921875,0.0015062167833614915
2017-10-16,4.878612518310547,4.881570554708424,4.763012625127096,4.826112073513968,576640000,4.50594482421875,4.275644860267639,0.01716431324454115,0.2646450356783989,99.42898129792242,0.1443737908895386,0.10965399916637644,93.27999877929688,-0.004907180445439585,2557.639892578125,0.00507319527354988
2017-10-17,4.874176025390625,4.902521367394289,4.839668734277744,4.8579082352764695,478596000,4.518761801719665,4.288240876197815,-0.0009093759554116287,0.2646150820798135,98.54497252951127,0.15395127493139338,0.11851345431937983,93.48999786376952,0.002143819769315547,2559.360107421875,0.0034188341792678045
2017-10-18,4.869986057281494,4.88378897449223,4.764985159892221,4.883049935464462,567316000,4.533230328559876,4.301762747764587,-0.0008596259321174138,0.26190214466773293,98.02655638416391,0.15936632879101875,0.12668402921370764,93.36000061035156,0.00430294244641094,2561.260009765625,0.0023559507342783004
2017-10-19,4.875410079956055,4.880339358565424,4.743542357089443,4.792592087671353,570772000,4.55423059463501,4.31450165271759,0.0011137655448625328,0.23611147496379115,97.7423735460305,0.1622254374266907,0.13379231085630428,93.2699966430664,0.0016107591501317575,2562.10009765625,0.00437886038227675
2017-10-20,4.853225231170654,4.919528592398131,4.844351592070808,4.892415922701324,451620000,4.576290655136108,4.330426802635193,-0.004550355441198195,0.23262057095133942,93.44657185358817,0.16084702534438833,0.1392032537539211,93.6999969482422,0.006552805181530452,2575.2099609375,0.008632421553170344
2017-10-23,4.846323490142822,4.901288805556554,4.826111809617768,4.874915176374962,428696000,4.607864952087402,4.350538325309754,-0.0014220937003921463,0.1442334885388432,92.05259097022964,0.15738349208857638,0.14283930142085216,93.94000244140624,0.007075511050026462,2564.97998046875,0.002869867611904553
2017-10-24,4.897097587585449,4.898822951669045,4.829561571937224,4.855442033191164,407244000,4.640794897079468,4.365538277626038,0.010476827959565505,0.14462648921393848,92.263832358091,0.1569267089395474,0.14565678292459122,93.95999908447266,0.0050272888163716,2569.1298828125,0.003817272669951244
2017-10-25,4.773365497589111,4.910409763953196,4.711991875040503,4.857662495132704,828160000,4.662891960144043,4.3787629556655885,-0.02526641296877752,0.1750814834495539,74.79807569918918,0.14491012568701578,0.14550745147707614,93.70999908447266,0.0037489125089218422,2557.14990234375,-0.0016047208819892633
2017-10-26,4.82340145111084,4.834985841433453,4.777062949567125,4.8009717095300655,322744000,4.687552499771118,4.393889698982239,0.010482321864311528,0.17500174389046114,76.17320110571266,0.1378354983406176,0.14397306084978442,94.61000061035156,0.014366934872027448,2560.39990234375,-0.0006635944138385641
2017-10-27,4.975479602813721,4.975725949107551,4.849527067942292,4.875408002716423,572192000,4.7160087585449215,4.413870525360108,0.03152923372527017,0.1937967105217114,77.8491985606804,0.1428535146769665,0.14374915161522084,94.91999816894533,0.013020290933168699,2581.070068359375,0.0022755843254589347
2017-10-30,5.024284362792969,5.07974238241726,4.959705886243587,4.975480985837473,504056000,4.746621775627136,4.434812650680542,0.009809056387578785,0.1933132402617898,76.61555228944155,0.1490503058826862,0.14480938246871392,94.48999786376952,0.005854752055242107,2572.830078125,0.0030604908092948246
2017-10-31,5.097487926483154,5.124107900923452,5.050409926015554,5.056079181826365,411908000,4.780439019203186,4.45837628364563,0.014569948355688256,0.19452500650526988,77.39039441516198,0.15804636326549826,0.14745677862807077,94.5500030517578,0.006279310057833332,2575.260009765625,0.0023860712508680937
2017-11-01,5.107101917266846,5.175377470353398,5.043016603009311,5.160095533477373,502576000,4.81288845539093,4.480387115478516,0.001886025219156151,0.19537446436220163,77.62218488639083,0.164060386254544,0.15077750015336544,94.81999969482422,0.01184506051857892,2579.360107421875,0.008685531128921342
2017-11-02,5.07604455947876,5.122136709285966,5.019600222458373,5.077523577688236,342308000,4.843908214569092,4.50017466545105,-0.006081209713689639,0.1991175617355106,71.04189276719792,0.16442508357335495,0.15350701683736334,94.69000244140624,0.0008455959257853696,2579.85009765625,0.007596545873437721
2017-11-03,5.143827438354492,5.143827438354492,5.061256278961522,5.107101616765413,353640000,4.877663898468017,4.521618595123291,0.013353483816283207,0.19999618816641904,70.3942476221207,0.16824420618560598,0.15645445470701186,94.94000244140624,0.0002107487657689866,2587.840087890625,0.002622950695621018
2017-11-06,5.166995525360107,5.175622346932733,5.09477657044455,5.107100466940725,389944000,4.907537460327148,4.544206171035767,0.004504056032841319,0.19162105198989776,71.88645178213876,0.17116724986020415,0.15939701373765033,94.72000122070312,0.0024341555945974758,2591.1298828125,0.007112714066541237
2017-11-07,5.226152896881104,5.247597255268565,5.17759633285053,5.189673887263075,427700000,4.9360061407089235,4.567405061721802,0.011449085107708479,0.1866718790746938,74.59991252614998,0.1762258664233416,0.16276278427478857,94.91000366210938,0.0038075155868002586,2590.639892578125,0.005972166986703442
2017-11-08,5.155412197113037,5.22541310950757,5.108087841887508,5.2217155636978,522988000,4.9584606170654295,4.5893222427368165,-0.013535903209086042,0.19783567032746327,67.73881715642172,0.17253776527138598,0.16471778047410807,94.87000274658205,0.0005273470989111129,2594.3798828125,0.005823062606654661
2017-11-09,5.060763359069824,5.085657975283052,4.938755152001494,5.059531157134242,978564000,4.976071763038635,4.608863306045532,-0.018359121331988693,0.2137509989413031,62.04237140414415,0.1601316503338266,0.1638005544460518,94.44000244140624,-0.002640194250229322,2584.6201171875,0.0018489522067903774
2017-11-10,5.327454090118408,5.389814007151634,5.216290821075666,5.252030770660649,1253256000,5.002630090713501,4.631884660720825,0.052697728015799195,0.2716684367429287,71.45053513451916,0.16986137187284722,0.1650127179314109,94.38999938964844,-0.005793164499834913,2582.300048828125,-0.002140796523101951
2017-11-13,5.240940093994141,5.352842423431002,5.225658162101513,5.327455122497828,582376000,5.020746469497681,4.652672920227051,-0.016239275770529416,0.2782823300262261,64.8562930902342,0.16864722954880218,0.16573962025488914,94.48999786376952,-0.0024282448687652503,2584.840087890625,-0.0024274332844511637
2017-11-14,5.279145240783691,5.29442717495504,5.206433115372637,5.25006039061927,529292000,5.040994930267334,4.67646824836731,0.0072897507134896955,0.2779901886795878,73.59704314219974,0.16882177670777576,0.16635605154546645,93.83000183105467,-0.011379220202115237,2578.8701171875,-0.004543192368937077
2017-11-15,5.175624847412109,5.225414560420066,5.121892181407678,5.224181888099002,501948000,5.056276869773865,4.698242454528809,-0.019609309585165824,0.29016525120361264,65.65178587320514,0.1587765982105731,0.1648401608784878,93.80999755859376,-0.01117323871930076,2564.6201171875,-0.01147085892168509
2017-11-16,5.215800285339356,5.279639252195286,5.206927115096565,5.249568541787336,441768000,5.07329638004303,4.720440607070923,0.007762432384823104,0.2904893362386962,61.858514481585736,0.15230190243390673,0.1623325091895716,93.93000030517578,-0.005400276609976551,2585.639892578125,0.00039455523225395694
2017-11-17,5.2096381187438965,5.307984377038409,5.194602999228636,5.272737573767167,515664000,5.091117024421692,4.743940181732178,-0.0011814422060562046,0.2894897334403031,59.54801110837639,0.14500193202652234,0.15886639375696177,93.66000366210938,-0.007733824899453512,2578.85009765625,-0.0013359993442437768
2017-11-20,5.276680946350098,5.288758498093586,5.188440068497015,5.225165886505949,396100000,5.112634897232056,4.7661629486083985,0.012868998974225443,0.29057486648227004,59.289618972235054,0.14297828411437674,0.15568877182844476,94.08000183105467,-0.004339041612700156,2582.139892578125,-0.001044627605842896
2017-11-21,5.325239181518555,5.336824044268991,5.284569928943601,5.316366009716276,399176000,5.134041976928711,4.789056177139282,0.009202420169452274,0.2902575999653601,60.869643730341124,0.143637014235229,0.15327842030980163,93.9499969482422,0.0012788566007233548,2599.030029296875,0.0078173429421724
2017-11-22,5.30131196975708,5.352369312100096,5.268753787221783,5.352369312100096,356640000,5.160439300537109,4.811096229553223,-0.004493171282243025,0.2708566638703781,61.30526759134284,0.14060750083628992,0.1507442364150993,93.22000122070312,-0.006289269302263145,2597.080078125,0.012656830038866529
2017-11-24,5.351383686065674,5.352370697085445,5.2931735585641,5.317592437010817,180752000,5.186838412284851,4.834615907669067,0.009445155575495745,0.2706232251032208,60.6049398778016,0.14062591071830433,0.14872057127574032,92.76000213623048,-0.012456064783817777,2602.419921875,0.006489700806767695
2017-11-27,5.281827449798584,5.36124984326041,5.278620840230842,5.3600167852092,422896000,5.202155804634094,4.851464815139771,-0.012997803997535362,0.2594018420022964,55.60171573188432,0.1334891143057746,0.1456742798817472,92.9000015258789,-0.0081144790360278,2601.419921875,0.008751894590252496
2017-11-28,5.197226047515869,5.296380675977868,5.13630281000282,5.28700783401791,512752000,5.210802888870239,4.86295407295227,-0.016017449090643954,0.26666279192960046,48.62307524694941,0.11962753386536296,0.14046493067847035,93.26000213623048,-0.00871598298113041,2627.0400390625,0.017388735061733884
2017-11-29,4.844757556915283,5.182671853381248,4.716744420488004,5.179958749819488,1396788000,5.198166370391846,4.8674924945831295,-0.06781858002290586,0.35886508278539925,38.34004007579897,0.07928689998105831,0.12822932453898794,93.26000213623048,-0.007344277109363251,2626.070068359375,0.010403896360449139
2017-11-30,4.950571537017822,4.999162296178996,4.850430868043166,4.913327168227459,823768000,5.190339851379394,4.87489161491394,0.02184092369111501,0.3688006226153882,45.898489983213366,0.05521843708864527,0.11362714704891942,93.01000213623048,-0.0022527256138460405,2647.580078125,0.019444914473510932
2017-12-01,4.875836372375488,4.936266563816445,4.747330183144864,4.916040837349313,811548000,5.180329442024231,4.883300247192383,-0.015096270013169821,0.3717287243152056,30.387511435826255,0.02977032981299388,0.09685578360173432,92.9000015258789,0.0015092646229439843,2642.219970703125,0.015293476849596921
2017-12-04,4.604025840759277,4.940460674086106,4.550748880749363,4.934293971581735,1240844000,5.15333936214447,4.8871402835845945,-0.0557464424270222,0.41311810023195406,26.174961364975786,-0.01218980040156481,0.0750466668010745,93.19000244140624,0.003121645971626119,2639.43994140625,0.01461510277965683
2017-12-05,4.630664348602295,4.753004331497824,4.454060864696875,4.498951523569661,981488000,5.12652280330658,4.895456819534302,0.00578591623165714,0.41354237279251427,25.530542851683364,-0.04280062201920831,0.05147720903701793,93.37999725341795,0.0012866728976930197,2629.570068359375,0.0009630722254914126
2017-12-06,4.668154239654541,4.689859539097982,4.559133296120606,4.580345560606925,467032000,5.098622870445252,4.904049930572509,0.00809600701539992,0.4119267610223992,29.847111618100612,-0.06330505651297536,0.028520755927019276,93.61000061035156,0.003752932297919287,2629.27001953125,0.0012185322891533623
2017-12-07,4.7354912757873535,4.775202710101896,4.689367092409994,4.734751252731392,542600000,5.077626824378967,4.912131271362305,0.014424766765589014,0.4164489384718374,31.328564517115623,-0.07327674382925764,0.008161255975763894,93.8000030517578,0.008493720001965022,2636.97998046875,-0.004003692935987346
2017-12-08,4.723159313201904,4.804308283622463,4.7147730116167965,4.785315611049121,466876000,5.0607466220855715,4.919990644454956,-0.0026041569643476814,0.41293768150223703,31.179002953152462,-0.08123800305732942,-0.00971859583085477,93.9000015258789,0.010764262471206099,2651.5,0.003512209202780836
2017-12-11,4.801346302032471,4.804306393405347,4.721430891762423,4.737216477573849,372748000,5.034441232681274,4.927890481948853,0.016553959679493024,0.36532512001486755,31.767369805336727,-0.08031252894973573,-0.023837382454630962,93.87000274658205,0.0072969233540192135,2659.989990234375,0.0077857611024769735
2017-12-12,4.707125663757324,4.781121844490045,4.683693798607918,4.757936496844971,455016000,5.007750511169434,4.933792514801025,-0.01962379556651883,0.36690926379592903,27.093158543550416,-0.08618837617571007,-0.036307581198846785,94.0999984741211,0.007710443798249145,2664.110107421875,0.013135241946243381
2017-12-13,4.592185974121094,4.749303734710956,4.584786214093073,4.748070676599605,554280000,4.9734025478363035,4.937213373184204,-0.024418232663982686,0.36996334317643514,25.38102712855546,-0.0989787345582025,-0.04884181187071793,93.43000030517578,-0.0019228747356281328,2662.85009765625,0.012771635425632866
2017-12-14,4.599338054656982,4.67012762320997,4.5532138787023335,4.5857720652052345,438164000,4.944588208198548,4.940037870407105,0.0015574457515861173,0.36777616435895066,23.08899319322093,-0.10730117148682794,-0.06053368379393993,93.48999786376952,-0.003304959252690254,2652.010009765625,0.005699713083981539
2017-12-15,4.724885940551758,4.745111671652065,4.578374060216455,4.643243933912937,670036000,4.920042490959167,4.945422601699829,0.02729694673511851,0.3834103032868632,30.838389270465257,-0.1025835779380273,-0.06894366262275742,93.93000030517578,0.00031947581266655867,2675.81005859375,0.009168417346313351
2017-12-18,4.881263256072998,4.884222877643476,4.735737943659035,4.765336041176935,477704000,4.903623747825622,4.95367359161377,0.0330965270884358,0.40615099294799417,39.640904966509936,-0.08524387032473069,-0.07220370416315207,93.6999969482422,-0.0018110769507357904,2690.159912109375,0.011342118574040772
2017-12-19,4.83711051940918,4.877068455030451,4.808745489534412,4.871888766195575,373100000,4.881645226478577,4.959025316238403,-0.009045350424172649,0.40227379682335673,49.68575568145968,-0.07420934483080366,-0.0726048322966824,93.47000122070312,-0.006694976234151828,2681.469970703125,0.006516195870766683
2017-12-20,4.854131698608398,4.8854563623917,4.7986346728484985,4.876330508912359,288820000,4.858089852333069,4.962972364425659,0.003518873329629413,0.40029557522422016,45.72496316791836,-0.0633605559198882,-0.07075597702132357,93.3499984741211,-0.0008562756158982943,2679.25,0.0061587779042404645
2017-12-21,4.8316850662231445,4.88249542230185,4.823298767625337,4.857583514434146,300904000,4.834608507156372,4.965479612350464,-0.004624232257993577,0.400296631269147,47.94769767639799,-0.055929349460074995,-0.06779065150907386,93.27999877929688,-0.0022462198018086132,2684.570068359375,0.01227750214888057
2017-12-22,4.816392421722412,4.825765260482444,4.717237827112188,4.794933640697398,466276000,4.807858943939209,4.967636651992798,-0.003165074770215992,0.39703518530969495,62.96285300645982,-0.05068973371002272,-0.06437046794926364,93.3499984741211,-0.006174830503250073,2683.340087890625,0.0028141120378448736
2017-12-26,4.869915008544922,4.877561282755458,4.731296003060738,4.761141077178882,355080000,4.787263321876526,4.969109201431275,0.011112588455441719,0.3997673794805843,64.13978788556845,-0.04173735280650526,-0.059843844920711965,93.26000213623048,-0.004695782565017126,2680.5,-0.003590831930061933
2017-12-27,4.863255977630615,4.932318972934472,4.842044185256856,4.856596713057989,329488000,4.7705648183822635,4.968802070617675,-0.0013673813408698887,0.39717568873016595,61.966665379796375,-0.034778944561226766,-0.05483086484881493,93.02999877929688,-0.0047074188045350684,2682.6201171875,0.00042892387270465626
2017-12-28,4.868930339813232,4.917767624290388,4.862764108680652,4.886935998174205,240248000,4.771773457527161,4.968697156906128,0.0011667825441878943,0.3148317233630653,58.85431366270571,-0.028478203288264226,-0.04956033253670479,92.5999984741211,-0.00803427972425641,2687.5400390625,0.0030941640617709876
2017-12-29,4.772736072540283,4.895076043031667,4.772736072540283,4.895076043031667,279964000,4.7628816843032835,4.966752157211304,-0.01975675570594404,0.3119373819163158,52.96020226293042,-0.03089080391625565,-0.045826426812614965,92.12000274658205,-0.01243563516182511,2673.610107421875,-0.004082575853271764
2018-01-02,4.917027950286865,4.920728065591667,4.797401552373363,4.828972733285586,355616000,4.764941263198852,4.96758451461792,0.030232528166968864,0.3271338056580087,56.401912219054424,-0.020918522947960483,-0.040844846039684066,91.8499984741211,-0.01606855944851282,2695.81005859375,0.004647182352844226
2018-01-03,5.240636825561523,5.270975419007631,5.025555448978311,5.034188267328021,914704000,4.796771812438965,4.975332746505737,0.0658139181933628,0.3338184356664604,73.54665160382251,0.012947858435980564,-0.030086305144551143,92.16000366210938,-0.011794965139656277,2713.06005859375,0.012147009361592964
2018-01-04,5.268260478973389,5.378267960718536,5.2460616745547375,5.321784409323797,583268000,4.82865161895752,4.983771486282349,0.005271048983422899,0.3338421891386144,82.33057829379092,0.041537390465530954,-0.015761566022534722,91.8499984741211,-0.012684083851008054,2723.989990234375,0.015421442932534113
2018-01-05,5.312905311584473,5.350149681258216,5.206350951554219,5.283060230076615,580124000,4.860889172554016,4.992087640762329,0.008474302436120906,0.33386621816343043,82.94224943282305,0.06702464704494648,0.0007956765909615179,91.9499969482422,-0.007019455038765998,2743.14990234375,0.020691733880418228
2018-01-08,5.475696563720703,5.549692272506155,5.391341004070175,5.436232122974697,881216000,4.897899436950683,5.006134262084961,0.030640721524111125,0.3436634275869998,83.50931838283303,0.09921567847222157,0.02047967696721353,92.33000183105467,0.0022796252519696747,2747.7099609375,0.027715280290841804
2018-01-09,5.474215984344482,5.520586674179459,5.392820524431343,5.481122237279343,497000000,4.935452270507812,5.019150552749633,-0.00027039105600379365,0.342851662352326,80.71006618591326,0.12318780014195863,0.04102130160216255,92.52999877929688,0.007403378513581194,2751.2900390625,0.020580077699424715
2018-01-10,5.517134189605713,5.520587316474899,5.327704776355258,5.381968265792931,582664000,4.971241664886475,5.0299836444854735,0.00784006429120998,0.3412325996401632,85.26471913357544,0.14398920186823894,0.06161488165537783,92.33000183105467,0.0018445981140426948,2748.22998046875,0.012963193263487716
2018-01-11,5.526999473571777,5.581016435129786,5.505540223060041,5.5496913113668205,406032000,5.012235355377197,5.04003794670105,0.0017881174586347193,0.3270904107954653,85.15453880510452,0.15943266801725287,0.08117843892775284,91.8499984741211,0.0,2767.56005859375,0.01599494437041815
2018-01-12,5.499867916107178,5.549445214940854,5.459416938847152,5.515160467737318,359916000,5.0576194524765015,5.04808554649353,-0.004908912619647099,0.3080154456572637,84.7397077293117,0.16755101248990556,0.09845295364018339,90.97000122070312,-0.01065792017470868,2786.239990234375,0.015708251252988026
2018-01-16,5.429079532623291,5.611602710580234,5.344724433307752,5.526261070695698,702348000,5.0991065263748165,5.054525098800659,-0.012870924277394447,0.31691395896261376,80.11650975149212,0.16635518896418233,0.11203340070498319,90.38999938964844,-0.021011614891506825,2776.419921875,0.01044868685037792
2018-01-17,5.542786598205566,5.552652474196584,5.349904041570919,5.443631980525399,538408000,5.140001559257508,5.063859939575195,0.02094407807051102,0.31269378509289514,81.22723981467877,0.17259315366752404,0.12414535129749137,90.54000091552734,-0.02150651561680106,2802.56005859375,0.018634901738211695
2018-01-18,5.535878658294678,5.590142135856195,5.492467593973574,5.523545728994458,408632000,5.172732329368591,5.071700963973999,-0.001246293680713828,0.29992128372214244,81.20847806367397,0.1749625136710682,0.13430878377220673,90.5,-0.019820229554454172,2798.030029296875,0.018120771981255723
2018-01-19,5.675731658935547,5.699903545658723,5.599022849167659,5.625907839641956,609380000,5.21466338634491,5.081875686645508,0.025263017720108527,0.30109290379822223,83.28919000701597,0.18598133977999876,0.14464329497376513,90.56999969482422,-0.013935751775298266,2810.300048828125,0.01544320243445485
2018-01-22,5.764031887054443,5.765758449945488,5.626152902744159,5.683622983454552,550944000,5.260158395767212,5.092633266448974,0.015557505785158465,0.3016462537196265,91.169753658525,0.19953877057249247,0.1556223900935106,90.4000015258789,-0.006265798473953366,2832.969970703125,0.01677169972168091
2018-01-23,5.892787456512451,5.915479300896999,5.798812528387248,5.817311222525093,475228000,5.313213515281677,5.107380771636963,0.022337761480324625,0.30091982949817897,91.05431091972333,0.2181578427390729,0.16812948062262306,90.12000274658205,-0.002987018972115507,2839.1298828125,0.02258662691598534
2018-01-24,5.81607723236084,5.931757445765686,5.760580217934518,5.8959926508628095,579972000,5.363197755813599,5.122487049102784,-0.01301764652428361,0.30863233839557164,80.56048808208175,0.22413997151003695,0.17933157880010586,89.20999908447266,-0.01468966001331895,2837.5400390625,0.012481438305483428
2018-01-25,5.829644203186035,5.913506267896078,5.814845153664646,5.870341706983181,409884000,5.411184215545655,5.132530851364136,0.0023326668961183294,0.3096524334364,80.26584840789678,0.22735478834502487,0.18893622070908966,89.38999938964844,-0.012265200114381924,2839.25,0.014731782815598837
2018-01-26,6.001806259155273,6.002052776614008,5.860474130528454,5.873300095180098,516356000,5.468111729621887,5.147748174667359,0.029532172113548194,0.3150303655182448,82.65124305833663,0.24101630698713272,0.1993522379646983,89.06999969482422,-0.016561775478130203,2872.8701171875,0.02226455085657708
2018-01-29,6.088630199432373,6.119708817632993,5.934719036455375,5.987255972473869,455116000,5.529096722602844,5.163937873840332,0.014466301731192344,0.31319285445360995,81.30499437179105,0.2558992777175879,0.21066164591527625,89.30999755859375,-0.012057565806269599,2853.530029296875,0.007257422001069491
2018-01-30,5.986762046813965,6.078023872790346,5.880454653575084,5.947051083034607,570832000,5.589798021316528,5.180160617828369,-0.016730881870261283,0.3093584069748713,73.7430856179528,0.2565172593890672,0.21983276861003448,89.19000244140625,-0.010319576973282674,2822.429931640625,-0.005882066640548245
2018-01-31,6.062730312347412,6.1483189276848345,6.029432103138454,6.061990289415672,478576000,5.647083139419555,5.19709921836853,0.012689374479795124,0.30149107242954415,74.52318797714423,0.2601383059903126,0.22789387608609013,89.12999725341797,-0.000896780987285184,2823.81005859375,-0.004838691359324798
2018-02-01,5.932003498077393,6.0898617123392205,5.871820303818327,5.883166223302606,519224000,5.681651473045349,5.2115465259552005,-0.021562366711872394,0.24359944011824028,66.4199230190751,0.24958241935732417,0.23223158474033695,88.66999816894531,-0.00805460594718943,2821.97998046875,-0.006082599112881892
2018-02-02,5.7598419189453125,5.8696029227526765,5.701878771376664,5.845677546493606,718464000,5.706230545043946,5.221209745407105,-0.02902250128272499,0.2740784527491642,59.430964485444576,0.22473420648780973,0.2307321090898315,89.19999694824219,0.001459495384117826,2762.1298828125,-0.03854689904443476
2018-02-05,5.270974636077881,5.75268771025319,5.056386326444,5.599023095999776,1165204000,5.704134011268616,5.220124454498291,-0.0848751215305833,0.4187510904517778,45.59934488543458,0.1637071999768258,0.21732712726723036,89.55000305175781,0.002687330642984209,2648.93994140625,-0.07169719112471973
2018-02-06,5.563997268676758,5.56695688948805,5.031719980393875,5.041586324004498,1114800000,5.708549046516419,5.2253781604766845,0.055591736411183756,0.4511244931535747,50.536790196875366,0.1374034339436081,0.20134238860250592,89.58999633789062,0.004484739158373108,2695.139892578125,-0.04509945052506892
2018-02-07,5.643420219421387,5.79560525767963,5.591623317199242,5.662659404856215,802932000,5.717009258270264,5.231218891143799,0.014274441001571159,0.4534475577777725,52.62525762983578,0.12156495310583093,0.18538690150317091,90.26000213623048,0.012678165798655217,2681.659912109375,-0.05033983998030145
2018-02-08,5.3651957511901855,5.801771162611393,5.364948763250677,5.768719942226253,1144000000,5.709412336349487,5.232886257171631,-0.04930068246091501,0.4876268518437773,42.89905362294473,0.08557598685715373,0.16542471857396748,90.2300033569336,0.0175933824315182,2581.0,-0.08539393692960273
2018-02-09,5.724322319030762,5.892292935670024,5.365195739853088,5.876507348422898,1674604000,5.719278478622437,5.243428182601929,0.06693634016259509,0.5440303043437865,49.19204347599144,0.08505255162558978,0.14935028518429197,90.44000244140624,0.01390140734963885,2619.550048828125,-0.05161952552325133
2018-02-12,5.62442684173584,5.808183488222218,5.550431148244483,5.805223397028802,1093172000,5.72550642490387,5.25902156829834,-0.017451057387669278,0.5480473442359628,44.47487381291266,0.07570432296621643,0.13462109274067688,90.20999908447266,0.0073701397009822145,2656.0,0.0026652392088595267
2018-02-13,5.737888336181641,5.784012510720715,5.555858224254798,5.588169892271492,625524000,5.740946865081787,5.2747679042816165,0.020172987868535275,0.5489522736301358,48.414210462996316,0.07656854425194304,0.12301058304293011,89.69999694824219,0.0012278224673287763,2662.93994140625,-0.011947413661363981
2018-02-14,5.954697608947754,5.983556157007501,5.68658578674114,5.697685192113863,744988000,5.761542415618896,5.296345129013061,0.03778555107093484,0.5592717016374759,52.34310448836524,0.09366839130042681,0.11714214469442945,89.12000274658203,-0.01263017242042419,2698.6298828125,0.0063281591474351195
2018-02-15,6.079995155334473,6.12611932497192,5.957162185061639,6.03781761733539,698900000,5.788748240470886,5.325864515304565,0.02104179836075004,0.5619892534537441,51.49120034106613,0.11599350717495494,0.11691241719053455,88.58999633789062,-0.018175850138843486,2731.199951171875,0.05819447933819255
2018-02-16,6.014387130737305,6.166325191511204,6.00526080761794,6.05286503380497,637656000,5.8056810140609745,5.353538970947266,-0.010790802117597864,0.5595706164226152,48.57250152698392,0.12692914292445678,0.118915762337319,89.0999984741211,-0.014816496363468157,2732.219970703125,0.04301117358891604
2018-02-20,6.143632888793945,6.212448907186307,6.033131890461788,6.036832005208266,686240000,5.824661064147949,5.3830485439300535,0.021489431133575154,0.5616584099897285,52.98478890127628,0.14436066567374795,0.1240047430046048,89.72000122070312,-0.005431746688199124,2716.260009765625,0.022688256688864872
2018-02-21,5.956915378570557,6.21491472726364,5.953215734733468,6.208008474526043,892292000,5.827867460250855,5.407477025985718,-0.030392035722701327,0.5696993119129593,48.068074537795255,0.14147786170538534,0.12749936674476092,90.08000183105467,0.004236397945829973,2701.330078125,0.014416448573179919
2018-02-22,5.976412773132324,6.062301233943619,5.911009274177651,5.990727673516045,534364000,5.835884237289429,5.432542095184326,0.0032730689161555304,0.5672523404779359,50.845131796567266,0.13916231899771692,0.12983195719535212,89.75,0.007069089250472782,2703.9599609375,0.001975105278032796
2018-02-23,6.06970739364624,6.06970739364624,5.985546543870526,6.036141816174472,415300000,5.847887396812439,5.457909317016601,0.015610471373954216,0.5693182504014348,56.07939118803317,0.1432045578974046,0.13250647733576262,89.87999725341797,0.014561473855435825,2747.300048828125,0.005894880618074749
2018-02-26,6.085748672485352,6.120301396429439,6.023553298640436,6.115858970600279,469312000,5.852084517478943,5.485481777191162,0.0026428421995932094,0.5604014733372571,69.62681929756248,0.14601923958777352,0.1352090297861648,89.81999969482422,0.008080821919567605,2779.60009765625,0.017341256363385682
2018-02-27,6.072915554046631,6.143255306258499,6.049962468302239,6.0590939918623965,455436000,5.851298785209655,5.515096368789673,-0.002108716466840188,0.5583182069527226,64.17224267903548,0.14553671306417204,0.13727456644176625,90.36000061035156,0.007133296711333115,2744.280029296875,0.010315661766734818
2018-02-28,5.972712516784668,6.123264036362615,5.9611124025141065,6.0837750668917785,523116000,5.850596308708191,5.542563858032227,-0.016499988575535807,0.5582244884375636,59.06514212263492,0.1355067224955624,0.1369209976525255,90.61000061035156,0.00588364529888552,2713.830078125,0.004627350097355043
2018-03-01,5.731088638305664,6.024294423214244,5.630144774605524,5.97049055395094,1040120000,5.834014225006103,5.562687911987305,-0.04045463058869592,0.5744407083803075,60.27988265388281,0.10682939231390431,0.13090267658480126,90.31999969482422,0.0063509715300749114,2677.669921875,-0.009722791551020182
2018-03-02,5.837954521179199,5.844371724315521,5.475396195597562,5.623726701513456,913428000,5.829311776161194,5.581821737289428,0.018646698667206252,0.574179682481854,53.719805767896766,0.09166888334309942,0.1230559179364609,89.94000244140625,0.0006676144840003229,2691.25,-0.020401866498722443
2018-03-05,5.815988540649414,5.85547749706635,5.664696117433588,5.787852553284611,620776000,5.832119107246399,5.6013992977142335,-0.003762615904268518,0.5642607818042719,56.608014874917274,0.0769940601089738,0.11384354637096349,90.08000183105467,0.0028947020386755895,2720.93994140625,-0.02110381140778561
2018-03-06,5.976661205291748,5.99591234882591,5.858194295412294,5.901138538474955,636808000,5.867403435707092,5.6238498878479,0.0276260284076133,0.4704435812207739,57.976772333761424,0.07743645891286377,0.10656212887934355,89.62000274658203,-0.008189440668117443,2728.1201171875,-0.005888579859510745
2018-03-07,5.968762397766113,6.020838626112976,5.872754780872229,5.873988605003276,581208000,5.88764169216156,5.6465914344787596,-0.0013216087133467447,0.43398530034410965,50.54609277800817,0.07627049659007312,0.10050380242148947,89.63999938964844,-0.010705233574320405,2726.800048828125,0.004779212526115906
2018-03-08,5.952473163604736,5.996157881288934,5.908294633822878,5.996157881288934,411912000,5.903094339370727,5.669313049316406,-0.0027290806830363445,0.4327744420082471,44.59082868230319,0.07318838781045311,0.09504071949928221,90.12000274658205,-0.0022143152005971167,2738.969970703125,0.0228930565068306
2018-03-09,6.054898738861084,6.0677322060541785,5.983818503411695,5.999860572775875,505524000,5.937579488754272,5.693012723922729,0.01720723007750946,0.38822857686554324,51.66635611720332,0.07811027567808981,0.09165463073504374,90.08999633789062,0.0016677106116613771,2786.570068359375,0.03541851123432416
2018-03-12,6.16423225402832,6.244197324313273,6.087969126491726,6.096113965432735,605060000,5.95957498550415,5.719032249450684,0.018057034457986898,0.319788367911114,50.86142056226834,0.08979807193327627,0.09128331897469025,89.9000015258789,-0.001998227148278242,2783.02001953125,0.02281567379723759
2018-03-13,6.113637447357178,6.281219097922496,6.072420849801904,6.206930271607963,619772000,5.984035515785218,5.743926391601563,-0.00820780343538785,0.31321803743524584,57.395761326651105,0.09389578445649871,0.09180581207105194,89.66000366210938,0.00044633914641201144,2765.31005859375,0.013632076231522516
2018-03-14,6.1390581130981445,6.183729979108367,6.076862745441587,6.156581143998968,505496000,6.0040940046310425,5.77125283241272,0.004158026372982793,0.30760584732832036,57.632612764372965,0.0980640649317337,0.09305746264318829,89.69999694824219,0.0006693168117164472,2749.47998046875,0.008317416471505412
2018-03-15,6.153865814208984,6.234818029641485,6.111908741245239,6.152631990333052,401952000,6.014052414894104,5.795989589691162,0.0024120477177511646,0.2797785799569872,54.26344754350458,0.10139351365556859,0.09472467284566435,90.13999938964844,0.00022188906410303133,2747.330078125,0.0030522815187086216
2018-03-16,6.182003021240234,6.201007019603322,6.13264158303472,6.170156238411266,399456000,6.019152808189392,5.814816913604736,0.004572281535012213,0.2707124434734263,54.81718742691649,0.10509113798977765,0.09679796587448702,90.2300033569336,0.001554079528628849,2752.010009765625,-0.012402364823396517
2018-03-19,5.948030948638916,6.154113949382239,5.849308538979073,6.125237944657044,713772000,6.015834999084473,5.828412322998047,-0.03784729185628555,0.30158073004751546,44.88266363627837,0.08812607846587817,0.09506358839276527,89.9000015258789,0.0,2712.919921875,-0.0251884992433713
2018-03-20,6.159790992736816,6.198539475828768,5.95099272055054,5.95099272055054,554696000,6.016642904281616,5.8453500366210935,0.035601705156957486,0.3188221908319141,57.023688469415525,0.09072261849951158,0.09419539441411454,90.37000274658205,0.00791879383753269,2716.93994140625,-0.017491751797300337
2018-03-21,6.134616374969482,6.219517691114243,6.1042589350562935,6.153373231955915,438688000,6.0255279541015625,5.858528432846069,-0.004086927267015761,0.29821666531045565,68.09024225382461,0.08971483712562467,0.09329928295641657,89.77999877929688,0.0008918822048662456,2711.929931640625,-0.013657145749329413
2018-03-22,5.969009876251221,6.117834224409769,5.93174235690678,6.0714347105756685,551196000,6.025157809257507,5.868424310684204,-0.02699541236090508,0.3149053814981286,55.581291545991135,0.07469209869134374,0.089577846103402,89.86000061035156,-0.003106265600097524,2643.68994140625,-0.03772394789543543
2018-03-23,5.749845027923584,5.985051149517886,5.738738728610121,5.982583030698724,735620000,6.0091646909713745,5.873078527450562,-0.036717119400258236,0.3349225270673302,47.58821825500733,0.044587719154686845,0.08057982071365898,89.44000244140625,-0.00875541268021729,2588.260009765625,-0.059501963807880864
2018-03-26,6.033918857574463,6.0351526816287056,5.822159155652889,5.873988239350757,611424000,6.00657320022583,5.883216915130615,0.04940547584696642,0.38222180722156757,51.91540799763153,0.043154704855614234,0.07309479754205003,89.02999877929688,-0.009677449742106936,2658.550048828125,-0.02004109026900358
2018-03-27,5.565974712371826,6.170156417472876,5.426035704164232,6.114624915566505,1409000000,5.98122615814209,5.884539051055908,-0.07755227676209464,0.47087653324815953,39.69696873598088,0.004211303666608046,0.05931809876696164,89.37000274658203,-0.011065618785076725,2612.6201171875,-0.038396072960212524
2018-03-28,5.463057041168213,5.661489029596808,5.355696441631368,5.531669156590106,945904000,5.955743384361267,5.885218601226807,-0.01849050283589182,0.47163400618748486,38.012341082171254,-0.034557856832948985,0.040542907646979515,90.05999755859375,0.003118721130584756,2605.0,-0.03942945958634558
2018-03-29,5.715785503387451,5.812286451836281,5.447013349214397,5.531174174623569,916628000,5.9549782276153564,5.888678579330445,0.046261362514566695,0.4831009011795692,42.26346842626747,-0.0443780584509188,0.023558714427399853,90.1500015258789,0.003227252543485326,2640.8701171875,-0.0010666244080234089
2018-04-02,5.455653190612793,5.791309911841081,5.368037066415771,5.645447485330812,922092000,5.9358631610870365,5.887074069976807,-0.04551120972270406,0.5040312571481065,34.87515984921552,-0.07231751135356568,0.004383469271206749,90.05000305175781,0.006820221307028529,2581.8798828125,-0.002465025510981267
2018-04-03,5.561778545379639,5.685181664595065,5.463056144156406,5.622246280923235,667432000,5.923152661323547,5.884795007705688,0.019452364558188773,0.510200396402968,38.493184789192384,-0.08491742465653296,-0.013476709514341191,90.1999969482422,0.013141617263701555,2614.449951171875,-0.016588026121866384
2018-04-04,5.583744525909424,5.594110342828621,5.281653457528875,5.306580846417261,789168000,5.903506827354431,5.881189260482788,0.003949452562801659,0.4989261619448265,38.404445707419455,-0.0920691597131027,-0.02919519955409349,90.13999938964844,0.008615828794923619,2644.68994140625,0.012274966424614897
2018-04-05,5.463798522949219,5.655073329960512,5.392471604503686,5.641992719061245,701240000,5.878258633613586,5.872609481811524,-0.02148128418190287,0.5031836926150338,36.19671645799886,-0.10619149186293253,-0.0445944580158613,90.45999908447266,0.0044415005187921075,2662.840087890625,0.022203488633637303
2018-04-06,5.28782320022583,5.469225926853435,5.258700058045322,5.361371538375999,662988000,5.845026135444641,5.8620444011688235,-0.03220750581930343,0.5130362096749538,33.11266937707204,-0.13008375513930215,-0.06169231744054947,90.11000061035156,-0.00044371508430718354,2604.469970703125,-0.013783391408563772
2018-04-09,5.31645393371582,5.478358880158885,5.296462309575235,5.350759990061053,499524000,5.808103895187378,5.851780595779419,0.005414464970910471,0.5078249157680936,37.0692198515645,-0.14503639571686566,-0.0783611330958127,89.83999633789062,-0.0023321122348711754,2613.159912109375,0.012115214772424165
2018-04-10,5.624960422515869,5.6518621148737465,5.489216724568028,5.546229181270128,761676000,5.781140303611755,5.844243679046631,0.05802862070215009,0.5509221853196715,39.46724568184879,-0.1304883868552169,-0.08878658384769356,89.58999633789062,-0.006762756441129447,2656.8701171875,0.01622527369346316
2018-04-11,5.583744525909424,5.651369477295768,5.551166109664647,5.610152880284994,460244000,5.754645657539368,5.834145965576172,-0.007327322062829822,0.5508416834145248,39.21944859393768,-0.12089120486264182,-0.09520750805068322,89.56999969482422,-0.006323493440024142,2642.18994140625,-0.0009452903952402725
2018-04-12,5.790075302124023,5.807845479172479,5.6323660988398725,5.676544635374441,593920000,5.737196516990662,5.830212230682373,0.0369520445029663,0.5692352014870782,46.553194100327936,-0.09553493249393075,-0.09527299293933272,89.75,-0.007848762896953465,2663.989990234375,0.00043183304509319953
2018-04-13,5.713564395904541,5.861894905603004,5.665437254136983,5.853503395477916,503036000,5.715181446075439,5.823228912353516,-0.013214147006242793,0.5702181389872871,49.260485638340676,-0.08068362406878737,-0.09235511916522365,89.80000305175781,-0.003440212590101077,2656.300048828125,0.019900432221534592
2018-04-16,5.71331787109375,5.746636771032403,5.619284562649923,5.720228415903643,350792000,5.691747188568115,5.818855199813843,-4.3147288401601536e-05,0.5696306517393704,42.610076338294256,-0.06814817786226968,-0.08751373090463285,89.43000030517578,-0.0045636247710078015,2677.840087890625,0.02475170979071062
2018-04-17,5.862637042999268,5.883862494969339,5.709864064453389,5.765395578606497,447224000,5.687477493286133,5.820911102294922,0.02613528168299384,0.5634366288503475,58.01551088307624,-0.04563884102011606,-0.0791387529277295,89.5199966430664,-0.0007813338283909621,2706.389892578125,0.018638387729335237
2018-04-18,5.833759784698486,5.904840019200666,5.744909844629974,5.812287664851153,391364000,5.671175932884216,5.832166805267334,-0.004925643202705943,0.5474962992438867,60.433448016890644,-0.029786818902592493,-0.06926836612270211,89.62000274658203,0.0005582566922872623,2708.639892578125,0.02514957389343042
2018-04-19,5.652851104736328,5.753054492445861,5.597566736756249,5.719735586781164,471996000,5.647087669372558,5.833943881988525,-0.03101064950200183,0.5570195356987112,48.154082367062124,-0.03145915417612777,-0.061706523733387246,89.94000244140625,0.0021170188457519945,2693.1298828125,0.010938439215216977
2018-04-20,5.6447062492370605,5.728373276907721,5.613608794921182,5.64421243710298,386200000,5.630872488021851,5.833969602584839,-0.001440840267744381,0.5500618615651129,56.50693688350165,-0.0330606115479144,-0.05597734129629268,90.31999969482422,0.0057906083006109554,2670.139892578125,0.0052101959475947535
2018-04-23,5.52549934387207,5.713565522288762,5.4995847963876985,5.662476910211806,427508000,5.619655203819275,5.837175674438477,-0.021118354100552628,0.5397760268659763,48.762465537292925,-0.04344793827517712,-0.053471460692069574,90.94000244140624,0.016884738131249577,2670.2900390625,-0.002819454702417401
2018-04-24,5.459356307983398,5.646928707318935,5.394199450957488,5.55116820008848,414596000,5.590927076339722,5.831876354217529,-0.011970508323745688,0.5060121212080814,45.88108270614008,-0.0563673915566012,-0.054050646864975904,90.7699966430664,0.013963360666600533,2634.56005859375,-0.026540829974778468
2018-04-25,5.3473052978515625,5.468734138552372,5.190336572729784,5.42973851030669,588492000,5.5799936056137085,5.826333923339844,-0.020524582718292272,0.43188458703047183,46.12223751644411,-0.07478564902057983,-0.058197647296096694,91.16999816894533,0.017295194988402374,2639.39990234375,-0.02556264139212372
2018-04-26,5.558570384979248,5.566715224983749,5.442818283861064,5.508715603710221,375824000,5.584769272804261,5.8227475643157955,0.03950870117937111,0.4505617367728661,58.80560359694201,-0.07151059422552741,-0.060860236681982836,91.55999755859376,0.018011953226740207,2666.93994140625,-0.009724722737434077
2018-04-27,5.58596658706665,5.683948996221032,5.543762828458782,5.6642045119618345,400848000,5.578278326988221,5.815372943878174,0.00492864175318064,0.41854147948332376,58.772497014573716,-0.0659442805389503,-0.061877045453376335,91.54000091552734,0.013507542347489965,2669.909912109375,-8.613049428207731e-05
2018-04-30,5.55067253112793,5.651863056426183,5.531421861966759,5.6022549472281975,327844000,5.583029294013977,5.804786491394043,-0.0063183435469230664,0.38479735679872545,47.05886128641899,-0.06364718703558747,-0.06223107376981857,91.83999633789062,0.00989656776251202,2648.050048828125,-0.00832867962245143
2018-05-01,5.605957984924316,5.608672774903444,5.4840353406024684,5.542528778860917,253788000,5.585238265991211,5.796617908477783,0.009960136089158356,0.3802541185669554,50.869765397657446,-0.056711910204059635,-0.06112724105666679,92.4499969482422,0.01850832177268935,2654.800048828125,0.007682493389495448
2018-05-02,5.585472106933594,5.6469265250986265,5.559310423482256,5.60250179763149,268248000,5.585324645042419,5.785454692840577,-0.003654304589119972,0.38034085658655054,40.62429532101896,-0.05226620027315931,-0.0593550328999653,92.51000213623048,0.01469786107489024,2635.669921875,-0.0014131926220948277
2018-05-03,5.750339031219482,5.776500717117908,5.572144880373844,5.617310565547473,443144000,5.599651670455932,5.781323165893554,0.029517097414420768,0.3846880128834337,51.55891965141908,-0.03503569055209077,-0.0544911644303904,92.41000366210938,0.009283596834650965,2629.72998046875,-0.013952305546813148
2018-05-04,5.900150299072266,5.903358900861777,5.704433121841132,5.721709484176091,400660000,5.630268025398254,5.779797916412353,0.026052597427635993,0.3695909781942073,57.028765456194535,-0.009185979909982045,-0.045430127526308726,92.56999969482422,0.011251898284853068,2663.419921875,-0.0024307899697063595
2018-05-07,6.137577533721924,6.194589996888159,5.994676605184203,6.004549080661429,687616000,5.67132420539856,5.781155319213867,0.04024087906489271,0.3893226382863736,59.70037765712609,0.03011139022224185,-0.03032182397659861,92.75,0.009908576855353513,2672.6298828125,0.009282239206639176
2018-05-08,6.180028438568115,6.182743228106615,6.088956593850457,6.137824217780074,506616000,5.699077606201172,5.783040914535523,0.006916556998742829,0.34053821497259573,62.101054700024065,0.06394317529678872,-0.011468824121921144,93.12000274658205,0.00724722358525276,2671.919921875,0.00644864876148854
2018-05-09,6.312808990478516,6.3150304384219496,6.172870009424746,6.200018843032239,596760000,5.735530829429626,5.78783878326416,0.021485427329386964,0.34213418751565133,73.8663899333067,0.10031304323925117,0.010887549350313318,93.04000091552734,0.005729097038787101,2697.7900390625,0.02356900485600577
2018-05-10,6.420170783996582,6.42930230598553,6.347856266346499,6.365626439743799,994080000,5.767035603523254,5.796787948608398,0.017006976399887686,0.3254076986162285,76.16583778878658,0.13622925899345528,0.035955891278941714,92.6500015258789,0.0025970983038487994,2723.070068359375,0.03549417186702453
2018-05-11,6.2819600105285645,6.41178035450204,6.183484734377589,6.238769099936032,1214456000,5.795455384254455,5.8078053760528565,-0.021527585187068987,0.33295753064609934,75.20140786136416,0.15179091323655491,0.05912289567046436,92.54000091552734,-0.0003240658895513615,2727.719970703125,0.02414191179544045
2018-05-14,6.302445888519287,6.379696668096052,6.278752787315298,6.319969396741228,523140000,5.824911785125733,5.817095203399658,0.003261064692609894,0.3325051618236612,78.9687058343183,0.1638874826030694,0.08007581305698537,92.58999633789062,-0.0017251068691037652,2730.1298828125,0.021514389392178312
2018-05-15,6.060574054718018,6.241730123647981,5.960370685970159,6.239014863309367,963528000,5.83480863571167,5.82198691368103,-0.03837745505151735,0.35643636411699925,72.50067915714118,0.15220256892484674,0.09450116423055765,93.22000122070312,0.0010738667436813731,2711.449951171875,0.014794616026192475
2018-05-16,6.071679592132568,6.133627815893792,5.9852973236106655,6.022071490697835,553828000,5.846704626083374,5.823887281417846,0.0018324233503763665,0.3555258700256753,68.52601466561623,0.1421991316325295,0.10404075771095203,93.38999938964844,0.0037618064346200963,2722.4599609375,0.009144492906339341
2018-05-17,6.113637447357178,6.207176942277236,6.057365465556246,6.073408003224552,519784000,5.8697439432144165,5.826784782409668,0.006910419857954375,0.3332748382744543,68.85352258764473,0.1360882432119359,0.11045025481114881,93.47000122070312,0.008850509242519289,2720.1298828125,-0.00107973187360777
2018-05-18,6.069953918457031,6.2286502777763015,6.065017679632463,6.16546820965528,483716000,5.891006326675415,5.829134397506714,-0.007145259966148343,0.335150360360011,68.44320098633627,0.12626492099622322,0.1136131880481637,93.63999938964844,0.011886735068494358,2712.969970703125,-0.0054074465701836605
2018-05-21,6.027998924255371,6.170899933879089,5.935446532494518,6.167197988847313,640624000,5.91613130569458,5.828596401214599,-0.006911913132336411,0.3247458037203676,65.13282797334413,0.11378283230405195,0.11364711689934136,93.68000030517578,0.01177237293872846,2733.010009765625,0.0010549413679021846
2018-05-22,5.989989280700684,6.066499105298722,5.929521527380091,6.041325038578141,518264000,5.942662954330444,5.825111541748047,-0.0063055159817206885,0.3215279204079049,64.32447839239967,0.09967463931517884,0.11085262138250887,93.61000061035156,0.00418364497469903,2724.43994140625,0.004790791077947443
2018-05-23,6.113221645355225,6.114456703859306,5.933188552063605,5.933929492958692,442956000,5.980958771705628,5.825103225708008,0.020573052618238608,0.31145958344994,63.24056482312741,0.0973158204579887,0.10814526119760484,94.01000213623048,0.006638855880009453,2733.2900390625,0.0039780486326310704
2018-05-24,6.116924285888672,6.15915460865383,6.056419623975266,6.109515820940645,437372000,6.008876466751099,5.824660549163818,0.000605677455889575,0.2870947786385373,58.85344284975353,0.09465409814282388,0.10544702858664864,93.77999877929688,0.003316545999200171,2727.760009765625,0.002805059788261177
2018-05-25,6.156192302703857,6.172491588898087,6.093958921436868,6.129520786298463,292112000,6.037387752532959,5.824707078933716,0.006419568884606708,0.28714190795855404,50.907085012905256,0.09462251535531241,0.1032821259403814,94.19000244140624,0.005873590937022222,2721.330078125,0.00308153334248229
2018-05-29,6.139150619506836,6.207064688405136,6.092475594627293,6.138162855583409,352684000,6.066811656951904,5.823850030899048,-0.0027682181385946247,0.285553602905036,47.95747160779033,0.09216000123137036,0.1010577009985792,94.83000183105467,0.01227584886990396,2689.860107421875,-0.015788417235782615
2018-05-30,6.2478132247924805,6.256456748701472,6.14804199393629,6.172737978406287,390996000,6.098904418945312,5.829845676422119,0.01769994124926244,0.28856890648480144,46.672171299216984,0.0978486666415943,0.10041589412718223,94.1500015258789,0.0057686242068843985,2724.010009765625,-0.0001578055122782862
2018-05-31,6.228056907653809,6.302391688798334,6.205336920873894,6.215955973450218,493868000,6.131033658981323,5.831210994720459,-0.003162117116477625,0.2883649644097047,39.19426042644495,0.09961451120388087,0.10025561754252196,93.98999786376952,-0.00021278876722052864,2705.27001953125,-0.01025138903329137
2018-06-01,6.362154960632324,6.368329309955514,6.264112435698902,6.272755959507304,421968000,6.161624455451966,5.835761766433716,0.021531282543953534,0.28088229360257444,54.53165375547322,0.1105600801304103,0.10231651006009965,94.19000244140624,0.004371973421265052,2734.6201171875,0.0025149233793717585
2018-06-04,6.540706157684326,6.56268520054488,6.364130518907523,6.39623496639572,642024000,6.193652248382568,5.847195692062378,0.028064578457588585,0.2829450113769064,61.423008972562904,0.13211912472223286,0.10827703299252629,94.0199966430664,-0.0018049240251967191,2746.8701171875,0.009385130921015339
2018-06-05,6.546140193939209,6.5836780559166925,6.4992178664673546,6.543917371439187,391712000,6.214080381393432,5.86312159538269,0.0008308026876422403,0.251234084770255,80.10484453657793,0.14793796739744458,0.11620921987350996,93.88999938964844,-0.009912500508867494,2748.800048828125,0.02191189840825647
2018-06-06,6.5481157302856445,6.551326316888527,6.43994778921863,6.456247074462109,371356000,6.232484745979309,5.873405532836914,0.00030178644023926005,0.25108473489803684,79.87703028313176,0.15880333743674147,0.12472804338615627,93.66000366210938,-0.0052044381925457905,2772.35009765625,0.01774592887593096
2018-06-07,6.492549419403076,6.556264669584595,6.402409010385018,6.544410560007406,369448000,6.241471767425537,5.891937026977539,-0.008485847405776403,0.24429148953656796,73.36260435666665,0.16107372691351696,0.13199718009162842,93.4000015258789,-0.006277224718589269,2770.3701171875,0.024064177396802
2018-06-08,6.477237701416016,6.519714376552882,6.401174226496955,6.4199431542446455,360456000,6.244325113296509,5.912220640182495,-0.002358352166146216,0.23758540582769602,76.02235738423722,0.15979547647141246,0.13755683936758523,93.5500030517578,-0.006794769859429284,2779.030029296875,0.016239883496158125
2018-06-11,6.436241626739502,6.506130743997913,6.423399755214251,6.46464183801016,265372000,6.252039194107056,5.926629762649537,-0.0063292527719881475,0.22462595521557868,76.11562599327577,0.15370262499446952,0.14078599649296208,93.58000183105467,-0.004679800337391127,2782.0,0.012789058569856682
2018-06-12,6.484646320343018,6.496747253066128,6.41253437046188,6.462667277065748,319160000,6.261149215698242,5.947209625244141,0.007520645807083559,0.22562349748482474,81.2282992774604,0.1510387696234199,0.14283655111905366,93.8000030517578,-0.0009585295396280502,2786.85009765625,0.01384242147563497
2018-06-13,6.480201721191406,6.560957201601177,6.471064079513934,6.486128776463721,338208000,6.282130599021912,5.965578088760376,-0.0006854034795495956,0.1700400871356995,77.25584719417552,0.146875908991575,0.14364442269355793,93.70999908447266,0.000533796929409025,2775.6298828125,0.0011830342636101054
2018-06-14,6.591580867767334,6.648134485955446,6.510331262106211,6.525149137212087,430016000,6.30812566280365,5.985734815597534,0.017187604856758965,0.17675735667170198,80.39202635491819,0.15082555512947327,0.14508064918074098,94.7699966430664,0.01466804170027669,2782.489990234375,0.004374820884647468
2018-06-15,6.550832748413086,6.605657664376299,6.503663593663274,6.534533461803396,432260000,6.329985427856445,6.007475500106811,-0.0061818431984207445,0.1801466068551572,75.22082902381779,0.1489506352590615,0.14585464639640508,94.79000091552734,0.013254920612707055,2779.659912109375,0.00022665563374979492
2018-06-18,6.546634197235107,6.564168069516637,6.479708352578316,6.506873513451628,356268000,6.353819441795349,6.032651720046997,-0.00064091869525984,0.1764814643398767,76.47623798266841,0.14544931064828326,0.14577357924678072,94.75,0.012502651699639822,2773.75,-0.0029654924514737058
2018-06-19,6.425129413604736,6.510824177560597,6.297945737501037,6.4436510475121525,594932000,6.373675966262818,6.054825229644775,-0.018559885884824157,0.19020764684830307,61.33200304495452,0.1313558763115097,0.14289003865972652,95.08999633789062,0.013752593221356468,2762.590087890625,-0.008705172117448257
2018-06-20,6.477978706359863,6.530827609822944,6.427845800449018,6.466124597029383,369780000,6.398075437545776,6.071885595321655,0.008225405179111744,0.18748667776265995,65.32393687563884,0.12303297673682323,0.13891862627514587,95.05999755859376,0.014406130480314916,2767.320068359375,-0.0029938481728352118
2018-06-21,6.349559783935547,6.528110946159926,6.341904024848245,6.5098361362595965,359516000,6.409892344474793,6.087201900482178,-0.01982391857791055,0.19478874946368407,49.22231159590116,0.10486585674289994,0.13210807236869668,94.87000274658205,0.001055250681207598,2749.760009765625,-0.011762838530820052
2018-06-22,6.197433948516846,6.383641374257668,6.182122898633195,6.370305381508679,434160000,6.413917827606201,6.095349073410034,-0.023958485406119223,0.21548592834172298,28.089687245102922,0.077301911395252,0.12114684017400774,94.5199966430664,-0.0028484467755365284,2754.8798828125,-0.00891477018066944
2018-06-25,5.905280590057373,6.094944913252802,5.816869364654443,6.091240680979333,665816000,6.401372241973877,6.099183397293091,-0.04714102012001109,0.2729704727098098,20.055442816184907,0.03151961323841679,0.10322139478688956,94.27999877929688,-0.0049604350469987235,2717.070068359375,-0.020434405278278556
2018-06-26,5.976159572601318,6.066546828493868,5.924792065020964,6.01838990789649,478884000,6.393222689628601,6.104440231323242,0.012002644321979172,0.2773735902881761,24.891746890980755,0.0009452572986647922,0.08276616728924462,94.68000030517578,-0.004311663145489808,2723.06005859375,-0.014309046235324141
2018-06-27,5.821315765380859,6.085808556712581,5.815882356392251,6.019623653064523,453892000,6.37189781665802,6.103613805770874,-0.025910253121480542,0.28113661440207566,22.89604765838152,-0.03537199488025067,0.05913853485534556,95.29000091552734,0.0024195598868157475,2699.6298828125,-0.024460555293484898
2018-06-28,5.948252201080322,5.960106311235396,5.803780999000029,5.811436758848651,338012000,6.3579075813293455,6.105903654098511,0.021805454439415506,0.29501825966607037,30.40624053969944,-0.053296599353457985,0.036651508013584855,95.38999938964844,0.005481149235922578,2716.31005859375,-0.012164680209574397
2018-06-29,5.850456714630127,6.025797314777544,5.849221656298531,6.0132027344304015,392300000,6.332322669029236,6.109855766296387,-0.016441045729774784,0.28525467461378906,29.178488596371693,-0.07453407357945174,0.014414391694977534,94.62999725341795,0.0011637813611753423,2718.3701171875,-0.01325276134643183
2018-07-02,5.982332229614258,5.986036462138636,5.760562974904809,5.781060607474855,357572000,6.304403972625733,6.116608285903931,0.022541063273633366,0.27758307238675567,33.14555129361612,-0.07980374508450794,-0.004429235660919559,94.87000274658205,0.006257997188420905,2726.7099609375,0.003547899883180383
2018-07-03,5.848973751068115,6.022832908507527,5.8405770516988,6.016905854307813,222732000,6.269545650482177,6.123077774047852,-0.022292054908950032,0.2839701001267626,30.506424961323006,-0.09366124389603048,-0.022275637307941742,94.58999633789062,-0.0009506122411814255,2713.219970703125,-0.003613613977984209
2018-07-05,5.99443244934082,5.999371268440468,5.865272791393209,5.904045229786084,306216000,6.241861486434937,6.133779296875,0.024869097462805634,0.30331402309326727,31.939032547530232,-0.09184735114944598,-0.03618998007624259,94.47000122070312,-0.00860530682071392,2736.610107421875,0.013698257248081935
2018-07-06,6.108035564422607,6.116432266565003,5.948746931151813,5.969985509795281,296352000,6.222635793685913,6.148993902206421,0.018951438028846246,0.3136707468723211,37.17274449420627,-0.08031715988962063,-0.045015416038918205,94.04000091552734,-0.0141524109734672,2759.820068359375,0.016018057153663223
2018-07-09,6.15545129776001,6.191754574158034,6.076918631116165,6.182123284924595,303880000,6.206546473503113,6.160931520462036,0.0077628449993945026,0.31593512275171903,38.944754091291315,-0.06658578732706388,-0.049329490296547346,94.08000183105467,-0.00581206211905938,2784.169921875,0.024205609188927557
2018-07-10,6.254234313964844,6.27621335831007,6.127544278022791,6.167798604991752,360016000,6.19744610786438,6.174296875,0.016048054224843122,0.32212613197328305,45.1074885554769,-0.047188650410405764,-0.048901322319319034,94.11000061035156,-0.00801098465508232,2793.840087890625,0.024619460050692155
2018-07-11,6.112974166870117,6.196199295933689,6.102354643227826,6.161625198114032,367508000,6.178862500190735,6.185542907714844,-0.02258632152289408,0.3289269527628075,40.05387102139249,-0.04272231669225679,-0.04766552119390659,94.72000122070312,0.0013744041425702846,2774.02001953125,0.022408816640240525
2018-07-12,6.204347610473633,6.25225769246666,6.1482881230165365,6.158166704103899,345508000,6.165069794654846,6.1975107002258305,0.014947461106366688,0.33485039271682765,45.96153183092465,-0.031447138743087244,-0.04442184470374272,94.80999755859376,0.003598987334575421,2798.2900390625,0.022538808679155586
2018-07-13,6.157179355621338,6.222870610407252,6.115196322029052,6.222870610407252,246988000,6.143349719047547,6.208944845199585,-0.007602451992320569,0.3275316773312842,48.81107901972747,-0.026017647702832214,-0.04074100530356062,94.75,0.00754996892344173,2801.31005859375,0.015033585236243097
2018-07-16,6.129519939422607,6.182369318371083,6.117172182602028,6.129519939422607,197036000,6.122284078598023,6.216528463363647,-0.004492221941444385,0.32738248529478736,57.84926128173578,-0.0236737247019283,-0.03732754918323415,94.51000213623048,0.004570581386126982,2798.429931640625,0.005121817333628043
2018-07-17,6.265100955963135,6.280165654154368,6.054938948356211,6.080375876369563,362136000,6.108207416534424,6.223827476501465,0.02211935320880909,0.3394113124337163,59.67580711299262,-0.010751952088849492,-0.03201242976435722,94.97000122070312,0.009138248908447721,2809.550048828125,0.005623070914327455
2018-07-18,6.21595573425293,6.271521582769676,6.1650823536963735,6.257691944212039,277640000,6.097748732566833,6.225395040512085,-0.007844282487328269,0.33456410406835735,64.22214187566891,-0.0044259433450708485,-0.026495132480499946,95.08000183105467,0.0038006820704397093,2815.6201171875,0.014996322075310653
2018-07-19,6.224103927612305,6.257690724461805,6.182121373623716,6.197185596529078,235752000,6.085054993629456,6.226276550292969,0.0013108512524429017,0.3328101212037838,60.872068832148535,0.0012307677431966368,-0.02094995243576063,95.16999816894533,0.0037970743552553365,2804.489990234375,0.0022156213563737648
2018-07-20,6.195950984954834,6.260407168000561,6.185084640662038,6.221634728892975,222352000,6.07737455368042,6.223939390182495,-0.004523212173976443,0.3261772345509774,64.40780289924237,0.0034028192642558963,-0.016079398095757324,94.45999908447266,-0.0030606956783888473,2801.830078125,0.00018563440689289834
2018-07-23,6.159401893615723,6.1712560036652295,6.008015873799267,6.16952729890954,301584000,6.075472950935364,6.218724012374878,-0.005898867087209214,0.3154569213311748,58.021953428246526,0.002150193434451886,-0.012433479789715483,94.66999816894533,0.0016929005300858613,2806.97998046875,0.003055302093310619
2018-07-24,6.142114639282227,6.293747477234228,6.124580298038588,6.207311771322909,354620000,6.087314653396606,6.215927104949952,-0.002806644968469163,0.26263901835099085,64.84129095555683,-0.00023475242956916276,-0.00999373431768622,94.61000061035156,-0.003790677116186858,2820.39990234375,0.0038617762015489276
2018-07-25,6.220153331756592,6.232748381505611,6.093710129900585,6.151498793777645,319112000,6.09951434135437,6.214281253814697,0.012705508942354227,0.26300217487550326,62.26523233597291,0.004124684283805635,-0.007170050597387848,94.36000061035156,-0.007572583159836999,2846.070068359375,0.010814651801213548
2018-07-26,6.29349946975708,6.33029638173515,6.183356028063561,6.200149426671353,325124000,6.123123526573181,6.218939762115479,0.011791692919533636,0.24296949760549963,60.538816952455484,0.013344166400775848,-0.003067207197755109,94.75,-0.004413136251192773,2837.43994140625,0.011748999385489345
2018-07-27,6.223857879638672,6.336965096782798,6.170020739729758,6.330050277990525,295420000,6.1369038105010985,6.2219833278656,-0.011065638513686249,0.23903782822097241,53.79137412766866,0.014859882620856801,0.000518210765967273,94.68000030517578,0.0023290411056047233,2818.820068359375,0.006063890300494146
2018-07-30,6.029006004333496,6.243860395869334,5.994184624303885,6.237933342437984,340340000,6.145831274986267,6.220290699005127,-0.031307250112929674,0.2595065578772,38.71831446117864,0.00033432684163603454,0.00048143398110102526,94.36000061035156,-0.003274506861620008,2802.60009765625,-0.0015603541325466264
2018-07-31,6.047036647796631,6.121618259325417,5.979863974075255,6.01863642609009,283988000,6.149066495895386,6.219832353591919,0.0029906494453935117,0.24762039301861902,46.23202883125617,-0.009611562416723451,-0.0015371652984638702,94.48999786376952,-0.0012683938886786095,2816.2900390625,-0.0014571916832909482
2018-08-01,6.086796760559082,6.133472267190155,6.023081498023042,6.078400529764167,283556000,6.160957646369934,6.221008310317993,0.006575140036060301,0.23290552600801714,42.86151946589819,-0.014122645433912062,-0.004054261325553509,94.62000274658205,0.002755427453886128,2813.360107421875,-0.011493027280370383
2018-08-02,6.1892828941345215,6.193233949425713,5.956894615261636,6.015670566529503,269668000,6.170700168609619,6.22499418258667,0.016837449582598918,0.22406748152716666,51.82680838455285,-0.009320495883709867,-0.005107508237184781,95.16999816894533,0.004432698352984987,2827.219970703125,-0.003601828026026821
2018-08-03,6.225834369659424,6.249542592631869,6.196940502828129,6.213733434902965,214288000,6.17659010887146,6.227246437072754,0.00590560750738045,0.21535827358062698,55.42573480823265,-0.0025361243038304337,-0.0045932314505139115,95.13999938964844,0.004858460952576804,2840.35009765625,0.007637958001840861
2018-08-06,6.273496150970459,6.276953560080871,6.1668101149710575,6.213238314749932,207508000,6.182492351531982,6.23037787437439,0.007655484948861924,0.21531417767292635,50.524928592299304,0.006610247657397039,-0.0023525356289317216,95.36000061035156,0.010597710825897222,2850.39990234375,0.01705552095265883
2018-08-07,6.345608711242676,6.364130816722767,6.295476274280007,6.322147785866375,258132000,6.187061071395874,6.234166202545166,0.01149479628851946,0.2116801614578456,57.88050471957318,0.019453447048651817,0.002008660906584986,95.22000122070312,0.0077257209592287435,2858.449951171875,0.014970017833606963
2018-08-08,6.381910800933838,6.426857589767848,6.312021679045904,6.346843063904102,262100000,6.20050790309906,6.239021406173706,0.005720820703432938,0.19322682058331295,59.27432982531657,0.03218998424452835,0.008044925574173658,95.0999984741211,0.00507287797089373,2857.699951171875,0.015760457977998632
2018-08-09,6.333507061004639,6.40240841888095,6.325851302236531,6.399691950486458,204280000,6.2069658756256105,6.240735282897949,-0.0075845215389278575,0.19007849173738683,57.89623511223714,0.037940648272649646,0.014024070113868855,95.5,0.003467498554206694,2853.580078125,0.009323684642521535
2018-08-10,6.29226541519165,6.324617157051541,6.240651098980135,6.2517642675789,256396000,6.213720178604126,6.242019453048706,-0.006511660193277868,0.18945460608450673,57.58599603922442,0.03872385035777537,0.01896402616265016,96.36000061035156,0.012823220817004488,2833.280029296875,-0.002489153842411551
2018-08-13,6.325111389160156,6.4456275502576,6.299180817040954,6.300909521848901,375208000,6.223499751091003,6.241278581619262,0.0052200553856491805,0.1887512456837847,60.26601567139505,0.04151636444067108,0.023474493818254345,96.38999938964844,0.010801161626514011,2821.929931640625,-0.00998806191359869
2018-08-14,6.45624589920044,6.470322830415404,6.347337037124369,6.430315329905347,466220000,6.233056998252868,6.239589376449585,0.02073236374382592,0.18680945973697247,62.50000000000003,0.05369198323315505,0.029517991701234488,96.7300033569336,0.015858035253859537,2839.9599609375,-0.006468537336746016
2018-08-15,6.398211479187012,6.510824584219622,6.319678352245854,6.47699095833535,591136000,6.242169785499573,6.236630802154541,-0.008988880058086957,0.18761693706737073,55.63538268004599,0.05798988487026158,0.035212370335039905,96.6999969482422,0.016824379598244787,2818.3701171875,-0.013762758391848262
2018-08-16,6.357710838317871,6.470324431761707,6.297699808218942,6.467854785831434,801260000,6.248850131034851,6.232822704315185,-0.006329994093019042,0.18967510018221928,57.43695635586752,0.05746551297962732,0.03966299886395739,96.6500015258789,0.012041900794543592,2840.68994140625,-0.004517180652319319
2018-08-17,6.046048164367676,6.247319809341985,6.019129356595547,6.246578868545709,1143188000,6.241354990005493,6.223892679214478,-0.04902120934343335,0.25999842193908995,50.83808812728809,0.031537822972651064,0.038037963685696126,96.0999984741211,-0.0026982371791572923,2850.1298828125,0.005947119007437607
2018-08-20,6.120627403259277,6.252997155500136,5.89540080067966,6.005544692799512,854388000,6.239416265487671,6.216760473251343,0.012335204229952046,0.2635612576042807,53.4283207268446,0.016814041334918706,0.03379317921554064,95.9000015258789,-0.005083492757259611,2857.050048828125,0.012445424953227535
2018-08-21,6.255963325500488,6.260408499235665,6.117172349441379,6.1369290435151855,673988000,6.245108699798584,6.213154907226563,0.0221114459882239,0.2748700263235329,57.236435762476624,0.015882729958957675,0.03021108936422405,95.26000213623048,-0.015196952028201705,2862.9599609375,0.00809870572696636
2018-08-22,6.490572929382324,6.495512219838571,6.219906312685981,6.22336372179802,749856000,6.258629679679871,6.213273439407349,0.037501754993595204,0.3015930252909742,61.5793823728304,0.03368736631356306,0.030906344754091854,95.1500015258789,-0.01602890869989293,2861.820068359375,0.015416694530963282
2018-08-23,6.589853286743164,6.655050441011364,6.438220397095309,6.452050039390155,720684000,6.2734473705291744,6.2154664707183835,0.015296085328832199,0.30330699128232047,63.346686961103835,0.055172766707766385,0.03575962914482676,95.62000274658205,-0.010656997030890625,2856.97998046875,0.005734536115699962
2018-08-24,6.722715377807617,6.737285957048397,6.593802986980405,6.598248160623286,531512000,6.298390245437622,6.218089160919189,0.020161615939422006,0.3050619640243299,65.50201986128366,0.08197599346383466,0.045002902008628345,95.1500015258789,-0.009885504301001768,2874.68994140625,0.00861717170921139
2018-08-27,6.813595771789551,6.88768324992913,6.720986188596728,6.752349696120892,505776000,6.337619733810425,6.223344421386718,0.013518405714741277,0.2763164756069071,65.94316187416622,0.10929119122895603,0.05786055985269389,94.77999877929688,-0.011678860571027183,2896.739990234375,0.013891930742525815
2018-08-28,6.776058197021484,6.830389456217588,6.656282980379223,6.807669000126902,475384000,6.374070811271667,6.227932901382446,-0.005509216575994125,0.2792901693414167,63.41633325488348,0.12645205312920194,0.0715788585079955,94.72000122070312,-0.005668705683578579,2897.52001953125,0.01207144321446707
2018-08-29,6.881320953369141,6.906277405595587,6.747643010485658,6.768398815747922,420108000,6.41379702091217,6.237056732177734,0.01553451184848531,0.2813988385068053,67.95207276029784,0.14685315280950206,0.08663371736829682,94.5999984741211,-0.0057803788012364965,2914.0400390625,0.01824711877608065
2018-08-30,6.864518642425537,6.961132583910305,6.827701593908492,6.850187050516337,346608000,6.447558808326721,6.244787530899048,-0.002441727548745831,0.28014584945130955,69.0582287390178,0.15982302487338718,0.1012715788693149,94.72000122070312,-0.009412272537412059,2901.1298828125,0.015453346766716392
2018-08-31,6.935433387756348,6.948282284843679,6.834618819442107,6.844502803952818,306592000,6.483038759231567,6.256505002975464,0.010330621712137056,0.28070411381865273,69.82340824260069,0.17382027725896343,0.11578131854724462,95.13999938964844,-0.00010511966442527942,2901.52001953125,0.009333207640429997
2018-09-04,7.010056972503662,7.047614894699558,6.893922491121525,6.922338244505937,391720000,6.519866800308227,6.2727574634552,0.010759757981246398,0.28122707059488083,68.6734164287657,0.18875880623310248,0.1303768160844162,95.41999816894533,0.0067524730733405924,2896.719970703125,-6.911055640990149e-06
2018-09-05,6.879590034484863,7.027846509784896,6.798790389765232,6.992512159021578,393156000,6.546565866470337,6.29224365234375,-0.018611394818978555,0.2930776569343258,65.4752371433652,0.18790406543090743,0.14188226595371445,95.12999725341795,0.004328505357168666,2888.60009765625,-0.003078467729255907
2018-09-06,6.738747596740723,6.865753901185525,6.705884237101798,6.863282904561591,322796000,6.564407706260681,6.307495412826538,-0.020472504471654385,0.30576191510861844,61.50709123856768,0.17385774566121182,0.14827736189521393,95.0199966430664,0.004439727016065431,2878.050048828125,-0.012350547608108275
2018-09-07,6.717497825622559,6.842774478655888,6.602104687719215,6.646828642312467,295420000,6.583607244491577,6.325419054031372,-0.003153370980750414,0.304146671446016,74.59076284292865,0.15917637098708148,0.15045716371358744,95.37000274658205,0.006862347102006172,2871.679931640625,-0.01015120051892493
2018-09-10,6.788414001464844,6.818065491651865,6.696248130536074,6.7399837840029,220140000,6.608414673805237,6.342222290039063,0.01055693320387685,0.30300782995985837,74.52240452468087,0.1515170245604427,0.1506691358829585,95.1500015258789,0.0001051307157309278,2877.1298828125,-0.00840598601924869
2018-09-11,6.740723609924316,6.82967711783467,6.72145002782594,6.742205830628544,243112000,6.629195284843445,6.360027627944946,-0.007025262679947963,0.3054491108417962,69.02603790025917,0.13998506066100624,0.14853232083856804,95.05999755859376,-0.0037728004324016906,2887.889892578125,-0.0030483022916628633
2018-09-12,6.6270599365234375,6.720461517566138,6.4718848654366425,6.700940977831211,419092000,6.637735986709595,6.37292218208313,-0.016862236160155364,0.3062468612614009,55.91881230867468,0.12028758724159427,0.1428833741191733,94.8000030517578,-0.003468876392176079,2888.919921875,0.0001107194516158927
2018-09-13,6.704648971557617,6.795085185741547,6.675491871219907,6.692788376285597,305536000,6.653057861328125,6.3900356864929195,0.011707912072224769,0.3056704750610865,55.07360974359666,0.10967373379900724,0.1362414460551401,94.54000091552734,-0.005051523305585004,2904.179931640625,0.009079023077843695
2018-09-14,6.830418586730957,6.896392726322241,6.758020233854188,6.794837277185484,386936000,6.676693248748779,6.406755409240723,0.018758568227341677,0.30899194130432905,54.79017559099403,0.11014109731167476,0.13102137630644706,94.9800033569336,-0.00408932975167009,2904.97998046875,0.011596016833637979
2018-09-17,6.768645286560059,6.853893011025709,6.749372174860046,6.804968414447565,205528000,6.712823104858399,6.419967603683472,-0.009043852786841167,0.24418565645540946,47.94765818628962,0.10432431147677956,0.12568196334051357,94.51000213623048,-0.006726215232633059,2888.800048828125,0.004056183241966549
2018-09-18,6.696741580963135,6.875143483659319,6.690070408518071,6.7725997161266855,299520000,6.741628813743591,6.430793409347534,-0.010623057133706926,0.24954216018054204,46.488763511291374,0.09284221145621707,0.11911401296365429,94.62000274658205,-0.004628601128887189,2904.31005859375,0.005685869831057122
2018-09-19,6.720461845397949,6.738252735820211,6.628295993584999,6.678208893027634,224860000,6.764853739738465,6.440117959976196,0.0035420605899210145,0.24083707496383003,42.32488191986021,0.08468044807358233,0.1122272999856399,94.5500030517578,-0.0026371307167945,2907.949951171875,0.006587247072090463
2018-09-20,6.579617977142334,6.640897078892161,6.52575139250349,6.598644128958862,430584000,6.769305992126465,6.449450836181641,-0.020957468622794462,0.22054555261533712,37.84519776677785,0.06608547646766727,0.10299893528204539,93.91000366210938,-0.006663816874519335,2930.75,0.009148905709972732
2018-09-21,6.50969123840332,6.636944968454805,6.476580921521153,6.59147966883762,435128000,6.765297889709473,6.455557708740234,-0.010627780971773748,0.2170744983036808,31.821110044215104,0.045185454296187366,0.09143623908487379,94.22000122070312,-0.00800170677373413,2929.669921875,0.008499177816112091
2018-09-24,6.565287590026856,6.56874689099045,6.39182768271744,6.478804594642573,293912000,6.757426500320435,6.463719873428345,0.008540551246970063,0.2060259029493017,30.694973423091767,0.03273089569538179,0.0796951704069754,94.26000213623048,-0.0026452226679630764,2919.3701171875,0.01058227216929608
2018-09-25,6.632248878479004,6.657205326950609,6.545765898270365,6.631260574276316,280388000,6.748359155654907,6.473774452209472,0.010199292496168244,0.20321927639624768,38.637883010797154,0.027941690221470417,0.0693444743698744,94.12999725341795,-0.005178667078212351,2915.56005859375,0.0038735533648384113
2018-09-26,6.595431804656982,6.67746717990424,6.579617994902832,6.637190838252575,268548000,6.739327836036682,6.480381069183349,-0.005551220181361005,0.20323095236289565,42.720809733778125,0.020934065340479258,0.05966239256399537,94.19000244140624,-0.0038075155868000365,2905.969970703125,-0.0006808853322775033
2018-09-27,6.607292175292969,6.65176916175962,6.5759115150664655,6.630518972690883,214428000,6.725626397132873,6.488207798004151,0.001798270528339252,0.19379480987216208,44.348612815986,0.016151322531856138,0.05096017855756753,95.0,0.011606818181079559,2914.0,-0.00571526059882288
2018-09-28,6.943833827972412,6.966072320606783,6.711071472532862,6.738993303078433,709396000,6.7295921564102175,6.502602396011352,0.050934882815973026,0.2697607087469297,56.26360812146141,0.03906672627124408,0.04858148810030284,95.19000244140624,0.01029506695113458,2913.97998046875,-0.005355532133192842
2018-10-01,7.149910926818848,7.216625936870903,6.982875265229247,7.021421956365308,622060000,6.740316033363342,6.521681594848633,0.02967771175863665,0.2870966687802585,64.62381833996363,0.07301438408020999,0.053468067296284276,95.3000030517578,0.011033321578162392,2924.590087890625,0.001788046905184526
2018-10-02,7.078747749328613,7.233922344758524,7.056509255834404,7.122483390361318,383964000,6.74375057220459,6.5400685119628905,-0.00995301594923459,0.28781935043136053,66.64848193841704,0.09310264445462124,0.06139498272795167,95.51000213623048,0.014660628100277684,2923.429931640625,0.002699266312034432
2018-10-03,7.084926128387451,7.156336182864405,6.981146632707836,7.148923193425008,320552000,6.75401737689972,6.558924741744995,0.0008728067841412557,0.27869785398392183,64.79524651787176,0.10827317334006903,0.07077062085037515,95.76000213623048,0.016668432467670025,2925.510009765625,0.006724102196338899
2018-10-04,6.901087760925293,7.073064954441898,6.824241331969578,7.04884985073549,391220000,6.762134385108948,6.572543430328369,-0.025947817116337424,0.2850585128162337,52.63062418305526,0.10425986411271193,0.07746846950284252,95.75,0.007894736842105177,2901.610107421875,-0.00425185057588362
2018-10-05,6.668079376220703,6.938400205738417,6.610753475681124,6.876379741173065,426636000,6.759663462638855,6.580035028457641,-0.03376400833849824,0.3109904165803986,46.6797585897247,0.08133982346968338,0.0782427402962107,95.62000274658205,0.004517284317126613,2885.570068359375,-0.009749522062538318
2018-10-08,6.567017078399658,6.700200633504792,6.426420533715067,6.585054928878049,408612000,6.7485936164855955,6.586898212432861,-0.015156132991074878,0.3125965772726326,45.7979756292101,0.054393627430649794,0.07347291772309852,95.7699966430664,0.004931726928207425,2884.429931640625,-0.013731892348361807
2018-10-09,6.561334609985352,6.640898535027553,6.4936308091801305,6.54650862992388,273500000,6.739624166488648,6.5975447845458985,-0.0008653043454078801,0.3119096739091403,44.7846202606424,0.032208762655557166,0.06522008670959026,95.68000030517578,0.001779899122008377,2880.340087890625,-0.014739482305915264
2018-10-10,6.070852756500244,6.501290662675619,6.068628718135131,6.455577931761062,684940000,6.711813807487488,6.598021106719971,-0.07475336690475576,0.4044982402628733,36.434341918897815,-0.02466635062465805,0.0472427992427406,95.51000213623048,-0.002610693341927317,2785.679931640625,-0.04779682095027338
2018-10-11,5.809920787811279,6.1170586080207165,5.788423638256717,5.98387459278552,725436000,6.6670773983001705,6.592483587265015,-0.042981106469692776,0.42240827135390985,33.06625200172532,-0.08976061237067423,0.019842116920057638,95.0199966430664,-0.007624055947087149,2728.3701171875,-0.05970477900916238
2018-10-12,6.091855049133301,6.165983528734327,5.921607494025776,6.066404681163061,608236000,6.630149221420288,6.5905350303649906,0.048526352013868346,0.4580084343132508,39.67449158679993,-0.11724699474575928,-0.007575705413105746,95.22000122070312,-0.004183241104259605,2767.1298828125,-0.0410456799665293
2018-10-15,5.816096782684326,6.078510596628613,5.815108478629611,6.078510596628613,449760000,6.5825217962265015,6.582340278625488,-0.04526671501945978,0.4794737697036993,33.6856739858943,-0.15944357205270165,-0.037949278741024925,95.06999969482422,-0.007309146630244401,2750.7900390625,-0.04633147476115407
2018-10-16,6.074311256408691,6.085430504178921,5.879354218712057,5.928525772885388,408712000,6.551400279998779,6.578356580734253,0.0443965228524259,0.5127585826739179,40.4301937745896,-0.17008824215787577,-0.0643770714243951,95.0500030517578,-0.006584419433618094,2809.919921875,-0.02444855949881819
2018-10-17,6.005865573883057,6.174383925418218,5.956940982397555,6.136331151177729,329668000,6.5156704664230345,6.571561717987061,-0.01126805651478946,0.5124236478317633,39.1803217655949,-0.18194981030890034,-0.08789161920129615,95.58000183105467,0.0007329043373316413,2809.2099609375,0.008446781351157284
2018-10-18,5.918640613555908,6.113350654385089,5.858349823572116,6.075051397336147,524020000,6.482621598243713,6.562296314239502,-0.014523295477416709,0.5102885336212934,29.739277673217117,-0.1961276760908266,-0.10953883057920225,95.9000015258789,0.009261259881097939,2768.780029296875,0.014811008174738127
2018-10-19,5.662651538848877,5.993263054496333,5.62632888955608,5.973742988473119,613608000,6.440269613265992,6.548879203796386,-0.04325132938815712,0.5280722130091119,21.1761785619034,-0.2254213982488409,-0.13271534411313,95.70999908447266,0.005145955235116961,2767.780029296875,0.00023495336753542873
2018-10-22,5.713305950164795,5.814614426683505,5.6107622113299325,5.714788641979605,368844000,6.3976705312728885,6.53730001449585,0.008945352008401297,0.5282262170901506,23.32501344676747,-0.2417626076038628,-0.15452479681127657,96.01000213623048,0.0098874770634656,2755.8798828125,0.0018503206997706467
2018-10-23,5.462261199951172,5.539601568434967,5.354774950675568,5.446693871634709,626436000,6.339171147346496,6.52004301071167,-0.04394036524621647,0.5404823514891922,21.06797452058609,-0.27183678181525117,-0.1779871938120715,95.95999908447266,0.00957386642291147,2740.68994140625,-0.024637705839871127
2018-10-24,4.927300930023193,5.470413473372287,4.913463727809758,5.423959874143082,884288000,6.255764603614807,6.489464111328125,-0.09793751165410414,0.6252676167291158,18.723598715435315,-0.33497620728207256,-0.20938499650607173,96.43000030517578,0.00889305773004212,2656.10009765625,-0.054502819443995376
2018-10-25,5.13560152053833,5.182796468254659,4.7857163446825615,4.829946379467032,951720000,6.1821800708770756,6.464211912155151,0.04227478562267484,0.6544216145510741,25.52488202386924,-0.3640104541191773,-0.24031008802869286,96.68000030517578,0.008133459508719465,2705.570068359375,-0.022829535126902778
2018-10-26,4.8996262550354,5.061472497382579,4.771878628562228,4.900120171490404,664784000,6.079969692230224,6.435050220489502,-0.04594890482823011,0.6209428345316123,24.470362370729987,-0.40143405382803543,-0.2725348811885614,96.36000061035156,0.006791364874063177,2658.68994140625,-0.03941429114160422
2018-10-29,4.586559295654297,5.043930288047178,4.349101831615991,5.040470986827069,758016000,5.951802110671997,6.405860443115234,-0.06389608984141615,0.617388297940434,22.36517174227768,-0.4511537933359966,-0.30825866361804843,96.58000183105467,0.005936878264156231,2641.25,-0.04159465857979083
2018-10-30,5.016007423400879,5.025891408463385,4.586558358134041,4.609538199239454,807192000,5.84866509437561,6.383768043518066,0.09363187087834635,0.7398160868767881,34.982052496024835,-0.4507086811264269,-0.3367486671197241,97.01000213623048,0.010942091098120166,2682.6298828125,-0.021184468084689434
2018-10-31,5.209482669830322,5.252971359393127,5.040964292333446,5.180325571282585,745772000,5.7548929214477536,6.362838430404663,0.03857156301779674,0.7629878710844002,41.28408399994241,-0.4297897424308088,-0.3553568821819411,97.12999725341795,0.007259120045907563,2711.739990234375,0.02094796526201015
2018-11-01,5.389368534088135,5.398758134390974,5.119541593658367,5.245806574170032,566528000,5.679306960105896,6.3408143424987795,0.03453046600953025,0.7805908133495921,39.49142413425677,-0.3941525022307051,-0.36311600619169393,96.27999877929688,-0.0041373761338051596,2740.3701171875,0.012862372050570281
2018-11-02,5.310544013977051,5.485486598792226,5.194162582349934,5.379977456977233,452960000,5.611430191993714,6.315228157043457,-0.014625928735901739,0.7761755204689722,41.96389874622022,-0.3680278170431244,-0.36409836836198006,96.54000091552734,0.001867998173885832,2723.06005859375,0.024211216277988834
2018-11-05,5.2327094078063965,5.320675090197485,5.072345367733753,5.297447817908284,379332000,5.54471480846405,6.285428037643433,-0.014656616340208872,0.7761350433026764,35.808349799439696,-0.34957473806312667,-0.3611936423022094,96.3499984741211,-0.002381480146748438,2738.31005859375,0.03674777419545672
2018-11-06,5.215166091918945,5.308814644584688,5.178101615555267,5.224802648403968,299012000,5.47740638256073,6.253459444046021,-0.003352625670609455,0.7757904582452009,36.4338086769393,-0.3325329066474483,-0.3554614951712572,96.31999969482422,-0.00711269380694679,2755.449951171875,0.027145029892468697
2018-11-07,5.282620906829834,5.372068786281638,5.218129472120755,5.281632602774813,483812000,5.43799479007721,6.223590698242187,0.012934356015125159,0.7407820908833085,39.01314603768823,-0.31001048475740145,-0.3463712930884861,96.0,-0.01163386477268935,2813.889892578125,0.03766950471343722
2018-11-08,5.089889049530029,5.224307855973232,5.036516377365908,5.223566509948047,511352000,5.401993203163147,6.187762060165405,-0.0364841355643416,0.73681610596875,39.88481265888533,-0.3042064506992883,-0.33793832461064655,96.63999938964844,0.0037391006950133754,2806.830078125,0.02425218422893516
2018-11-09,5.081982135772705,5.172171388814094,4.967577776409541,5.001182481081817,413240000,5.351499557495117,6.152111330032349,-0.001553455032198503,0.7089705276166934,38.67967666528154,-0.2968231413443787,-0.32971528795739297,96.91000366210938,0.0038326366591376893,2781.010009765625,0.021281187313144212
2018-11-12,4.683419227600098,5.012795535089188,4.661674649055503,4.9908039983071895,617116000,5.294865679740906,6.1070710468292235,-0.07842666454237879,0.7410881940840875,36.73621259609515,-0.31945008946647313,-0.32766224825920903,97.54000091552734,0.012350829893639004,2726.219970703125,-0.004415163963146562
2018-11-13,4.924830913543701,5.045906928294173,4.774844754820169,4.781022482432553,644712000,5.237391662597656,6.065366525650024,0.051546033829499516,0.748412107642284,49.953262275149136,-0.3142793862450759,-0.32498567585638244,97.3000030517578,0.010174453488772661,2722.179931640625,-0.012074260146550775
2018-11-14,4.872446060180664,5.111880088075978,4.764713354751783,5.097548498019646,526580000,5.180720686912537,6.025223646163941,-0.010636883637765937,0.7483942473358164,44.70833046477542,-0.3108255827217148,-0.32215365722944894,96.8000030517578,0.008333365122477066,2701.580078125,-0.03991265427597279
2018-11-15,5.0009355545043945,5.072839999127025,4.830687520491654,4.8665162636691335,840708000,5.134835433959961,5.9904674053192135,0.026370634530732184,0.7586451126220923,52.129222321392604,-0.29432756522634307,-0.31658843882882776,96.93000030517578,0.003000837307107984,2730.199951171875,-0.02730130603570946
2018-11-16,4.062967777252197,4.216907175007929,3.9932868836499824,4.035540321830658,1963520000,5.054851245880127,5.937376804351807,-0.18755846121779352,0.9877090766320115,41.284868233804225,-0.3528712481064824,-0.32384500068435873,96.47000122070312,-0.004540320140120735,2736.27001953125,-0.016087676807084006
2018-11-19,3.57545018196106,3.998474840346912,3.5737205315327403,3.997733965558541,1697820000,4.94795845746994,5.873117527961731,-0.1199905148203877,1.0511010386505948,26.4767919265731,-0.4336077736556687,-0.3457975552786207,96.19000244140624,-0.013840459928745052,2690.72998046875,-0.013018021515417866
2018-11-20,3.6836769580841056,3.811671549744272,3.294009844501757,3.312541845400072,1692032000,4.859029245376587,5.811976594924927,0.030269412413875596,1.0625255491161405,24.371221826514443,-0.4832880121170877,-0.3732956466463141,96.80999755859376,-0.005036027521020503,2641.889892578125,-0.029494758274156485
2018-11-21,3.575697183609009,3.8373697318689537,3.5485169285988896,3.820567379554669,1025496000,4.7914490580558775,5.750949339866638,-0.029313041209579227,1.0204962036685366,18.781872834260056,-0.525317491358468,-0.40370001558874485,96.70999908447266,-0.0009297930211532579,2649.929931640625,-0.019118495469592767
2018-11-23,3.5828628540039062,3.696278904893853,3.528255151980657,3.54110405076815,411968000,4.713812124729157,5.688513617515564,0.0020039925158497063,1.000963791093628,19.509837830013907,-0.5516884259877806,-0.43329769766855203,96.91999816894533,-0.00010318927266028677,2632.56005859375,-0.03576290906320445
2018-11-26,3.781773328781128,3.7921512303935647,3.6214092989740174,3.703691637153496,814832000,4.657919478416443,5.627540712356567,0.05551718915362214,1.0249792420431856,25.443273965968444,-0.5501948648064356,-0.4566771310961288,97.06999969482422,0.006219534223373957,2673.449951171875,-0.022958285516769594
2018-11-27,3.798575639724731,3.879622478917392,3.7199997967894074,3.7558282999320816,738060000,4.618520295619964,5.568139319419861,0.00444297145355832,1.0065265677415713,26.018549828861623,-0.5414143135514013,-0.4736245675871833,97.37000274658205,0.012267390323590144,2682.169921875,-0.0031813146082606547
2018-11-28,3.955233097076416,3.96042204772829,3.783749824743226,3.915945058544031,804524000,4.565481579303741,5.513309149742127,0.04124110514304191,0.9525531346919099,28.18744821570536,-0.5158681094055702,-0.4820732759508607,96.79000091552734,-0.00020655555800752623,2743.7900390625,0.038570928625997425
2018-11-29,3.8921616077423096,3.994560767443304,3.8619860418629024,3.9574596773216055,549172000,4.4996155261993405,5.456743144989014,-0.015946339390395692,0.935213868589141,29.442074262911362,-0.4950057821224618,-0.48465977718518094,96.77999877929688,0.000723810314206208,2737.800048828125,0.033159411552100115
2018-11-30,4.042298316955566,4.052933809984979,3.8515979921217385,3.901808284921015,729564000,4.432262015342713,5.4059967517852785,0.03857412007625882,0.9380274125946036,32.985485369487776,-0.46104284483096336,-0.47993639071433747,97.2699966430664,0.003611210077728133,2760.169921875,0.04847367598117258
2018-12-03,4.205790519714356,4.320557032680872,4.139008269364891,4.269110007679744,890804000,4.3770243406295775,5.359918737411499,0.04044535804619276,0.956544675022413,41.53204930730294,-0.4161375433730381,-0.4671766212460776,97.04000091552734,-0.00030904274638088314,2790.3701171875,0.043733815164325174
2018-12-04,3.885978221893311,4.166215695521752,3.870890202874384,4.161268757636926,812112000,4.309687781333923,5.306332550048828,-0.07604094790787774,0.9851289932872882,32.080187720149056,-0.40172511107835884,-0.45408631921253384,96.97000122070312,-0.004108057046275038,2700.06005859375,0.006670023615149567
2018-12-06,3.915163993835449,3.9201106952041593,3.7301527393398577,3.7457351670932777,692308000,4.2446876764297485,5.251990852355957,0.007510534098649213,0.9872627726570347,33.35402369148271,-0.3835270457230022,-0.4399744645146275,96.80999755859376,0.0002065982320205162,2695.949951171875,-0.017435768484301062
2018-12-07,3.651003837585449,3.9295101641674255,3.6017830797258505,3.9193690831005537,681676000,4.16310682296753,5.193102293014526,-0.06747103229032769,1.0012104371605528,27.583976197783386,-0.38597122868421296,-0.4291738173485446,96.51000213623048,-0.0027897979589988076,2633.080078125,-0.038249678148683186
2018-12-10,3.7561240196228023,3.780858237851296,3.6025250386487686,3.6062352421479376,629472000,4.096418571472168,5.136078929901123,0.02879213134623093,1.0105038017585177,42.95660907449882,-0.3751019987769486,-0.4183594536342254,97.22000122070312,-0.0005139860603341484,2637.719970703125,-0.04436319307787184
2018-12-11,3.665349006652832,3.855801592585748,3.5864471098500994,3.847639335533152,671912000,4.0255869150161745,5.0705092334747315,-0.02416720334465583,1.010291200402932,52.523126918042315,-0.36955286528279885,-0.4085981359639401,97.38999938964844,0.003606744340674206,2636.780029296875,-0.05504290880431062
2018-12-12,3.682910442352295,3.778878709960328,3.5819952376689588,3.671037982077922,654136000,3.9755614757537843,5.0011692237854,0.004791204239374736,0.9828731806976534,49.97733316468928,-0.35959291265713755,-0.3987970913025796,97.04000091552734,0.0007218695879449566,2651.070068359375,-0.01814403723296809
2018-12-13,3.6826634407043457,3.7937197381178542,3.6467990861594393,3.729658404997222,471384000,3.9134531021118164,4.933247537612915,-6.706697103164849e-05,0.9567486638689632,53.378383568059924,-0.34771130987496424,-0.38857993501705657,97.05999755859376,0.0025823779186513462,2650.5400390625,-0.0168437518988942
2018-12-14,3.622312545776367,3.724711708916402,3.598815062105881,3.6411102968297695,471820000,3.8509464263916016,4.8639952659606935,-0.01638783882907202,0.9568129946233043,51.20546635834983,-0.3392541561809068,-0.3787147792498266,97.44000244140624,0.009636310067250742,2599.949951171875,-0.012582270941306373
2018-12-17,3.551326036453247,3.664360946283423,3.4934481261898687,3.5923847793652306,662868000,3.778465950489044,4.797000031471253,-0.01959701390369828,0.9456703616066626,42.360995416436026,-0.33442477831896333,-0.36985677906365394,97.0999984741211,-0.0012343421628807638,2545.93994140625,-0.034795213410167114
2018-12-18,3.634431838989258,3.7182804478027554,3.567897039578351,3.5951044880514167,564372000,3.757039153575897,4.736327080726624,0.023401344084704068,0.7001673632615377,44.78797022990744,-0.3202004464206203,-0.35992551253504723,97.13999938964844,-0.0025669986812483225,2546.159912109375,-0.03436771978725306
2018-12-19,3.425924062728882,3.654220149529651,3.374477030674283,3.6007942947487104,745364000,3.749562847614288,4.673505220413208,-0.057370116017463224,0.589888420431794,33.7287204172445,-0.32204011786667097,-0.35234843360137197,97.04000091552734,0.0,2506.9599609375,-0.05435922239168056
2018-12-20,3.34157943725586,3.507298048652878,3.281970168780476,3.4175132200268785,749588000,3.732457971572876,4.609110116958618,-0.024619525689614452,0.5828542186566629,33.29327825651754,-0.32653982923260205,-0.34718671272761803,96.27999877929688,-0.0080362538524279,2467.419921875,-0.0690878517165392
2018-12-21,3.204800128936768,3.4009417708842498,3.177345238453483,3.368045296197937,863740000,3.713913118839264,4.551789064407348,-0.040932532321127924,0.5908947352325467,24.37948667977966,-0.3372551623996536,-0.3452004026620252,96.95999908447266,-0.004926142702246117,2416.6201171875,-0.07051283194960845
2018-12-24,3.143211841583252,3.214940776193038,3.079397723035634,3.1286187078137417,463840000,3.6919305682182313,4.498454885482788,-0.019217512754515775,0.5924561195586536,15.332420849437625,-0.34672002854563333,-0.34550432783874685,96.5500030517578,-0.005664216591207083,2351.10009765625,-0.07652963079811703
2018-12-26,3.292110681533813,3.29309997438672,3.07840785703509,3.1892166765789702,695100000,3.6674474358558653,4.442459998130798,0.04737155732893905,0.5818757234747023,28.19247653612409,-0.33830632642981096,-0.3440647275569597,97.0500030517578,-0.0009264601446994369,2467.699951171875,-0.030815016984734322
2018-12-27,3.244375705718994,3.274304074414586,3.0962182742289404,3.239923649170494,637044000,3.639737439155579,4.391025576591492,-0.014499808916685342,0.5811379989301819,25.698908273784554,-0.33166697011996593,-0.34158517606956096,96.4800033569336,-0.005770790945078708,2488.830078125,-0.007231819851530541
2018-12-28,3.305715084075928,3.3982208288197224,3.2231032137878097,3.264903795478063,628728000,3.607261538505554,4.335653653144837,0.01890637334289269,0.5615174239280478,35.336065006089356,-0.31779234487870855,-0.33682660983139046,96.38999938964844,0.0011425073924618001,2485.739990234375,0.007424787405239774
2018-12-31,3.3020052909851074,3.381401609081078,3.271334844675895,3.349000017710466,465140000,3.577753722667694,4.281576447486877,-0.0011222361868665764,0.5613147653850511,28.896448660425435,-0.30359628472395794,-0.33018054480990394,96.16999816894533,-0.008147699288229893,2506.85009765625,0.037337262827126017
2019-01-02,3.369282484054565,3.425181565714648,3.2166730234265524,3.231266161127025,508752000,3.544102931022644,4.23058928489685,0.020374647264537415,0.5449437007857745,35.93417091449244,-0.28364738703906545,-0.3208739132557363,96.81999969482422,0.002796443651293057,2510.030029296875,0.06759811366562318
2019-01-03,3.165719509124756,3.343063125819784,3.1582993402427686,3.309177365552057,705552000,3.492099380493164,4.180650644302368,-0.060417307213980864,0.5424078859353553,29.119145628167118,-0.2810241018155133,-0.3129039509676917,96.30999755859376,-0.007624991961817651,2447.889892578125,-0.00802774202120582
2019-01-04,3.3685402870178223,3.4066306700153226,3.208015788753287,3.238686000968324,585620000,3.46622748374939,4.133755331039429,0.06406782954347756,0.5561062008756279,39.10056912433474,-0.259586832229346,-0.30224052722002254,96.19000244140624,-0.003005813696486781,2531.93994140625,0.01732133650270229
2019-01-07,3.546873092651367,3.5837269755322927,3.374476139704022,3.425675952826324,709160000,3.4478129386901855,4.095447568893433,0.05294067769378641,0.5934497593989421,47.58050086299262,-0.2256070173494238,-0.2869138252459028,95.70999908447266,-0.0070546769320636304,2549.68994140625,0.025726725813284057
2019-01-08,3.4585719108581543,3.630474203286425,3.386100885364728,3.6282479400314784,786016000,3.4381913423538206,4.066072988510132,-0.024895500765494183,0.5510307491641739,47.05785996726611,-0.20345760404125723,-0.2702225810049737,95.9000015258789,-0.0028074934824486864,2574.409912109375,0.026950081505188184
2019-01-09,3.5265920162200928,3.573834196303238,3.459315111577276,3.5097726131471214,617260000,3.426714742183685,4.033892798423767,0.019667107440614506,0.5451592944519481,46.54629202456911,-0.17835936465081526,-0.251849937734142,95.22000122070312,-0.01652549555013716,2584.9599609375,0.02985220525892074
2019-01-10,3.592136144638061,3.600793048789636,3.4469468884540846,3.507298248069689,523156000,3.4230540990829468,4.00774299621582,0.01858568502296465,0.5438357457482492,55.85974155219976,-0.15143432508763066,-0.23176681520483974,95.54000091552734,-0.00799498144102817,2596.639892578125,0.060766622081737554
2019-01-11,3.6811795234680176,3.7039349179272896,3.5421736878643637,3.5698757841367086,874764000,3.422967553138733,3.989635400772095,0.0247884198272581,0.5509779089132498,61.93293297352108,-0.12151028580710266,-0.20971550932529234,95.66999816894533,-0.0054060116359563315,2596.260009765625,0.025403473165975354
2019-01-14,3.7210018634796143,3.7462307306964666,3.605493492266632,3.6289909781981615,730168000,3.4248844742774964,3.9637352895736693,0.010817820689733804,0.5521699683258897,69.46467681872457,-0.09350408220112483,-0.18647322390045887,95.58999633789062,-0.0012538161919333213,2582.610107421875,0.012911438948324916
2019-01-15,3.7069029808044434,3.792977619724947,3.688599641824776,3.75365026760115,617012000,3.4291139960289003,3.933683695793152,-0.003789001777598333,0.5486798128176,72.04490264330869,-0.0716210234958723,-0.16350278381954156,95.97000122070312,0.000729923813456157,2610.300048828125,0.013941111922360028
2019-01-16,3.681427001953125,3.767007001850454,3.6759856531433406,3.7341107600864265,470104000,3.435619044303894,3.8995248651504517,-0.006872577724111317,0.5439608515750741,66.85229627889689,-0.055692254749174275,-0.14194067800546808,96.05999755859376,0.00882163754591514,2616.10009765625,0.01204666114343067
2019-01-17,3.752661466598511,3.7924834705310415,3.621323227531037,3.648530916275884,493436000,3.4415305256843567,3.868367214202881,0.01934968820720706,0.5420689446652048,71.56341960906167,-0.036895259209546616,-0.12093159424628379,96.06999969482422,0.0055474018653765,2635.9599609375,0.015142672833365234
2019-01-18,3.881525993347168,3.9074969458962343,3.750929850379477,3.8023768729747456,651336000,3.464310622215271,3.841343545913696,0.03433950221613302,0.5049762824993187,73.10436428716565,-0.011468018300149652,-0.09903887905705697,96.33999633789062,0.00700322129997466,2670.7099609375,0.02867584559783598
2019-01-22,3.6796951293945312,3.862975008613983,3.64951956606526,3.851349988777855,661552000,3.4812164068222047,3.810634126663208,-0.0519978133081086,0.5359308820557785,63.0758238743199,-0.007516168919491584,-0.0807343370295439,96.3000030517578,0.007427625704236274,2632.89990234375,0.01947246887067955
2019-01-23,3.692556858062744,3.823400426503734,3.6613920018215462,3.734852323382457,591020000,3.5056042432785035,3.7788328456878664,0.0034953245353044338,0.5074647950809169,61.6301297084746,-0.00330832943781445,-0.06524913551119801,96.12000274658205,0.0015630043135455018,2638.699951171875,0.010879937866338452
2019-01-24,3.9040334224700928,3.9215944355252352,3.7722005707158295,3.776900066512864,708972000,3.5436453223228455,3.7551157331466674,0.0572710380736825,0.5261520881163068,76.41122081980454,0.016896038022636173,-0.04882010080443118,96.5999984741211,0.005621496244552215,2642.330078125,0.010026367298502592
2019-01-25,3.961169481277466,3.979225378987472,3.74227268118326,3.844671836656973,1154572000,3.5770982623100283,3.7326994800567626,0.014635135672384392,0.5090371339359226,73.66648709718022,0.03709098544753653,-0.03163788355403764,95.79000091552734,-0.002914528783036552,2664.760009765625,0.010925829396089215
2019-01-28,3.4135560989379883,3.5033409413140952,3.240170086234414,3.3774443033526267,2511528000,3.585557281970978,3.7073022174835204,-0.13824538054425128,0.7292245081024961,45.88863707082192,0.008806289990419547,-0.023549048845146206,95.75,-0.0061241058783243485,2643.85009765625,-0.010057199648823456
2019-01-29,3.255009889602661,3.415781798060501,3.2404167562150623,3.367550107581684,1153932000,3.5830220222473144,3.6739057970046995,-0.046446053540662,0.7476891087923406,43.983039774893506,-0.0261020013829647,-0.024059639352709907,95.81999969482422,-0.004984458377177758,2640.0,0.0026966834743431534
2019-01-30,3.398221254348755,3.41256694951656,3.25154780236145,3.330944362099958,974228000,3.587832820415497,3.6444213008880615,0.04399721340434248,0.763514700235291,46.36705689680672,-0.04173007519851524,-0.027593726521870976,95.33999633789062,-0.00811492287144322,2681.050048828125,0.0160496071701679
2019-01-31,3.555529832839966,3.591146979679252,3.3732392490819145,3.395005348784521,842852000,3.5971451878547667,3.615513186454773,0.04629144682380537,0.7769485194693331,49.01517802713871,-0.04094990369061868,-0.03026496195562052,95.58000183105467,-0.010558971627102842,2704.10009765625,0.02337710191570097
2019-02-01,3.579768657684326,3.630721019989672,3.5265905041281727,3.5740798692574787,625048000,3.6178476452827453,3.6058492040634156,0.006817218806739689,0.7388743641443886,47.17316864196881,-0.0379384111690344,-0.0317996517983033,95.58000183105467,-0.0021922860681237166,2706.530029296875,0.01567496486669495
2019-02-04,3.6898367404937744,3.726937832818774,3.57358628952152,3.595599598010807,528592000,3.633912467956543,3.6081369352340698,0.030747261439136864,0.7139305769349501,49.164010203071406,-0.026366273257990347,-0.030712976090240707,95.8499984741211,0.0010443704869043113,2724.8701171875,0.03064471000193003
2019-02-05,3.708881378173828,3.745487818385025,3.668070088371456,3.701708413334939,542424000,3.642012882232666,3.6086410236358644,0.005161376781538829,0.6916856730121044,50.05292914128751,-0.015480082734883993,-0.027666397419169368,96.0999984741211,0.0029221329595976453,2737.699951171875,0.03700755726207383
2019-02-06,3.784320831298828,3.848629607118048,3.73658401397713,3.742025362473618,702464000,3.6583003282546995,3.6128134965896606,0.020340217287333262,0.6859418122379297,52.68109812403645,-0.0007566428138185977,-0.022284446498099218,96.41999816894533,0.011327898809929682,2731.610107421875,0.018858304646662383
2019-02-07,3.646304130554199,3.7402938213718713,3.603514252841817,3.738067793820112,637120000,3.664285933971405,3.6140823221206664,-0.03647066591266257,0.6993210171439739,47.32186028875244,-0.000222440737754237,-0.017872045346030225,96.51000213623048,0.009730072058584671,2706.050048828125,0.0007211090941363629
2019-02-08,3.6648550033569336,3.675490494805008,3.5649290792820043,3.5792747739989474,461604000,3.6679218769073487,3.6117439556121824,0.005087582422784509,0.6968762029701823,44.223164703728564,0.0016784702945686902,-0.013961942217910443,96.63999938964844,0.01109016047590572,2707.8798828125,0.0004987395303261977
2019-02-11,3.622312545776367,3.67499606721258,3.57408084393874,3.6208283700271857,495180000,3.664978528022766,3.6082186937332152,-0.01160822393835459,0.6930320451138321,48.32806680397062,-0.00024504013148662906,-0.01121856180062568,97.05999755859376,0.012623882146428622,2709.800048828125,-0.005530563920943754
2019-02-12,3.739057064056397,3.7546397285891056,3.646304108199021,3.660650038347677,591060000,3.6658812880516054,3.603895173072815,0.032229278066067124,0.7015205651051809,51.27752191298945,0.007563681535754263,-0.007462113133349692,96.70999908447266,0.006347561082592934,2744.72998046875,0.0025678596713514246
2019-02-13,3.7813522815704346,3.854317954239456,3.754886686438638,3.768490527883592,605372000,3.6696037530899046,3.6016789865493775,0.011311733624132625,0.7021390314498535,46.28409303943196,0.01696940752647036,-0.0025758090013856816,97.12999725341795,0.0073636081513772655,2753.030029296875,0.007841500445763261
2019-02-14,3.822164058685303,3.85036103826904,3.737325914571748,3.780363471800342,827264000,3.6766406059265138,3.5972763013839724,0.010792905308975698,0.7019878052697466,45.74759255788037,0.02740082284429768,0.0034195173677509906,96.9800033569336,0.004869974202670324,2745.72998046875,0.01466341380411973
2019-02-15,3.891666889190674,4.053180443209422,3.868911494579695,4.030425284481418,1516748000,3.6835908770561216,3.5909938287734984,0.01818415678611074,0.7016366745232555,70.67378232085846,0.04080570938325989,0.010896755770852772,96.91999816894533,0.0028973383802284314,2775.60009765625,0.025008574151898166
2019-02-19,3.8743526935577393,3.954738777372475,3.861985821478209,3.8810310120576954,551892000,3.6832322120666503,3.5907613182067872,-0.004449043591327362,0.6919511533675621,80.50680736585029,0.04946190164240338,0.018609784945162897,96.5199966430664,-0.005563578498972932,2779.760009765625,0.02581738861793692
2019-02-20,3.921595096588135,3.988624547412877,3.8924090597221137,3.9035391980829375,540988000,3.6953272104263304,3.5908899402618406,0.012193624785102886,0.6638641611024734,78.47144708878255,0.05944877500293311,0.026777582956716943,96.4499969482422,-0.002688472119654839,2784.699951171875,0.014562441838558815
2019-02-21,3.852834224700928,3.958696145716068,3.8382410884779214,3.934209605693475,448548000,3.70334107875824,3.5949265480041506,-0.01753390398387389,0.6682862350548628,67.89755071870943,0.06111057175875123,0.0336441807171238,96.61000061035156,-0.005353615337903128,2774.8798828125,0.007936656441486667
2019-02-22,3.937424659729004,3.9562226446169366,3.890924579960296,3.904528422058082,401740000,3.705010640621185,3.5985525608062745,0.02195537884442511,0.6414785531262024,70.07218460247356,0.06846408743282817,0.04060816206026467,96.51000213623048,-0.004846372493649831,2792.669921875,0.017095614550647342
2019-02-25,3.925057888031006,4.088055612606229,3.9164007472769,4.020778959960253,656020000,3.7032050609588625,3.6037467384338377,-0.003140827512074673,0.6396596231193288,64.82692163765822,0.07245864826785908,0.04697825930178356,96.41000366210938,-0.005262015233914452,2796.110107421875,0.007389396542730964
2019-02-26,3.885730504989624,3.9762574332662384,3.852339384284789,3.920358360077931,488464000,3.726813781261444,3.6078031396865846,-0.010019567650532246,0.38063457625983593,60.869566491632256,0.07162532322912263,0.051907672087251375,96.0,-0.005387449866884775,2793.89990234375,0.005086731418701529
2019-02-27,3.8439300060272217,3.897850258222112,3.787041402539747,3.8713848966539257,500256000,3.756259787082672,3.611028470993042,-0.010757436448237123,0.3324907454308445,53.821752926246695,0.06682167750400447,0.054890473170602,96.1500015258789,-0.0031103725438610397,2792.3798828125,0.0027579027454620597
2019-02-28,3.819418430328369,3.8600243287793177,3.797134973370264,3.837740635695104,324944000,3.777319645881653,3.614970588684082,-0.006376696677727889,0.3084896607234129,62.989512416080004,0.060341297435653196,0.05598063802361224,96.16000366210938,-0.004657871290748905,2784.489990234375,0.003463251682135793
2019-03-01,3.873641014099121,3.915732132953226,3.810999137927046,3.8691841351638128,357188000,3.7932252049446107,3.6214168882369995,0.01419655498863226,0.27179879163324167,64.87008845518251,0.058901874749162086,0.056564885368722215,96.52999877929688,0.0002071976232904671,2803.68994140625,0.003946051570552722
2019-03-04,3.881812334060669,3.93479784486016,3.825360256341027,3.912018998445061,409992000,3.808327388763428,3.6263644981384275,0.00210946753501573,0.2717647919590898,69.43345882825146,0.05775471868403903,0.056802852031785575,96.68000030517578,0.0028005044374095345,2792.81005859375,-0.0011802284964979037
2019-03-05,3.875375032424927,3.913504673162684,3.811990289787569,3.866213812451286,362924000,3.8176043033599854,3.635353517532349,-0.0016583237626554004,0.2535065665314057,62.22900376735082,0.055684259315247786,0.05657913348847802,96.8499984741211,0.008854150772094727,2789.64990234375,-0.0015211711759732793
2019-03-06,3.764699459075928,3.874879670769434,3.761975980751839,3.8664615395285744,403524000,3.8203952074050904,3.64381591796875,-0.028558674301967235,0.27619015485042436,48.66934016631585,0.04459870541937727,0.05418304787465787,96.87000274658205,0.007488312108963946,2771.449951171875,-0.0074953740246632705
2019-03-07,3.695619821548462,3.750833889984924,3.6495669725600575,3.741177514158119,450104000,3.815960156917572,3.6536323118209837,-0.01834931002551321,0.2741924891034363,40.32541415900099,0.0298945686848735,0.049325352036701,97.66999816894533,0.01570293728504657,2748.929931640625,-0.012770761869665304
2019-03-08,3.729788303375244,3.740434992228738,3.585192011452044,3.606485389159032,422416000,3.820134365558624,3.665363841056824,0.009245670138349205,0.24197685664773533,36.9171901964094,0.020759245649038416,0.043612130759168484,97.37000274658205,0.008701999149567374,2743.070068359375,-0.02162146111508667
2019-03-11,3.989762783050537,4.012541385150995,3.70626519572778,3.753308576916094,859728000,3.8363797545433043,3.679316883087158,0.06970220788135117,0.34314498330975096,56.69953333774373,0.03410407360760637,0.04171051932885606,97.22000122070312,0.005585445943554035,2783.300048828125,-0.003405175993391185
2019-03-12,4.023931980133057,4.070232046156073,3.941482198135124,4.017494239799668,579576000,3.856460726261139,3.6949080085754393,0.008564217709303046,0.33803912931627594,56.03219253008281,0.04689652065172689,0.04274771959343023,96.94000244140624,0.0009293130480449996,2791.52001953125,0.0006703770196858638
2019-03-13,4.174965858459473,4.204182209602508,4.053891270527523,4.061319324501092,768900000,3.8782561659812926,3.7122930240631105,0.03753390441789284,0.3440765370604133,67.30905716281288,0.06843294642855247,0.047884764960454684,96.5500030517578,-0.0033033930602994754,2810.919921875,0.01424163214148444
2019-03-14,4.099202632904053,4.196012932372243,4.0915271166903695,4.184128231638006,519384000,3.8941486835479737,3.7282369709014893,-0.018147028771961282,0.35351796464056384,58.77604634162619,0.07848256177716006,0.05400432432379576,96.79000091552734,-0.009009903449530121,2808.47998046875,0.021662992622218047
2019-03-15,4.204431056976318,4.247017347837136,4.138817746560919,4.142284078052524,661484000,3.9132620334625243,3.7449399423599243,0.025670461671643885,0.3610212982845568,63.76814523141016,0.09385609410702278,0.061974678280441176,96.5999984741211,-0.007908023526146835,2822.47998046875,0.028949283150054628
2019-03-18,4.183137893676758,4.289604334762103,4.156149620867788,4.235875721586677,486992000,3.9278355836868286,3.7652883100509644,-0.005064457714017978,0.3592036086915037,64.92215916417908,0.10313269935459068,0.07020628249527108,96.5199966430664,-0.007200211570123405,2832.93994140625,0.017834905223037323
2019-03-19,4.350510120391846,4.394830026310579,4.260633008308161,4.277469264444773,854972000,3.9516434550285338,3.784927706718445,0.0400111664901337,0.3796568484638499,72.57283807078524,0.1225770241229247,0.08068043082080181,96.37999725341795,-0.005776822507579049,2832.570068359375,0.014705267574981695
2019-03-20,4.318076133728027,4.432712966037835,4.2834123584561485,4.3794797665419605,719148000,3.9714675068855287,3.800351767539978,-0.007455214622256068,0.3818596426074089,72.06404169748814,0.13382696596968646,0.09130973785057875,95.76000213623048,-0.008182298193235904,2824.22998046875,0.004735125497588477
2019-03-21,4.5542826652526855,4.58052807605089,4.336150834187309,4.341102869772194,824312000,4.006539928913116,3.8222659826278687,0.05470179871996095,0.4101226580194604,75.9389404752862,0.15995861561832214,0.10503951340412743,96.5,-0.0029961867216060645,2854.8798828125,0.01652135769755625
2019-03-22,4.39483118057251,4.575576236911883,4.380965858141229,4.527047608402401,747644000,4.029410254955292,3.839630765914917,-0.03501132810590024,0.43482421459854614,67.52966571095303,0.16588946353814205,0.11720950343093037,96.6500015258789,0.0005176299435574183,2800.7099609375,-0.007713081999481397
2019-03-25,4.302724361419678,4.4183514863027975,4.236616164799966,4.354224386835064,525212000,4.048293578624725,3.8538425302505495,-0.02095798800190396,0.4442138064359847,63.794743779126826,0.16129810851682702,0.1260272244481097,96.56999969482422,0.0005180589877424868,2798.360107421875,-0.012206342068519005
2019-03-26,4.379232406616211,4.500059049764365,4.323027795717588,4.444102371215902,703508000,4.072968673706055,3.8678035879135133,0.01778130290718627,0.4427312183921982,70.28443273993747,0.16196594384609764,0.1332149683277073,96.73999786376952,0.00373522121405534,2818.4599609375,-0.004981379835750199
2019-03-27,4.3700714111328125,4.451035259026395,4.300744799971149,4.404735188965764,474372000,4.099275743961334,3.8807849788665774,-0.0020919180881009414,0.43934339679315715,73.17908659065765,0.1599126192496012,0.13855449851208607,96.7699966430664,0.010547143737518638,2805.3701171875,-0.006677878009821225
2019-03-28,4.388640880584717,4.454253694672831,4.335655142438676,4.396068461197213,480264000,4.127736866474152,3.8944197368621825,0.004249237073014056,0.43673034119154724,72.88839811660061,0.15796284831973928,0.14243616847361673,97.1999969482422,0.007253854385929515,2815.43994140625,-0.013814921476624664
2019-03-29,4.445836544036865,4.47010133445733,4.404983422748778,4.455245224668751,456896000,4.156346642971039,3.9097079277038573,0.013032659770632282,0.43650688945970917,68.44222814731631,0.1591977206207913,0.14578847890305166,97.27999877929688,0.0065183367146588456,2834.39990234375,0.012029071869681385
2019-04-01,4.513182163238525,4.543388825178386,4.465891308838393,4.537446476833416,483824000,4.1879151344299315,3.9249183416366575,0.015148019621186837,0.4369176812865372,69.26683166271702,0.16372329423319165,0.14937544196907968,97.25,0.0070415274653068405,2867.18994140625,0.024596489137271194
2019-04-02,4.531009674072266,4.575329599601486,4.49436573598606,4.537199956058425,440920000,4.220696866512299,3.9379080152511596,0.0039500977777833235,0.4357393828098787,65.66455589979759,0.16682531665433764,0.15286541690613126,97.36000061035156,0.006408959688578353,2867.239990234375,0.017307334492220106
2019-04-03,4.670158386230469,4.729086484341547,4.575576665988681,4.580528702250554,783504000,4.265969812870026,3.9577172803878784,0.030710310100296567,0.41993125560654426,73.79282388778606,0.1784547150578346,0.15798327653647193,97.08999633789062,0.0033068069228578967,2873.39990234375,0.024249843091810108
2019-04-04,4.661245346069336,4.703584172174699,4.59860345356439,4.654807604136904,457376000,4.31425108909607,3.9770910501480103,-0.0019085091819180944,0.40850716011905963,70.6978032448147,0.18482138336614984,0.1633508979024075,97.30999755859376,0.0011316935576668463,2879.389892578125,0.02271401717059307
2019-04-05,4.727848052978516,4.745180179212573,4.667930116677095,4.704326590039095,481744000,4.3641540765762326,3.993567342758179,0.01428860786427899,0.4084511332760809,73.70690549695388,0.1930163236646658,0.16928398305485917,97.4000015258789,0.0012335808808374704,2892.739990234375,0.02058287111934476
2019-04-08,4.748647689819336,4.773654864242328,4.67337823410891,4.6973950955229125,424192000,4.402098321914673,4.009316906929016,0.004399387756913287,0.3478763789748325,69.86178780948593,0.19889647500077956,0.17520648144404327,97.0500030517578,-0.0020565238893799354,2895.77001953125,0.009967975163508891
2019-04-09,4.686003684997559,4.726361873582412,4.643912331361554,4.715220030788997,439972000,4.435201907157898,4.034765858650207,-0.013191967253346704,0.35667390010971345,67.81765582828547,0.19623956213017735,0.1794130975812701,97.01000213623048,-0.003594889810260238,2878.199951171875,0.0038224777049806757
2019-04-10,4.756321907043457,4.782071929810852,4.680805476521032,4.685262120413046,444772000,4.464269709587097,4.064792098999024,0.015006010829873073,0.3404286368782517,61.65711534493431,0.19753101776934834,0.18303668161888575,96.9499969482422,-0.0014419548349883238,2888.2099609375,0.005154193323967826
2019-04-11,4.742455005645752,4.790241244087171,4.693183534569057,4.758796342650025,374600000,4.4964323282241825,4.091676774024964,-0.0029154673860846136,0.329777348108177,74.10681572581018,0.19518558469401714,0.18546646223391205,97.18000030517578,-0.0013359085055952846,2888.320068359375,0.003101412491676836
2019-04-12,4.704573631286621,4.785042557326087,4.695907805067246,4.7810808343748965,471708000,4.521439456939698,4.114657649993896,-0.007987714024494497,0.32683318931422994,80.13348656230983,0.18810178151296864,0.18599352608972336,96.97000122070312,-0.004414787458309588,2907.409912109375,0.005071289477977414
2019-04-15,4.573100566864014,4.701850673879405,4.533485221974996,4.696898637705237,440092000,4.54093759059906,4.134524288177491,-0.027945798009893608,0.3464564390724313,63.43048057858911,0.16992030343697717,0.18277888155917413,96.94000244140624,-0.0011334426264046904,2905.580078125,0.003387720201391442
2019-04-16,4.660006999969482,4.678824360554035,4.579538533320794,4.612221218072452,394964000,4.5564124345779415,4.153927693367004,0.019003831609385458,0.32543859493451055,68.13248028666567,0.16067184885665675,0.17835747501867066,97.04000091552734,0.00030923387935533064,2907.06005859375,0.010027137763700011
2019-04-17,4.637228488922119,4.7157163316119775,4.6149447968110735,4.6949183449089205,351004000,4.5723700523376465,4.1724946355819705,-0.00488808515684902,0.32440368620738114,65.46517202180502,0.14977780123745266,0.17264154026242706,97.01000213623048,0.0006189292406095781,2900.449951171875,0.0042379156639991145
2019-04-18,4.612716197967529,4.677834108167068,4.58498554927499,4.6439136499988285,380988000,4.575291728973388,4.1890625429153445,-0.005285978686007664,0.2636884878294801,60.82203319599589,0.13758031278457583,0.1656292947668568,97.47000122070312,0.002984162529498402,2905.030029296875,0.0057853563808776265
2019-04-22,4.666443824768066,4.682042311390829,4.557749338601909,4.589193771944021,279936000,4.588872361183166,4.209465336799622,0.011647720018892693,0.2295154013208551,60.11761646907578,0.13074197368125873,0.1586518305497372,97.27999877929688,0.0031968397926303016,2907.969970703125,0.0001926314522824324
2019-04-23,4.720916748046875,4.752114206431744,4.669912084206772,4.679568226735578,346856000,4.609781980514526,4.23058657169342,0.011673326696805653,0.21276188665223356,61.95819926809085,0.12823978195382146,0.15256942083055408,97.56999969482422,0.0064988367810159264,2933.679931640625,0.0096709960696586
2019-04-24,4.7332963943481445,4.773902058972395,4.670654495553224,4.731315296188058,318204000,4.627485179901123,4.252806248664856,0.0026222971007465734,0.2071628817264341,54.73102373908445,0.1258055034454877,0.14721663735354082,98.0999984741211,0.010923305323507382,2927.25,0.006945140794929694
2019-04-25,4.627819538116455,4.7154685960331095,4.548341387214284,4.693184905223643,499296000,4.640372586250305,4.270581498146057,-0.02228401677056091,0.22650330529889603,47.811989469932065,0.11405051604360406,0.14058341309155348,98.1999969482422,0.012266722871942859,2926.169921875,0.00886757956045181
2019-04-26,4.409440040588379,4.478767135766609,4.290841456651692,4.474310019505192,868988000,4.641412544250488,4.283143253326416,-0.047188421183976814,0.2879072683336632,32.61237962116209,0.08612046040121513,0.12969082255348582,98.01000213623048,0.005540175528516045,2939.8798828125,0.01199638322639296
2019-04-29,4.440141201019287,4.467871844571422,4.345311561761806,4.417362120778531,391920000,4.6411277770996096,4.295502796173095,0.006962598458831071,0.28516639012752676,33.3333161596391,0.06570560384510049,0.11689377881180876,97.86000061035156,0.0059621899499666675,2943.030029296875,0.012056540798897064
2019-04-30,4.481491088867188,4.506993182607988,4.388889978719763,4.407954802043703,362920000,4.639543223381043,4.307299280166626,0.009312741639479594,0.28181239251234014,38.69126971738596,0.05226084285202148,0.10396719161985132,97.4800033569336,-0.0009223771463781061,2945.830078125,0.004141606026387468
2019-05-01,4.4683685302734375,4.575825277390426,4.468120597847033,4.533733907422859,354280000,4.636411166191101,4.31917959690094,-0.002928167954266314,0.2815261222198133,33.00214822771217,0.04008481924766283,0.09119071714541363,97.69000244140624,-0.004179368390337057,2923.72998046875,-0.0012025004803997152
2019-05-02,4.535711765289307,4.577307717271338,4.434940282390968,4.478021939015772,394684000,4.629688835144043,4.331461930274964,0.015071101356035177,0.2633865959231477,38.520706424583395,0.035460502473460664,0.08004467421102304,97.83000183105467,-0.003767771167880407,2917.52001953125,-0.002956049229775215
2019-05-03,4.531257629394531,4.554036242671163,4.469853507557636,4.544132641497214,336824000,4.623189449310303,4.345030398368836,-0.0009820147587115136,0.2633799895609769,40.005741329986805,0.031078038291544097,0.07025134702712726,97.5199966430664,-0.004999545785979942,2945.639892578125,0.0019592670432897474
2019-05-06,4.453016757965088,4.465148916011705,4.308172769552487,4.345312096343458,422176000,4.609447884559631,4.355342240333558,-0.01726692186334544,0.2624563485240434,42.62244559568493,0.02104888101741853,0.060410853825185525,97.5199966430664,-0.003474391632582785,2932.469970703125,-0.003588158628565874
2019-05-07,4.286137580871582,4.404736171127655,4.238103862569298,4.404736171127655,555220000,4.586322379112244,4.362563834190369,-0.037475533141663964,0.2879510827055129,29.08582839016624,-0.0003608931508782831,0.04825650442997277,97.62999725341795,0.0015387145190706164,2884.050048828125,-0.02097202746201765
2019-05-08,4.306191444396973,4.386164973810182,4.246768436734894,4.258653132717726,419168000,4.567331767082214,4.370973052978516,0.004678772705497769,0.288155688271953,31.425239958710605,-0.0155310815980787,0.03549898722436248,97.62000274658205,-0.0007165492176763877,2879.419921875,-0.01515531833984407
2019-05-09,4.213837623596191,4.247015692262511,4.0952395463293945,4.237359554336097,660248000,4.540207552909851,4.378371205329896,-0.02144675219234571,0.28520531559011847,29.20200712768019,-0.03460682085451605,0.021477825608586777,97.37000274658205,-0.0047020246945003175,2870.719970703125,-0.016041037770031852
2019-05-10,4.179919719696045,4.248503984019182,4.0605782450196255,4.183138591715397,569500000,4.512080788612366,4.385581231117249,-0.008049172020824114,0.285079438184559,24.096961191456316,-0.05186352262461913,0.0068095559619455945,97.33000183105467,-0.0019482651615251312,2881.39990234375,-0.021808500895250327
2019-05-13,3.923161506652832,4.0712241514432606,3.907315319147165,4.048197604882031,656912000,4.473010182380676,4.386571640968324,-0.06142658956662539,0.34622908975342775,15.053983102395009,-0.08527482992231139,-0.011607321214905802,97.31999969482422,-0.0020508301387067718,2811.8701171875,-0.041125690875091436
2019-05-14,4.01204776763916,4.047206466862857,3.9241510195799183,3.96277581335092,524880000,4.444957542419433,4.389176349639893,0.022656793719961987,0.35560104620887134,20.39008549980076,-0.10338934524869003,-0.029963726021662647,97.52999877929688,-0.0010242597248212304,2834.409912109375,-0.017211953980798778
2019-05-15,3.951138734817505,3.987535203998536,3.8974103775194577,3.956585690514067,502320000,4.409514129161835,4.3906916236877445,-0.015181532311988488,0.34387442826014264,21.16457054264201,-0.12126224340471747,-0.048223429498273615,97.56999969482422,-0.0005122213721672209,2850.9599609375,-0.009883921661196116
2019-05-16,3.966242074966431,4.008828827285346,3.903352967576807,3.9456917875289874,781088000,4.37596480846405,4.394722476005555,0.003822528431066008,0.3462977311819714,27.15647406116284,-0.13267849552756417,-0.06511444270413173,97.83999633789062,0.004826882798101506,2876.320068359375,0.0019507641683624843
2019-05-17,3.875622272491455,4.053396399499504,3.836254624908231,3.924398835780664,1022068000,4.339110112190246,4.3983225250244145,-0.022847773979036035,0.35035968520913796,22.595958426888345,-0.14733977706879298,-0.08155950957706398,98.0,0.006883778447968281,2859.530029296875,-0.007590016585023784
2019-05-20,3.757271051406861,3.8320450886560913,3.7325113457262473,3.77707872150093,572064000,4.2936514735221865,4.398872179985047,-0.030537346718392144,0.35029378227174335,17.288873927513876,-0.16658857338198807,-0.09856532233804881,97.93000030517578,0.006267988206580366,2840.22998046875,0.010085765735728947
2019-05-21,3.8392252922058105,3.855071475846897,3.779307124302193,3.8179321526537056,361848000,4.249566900730133,4.395861430168153,0.02181217156751658,0.3605209354514136,23.24673423405156,-0.1732334336390542,-0.11349894459824988,98.05999755859376,0.005434212918388637,2864.360107421875,0.010566642172871621
2019-05-22,3.7684133052825928,3.826598312997593,3.7575189202575134,3.800600831718363,325868000,4.201322746276856,4.390751056671142,-0.018444342682096937,0.3584617182539572,17.467885701624056,-0.182114170020784,-0.12722198968275672,98.11000061035156,0.0055344974604523145,2856.27001953125,0.0018625510938441447
2019-05-23,3.647586107254028,3.706266266484097,3.5879153992055115,3.706266266484097,591844000,4.152311074733734,4.380203461647033,-0.03206314919310693,0.3641487196816231,15.89897065391142,-0.1966352736381407,-0.14110464647383353,97.8499984741211,0.00010222952376159888,2822.239990234375,-0.0188018290175358
2019-05-24,3.593858242034912,3.701562436246453,3.5871730401264275,3.666403733443064,357584000,4.111531984806061,4.370096573829651,-0.014729704423499745,0.33943576294243744,16.20556732811839,-0.2100573324026871,-0.15489518365960425,97.61000061035156,-0.003979585608657521,2826.06005859375,-0.011704710340585178
2019-05-28,3.548795700073242,3.644120275481644,3.546814838291281,3.611437590898888,428356000,4.066964709758759,4.356983866691589,-0.012538764449472217,0.33355354920810665,17.92317250506673,-0.22177410734732073,-0.16827096839714756,97.95999908447266,0.00030632879815573055,2802.389892578125,-0.013322895734091178
2019-05-29,3.474764108657837,3.536167747284733,3.4401005662304702,3.501256744741537,559800000,4.016628360748291,4.342816390991211,-0.020861046301954622,0.3263876684167769,15.4526320127583,-0.23433223053825003,-0.18148322082536805,98.13999938964844,0.0008158457377778205,2783.02001953125,-0.02839729811899827
2019-05-30,3.448241949081421,3.51368193525191,3.410068545016756,3.4779873758502218,394300000,3.96562203168869,4.324771027565003,-0.00763279426949659,0.3249940618171073,16.346950534599927,-0.24361649100403993,-0.19390987486110242,98.13999938964844,0.00030576678330707097,2788.860107421875,-0.02360067908440877
2019-05-31,3.3577651977539062,3.4665839936190226,3.356030054188708,3.3994088797142488,389720000,3.9067247033119203,4.30556480884552,-0.026238515934653872,0.3110017106472877,15.572635626223999,-0.25533174656314683,-0.20619424920151133,97.75,-0.001021956828620052,2752.06005859375,-0.02486674835714342
2019-06-03,3.3161215782165527,3.4075886972354943,3.2868718817116798,3.3689195829006886,478644000,3.8459679007530214,4.280801587104797,-0.012402183322767768,0.30691744122425496,18.994646753955266,-0.2649226002370719,-0.21793991940862345,97.13999938964844,-0.004815092897902162,2744.449951171875,-0.028877697476282327
2019-06-04,3.544666290283203,3.5498717215125177,3.358013521019817,3.380074668095808,641836000,3.800550377368927,4.263798289299011,0.06891928015183457,0.42815272153645395,29.10838098851373,-0.2511862538596219,-0.22458918629882313,97.06999969482422,-0.009085334809782686,2803.27001953125,0.0003140629915401316
2019-06-05,3.502030849456787,3.62373935243207,3.465840576664286,3.618285942697726,511616000,3.7613450407981874,4.247784419059753,-0.012028054923897913,0.41665571037020493,29.591802463464603,-0.2409627554946714,-0.2278639001379928,97.37000274658205,-0.007845900222693603,2826.14990234375,0.01549751080114925
2019-06-06,3.564000606536865,3.588540596250872,3.503766064839249,3.5062449089870698,408140000,3.724235498905182,4.231479783058166,0.017695377266505163,0.425100993577553,32.4682326128617,-0.2252634213904483,-0.22734380438848392,97.02999877929688,-0.011310379226155187,2843.489990234375,0.019588606351073512
2019-06-07,3.606635570526123,3.64084271992165,3.550862761690876,3.569949577094456,348856000,3.6938753962516784,4.216211066246033,0.011962670239466178,0.42873254386705106,37.76436690110997,-0.20699518903739245,-0.22327408131826565,96.61000061035156,-0.011662397848065886,2873.340087890625,0.04406881634656146
2019-06-10,3.679264307022095,3.747678846182901,3.662656334689904,3.662656334689904,402780000,3.668842625617981,4.2020235347747805,0.02013753124643447,0.43970556602712624,46.29763408153751,-0.18452980648717343,-0.21552522635204724,96.76000213623048,-0.003911851511278153,2886.72998046875,0.05184282163211673
2019-06-11,3.736771821975708,3.776680360069052,3.69735924180774,3.739002687057581,383872000,3.659523141384125,4.187842240333557,0.015630166836303694,0.39351648158430963,45.02181743787075,-0.16023832544455185,-0.2044678461705482,96.69000244140624,-0.003914672448878553,2885.719970703125,0.029412061841142867
2019-06-12,3.623987436294556,3.699590533604756,3.608866864111637,3.693393422778572,358892000,3.6401201248168946,4.170058345794677,-0.030182304688200268,0.3940474432947686,43.25741169807895,-0.1483775055316543,-0.1932497780427694,97.0,-0.003799966479871908,2879.840087890625,0.018997642517953217
2019-06-13,3.6750504970550537,3.693393377526362,3.628449122516424,3.646048538814184,308080000,3.626315712928772,4.1529391622543335,0.014090297402550744,0.3974886654408532,51.37152825733499,-0.13332052205738876,-0.1812639268456933,97.01000213623048,-0.0002060872237242828,2891.639892578125,0.016933382044288958
2019-06-14,3.585317373275757,3.606387071754889,3.540699369034188,3.582095065609688,394428000,3.6072694778442385,4.1312423419952395,-0.02441684103421249,0.4033528756416881,49.58828803999915,-0.12716261585273836,-0.17044366464710234,97.56999969482422,0.009936849999044428,2886.97998046875,0.004747051222933507
2019-06-17,3.5949854850769043,3.631919459503036,3.560778097403233,3.583582943720484,276040000,3.5932376384735107,4.109917144775391,0.002696584651950662,0.3982978930504564,52.305238553292476,-0.12011765345922853,-0.16037846240952758,97.55999755859376,0.008267831797243552,2889.669921875,0.0010184331150266956
2019-06-18,3.7895712852478023,3.844848154140171,3.645305872234125,3.656212458587092,581920000,3.5948526501655578,4.091151609420776,0.054127005791439364,0.43375075126913604,64.02386398902729,-0.0977067199069861,-0.1478441139090193,97.63999938964844,0.0098251827929976,2917.75,0.011099493236369273
2019-06-19,3.795519351959229,3.836171355813725,3.7694919612169655,3.824769050974875,331644000,3.592667353153229,4.072089042663574,0.0015695882894672941,0.4266233350242965,65.7592042212454,-0.07856033963799858,-0.13398735905481518,97.12000274658205,0.001237141717340684,2926.4599609375,0.016188354778067682
2019-06-20,3.819811344146729,3.899876165789767,3.8054344736815104,3.885995016872234,350168000,3.5952372550964355,4.054765195846557,0.006400176085246567,0.421645060190316,72.30729138129736,-0.060726517091635124,-0.11933519066217917,96.62999725341795,-0.0039171721930166825,2954.179931640625,0.021627879468332
2019-06-21,3.761808156967163,3.854019232295706,3.755363303218276,3.804939246760864,434428000,3.600948357582092,4.034874920845032,-0.015184830336829824,0.4081273887190714,71.18284526594692,-0.050689143793661184,-0.10560598128847556,96.22000122070312,-0.013836204554100284,2950.4599609375,0.021988368779212397
2019-06-24,3.7841172218322754,3.813614903025397,3.7360286803153007,3.783125778624384,282948000,3.6104613065719606,4.015708165168762,0.005930410040659417,0.40355853729442265,64.15590851635062,-0.040467810322605935,-0.09257834709530165,95.9800033569336,-0.016195102923318938,2945.35009765625,0.019268697562911052
2019-06-25,3.7548673152923584,3.863934099675752,3.752140728421234,3.789074704454762,311868000,3.6207648873329163,3.996714038848877,-0.00772965128330616,0.4014766346747051,65.1876049947798,-0.03433179732342362,-0.08092903714092604,96.16000366210938,-0.01515767858245165,2917.3798828125,-0.00012685020563785177
2019-06-26,3.94771671295166,4.008695191075361,3.869139292544832,3.8820289983345857,584072000,3.6444125175476074,3.98420636177063,0.051359843495371704,0.42538636485731113,69.91763266813427,-0.01374913664385291,-0.06749305704151141,96.20999908447266,-0.009369889171892742,2913.780029296875,-0.004332856697128018
2019-06-27,4.046124458312988,4.065211037122441,3.997292224170448,4.033234753133843,445440000,3.674306643009186,3.9719287109375,0.024927762683292887,0.426499893033518,71.56407795565967,0.01038375538912284,-0.051917694555384565,96.19000244140624,-0.0045533977493324995,2924.919921875,-0.009904613274309026
2019-06-28,4.070912837982178,4.099171095213199,4.024311700565911,4.089999418724976,397668000,3.709964025020599,3.9606023979187013,0.006126450119017024,0.40668679913060385,70.16333760078949,0.031150379087838687,-0.035304079826739915,96.12999725341795,-0.0009353976942769737,2941.760009765625,-0.002948676235928538
2019-07-01,4.119001388549805,4.311851028416398,4.081571454721185,4.277643639416192,709756000,3.750108015537262,3.9507281017303466,0.01181271927980232,0.3980007176471082,69.87113651874003,0.050901659477266215,-0.01806293196593869,96.83999633789062,0.008960126598025475,2964.330078125,0.006444049039824984
2019-07-02,4.021337032318115,4.123463244452716,4.008199582806831,4.102393303924036,400228000,3.7739415526390077,3.9378259658813475,-0.02371068786312658,0.3530913032242818,70.98712744686426,0.05800534464734097,-0.002849276643282758,96.7300033569336,0.005927617232910132,2973.010009765625,0.0190685235340331
2019-07-03,4.034225463867188,4.050337710614133,3.9744868942725153,4.0446363231461495,246636000,3.8005512833595274,3.9240921401977538,0.0032050115286266223,0.34653420739135804,69.76799175944942,0.06393801737256988,0.01050818215988777,96.7699966430664,0.005820575448733489,2995.820068359375,0.02815587938609676
2019-07-05,3.971761465072632,3.980437183665463,3.9085521178492,3.975975453073607,396552000,3.820939326286316,3.9088614416122436,-0.015483517060218777,0.35330878311321023,71.92697609610252,0.06287460131473477,0.020981465990857172,97.25,0.01101983087316638,2990.409912109375,0.02239035323483085
2019-07-08,3.896902084350586,3.93110947574305,3.866908917626089,3.912270636216512,329788000,3.835452651977539,3.8942430925369265,-0.018847904482772626,0.3628220610277264,65.95082179488402,0.05535323242191126,0.02785581927706799,97.37999725341795,0.013003225171272392,2975.949951171875,0.01162227418033801
2019-07-09,3.899381160736084,3.9273914426895513,3.842121174534404,3.854762903707792,342860000,3.8464584946632385,3.88404191493988,0.0006361659420321963,0.3579766825945557,57.27900755058589,0.0490273770474956,0.032090130831153516,97.48999786376952,0.006712118447536275,2979.6298828125,0.005161302649932198
2019-07-10,3.9675469398498535,4.024806674809341,3.9288778253043866,3.9427589731733534,452076000,3.857997250556946,3.874590029716492,0.017481178757324134,0.35889185789498557,60.53433188658348,0.04895023197351023,0.03546215105962486,97.0999984741211,0.0038250295083959163,2993.070068359375,0.006747390196419678
2019-07-11,4.12172794342041,4.162379948970753,4.003241741369174,4.040423459528527,682560000,3.8828842759132387,3.867394766807556,0.03886053672660306,0.3572876217063114,65.950821794884,0.06063129259099087,0.04049597936589806,97.0500030517578,0.002893525042934497,2999.909912109375,0.0013651833743939523
2019-07-12,4.154694557189941,4.225588159858404,4.149489127502253,4.149489127502253,506392000,3.9068664789199827,3.8611212873458864,0.007998250787550454,0.3562675827136615,71.32096475817772,0.07172198115221606,0.04674117972316167,96.80999755859376,-0.004524446698264684,3013.77001953125,0.007811674020768988
2019-07-15,4.14626932144165,4.19187903335185,4.118011526072684,4.175767248607779,289840000,3.9349140763282775,3.853332438468933,-0.0020278833094266036,0.33903937467579415,69.95377062600916,0.07892182396924063,0.053177308572377464,96.93000030517578,-0.004621040880409155,3014.300048828125,0.012886674267202691
2019-07-16,4.141558170318604,4.16857676853829,4.086033099999635,4.131395050866482,341444000,3.9622427105903624,3.8455384492874147,-0.0011362385696180866,0.340032223699314,71.89793468824556,0.08328751413265856,0.05919934968443369,97.4000015258789,-0.000923134063623321,3004.0400390625,0.008192345093196218
2019-07-17,4.20674991607666,4.2136904899657095,4.114043138797341,4.143292835270089,348204000,3.9831016421318055,3.840613112449646,0.015740874105129476,0.29414741723005144,67.14812429763754,0.09095926233674634,0.06555133221489622,97.22000122070312,0.00123586764642436,2984.419921875,-0.0028900581298841876
2019-07-18,4.218400955200195,4.281114350306893,4.160645249121269,4.217161769338876,442192000,4.004245722293854,3.839258379936218,0.002769605837278144,0.29397114135170593,62.884825798610265,0.09686274610380119,0.07181361499267722,96.79000091552734,-0.002679053354504246,2995.110107421875,-0.0015999829421960987
2019-07-19,4.1752705574035645,4.263019677068063,4.169321424477896,4.256575058860179,344896000,4.022018682956696,3.83663996219635,-0.010224347627141084,0.29914071431865963,57.59664941296693,0.09694353218134921,0.07683959843041162,97.1500015258789,0.003512074949483912,2976.610107421875,-0.0123300423949253
2019-07-22,4.246657848358154,4.259547552006564,4.189149903404396,4.196586434552319,315940000,4.046261167526245,3.8372963666915894,0.017097644325828387,0.2926642205885954,58.987796484984806,0.10159676918798333,0.08179103258192597,97.26000213623048,0.003404537604619007,2985.030029296875,-0.009710386841757623
2019-07-23,4.354238033294678,4.356220919527254,4.27020696470607,4.285823730358957,428176000,4.074767208099365,3.840782732963562,0.02533290620013484,0.300394271227887,73.11551399888751,0.11266656485264104,0.087966139036069,97.70999908447266,0.0031827264244075337,3005.469970703125,0.0004760028568298047
2019-07-24,4.428601741790772,4.434303131051249,4.321518313945671,4.397369154134487,366236000,4.108453929424286,3.8508915376663206,0.01707846652559475,0.29691810577438427,75.23018005018783,0.12598767991321402,0.095570447211498,97.7300033569336,0.005245856097786827,3019.56005859375,0.011774528262990858
2019-07-25,4.297721862792969,4.399848076562372,4.274421292935521,4.387206112042795,392700000,4.125954186916351,3.856605019569397,-0.02955331877390277,0.2802728338206234,69.17476170694154,0.1245481337880463,0.10136598452680766,97.81999969482422,0.010641582493586377,3003.669921875,0.00285792980762678
2019-07-26,4.339613437652588,4.386214576385118,4.324740844455043,4.324740844455043,274160000,4.140628635883331,3.8643745136260987,0.00974739087289267,0.2705402570908535,77.0935628519718,0.12534271035926015,0.10616132969329817,98.01000213623048,0.008852296416305139,3025.860107421875,0.01654566712556682
2019-07-29,4.333415508270264,4.349527756106696,4.24541868348631,4.3324240653372845,248160000,4.153753769397736,3.8717179822921755,-0.0014282215389389563,0.2709500096822891,76.44217752683912,0.12404241318815412,0.10973754639226938,98.04000091552734,0.008019728173605412,3020.969970703125,0.0120400602518278
2019-07-30,4.349031448364258,4.361177450700526,4.272684675173794,4.287061778523097,197772000,4.165255272388459,3.8811861658096314,0.0036036101463594594,0.26907659744250517,74.83061521052132,0.12285578910788342,0.11236119493539218,98.0500030517578,0.003479725416752899,3013.179931640625,0.0025653095897333333
2019-07-31,4.182210445404053,4.318544049392739,4.140071036577182,4.317552133408954,359416000,4.173298943042755,3.8896849536895752,-0.038358196518203935,0.29228112707580645,53.8730431118453,0.1072183735483625,0.11133263065798625,98.5199966430664,0.00808342636853876,2980.3798828125,-0.012975458351868863
2019-08-01,4.088017463684082,4.282850033662746,4.035962667918058,4.192622067715263,421212000,4.1759885430336,3.8946607971191405,-0.022522296032109534,0.3050095064012041,46.04074102178736,0.08623100528277661,0.10631230558294433,98.38999938964844,0.005827026135784896,2953.56005859375,-0.016682879472312173
2019-08-02,3.99555778503418,4.064716268579135,3.9482131799051,3.99555778503418,428348000,4.177178359031677,3.899203686714172,-0.02261724160213785,0.3110636620728061,41.862882758471564,0.06142952010794911,0.0973357484879453,98.0999984741211,0.0009182362608819439,2932.050048828125,-0.031002774504892416
2019-08-05,3.737763404846192,3.8136142340433454,3.690914293755133,3.812374812053093,589156000,4.169221425056458,3.9010072326660157,-0.06452024825009084,0.3827031957016368,32.87783076607654,0.02073331170688597,0.08201526113173344,97.5,-0.005507965223221611,2844.739990234375,-0.058335561815509474
2019-08-06,3.776432752609253,3.8577370013835552,3.728840171528824,3.8123752856044586,361272000,4.163074004650116,3.9046587228775023,0.010345584665130136,0.38506824467963696,31.33333457441232,-0.008302724816630302,0.0639516639420607,97.62999725341795,-0.004283587815067547,2881.77001953125,-0.043611704276094954
2019-08-07,3.8146064281463614,3.826504692479021,3.6983513174803138,3.715702755969092,372560000,4.155426979064941,3.9099749374389647,0.010108395419124783,0.3811641769023729,32.87784433777139,-0.02791194484415538,0.045578942184817485,97.54000091552734,-0.00994717581131821,2883.97998046875,-0.032344837280534944
2019-08-08,3.922929286956787,3.9241687091173865,3.814854180345954,3.872114160350247,309300000,4.14548704624176,3.918938241004944,0.028396863700317132,0.3679832743792572,39.860522257885535,-0.034316069292875895,0.029599939889278813,97.62000274658205,-0.007825964506992356,2938.090087890625,-0.005237736966991147
2019-08-09,3.8217945098876953,3.885499339198525,3.7714751080978575,3.882029051929957,341816000,4.128842043876648,3.926409292221069,-0.02578042316626794,0.3750238067581889,33.32689615217497,-0.0470102109001731,0.014277909731388433,97.48999786376952,-0.006218151068702604,2918.64990234375,-0.004570231156091897
2019-08-12,3.754124164581299,3.821795011597536,3.7323107586041546,3.769740459339902,279200000,4.10923478603363,3.934336471557617,-0.01770643218292367,0.3781040157688453,25.68790857248831,-0.06181823872634151,-0.0009413199601575571,97.37999725341795,-0.0012307974008415323,2882.699951171875,0.01334391229701537
2019-08-13,3.868147134780884,3.914004799892423,3.713718899764649,3.752635754897479,351956000,4.095564234256744,3.945376982688904,0.03037272215856568,0.398039088963402,28.001500307978603,-0.06361963910156243,-0.013476983788438533,97.80999755859376,0.0018436987630818802,2926.320068359375,0.015459265842238112
2019-08-14,3.719916582107544,3.791305692199871,3.676290008782504,3.7801511289732193,419880000,4.071222567558289,3.9488819885253905,-0.038320815498590566,0.41016271239534546,27.62522580279436,-0.07613064201219721,-0.02600771543319027,97.98999786376952,0.004613460570211503,2840.60009765625,-0.015041672655941696
2019-08-15,3.6876919269561768,3.758585308003184,3.653484776680428,3.738755027994951,477200000,4.044687116146088,3.9525952100753785,-0.0086627359619742,0.408997244371042,24.564740840734842,-0.08763575191708117,-0.03833332272996845,98.13999938964844,0.005326742762098435,2847.60009765625,-0.030798916141928645
2019-08-16,3.955152988433838,4.004232727881584,3.888721341218695,3.949947557940962,1007960000,4.033681237697602,3.960418257713318,0.07252803834359978,0.49510139757954164,37.74099250990735,-0.07431510375411898,-0.04552967893479856,98.13999938964844,0.006667366295229682,2888.679931640625,-0.010268436333887965
2019-08-19,4.233273029327393,4.249137537708656,4.052073914585831,4.068186165550668,815112000,4.033011996746064,3.9729510068893434,0.07031840277907553,0.5550840481781664,46.79392549098847,-0.040845588640584296,-0.044592860875955716,98.3499984741211,0.009960990429880967,2923.64990234375,0.014205415709404035
2019-08-20,4.161140441894531,4.228315555656023,4.140070503796948,4.2278195977279545,463188000,4.023357117176056,3.982588529586792,-0.01703943660924756,0.5502151970312564,49.384137688231256,-0.019911723789689084,-0.03965663345870239,98.19000244140624,0.003885133343192626,2900.510009765625,-0.00881997115517863
2019-08-21,4.244426727294922,4.299455828274941,4.205509873997716,4.2270752941554735,427244000,4.014148366451264,3.992741627693176,0.02001525460709308,0.5516415107233976,54.601075708030436,0.003360286809644286,-0.031053249405033054,98.3000030517578,0.00316364113426415,2924.429931640625,0.029511311378726646
2019-08-22,4.250625133514404,4.2964825715091655,4.211460055121014,4.254095421008157,303488000,4.011793529987335,4.005274381637573,0.0014603635821115457,0.5416575667532092,57.90444767502857,0.02204950943563677,-0.02043269763689909,98.16999816894533,0.00030567331855979596,2922.949951171875,0.026460826988186525
2019-08-23,4.026542663574219,4.228563996129451,4.006712380628328,4.1742785788354055,568056000,3.9961399912834166,4.012304224967957,-0.0527175328102657,0.5713146579450875,59.14014586466255,0.018565261646692477,-0.012633105780180776,97.63999938964844,-0.005094762615748927,2847.110107421875,-0.014390595428528608
2019-08-26,4.101155757904053,4.129166284678931,4.062982579883906,4.105122004998567,318208000,3.9845270037651064,4.0226209926605225,0.0185303126190155,0.5764707494567515,60.04915129606514,0.02157590966005074,-0.005791302692134474,98.08000183105467,-0.0027452633172888596,2878.3798828125,-0.015484076768206512
2019-08-27,4.010676860809326,4.142052250196877,3.981427170880689,4.139325664320654,290968000,3.9676092743873594,4.030934820175171,-0.022061804631620996,0.5802723380433189,55.877485041118454,0.01647111036199078,-0.0013388200813094229,98.0,-0.0019350487491801571,2869.159912109375,-0.01080847766451365
2019-08-28,4.00025749206543,4.052859785496101,3.945173900337365,3.9843777508732217,255612000,3.9585116267204286,4.035148544311523,-0.002597907810950928,0.5654015038404534,52.46256325001435,0.011452744056453135,0.0012194927462430888,98.20999908447266,-0.0009156049286972445,2887.93994140625,-0.012477642168675196
2019-08-29,4.143672466278076,4.175928389541459,4.088092439516701,4.09156616161059,357976000,3.961294376850128,4.0421116065979,0.03585143568810567,0.5746762624848414,59.981605007460026,0.018830970745073117,0.004741788346009095,98.51000213623048,0.003463420328276179,2924.580078125,0.0005576992354834331
2019-08-30,4.156327247619629,4.239449078910096,4.138214197129242,4.189824062623916,290616000,3.9693328499794007,4.048841924667358,0.003054001358586911,0.5676908560426065,62.91314181750709,0.025406532950069227,0.008874737266821121,98.91999816894533,0.013109368980932068,2926.4599609375,0.02787031429124398
2019-09-03,4.073453903198242,4.1166274499411415,4.050626717378443,4.083627083659792,296140000,3.9861173748970034,4.05507483959198,-0.019939080703726852,0.5176540155628053,56.726118587969616,0.023657814519228104,0.01183135271730252,98.9499969482422,0.008870260001484498,2906.27001953125,0.00968952600221007
2019-09-04,4.187341690063477,4.194785582574162,4.133994976884672,4.133994976884672,227728000,4.006662821769714,4.063139328956604,0.02795853091054168,0.523890931224288,65.66597887926399,0.031103196871559824,0.01568572154815398,98.4499969482422,0.004591805594308163,2937.780029296875,0.023916449166143217
2019-09-05,4.459783554077148,4.4659865629680935,4.287585339152025,4.289322200571859,695676000,4.038921678066254,4.0772376537323,0.06506320338275096,0.5647630728165006,72.28818329241231,0.058315275366681796,0.024211632311859545,98.41000366210938,0.002036499129428604,2976.0,0.030492344155491624
2019-09-06,4.432737350463867,4.493279507064552,4.394774390362867,4.436459060823824,376976000,4.064412081241608,4.086938066482544,-0.006064465525138618,0.5618488639172934,66.00859211493321,0.0768131864308419,0.034731943135656015,98.38999938964844,-0.0012181782964139076,2978.7099609375,0.01850859999265375
2019-09-09,4.478639602661133,4.564987152602954,4.462263416626171,4.4637522898818425,417524000,4.0972543358802795,4.095588369369507,0.010355283556888972,0.5486169284431668,59.741157593400935,0.09409220597056756,0.046603995702638325,98.27999877929688,-0.006469868595785799,2978.429931640625,0.017758647443266717
2019-09-10,4.545137882232666,4.571686777215572,4.436211123418617,4.445887854419998,352812000,4.136805021762848,4.105072870254516,0.014847874683200812,0.5400797974671516,65.31336937444023,0.11186232955331743,0.05965566247277415,98.33000183105467,-0.0062657416504199315,2979.389892578125,0.025159352900962828
2019-09-11,4.573671817779541,4.621807955255365,4.530746263849502,4.5597769283241165,361512000,4.172081255912781,4.114166278839111,0.00627790317614263,0.5348592472933958,63.72946427257663,0.1267862180500572,0.07308177358823076,98.6500015258789,0.002031534625052789,3000.929931640625,0.021495789920957575
2019-09-12,4.572182655334473,4.6746579318485,4.564242786613247,4.620070801973529,327840000,4.214694559574127,4.125183191299438,-0.0003255945123301629,0.5065851003594809,63.46176495834839,0.1369150725114272,0.08584843337287006,98.30999755859376,-0.0010162188781028814,3009.570068359375,0.011280264905703996
2019-09-13,4.514369964599609,4.542656191686492,4.47069997506587,4.505685658905281,324592000,4.256028461456299,4.134786081314087,-0.012644440323794082,0.5088107474524192,73.7254709157463,0.13867866039249588,0.09641447877679522,98.26000213623048,-0.0013212445799815065,3007.389892578125,0.009628306218709026
2019-09-16,4.471445083618164,4.505934323774935,4.429015973241978,4.4394371416410685,231832000,4.281843066215515,4.144779753684998,-0.009508498709243973,0.45718454771431133,68.58176158870037,0.13505579816526936,0.10414274265449006,98.6500015258789,0.003764781758014868,2997.9599609375,0.006557155865713815
2019-09-17,4.492783069610596,4.497001228439258,4.431744470381749,4.47814374423788,223048000,4.294818568229675,4.156697373390198,0.0047720559222803605,0.39020843190625526,75.99691035186402,0.13238045144914334,0.10979028441342072,98.26000213623048,-0.000711885421750158,3005.699951171875,0.008830686664840437
2019-09-18,4.465737342834473,4.501467463048874,4.37939026220508,4.485835712927259,258152000,4.3100484132766725,4.168024497032166,-0.0060198158595863305,0.38452263745883863,74.65820899594125,0.12661827907745504,0.11315588334622759,98.5999984741211,-0.0005068732993855907,3006.72998046875,0.0019327505007602497
2019-09-19,4.390307903289795,4.490053897893183,4.379638275420076,4.4716923888184725,245476000,4.317342472076416,4.176479716300964,-0.016890702196292073,0.38621253302420255,64.07932057598606,0.11464364994419185,0.11345343666582045,98.2699966430664,-0.00040688553067569355,3006.7900390625,-0.000923729713457222
2019-09-20,4.284854888916016,4.412887110911916,4.2746821831396336,4.389315491623512,350244000,4.319053959846497,4.1797422552108765,-0.02401950311839407,0.39709549562942875,56.63418759494394,0.09554313138610127,0.10987137560987661,98.51000213623048,0.0025442702479629986,2992.070068359375,-0.005094059887797542
2019-09-23,4.338201999664307,4.383608854453236,4.281381552536594,4.285103736213856,249712000,4.334636926651001,4.1834124040603635,0.01245015575353281,0.34476221499998544,64.09508611397274,0.08374513700414354,0.10464612788873001,98.5999984741211,-0.0005068732993855907,2991.780029296875,-0.002061378978087669
2019-09-24,4.280886173248291,4.398993231110503,4.245404505643562,4.369466584959769,317268000,4.343623447418213,4.186104741096496,-0.01321188511287641,0.3453742896682683,55.29950008131175,0.06897513089957563,0.09751192849089914,98.33999633789062,0.0008141074691738748,2966.60009765625,-0.013008568436906232
2019-09-25,4.422316074371338,4.441917996754072,4.2357265399009565,4.280388956161692,308432000,4.364205408096313,4.191719899177551,0.03303752900669421,0.34904297541045587,47.50737398558132,0.06789930477162898,0.09158940374704512,99.04000091552734,0.004462499474802151,2984.8701171875,-0.007270311409154906
2019-09-26,4.400232791900635,4.421323587396591,4.349367368157565,4.412639281386251,234564000,4.384204173088074,4.19558955669403,-0.004993601112928681,0.3498484322484427,47.8231712652348,0.06452101043131186,0.08617572508389848,99.20999908447266,0.009565508023985148,2977.6201171875,-0.009701349777018309
2019-09-27,4.261779308319092,4.409164976470412,4.201236688798003,4.358547547226562,362056000,4.390109515190124,4.196457123756408,-0.031465036085452036,0.35271136143509896,37.07864657766211,0.05009419411907334,0.07895941889093346,99.11000061035156,0.006090736586233492,2961.7900390625,-0.010120093649236717
2019-09-30,4.319096565246582,4.329269745292927,4.256321096915382,4.287585073796738,186184000,4.3982479810714725,4.199333643913269,0.013449137738222428,0.3551867967711822,36.3826216648349,0.04279257569066264,0.07172605025087929,99.37999725341795,0.007910738249165217,2976.739990234375,-0.005027120615560321
2019-10-01,4.317359924316406,4.491047010934916,4.312645789053364,4.34217243287037,366008000,4.41044328212738,4.200747685432434,-0.0004020843025713816,0.3457110332347135,34.043860570903405,0.03644573433276932,0.0646699870672573,99.12999725341795,0.008033363279910333,2940.25,-0.008882254698591718
2019-10-02,4.2935404777526855,4.307435369491787,4.22133625967192,4.295525327069913,293372000,4.4157532215118405,4.199533734321594,-0.005517132456241081,0.3340531022763272,33.12296060623389,0.02915767503209654,0.05756752466022515,99.04000091552734,0.0,2887.610107421875,-0.03258433564850338
2019-10-03,4.498738765716553,4.504941774364291,4.267735259417239,4.298006339155952,450588000,4.417700982093811,4.20093647480011,0.047792326409199504,0.29361695022649,49.19666343675424,0.03948447006108591,0.0539509137403973,98.86000061035156,-0.0035278548266398646,2910.6298828125,-0.02249791166721271
2019-10-04,4.515115737915039,4.544394398140428,4.43596406550409,4.500972383555039,265524000,4.421819901466369,4.205284352302551,0.0036403474509989486,0.2927165991242113,52.307334170433954,0.04843172354907743,0.05284707570213333,98.80999755859376,-0.0030269705368810573,2952.010009765625,-0.003302067049955615
2019-10-07,4.573671817779541,4.673169354026785,4.57119051991119,4.579874825820831,480984000,4.42657151222229,4.20996551990509,0.012968898974789367,0.29395925755665436,54.112029010801486,0.05956089178613677,0.05418983891893402,98.98999786376952,-0.003924324818141645,2938.7900390625,-0.012748829691667796
2019-10-08,4.397503852844238,4.482114082791431,4.379390802700661,4.482114082791431,444436000,4.419189810752869,4.21124728679657,-0.03851784123436075,0.3209245191542652,46.987975138628585,0.05354828403644518,0.05406152794243626,99.13999938964844,0.00010089918801181597,2893.06005859375,-0.0160496357133747
2019-10-09,4.483850002288818,4.533227019421583,4.445391073078044,4.474173273041271,292412000,4.4146987199783325,4.213943657875061,0.019635264080265058,0.32860470799485264,54.089803386223444,0.05511532653541096,0.054272287661031204,99.12000274658205,0.0008077729232145447,2919.39990234375,0.011009032985501488
2019-10-10,4.541415214538574,4.592280635404591,4.476406917044007,4.4816175003554894,309124000,4.413160347938538,4.221127753257751,0.012838344775220278,0.3321538031330338,61.70745357238287,0.06030706819942022,0.05547924376870901,98.70999908447266,-0.0015173126133199988,2938.1298828125,0.00944812673105222
2019-10-11,4.614861011505127,4.697982369452037,4.606424692488743,4.625282179727991,446404000,4.418184900283814,4.231664624214172,0.016172447022996028,0.33350185746368294,62.397202084761375,0.06954633600531235,0.05829266221602968,98.3000030517578,-0.00516136544314294,2970.27001953125,0.006185619190049785
2019-10-14,4.628259658813477,4.649101996183618,4.575160917481616,4.606176435689826,200040000,4.426025629043579,4.244318661689758,0.002903369630189445,0.3310626967313178,66.2037067929697,0.0770613657125292,0.06204640291532958,98.4499969482422,-0.005455105840798891,2966.14990234375,0.009309907450883337
2019-10-15,4.87241268157959,4.944865345798221,4.704432656393893,4.718328018520987,664124000,4.445007109642029,4.267011647224426,0.05275266315302307,0.37712764677437083,69.15927193544734,0.10154761170707438,0.06994664467367855,98.29000091552734,-0.00857371877500579,2995.679931640625,0.03547104829090775
2019-10-16,4.81881856918335,4.943129094185844,4.807404976671537,4.838420492650064,428944000,4.462661170959473,4.287859363555908,-0.010999501868726225,0.37934794318930465,67.35244536726765,0.11529944092239397,0.07901720392342163,98.01000213623048,-0.011198553062891636,2989.68994140625,0.024076879294977704
2019-10-17,4.820803165435791,4.908142667329887,4.766463550442048,4.863232267535024,263436000,4.4841859340667725,4.307983298301696,0.00041184290795537315,0.37155283867829714,76.13090886396462,0.12491802771895166,0.08819736868252764,97.61000061035156,-0.01114373907733246,2997.949951171875,0.020359912851134032
2019-10-18,4.726516246795654,4.853804039838178,4.652327188895104,4.821299651818596,307440000,4.506269001960755,4.324055037498474,-0.019558342335185053,0.3672526627031523,68.40812816085689,0.12350892668263747,0.09525968028254961,97.27999877929688,-0.010376441920595503,2986.199951171875,0.005363125754856091
2019-10-21,4.863480091094971,4.876879003547082,4.768944687098113,4.787802170340796,261868000,4.532532906532287,4.34488874912262,0.02897775806698455,0.37617599827525877,71.9880446773357,0.13192331172156546,0.10259240657035279,97.33000183105467,-0.011376283919808938,3006.719970703125,0.01367768646059253
2019-10-22,4.853556156158447,5.025257908542597,4.845864274299775,4.920301321615547,328720000,4.561166405677795,4.366877388954163,-0.0020405007835221367,0.37066016707457355,72.8026554603836,0.13622072613921965,0.10931807048412617,97.52999877929688,-0.007732242640669296,2995.989990234375,0.0001035019096917722
2019-10-23,4.840654373168945,4.854797253245495,4.739915931328009,4.771675887794921,279916000,4.582083320617675,4.386327533721924,-0.0026582123652018064,0.3582838955312571,66.50705565098964,0.1370060712577148,0.1148556706388439,97.47000122070312,-0.005509651094352308,3004.52001953125,0.004960406736366885
2019-10-24,4.884571075439453,4.918067411363147,4.847848531908992,4.881841316678145,232020000,4.606300234794617,4.409620623588562,0.009072472208288884,0.3566756140573322,67.37460880422586,0.1395633740672002,0.11979721132451518,97.62999725341795,0.00020486264666885745,3010.2900390625,0.004116175417071766
2019-10-25,5.075132369995117,5.095974711378305,4.957273283459132,4.964965167530452,423092000,4.646967887878418,4.437369432449341,0.039012902384375714,0.3474872794556339,70.97792691669822,0.1551779638788764,0.12687336183538744,97.83000183105467,0.005653814336548324,3022.550048828125,0.012172693808391921
2019-10-28,5.130958557128906,5.183312379594485,5.089521403946788,5.118800055782335,330792000,4.687560987472534,4.460885543823242,0.010999947009035838,0.34717967313837883,84.11835529123461,0.17009657807386702,0.13551800508308337,97.76000213623048,0.0044179625715223825,3039.419921875,0.010875622435909227
2019-10-29,5.034934997558594,5.123515402514696,5.015581534253515,5.117063932573511,211236000,4.723439741134643,4.476918783187866,-0.018714545927660642,0.35953467070970346,75.40626180226752,0.17218652942246582,0.14285170995095986,97.69000244140624,0.0016405584344509894,3036.889892578125,0.013651548395377189
2019-10-30,5.0369181632995605,5.067437694880544,4.968932130095458,5.061730663629225,205960000,4.7606086254119875,4.494434337615967,0.00039388110113214303,0.35720086857867306,74.07776937966804,0.17201991729688793,0.14868535142014547,97.6500015258789,0.001846725176172015,3046.77001953125,0.014062146274729015
2019-10-31,4.987789630889893,5.036918182965631,4.908142020373093,5.016075852980605,209732000,4.785061168670654,4.509301595687866,-0.009753688826559137,0.33009630158869757,68.56019471298062,0.16600995458693824,0.15215027205350404,97.3499984741211,-0.0028679584879027775,3037.56005859375,0.009058934247991202
2019-11-01,5.02674674987793,5.059002677306178,4.927496723078887,4.952557217600477,283640000,4.810642719268799,4.524824028015137,0.0078104976093562595,0.3301372317042766,69.34018854929609,0.16251713341337926,0.15422364432547908,97.23999786376952,-0.006030910316285665,3066.909912109375,0.014676303970036386
2019-11-04,5.223012447357178,5.235418937100487,5.08455952393988,5.107634695669968,376716000,4.843109750747681,4.548753423690796,0.03904427798834598,0.35023522061939877,67.84554303763612,0.173585068379297,0.15809592913624265,97.51000213623048,-0.0025572830865083773,3078.27001953125,0.012782076401040232
2019-11-05,5.200929164886475,5.248816837915492,5.153041018598312,5.222763922024642,300868000,4.883281016349793,4.570748891830444,-0.0042280738737042745,0.31012625391732307,70.0940227263381,0.1785167206098679,0.16218008743096773,97.9800033569336,0.0029685833583767973,3074.6201171875,0.012423968581009248
2019-11-06,5.151800632476807,5.202417591247095,5.0644606569634405,5.1768611240691085,269012000,4.916678547859192,4.593571367263794,-0.009446106811327848,0.3135672325248333,66.58386108156613,0.17642708691612707,0.1650294873279996,97.9499969482422,0.0030721496945782523,3076.780029296875,0.009849778477944326
2019-11-07,5.169417381286621,5.252787188243311,5.124754967800568,5.238147862634401,280340000,4.948078656196595,4.616954565048218,0.0034195323279317957,0.3130828749596651,74.03726065116857,0.17418466911906538,0.16686052368621276,98.13999938964844,0.00811505832470405,3085.179931640625,0.01567701448804293
2019-11-08,5.155523300170898,5.187035266304387,5.115079039244236,5.152546026326252,189100000,4.975111770629883,4.637191581726074,-0.002687746043881001,0.3126549510499911,68.29361834060248,0.16933441885721745,0.1673553027204137,98.3499984741211,0.011415062060230241,3093.080078125,0.008533072951472986
2019-11-11,5.165447235107422,5.188522403247771,5.0686785232004175,5.1547776082621,243436000,5.00197114944458,4.65737398147583,0.0019249132161218707,0.31279177101528427,69.53689106548569,0.16439628119563743,0.16676349841545846,98.1999969482422,0.007076143953393954,3087.010009765625,0.002839253924743712
2019-11-12,5.200929164886475,5.256757179837685,5.168672768132822,5.2036584503713526,283504000,5.018396973609924,4.679923486709595,0.0068690915160058985,0.2589989821584411,71.94681067992468,0.16148437536115523,0.16570767380459783,98.30999755859376,0.0033679749985109364,3091.840087890625,0.005600682375966892
2019-11-13,5.175126075744629,5.197208828521388,5.108876870895727,5.169667029575882,300188000,5.036212348937989,4.699679174423218,-0.004961246024278276,0.25541078045045146,68.09911984297847,0.15530432378879322,0.16362700380143694,98.37000274658205,0.004287961321344236,3094.0400390625,0.0056097639744396854
2019-11-14,5.20539665222168,5.207629962698635,5.1242601371146135,5.184057865170301,518080000,5.0554420232772825,4.714591436386108,0.0058492442568551795,0.2552131034660212,60.139090338202266,0.15110730003894446,0.16112306304893845,98.16000366210938,0.00020383403897850094,3096.6298828125,0.003711275006831105
2019-11-15,5.066445827484131,5.254771727110094,4.9783614179687765,5.203161872194428,1053628000,5.072438502311707,4.7272656059265135,-0.02669360934833742,0.26500525388776697,45.553980362890215,0.13501261677964038,0.15590097379507883,98.0,-0.0035587034016394403,3120.4599609375,0.008851979942626542
2019-11-18,5.267179012298584,5.293727907130065,5.05602542646545,5.0590027001184295,574588000,5.092623448371887,4.743036394119263,0.03962011864915804,0.2807425388024589,63.98688414616285,0.1368771205157584,0.15209620313921476,97.79000091552734,-0.0041751124791883365,3122.030029296875,0.011344316805085075
2019-11-19,5.160733222961426,5.259734782811542,5.102672367728209,5.236163163136437,414564000,5.1079823017120365,4.7553483009338375,-0.020209259850218264,0.29318112776722155,56.62336946789901,0.12828665881755086,0.14733429427488198,97.86000061035156,-0.004577326410510785,3120.179931640625,0.009166012130121137
2019-11-20,5.239884376525879,5.32350216574159,5.1252510770289295,5.137905552880523,472588000,5.127943801879883,4.7686725521087645,0.015337191469671385,0.2953357474895161,63.06588537097129,0.1264083360184829,0.14314910262360217,97.93000030517578,-0.004472933100752141,3108.4599609375,0.00466054792211712
2019-11-21,5.215072154998779,5.290998067686238,5.193485385180956,5.23541851257245,288388000,5.144468855857849,4.781530342102051,-0.004735261266118007,0.2963380873603297,59.9060131800262,0.12151684223906312,0.13882265054669435,97.98999786376952,-0.0017319253463463635,3103.5400390625,0.0022315086114599314
2019-11-22,5.232687950134277,5.284049333869966,5.209115863915113,5.237650071159171,224100000,5.1523466348648075,4.795896701812744,0.0033778622063000974,0.2649396957729093,50.626723869002944,0.11770491661369853,0.13459910376009518,98.2699966430664,0.002755067786391896,3110.2900390625,-0.003259109875566102
2019-11-25,5.488753795623779,5.493716391664909,5.347571109090329,5.360473574841742,506476000,5.170236396789551,4.816242876052857,0.04893581423729487,0.31260838401868357,64.30691079263829,0.13380390368001294,0.13444006374407874,98.31999969482422,0.005419764539676075,3133.639892578125,0.003718690458549112
2019-11-26,5.384291172027588,5.475848802408293,5.377839705500054,5.471134196367558,385244000,5.1877042055130005,4.834073038101196,-0.019032120493267524,0.3129103630407328,60.95384703867258,0.13655903863107444,0.13486385872147788,98.25,0.003985278839321538,3140.52001953125,0.006518882992728514
2019-11-27,5.419056415557861,5.46399996004786,5.392736101303444,5.42973391735485,215784000,5.206811118125915,4.853139419555664,0.006456791139172635,0.3128414828513393,61.57476457195364,0.13993468756516503,0.1358780244902153,98.41000366210938,0.004901494490327618,3153.6298828125,0.014531286374162233
2019-11-29,5.381809711456299,5.416572564747527,5.357972055708968,5.388265940558016,141556000,5.226512122154236,4.872969455718994,-0.006873282218400445,0.31134435902272756,60.26960479862956,0.13801348241351352,0.13630511607487494,98.2699966430664,0.002857422036952828,3140.97998046875,0.012063624420827423
2019-12-02,5.195828914642334,5.38826740849526,5.18068244169978,5.374858605082308,372036000,5.234966230392456,4.891188936233521,-0.0345572970404483,0.3394963580021264,51.18884088620005,0.12009938652419905,0.13306397016473978,97.86000061035156,-0.004172138462607444,3113.8701171875,0.0011510431760501927
2019-12-03,5.156347274780273,5.160319901852192,4.975331311183511,5.012577294828823,465232000,5.231632971763611,4.90755184173584,-0.007598718223919443,0.3109278312077096,48.260945746417825,0.1015459397099665,0.12676036407378513,97.73999786376952,-0.005899123605115686,3093.199951171875,-0.01290510166851977
2019-12-04,5.200048446655273,5.262125237158131,5.171493179856959,5.239777554688436,273424000,5.23158893585205,4.925935087203979,0.008475218899383075,0.3121541804094144,50.95878610260952,0.08933867811380125,0.11927602688178837,97.6500015258789,-0.006106854698433528,3112.760009765625,-0.008839303552590771
2019-12-05,5.183165073394775,5.237544320755254,5.152623012378893,5.221901034014239,184884000,5.233157157897949,4.941152067184448,-0.003246772301007672,0.3103909824421142,49.1358298372714,0.07740965787820375,0.11090275308107145,97.41000366210938,-0.010161568568105128,3117.429931640625,-0.011478820444075333
2019-12-06,5.268332958221436,5.301109970488234,5.242260819199555,5.252193333269799,232236000,5.23810293674469,4.958514070510864,0.016431636581252018,0.31541929463481805,58.1900580632382,0.07397541736209146,0.10351728593727547,97.6999969482422,-0.005800343078208758,3145.909912109375,0.0015695520733274293
2019-12-09,5.268332958221436,5.322960838391095,5.236798220625925,5.245488933633219,211880000,5.243743419647217,4.978645143508911,0.0,0.3151315109511054,50.05592014049361,0.07044174838380268,0.09690217842658091,97.63999938964844,-0.0022481220041996597,3135.9599609375,0.007094015780578555
2019-12-10,5.313277244567871,5.364925183754723,5.245737376765178,5.298378472688952,256388000,5.251134920120239,4.998528757095337,0.00853102617143775,0.3161847035019868,57.86083500178394,0.07045574854088432,0.0916128924494416,97.41000366210938,-0.003376245230945152,3132.52001953125,0.012711777117569989
2019-12-11,5.396708965301514,5.402172038649379,5.321223831413108,5.323706960460603,233796000,5.260923910140991,5.020115737915039,0.015702497139395533,0.31967303675072517,58.04592330263397,0.07631932469352165,0.08855417889825762,97.16000366210938,-0.005017899192143571,3141.6298828125,0.009274686437856339
2019-12-12,5.56381893157959,5.581945344521159,5.358965790344056,5.367904674619111,404348000,5.280358552932739,5.045521306991577,0.030965161796294716,0.33433685576681277,65.6128654066934,0.09337426828038087,0.08951819677468227,97.4000015258789,-0.00010268079103215033,3168.570068359375,0.016404582569667037
2019-12-13,5.561832427978516,5.685737844111824,5.507949532561871,5.566798685120836,454704000,5.298180341720581,5.066783180236817,-0.0003570395847714014,0.3345671128685483,64.94443246463865,0.1055138418200805,0.09271732578376192,97.16999816894533,-0.005424757378218237,3168.800048828125,0.007276157728052013
2019-12-16,5.590636730194092,5.662894219865034,5.581201029609997,5.609259960549348,320976000,5.324389886856079,5.088293600082397,0.00517892305972345,0.3149365809490381,55.8287684686061,0.11612024586046044,0.09739790979910162,97.06999969482422,-0.005837768316133807,3191.449951171875,0.01769473811068245
2019-12-17,5.668606758117676,5.691202621072795,5.59982553855687,5.609261241295391,321196000,5.344461274147034,5.11019229888916,0.013946538057549196,0.2898184717740783,66.77430299429298,0.12932663021807578,0.10378365388289647,97.20999908447266,-0.002053224208167448,3192.52001953125,0.019153907916278357
2019-12-18,5.698899745941162,5.759238415249279,5.694926644287925,5.7033691892957465,343548000,5.3713696002960205,5.136220216751099,0.005343991763073985,0.275541583542329,66.5980354114651,0.14061623943895718,0.11115017099410862,97.41000366210938,0.0025730752426627035,3191.139892578125,0.015759338818518653
2019-12-19,5.846642017364502,5.8600508201841,5.72844781559628,5.733414073944906,445360000,5.401707482337952,5.163476057052613,0.025924700908901643,0.2832078642587226,74.37513377488213,0.15964461886300274,0.12084906056788745,97.41999816894533,0.00020530434038135148,3205.3701171875,0.011614087122643113
2019-12-20,5.943729400634766,5.969056556472386,5.893819601347594,5.912939172025918,603044000,5.438140344619751,5.191522340774537,0.01660566577907696,0.28296609301924974,93.25106648172711,0.18047844392775492,0.13277493723986095,97.70999908447266,0.005557280289214983,3221.219970703125,0.016542514853338908
2019-12-23,5.930071830749512,6.0043156215903055,5.919394804297216,5.972284068625076,355060000,5.473009538650513,5.217826557159424,-0.0022978115194469684,0.284565363067839,96.12205010892255,0.19365501418504394,0.14495095262889754,97.66000366210938,0.00607812886720982,3224.010009765625,0.010202277676889304
2019-12-24,5.925105094909668,5.942238348889782,5.880409732110816,5.914676240071043,138864000,5.494827103614807,5.243763465881347,-0.0008375507045444985,0.23678606475733271,95.31349087146624,0.2013754362947271,0.15623584936206347,97.6500015258789,0.004526308461580086,3223.3798828125,0.00966630219777942
2019-12-26,5.939260005950928,5.96731846159525,5.909711104693334,5.928582504727154,182852000,5.522575545310974,5.265100412368774,0.002388972147248536,0.2209007230855695,97.41497786607691,0.20625848998173346,0.1662403774859975,97.58999633789062,0.001847784303607991,3239.909912109375,0.015282946274050246
2019-12-27,5.881653785705566,5.967816430107553,5.855332994169132,5.954407626689118,254644000,5.545705413818359,5.286357116699219,-0.009699225187589366,0.2268601639464683,89.83870957750544,0.20313835219577836,0.17361997242795368,96.91999816894533,-0.005132416438079823,3240.02001953125,0.010809953633108993
2019-12-30,5.768673896789551,5.865017227319757,5.737387320894743,5.859802798003956,258056000,5.565048623085022,5.305314531326294,-0.019208864212748367,0.23876063519579238,78.3403890064384,0.18936619211153527,0.17676921636467,96.73999786376952,-0.009927348580410333,3221.2900390625,2.1752118766205086e-05
2019-12-31,5.842668056488037,5.852103755754159,5.714293196478144,5.733412765788655,231004000,5.597390580177307,5.327637567520141,0.012826892457843186,0.1932753912144875,79.03047405774961,0.18232068692619308,0.17787951047697462,96.38999938964844,-0.013004343895531512,3230.780029296875,0.002099875468979162
2020-01-02,5.957139015197754,5.957139015197754,5.877929415784326,5.928335567557279,237536000,5.637430167198181,5.349510746002197,0.019592240668644845,0.1920835402096311,79.72082367132045,0.18385456205496187,0.17907452079257208,96.8499984741211,-0.008192555445539873,3257.85009765625,0.010693810874588427
2020-01-03,5.86178731918335,5.905489527898822,5.812870682746855,5.837701493917199,205384000,5.670517110824585,5.369675369262695,-0.016006290229444775,0.20902936625693533,67.10367060315083,0.17535470428797684,0.17833055749165305,96.83999633789062,-0.0076852139373305706,3234.85009765625,-0.00156171455083165
2020-01-06,5.886369705200195,5.891584133115414,5.742600207761552,5.768672347337643,262636000,5.705677342414856,5.39058967590332,0.00419366733699067,0.206272125723481,68.15772960882408,0.16865791541447006,0.17639602907621646,96.66999816894533,-0.0025794470153024385,3246.280029296875,0.0019320898413863752
2020-01-07,5.957635879516602,6.003324417479468,5.869735089948636,5.914678641747909,314856000,5.740142488479615,5.412050971984863,0.012106982382273257,0.20405898543043477,69.60207172702836,0.16717416692155584,0.17455165664528433,96.9800033569336,0.002480933413933517,3237.179931640625,0.004932773014984182
2020-01-08,5.968808174133301,6.010027258014917,5.913435777645766,5.953413060374501,277108000,5.775166249275207,5.429924488067627,0.0018752899375928944,0.20340532026461172,67.26633858224527,0.16499780437463318,0.1726408861911541,97.3000030517578,0.009440851414789897,3253.050048828125,0.006893078244047723
2020-01-09,6.034361839294434,6.106619328463074,5.980727580351589,6.05497138322673,255112000,5.811220479011536,5.447992553710938,0.010982705968876516,0.20394124060663835,68.54229318601728,0.16664171237067027,0.17144105142705734,97.4499969482422,0.006195131477275462,3274.699951171875,0.005172077600423375
2020-01-10,6.066642284393311,6.171676330159924,6.052488968749053,6.141382911321963,316296000,5.8447171449661255,5.468626699447632,0.0053494380944600906,0.20100919070134174,63.93951589025174,0.16860570186410673,0.17087398151446723,97.36000061035156,0.0053697262714318406,3265.35009765625,0.009428566727743615
2020-01-13,6.256844520568848,6.281923504914229,6.126979682987287,6.149576012224581,319840000,5.879368424415588,5.4930252265930175,0.03135214295803124,0.20165175767718085,67.74547478907571,0.18339583552836292,0.17337835231724638,97.3499984741211,0.007034243488733383,3288.1298828125,0.012891633851035866
2020-01-14,6.140139579772949,6.239462348536251,6.1269789517854685,6.214134722815993,359088000,5.90828378200531,5.516072225570679,-0.018652363889216206,0.21897051303349024,60.66023454529264,0.18358377021004912,0.17541943589580694,97.37000274658205,0.0040214412883969874,3283.14990234375,0.014200622663512963
2020-01-15,6.097678661346436,6.175150562579818,6.071854694268641,6.152802880546791,263104000,5.933635878562927,5.537490863800048,-0.006915301822516984,0.2230452553116378,58.43648758209492,0.1782516939726735,0.17598588751118024,97.2300033569336,-0.000719421301425549,3289.2900390625,0.011140311304902895
2020-01-16,6.1811113357543945,6.187070750514712,6.127725247332513,6.151066091140248,284192000,5.959261107444763,5.556652841567993,0.013682694520595673,0.22289807950982496,61.0731840226215,0.17869838098764124,0.17652838620647243,97.31999969482422,-0.0013339893020933857,3316.81005859375,0.012859226203855822
2020-01-17,6.189802169799805,6.207680414425977,6.142375495222458,6.200231027429631,253792000,5.983806228637695,5.57643030166626,0.0014060309826711137,0.22312219802420202,64.77018508614347,0.1777051865672341,0.17676374627862476,97.61000061035156,0.0025677896305746906,3329.6201171875,0.019682428410166652
2020-01-21,6.156529426574707,6.190050958426522,6.122511079468189,6.153301311440246,217916000,5.999300599098206,5.596524877548218,-0.005375413028131382,0.21004285504855247,70.12876199224739,0.17224767653252204,0.1758605323294042,97.52999877929688,0.0018490016229804063,3320.7900390625,0.009932745181605807
2020-01-22,6.210411548614502,6.296822351590504,6.182849433154044,6.201720834154756,239240000,6.012634706497193,5.617344760894776,0.008752028668491674,0.2049186678188626,69.49189554232085,0.1703072020351959,0.17474986627056255,97.52999877929688,0.0016431758057071644,3321.75,0.011757031754381586
2020-01-23,6.278696537017822,6.287139081474139,6.161744136844011,6.25038990641841,244516000,6.030065941810608,5.639808225631714,0.010995243691789502,0.20641079219979536,67.92129411858505,0.17229329998501886,0.17425855301345383,97.69000244140624,0.004731040507979456,3325.5400390625,0.011020615260286304
2020-01-24,6.219598770141602,6.443571968511958,6.165467698754059,6.393910339538206,373512000,6.044790625572205,5.660891256332397,-0.009412426054961065,0.21069224286349456,70.78162517551468,0.16717155144862694,0.17284115270048844,97.8499984741211,0.005445938974094178,3295.469970703125,-0.006433919191523696
2020-01-27,5.964339256286621,6.015242215037423,5.766438191541949,5.915670782034059,470536000,6.046044588088989,5.6761594581604005,-0.041041154468099084,0.26133972281340784,53.571469135101374,0.1408911142940923,0.1664511450192092,97.95999908447266,0.0035856825318365537,3243.6298828125,-0.025825839389640448
2020-01-28,6.157272338867188,6.189552058514575,5.977000924217719,6.030138826194003,310976000,6.05982551574707,5.695802383422851,0.03234777136079403,0.28173943613972835,58.22748989515491,0.13408610471455606,0.1599781369582786,98.0199966430664,0.005024073309775723,3276.239990234375,-0.013415497006459942
2020-01-29,6.096935272216797,6.1788766302299125,6.057205684032846,6.142871972143197,258848000,6.076238584518433,5.7136331558227536,-0.00979931751102181,0.27402280630799747,55.074770626607695,0.12241328443124644,0.15246516645287217,97.98999786376952,0.0047164881598489306,3273.39990234375,-0.014555610041770195
2020-01-30,6.103638648986816,6.117047448911372,5.944474034228208,5.9993496142246245,290504000,6.089287114143372,5.734377012252808,0.0010994666124415353,0.2715462286321873,52.87803702993489,0.1124076315364464,0.14445365946958702,97.87000274658205,0.0018425662880270366,3283.659912109375,-0.012593481498100245
2020-01-31,5.870727062225342,6.0698694486625415,5.8290116343504925,6.057950619667328,370420000,6.084966516494751,5.7464479732513425,-0.038159465223279065,0.2988508140463319,43.02382600179433,0.08470760446654069,0.13250444846897774,97.38999938964844,-0.004701063787898918,3225.52001953125,-0.02122609272538767
2020-02-03,5.96756649017334,5.98693422980452,5.846392374463058,5.852599959031598,255564000,6.09025547504425,5.762584638595581,0.01649530406056554,0.29884054449570335,38.96568532941429,0.06976505780116682,0.11995657033541555,97.8000030517578,-0.0016332792385684858,3248.919921875,0.0016309009515946826
2020-02-04,6.136415004730225,6.155535047308561,6.059191742920374,6.109101537748103,271544000,6.102757740020752,5.780515251159668,0.028294366696194118,0.31404617570891946,49.86336393752561,0.07073228812427335,0.11011171389318712,97.95999908447266,-0.0006120950892523069,3297.590087890625,0.006516646436124596
2020-02-05,6.226550579071045,6.267272844623342,6.14336743176508,6.257092159833184,208220000,6.116203474998474,5.800744819641113,0.014688637302291196,0.31525019849236163,54.56788754637789,0.07787432592455801,0.10366423629946131,98.2699966430664,0.002857422036952828,3334.68994140625,0.018723663741364582
2020-02-06,6.313209533691406,6.313209533691406,6.1798688956538586,6.260817085167685,218284000,6.133423542976379,5.822355251312256,0.01391765047434812,0.31787238817424485,54.6715591874728,0.0894954479209975,0.10083047862376855,98.5,0.006437082208419209,3345.780029296875,0.018917950960273044
2020-02-07,6.247161388397217,6.295333049251141,6.221833756661078,6.273233532588743,189752000,6.144063520431518,5.837523403167725,-0.010461896590270525,0.31983828008365484,51.94938543578587,0.09231162652242109,0.09912670820349906,98.68000030517578,0.01324572259587109,3327.7099609375,0.03168169497862894
2020-02-10,6.529734611511231,6.530479123908256,6.264790497583461,6.269756755214002,529608000,6.167218136787414,5.860432271957397,0.045232259188762836,0.3549057497896138,60.84575095796273,0.11600750360644962,0.10250286728408918,98.83000183105467,0.010531684531254859,3352.090087890625,0.031755219733481166
2020-02-11,6.651901245117188,6.766370970308543,6.575919305118348,6.637747932218731,638556000,6.186970973014832,5.885089168548584,0.018709280066388834,0.34463458507203687,62.340402107917065,0.1429961130783841,0.11060151644294818,98.72000122070312,0.007758290560773817,3357.75,0.018243599266717148
2020-02-12,6.767364501953125,6.773820731779094,6.66580675646444,6.704542714595026,374644000,6.21833221912384,5.912800264358521,0.017357933105319745,0.33786385102184385,63.308124179776165,0.1717221938301634,0.12282565192039122,99.0500030517578,0.00793738104545283,3379.449951171875,0.01342254019177247
2020-02-13,6.723663330078125,6.790706399592257,6.682196065816272,6.709510014197988,528016000,6.249631452560425,5.943356952667236,-0.006457635296929443,0.3376519892558737,63.84351938380819,0.1887853010065701,0.136017581737627,99.06999969482422,0.005786798932225556,3373.93994140625,0.008416546175419981
2020-02-14,7.1956939697265625,7.3243170050003235,7.101585618170038,7.132872187223781,1041924000,6.300360584259034,5.984143886566162,0.07020438360392345,0.40879077595991065,80.21950862161371,0.2376572986693679,0.1563455251239752,99.12000274658205,0.0044588816380779495,3380.159912109375,0.01576157531382294
2020-02-18,7.364046573638916,7.382421632395123,7.073278958095728,7.0926467000612,620164000,6.359072804450989,6.027423849105835,0.0233962984835987,0.41157223773577334,79.9779440594065,0.2866688173934069,0.18241018357786154,99.45999908447266,0.006374554707536451,3370.2900390625,0.005429433784498228
2020-02-19,7.81422758102417,7.831857654033963,7.486213974968702,7.486213974968702,694332000,6.441957712173462,6.080045099258423,0.061132286832183746,0.4468721292588836,85.7379967280899,0.3577131495481769,0.2174707767719246,99.5999984741211,0.008914072554057295,3386.14990234375,0.008458015737845326
2020-02-20,7.665243148803711,7.854453011250892,7.358583618194485,7.766304072638066,810052000,6.5146992921829225,6.127983303070068,-0.019065791298713664,0.4605547387234489,80.68111639577953,0.3974133622040057,0.2534592938583409,99.87000274658205,0.008278643811810538,3373.22998046875,-0.0018405275393909015
2020-02-21,7.3019700050354,7.578336145082304,7.217297345134649,7.553257158608696,768180000,6.5658629655838014,6.168656044006347,-0.0473922531505091,0.5050068270480542,76.74963728205731,0.3950095360103427,0.2817693422887413,99.26000213623048,0.001917860522777426,3337.75,-0.010726314645413071
2020-02-24,6.785738468170166,6.999034626035026,6.654632306032912,6.709011544937188,856916000,6.594169950485229,6.198105268478393,-0.07069757017753342,0.5751094986465196,63.21914085919627,0.34744379988633955,0.2949042338082609,99.29000091552734,0.0017150742961531407,3225.889892578125,-0.045639858332908956
2020-02-25,6.506888389587402,6.922554476435744,6.405330673863012,6.8607258640310524,1055496000,6.621297407150268,6.220308856964111,-0.04109354934481557,0.5751651468419146,55.780246491442256,0.28397327329385114,0.29271804170537896,98.97000122070312,-0.004926582226824405,3128.2099609375,-0.0718276692270492
2020-02-26,6.645942211151123,6.839622002158671,6.505648980883391,6.50713847933115,747732000,6.645730900764465,6.241951322555542,0.021370248456426655,0.5695315346962998,56.445101937089014,0.24210210263195453,0.2825948538906941,99.0,-0.006024081157762207,3116.389892578125,-0.07966570221209301
2020-02-27,6.275991916656494,6.633768307386428,6.183814767032639,6.333136621915026,906416000,6.6546837329864506,6.256234512329102,-0.05566559003084548,0.6067912698600759,49.473860752914824,0.1770263516678554,0.2614811534461264,98.44000244140624,-0.014318616860404032,2978.760009765625,-0.11694132122242928
2020-02-28,6.710043907165527,6.769424906378871,6.007411321078499,6.02405771475287,1133252000,6.685003995895386,6.2786226558685305,0.06916069941980929,0.6516709343534745,55.92699948577944,0.15864891238709689,0.24091470523432051,98.12999725341795,-0.011384292348308067,2954.219970703125,-0.11490675733559286
2020-03-02,6.868061065673828,6.896882208415457,6.484694089276187,6.879738703863825,890744000,6.73487069606781,6.3026117420196535,0.023549347917017016,0.6333324486847189,54.47485330252222,0.15504802630868042,0.22374136944919248,97.36000061035156,-0.019438012764424917,3090.22998046875,-0.042053484969059474
2020-03-03,6.606190204620361,6.983345951261071,6.520969778803869,6.923716627284319,652792000,6.766801881790161,6.320757551193237,-0.03812879043290429,0.653692986195233,49.416952798496396,0.12956990697450266,0.20490707695425453,97.1500015258789,-0.01838940762227148,3003.3701171875,-0.03990775725059914
2020-03-04,7.068813800811768,7.07825514478719,6.638736722285123,6.713273723231877,597408000,6.813421821594238,6.345200986862182,0.07002880357090646,0.6885128018844983,53.532190348566516,0.1450362837510335,0.19293291831361034,97.33999633789062,-0.01676771375868058,3130.1201171875,0.004405810916687347
2020-03-05,6.790046691894531,7.03626612440936,6.745572904384784,6.869800768089446,540328000,6.841596627235413,6.362127332687378,-0.03943619350749106,0.7080557884577774,50.73722621707249,0.13326314822071783,0.18099896429503187,96.81999969482422,-0.016456752401507457,3023.93994140625,0.015167362087749936
2020-03-06,6.609915256500244,6.668302495799002,6.410156667714396,6.610909007237286,515412000,6.856431913375855,6.3757242012023925,-0.0265287476755226,0.7160247282176735,43.04356842079155,0.10815105404761383,0.16642938224554826,95.9499969482422,-0.0222154322449023,2972.3701171875,0.006143803326891462
2020-03-09,6.098097324371338,6.444941485450852,5.917718514026595,5.960452643701263,614160000,6.848978710174561,6.379184045791626,-0.07743184477676635,0.7704412807943796,36.100091936980235,0.04641506483563873,0.14242651876356635,94.9000015258789,-0.02526704056132789,2746.56005859375,-0.1112117622465334
2020-03-10,6.486681938171387,6.486681938171387,6.111762534362907,6.373882922902069,580648000,6.846826076507568,6.390132484436035,0.06372227157593113,0.7874742462375484,35.22390724481875,0.02851566852157994,0.11964434871516907,96.41000366210938,-0.007617064870270807,2882.22998046875,-0.0403347346454227
2020-03-11,6.123686790466309,6.375372507597052,6.026789230001396,6.347048481366431,499964000,6.820415353775024,6.39497314453125,-0.055960065741624376,0.8093002052029312,33.62213434794485,-0.014789917792363383,0.09275749541366259,96.51000213623048,-0.008526753984857693,2741.3798828125,-0.12419339188947609
2020-03-12,5.374345779418945,5.866536307886631,5.361674389912644,5.60168251557704,816540000,6.750764417648315,6.387086582183838,-0.12236762536809986,0.9087834486679092,31.073097588146936,-0.10832674079661331,0.052540648171607404,97.47000122070312,0.006713504729680908,2480.639892578125,-0.17966628284802155
2020-03-13,5.983806610107422,5.988278725229075,5.456335393232123,5.726903333954018,634836000,6.71377158164978,6.389909353256225,0.11340186428316668,1.0088575974302312,42.26757880478887,-0.13175812570745293,0.015680893395795342,98.75,0.02918189828883677,2711.02001953125,-0.08792649883842296
2020-03-16,4.879668235778809,5.617581732075956,4.820038943715961,5.277445642562404,726972000,6.597970294952392,6.368359937667846,-0.18452106598224294,1.155289718028306,36.464205902628755,-0.23669394573267333,-0.03479407442989839,98.08999633789062,0.03361427566617925,2386.1298828125,-0.13122967205959868
2020-03-17,5.398196697235107,5.48739257970352,4.745503860622238,4.991723260570334,833632000,6.4996778011322025,6.359088125228882,0.1062630565033773,1.2284921949754684,40.237159052056256,-0.27484715884728494,-0.0828046913133757,99.58000183105467,0.03288038635549961,2529.18994140625,-0.12248850419808743
2020-03-18,5.03917932510376,5.2160797892647,4.489098604368338,4.971599521592483,874268000,6.360925388336182,6.342144317626953,-0.06650690818940186,1.2104638588718233,40.306117491268424,-0.3302466784792122,-0.132293088746543,101.16000366210938,0.04818155033625526,2398.10009765625,-0.1252215307001029
2020-03-19,5.291361331939697,5.384780539879821,4.804885019488233,5.017811170475434,765512000,6.242231297492981,6.328818826675415,0.05004426129065065,1.2349229696196378,38.554351837867195,-0.3497702824491764,-0.1757885274870697,102.76000213623048,0.05427311838797566,2409.389892578125,-0.028722427714387044
2020-03-20,5.11197566986084,5.722430967499268,5.096571349869352,5.441179152787275,804636000,6.132731580734253,6.311682176589966,-0.03390160883477189,1.2312118615170062,35.880934792899964,-0.3753905345863595,-0.21570892890692767,102.81999969482422,0.041215186783030155,2304.919921875,-0.14979605267779128
2020-03-23,5.284404277801514,5.37856939384944,4.932342581859462,5.110982203414798,643876000,6.05766487121582,6.296683025360108,0.03373032640927409,1.2240370257432642,39.2176602858128,-0.3774304382246534,-0.2480532307704728,102.48999786376952,0.04485678142674421,2237.39990234375,-0.06233104976391479
2020-03-24,6.191019535064697,6.277482494566809,5.666032849202426,5.689635972329596,1101644000,6.041871428489685,6.299170570373535,0.171564325816564,1.3747499535940342,43.32312737107634,-0.30240486712568604,-0.25892355804151546,101.73999786376952,0.021691062392019678,2447.330078125,-0.03236604018586886
2020-03-25,6.102569103240967,6.505067080541429,6.053871523402629,6.305805593471,793432000,6.014702773094177,6.296085062026978,-0.014286892703659682,1.3736095146408003,44.61484192437886,-0.24723381461955007,-0.2565856093571224,101.0500030517578,-0.001087392312865032,2475.56005859375,0.03230055368130991
2020-03-26,6.391274929046631,6.51500567196271,6.211392763360578,6.309284089634278,696108000,6.020466923713684,6.301107769012451,0.04730889907536451,1.367541689808844,48.31598841778818,-0.17816048749640334,-0.2409005849849786,99.41999816894533,-0.03250295735550168,2630.070068359375,0.09159172471878985
2020-03-27,6.279220581054688,6.5373659227235725,6.178595860017952,6.211392002207341,638828000,5.998925757408142,6.304738607406616,-0.01753239365164616,1.34764131132168,51.486593796071666,-0.13095169785231153,-0.21891080755844522,98.37000274658205,-0.04327948805144932,2541.469970703125,0.10262831544954354
2020-03-30,6.598734378814697,6.607927401951479,6.300587374617888,6.344564041150711,602252000,5.985459423065185,6.3130910682678225,0.05088430859142412,1.3573938979849742,50.93023279749609,-0.06698414719471923,-0.18852547548570003,99.18000030517578,-0.032295810592106844,2626.64990234375,0.17397426342615274
2020-03-31,6.54929256439209,6.84247037341055,6.403945729901024,6.638736296341095,949960000,5.982614541053772,6.320280876159668,-0.007492620794275484,1.3498612003106594,53.727326225566884,-0.020047844585648456,-0.15482994930568975,99.0500030517578,-0.026439894520281393,2584.590087890625,0.05608561386651423
2020-04-01,6.039213180541992,6.497862621026077,5.994739866838938,6.351770816048918,656912000,5.931134510040283,6.317934551239014,-0.07788312689272014,1.3546174857492532,56.07739613191944,-0.023736015958768952,-0.1286111626363056,99.66999816894533,-0.013656653549091291,2470.5,-0.0020440055882241515
2020-04-02,6.347298622131348,6.36046665043996,6.020330892045501,6.0682825701850485,675764000,5.908997106552124,6.32067229270935,0.051014168961941886,1.3615730830053892,53.51633061473168,-0.001778496583473732,-0.10324462942573923,100.18000030517578,0.0076443587832195625,2526.89990234375,-0.03922715491758055
2020-04-03,6.060081958770752,6.351271727230636,5.922934428283792,6.3097796790793605,663212000,5.88150544166565,6.316300001144409,-0.04525022067799789,1.3680494815003341,63.56265765757375,-0.0074669147018688875,-0.08408908648096516,100.58000183105467,0.02246618911016962,2488.64990234375,-0.020783274627778403
2020-04-06,6.668550968170166,6.705322589635028,6.284189783712524,6.341583273592423,727884000,5.910028123855591,6.32527904510498,0.10040606934676477,1.381434286353185,64.30049106766154,0.03670027885776683,-0.05993121341321877,100.69000244140624,0.01522486521056865,2663.679931640625,0.014097816866965429
2020-04-07,6.435749053955078,6.9132812099097904,6.39276612718909,6.889677611131811,784520000,5.907481479644775,6.33470724105835,-0.034910419868766196,1.373132902134381,66.18111840150505,0.05231487576787064,-0.037481995577000896,99.9800033569336,0.009389200166806999,2659.409912109375,0.028948429605645254
2020-04-08,6.632524967193604,6.6573706324645965,6.474755537698199,6.54457162490278,542444000,5.93292338848114,6.344212293624878,0.030575448419263296,1.3579569910066287,65.74126827669565,0.07964957724332855,-0.014055681012935008,100.12000274658205,0.004514945178126117,2749.97998046875,0.1131268894834041
2020-04-09,6.533143997192383,6.780854316705914,6.470284627685343,6.757996622644301,525564000,5.990863299369812,6.35293646812439,-0.014983881778476316,1.2725317245917127,66.99954232971061,0.09223013974117222,0.00720148313788644,99.5199966430664,-0.006588177880802792,2789.820068359375,0.10404850851898062
2020-04-13,6.704578876495361,6.713274790237523,6.385313260842416,6.4735149424510565,398408000,6.026901912689209,6.36495527267456,0.02624079300512161,1.2176553144583475,66.99169516566081,0.11471136694466555,0.028703459899242265,99.3499984741211,-0.012229104539087543,2761.6298828125,0.10968998902242699
2020-04-14,7.054899215698242,7.088937428093513,6.804952670297664,6.832531266209441,530948000,6.135663461685181,6.388638715744019,0.05225090876788996,0.9881842333002118,61.92304568776468,0.15896339404114102,0.05475544672762202,98.88999938964844,-0.017876680982357285,2846.06005859375,0.068469234905709
2020-04-15,6.977629661560059,7.06036545365664,6.841972969339748,6.887191708782641,366148000,6.214635109901428,6.408839979171753,-0.010952609211800857,0.9394570678699555,62.11475119583933,0.1856582839542371,0.08093601417294505,99.45999908447266,-0.005201082766565834,2783.360107421875,0.04660815722619671
2020-04-16,7.3219895362854,7.42882556643318,7.119498475685138,7.132666503087581,745620000,6.32877562046051,6.432551469802856,0.049351985047648705,0.8959378603058806,62.689703542623775,0.2319276232208871,0.11113433598253347,100.02999877929688,-0.0008989608950868977,2799.550048828125,0.018025610626781985
2020-04-17,7.262857913970947,7.425347792957144,7.129188706028905,7.403980490447815,539120000,6.427350449562073,6.453277616500855,-0.008075895495536556,0.8941048144203867,63.607648168521756,0.26081842772413655,0.1410711543308541,99.77999877929688,0.0026125617463892414,2874.56005859375,0.03037471527122837
2020-04-20,7.13192081451416,7.292174853961026,7.087695825238775,7.136641723005758,449388000,6.528347706794738,6.46965184211731,-0.01802831626444379,0.8837397055658601,57.782142898403904,0.2700362588999399,0.16686417524467126,99.95999908447266,0.006139915648921246,2823.159912109375,0.022280331509960227
2020-04-21,6.696130752563477,7.075273983417711,6.636501431378573,7.0141542727746815,735160000,6.598934030532837,6.4786312294006345,-0.06110416440179878,0.9247908127786418,51.925972680560804,0.23941699053277965,0.18137473830229295,100.26000213623048,0.013853804783473977,2736.56005859375,-0.03847424079100581
2020-04-22,7.109559535980225,7.152294134687176,6.842469952682461,6.88793701048303,483356000,6.644861030578613,6.490227727890015,0.061741444230083875,0.7393263259460323,64.40417913121843,0.24567921039764773,0.1942356327213639,100.38999938964844,0.009350495814763882,2799.31005859375,0.00573046625528062
2020-04-23,7.056389808654785,7.283229879784153,7.031295825709126,7.151548667594547,424160000,6.692552065849304,6.498317499160766,-0.007478624668146749,0.7370000298976093,60.24554213035776,0.24354428520145532,0.2040973632173822,100.43000030517578,0.003998815662903832,2797.800048828125,-0.0006251004516717451
2020-04-24,7.195027828216553,7.197015329560934,6.971666133854671,7.0462031209680775,352328000,6.732739710807801,6.506870765686035,0.01964715999557254,0.7240095865013289,67.13432179975334,0.2501556327170409,0.21330901711731395,100.37999725341795,0.006013213885161628,2836.739990234375,-0.013156819683175058
2020-04-27,7.38112211227417,7.540630723793758,7.304597615042217,7.3291949610384926,479388000,6.787834787368775,6.520019941329956,0.025864289687361097,0.720950403551971,62.33021276314856,0.26732981502339737,0.22411317669853065,100.04000091552734,0.0008003384532555557,2878.47998046875,0.01959508851131342
2020-04-28,7.239006042480469,7.558023297171887,7.233540175668605,7.52820840117151,442904000,6.819848370552063,6.520886182785034,-0.01925399250032378,0.7099270964969853,64.3497828134349,0.2664019828864479,0.2325709379361141,99.87000274658205,-0.003889880125062417,2863.389892578125,0.04634644636651952
2020-04-29,7.415409564971924,7.468082150925123,7.298386754372791,7.373420392974125,379160000,6.8631542205810545,6.5219134426116945,0.02436847288927102,0.7111507406842964,64.08838754984652,0.2767112047113871,0.2413989912911687,99.56999969482422,-0.008168141247232308,2939.510009765625,0.05008375215223748
2020-04-30,7.261863708496094,7.4154093460717885,7.247950249284272,7.361494217734316,375916000,6.92428674697876,6.510866165161133,-0.020706321765574853,0.646465257093752,62.86290862887081,0.26938615400395083,0.24699642383372516,99.0199966430664,-0.01403966601438622,2912.429931640625,0.04097143498889899
2020-05-01,7.0258307456970215,7.177885523416327,6.97763027586748,7.064838190964827,342096000,6.958213353157044,6.498077917098999,-0.03250308354354314,0.6442207180618161,55.54410603909052,0.24174838614373684,0.2459468162957275,98.8000030517578,-0.015740129955087778,2830.7099609375,-0.002125689812120135
2020-05-04,7.237266540527344,7.250931680845557,6.978624046997186,6.978624046997186,317556000,7.017072582244873,6.496783847808838,0.030094063247939173,0.6199987194213276,53.305728262519345,0.23420657004435075,0.24359876704545216,99.4800033569336,-0.005597736440112633,2842.739990234375,-0.012416271948000435
2020-05-05,7.29813814163208,7.460379689479762,7.237266284339808,7.341121062746931,368896000,7.048551940917969,6.507031841278076,0.00841085522605356,0.5191401497621648,55.84452420457586,0.23048457324498894,0.24097592828535952,99.70999908447266,-0.0016021193322222071,2868.43994140625,0.0017636609115700974
2020-05-06,7.3987627029418945,7.503362917200423,7.339630499507867,7.37739587501728,323464000,7.096702623367309,6.524869327545166,0.013787703021926001,0.4977916532246989,51.536557382337236,0.2329689045950465,0.23937452354729694,100.08999633789062,0.005222422864920695,2848.419921875,-0.03098818768706557
2020-05-07,7.57466983795166,7.637777522329543,7.486468166152815,7.537649891898781,373732000,7.143809866905213,6.543443880081177,0.023775209730651614,0.4941760064070716,55.96199738039982,0.246292879760742,0.24075819478998595,99.88999938964844,0.008786131852923651,2881.18994140625,-0.010726434958995501
2020-05-08,7.764242172241211,7.770453471200657,7.612435694125016,7.646225596444798,339216000,7.205364775657654,6.573208885192871,0.025027141558002786,0.4908347504309245,61.82514388239008,0.2690477145517116,0.24641609874233109,99.7300033569336,0.009412958263661286,2929.800048828125,0.03500538354618543
2020-05-11,8.015677452087402,8.062387051955826,7.730698470823319,7.759270817320762,469060000,7.270919704437256,6.599321556091309,0.03238375030922214,0.49414936403239773,76.50462896450266,0.30386702094773366,0.25790628318341163,100.23999786376952,0.0076396711016291086,2930.18994140625,0.03076255706546882
2020-05-12,7.754302024841309,8.122016340245983,7.744612362664973,8.073319236258097,493060000,7.305889844894409,6.617046375274658,-0.032608027058028344,0.48839229521048205,63.79292018318433,0.306833770840111,0.2676917807147515,99.93000030517578,0.0022064108186055087,2870.1201171875,0.0005857454977518106
2020-05-13,7.731940746307373,8.028596406407049,7.547834812212584,7.868591176795316,625852000,7.343605399131775,6.639561386108398,-0.0028837255064737555,0.48568805201880433,64.64504855484948,0.3038776606922271,0.27492895671024664,100.23999786376952,0.0014986665138092548,2820.0,-0.00997743403517981
2020-05-14,7.98089599609375,7.986361863355957,7.640014298285512,7.793311639813385,602312000,7.376550722122192,6.657803030014038,0.032198287332358744,0.46870873717165573,66.2589061753626,0.3179583047394683,0.283534826316091,100.47000122070312,0.0058064053919175684,2852.5,-0.00995767095877309
2020-05-15,8.438300132751465,8.447989319934127,7.8253597631626945,7.841012401949906,987660000,7.435322833061218,6.690768098831176,0.05731237907142139,0.5013421419532496,69.66446824691059,0.3618547711794955,0.2991988152887719,100.4000015258789,0.006718120388980564,2863.699951171875,-0.022561299936727397
2020-05-18,8.696198463439941,8.86142174364779,8.626879484814598,8.706385238881781,774460000,7.513536715507508,6.732493762969971,0.030562829791689783,0.4975358122359823,75.98580894972895,0.4126959747281189,0.3218982471766413,99.66999816894533,-0.005686349830123172,2953.909912109375,0.008095028369301316
2020-05-19,8.751107215881348,9.031364852697052,8.708620932289517,8.73595121255931,717320000,7.6162855386734005,6.785553960800171,0.006314109857571637,0.42057079014769533,74.89809788043236,0.4522059238600793,0.3479597825133289,99.37000274658205,-0.005603898297643961,2922.93994140625,0.01840334970736679
2020-05-20,8.914589881896973,8.987138893483177,8.83384159798782,8.935460067603975,587536000,7.706537055969238,6.834112119674683,0.018681369337921083,0.38142560031948386,80.69396697537587,0.4910490206244269,0.3765776301355485,99.12000274658205,-0.011173135884436025,2971.610107421875,0.05376244944038122
2020-05-21,8.721044540405273,8.996581270452394,8.683527484566827,8.995587993509218,761068000,7.789769792556763,6.886059274673462,-0.021711076342921354,0.3940296665015619,81.98784701133906,0.5004461316384745,0.40135133043613375,99.37000274658205,-0.010948526532857383,2948.510009765625,0.03365819798970193
2020-05-22,8.970494270324707,9.036832475277745,8.659427960573646,8.770735645480487,1038764000,7.87854311466217,6.9579822444915775,0.028603194120121023,0.39791840204902973,82.24259621041217,0.5220045744876298,0.425481979246433,99.86000061035156,-0.005378495092832836,2955.449951171875,0.03203897110884624
2020-05-26,8.663898468017578,9.125032953045377,8.61843140772294,9.100186813930394,770780000,7.942681932449341,7.01158408164978,-0.034178250725980464,0.4250923603915365,73.27855574152852,0.5084885375103294,0.4420832908992123,98.91000366210938,-0.007625108064592601,2991.77001953125,0.01281694721517046
2020-05-27,8.472587585449219,8.579422656009472,7.947351723829937,8.57172096969217,1175892000,8.004361009597778,7.083442468643188,-0.02208138556500583,0.42764129866075323,67.75385307208273,0.4768430416963314,0.4490352410586361,99.05999755859376,-0.0031197059416298023,3036.1298828125,0.03872468941383489
2020-05-28,8.434575080871582,8.706385125248028,8.327489780511128,8.360285927330377,734896000,8.05531928539276,7.144170036315918,-0.004486528370968856,0.42547008414081694,64.89628493252796,0.4435831167851969,0.4479448162039483,98.37999725341795,-0.007465753356121763,3029.72998046875,0.01955837776352798
2020-05-29,8.820676803588867,8.820676803588867,8.432588808088804,8.501659484403891,745256000,8.1332599401474,7.21979998588562,0.04577607277370843,0.43382945857711647,67.13412994970903,0.44326983022787836,0.4470098190087344,98.33999633789062,-0.010365365605535803,3044.31005859375,0.032491003425740406
2020-06-01,8.751850128173828,8.786137130114783,8.63582157154475,8.778683763704354,389876000,8.219560909271241,7.289009761810303,-0.007802879183492539,0.4098364693116094,62.69163233161576,0.4324824227184898,0.4441043397506855,97.83000183105467,-0.020328447495387425,3055.72998046875,0.03393054558650621
2020-06-02,8.770736694335938,8.78266265454262,8.60452010486707,8.741916492638026,391320000,8.29623441696167,7.362184982299805,0.002158008407994849,0.4048649636849239,69.12216408393444,0.4206087962130294,0.4394052310431543,97.66999816894533,-0.012536704552151057,3080.820068359375,0.02976500474527688
2020-06-03,8.715328216552734,8.811480823540192,8.646257567101596,8.767752949429001,365440000,8.367093920707703,7.430803461074829,-0.006317425743607719,0.4089680337769754,68.27323250142788,0.4020927852392884,0.43194274188238113,97.27999877929688,-0.017968895852677802,3122.8701171875,0.028569342459963787
2020-06-04,8.716325759887695,8.892063372207687,8.62783444992384,8.67804533176041,424280000,8.432972073554993,7.481309585571289,0.00011445849314850598,0.40982413013531316,65.05282858583982,0.3830832611784416,0.42217084574159325,96.68000030517578,-0.01727990440844529,3112.35009765625,0.02726979556597886
2020-06-05,8.86894702911377,8.945505990790243,8.658160503689484,8.744165593384547,481748000,8.497685933113098,7.536637144088745,0.017509817029605967,0.4073311749468738,60.071037832128404,0.3759990542749758,0.4129364874482698,96.94000244140624,-0.014236261425860652,3193.929931640625,0.04914738320576606
2020-06-08,8.754605293273926,8.838869456825446,8.636037519288681,8.826441189640361,387736000,8.547204089164733,7.583903751373291,-0.012892368785662911,0.4088264098719269,51.464204872012374,0.3570425821408758,0.401757706386791,96.62000274658205,-0.01236838456327749,3232.389892578125,0.05781267102739074
2020-06-09,8.994222640991211,9.057608018513038,8.701160447107585,8.749631339266706,468488000,8.596131348609925,7.638203792572021,0.027370434153254353,0.4049584056671503,55.57809330628804,0.3572365581256136,0.39285347673455556,96.31999969482422,-0.013822038491143829,3207.179931640625,0.04101500914610057
2020-06-10,9.313138961791992,9.44562653759529,9.10110934363464,9.11527853442806,632180000,8.674073195457458,7.6924918842315675,0.03545790820735517,0.39052590493455996,58.53558705559838,0.3787580799082999,0.39003439736930445,95.95999908447266,-0.013569075980551348,3190.139892578125,0.021541009669402866
2020-06-11,8.745903015136719,9.208240685971829,8.735711592301131,9.097627526364212,583652000,8.724771308898926,7.73642409324646,-0.06090706355638109,0.46256747547060983,50.45892751881944,0.34605374846743864,0.3812382675889313,96.7300033569336,0.0005172016094330267,3002.10009765625,-0.03542339278702089
2020-06-12,8.88137435913086,9.134666537472798,8.653436526345065,9.110058437847792,570908000,8.769795227050782,7.793267316818238,0.015489692003178845,0.4540194309274208,48.28241924710894,0.3272938951675215,0.3704493931046494,97.31999969482422,0.003919922053309932,3041.31005859375,-0.04778435229118472
2020-06-15,9.121241569519045,9.129693016162983,8.69370248342079,8.764794008236555,400004000,8.80394229888916,7.848746175765991,0.027007893225622137,0.4198269497228215,59.04692768668244,0.3280008656880966,0.3619596876213389,96.68000030517578,0.000620964157402204,3066.590087890625,-0.051293256753522254
2020-06-16,9.016593933105469,9.213709970031696,8.788159278394854,9.172198981222923,535716000,8.819962072372437,7.9078764152526855,-0.0114729596421701,0.4112909627479975,61.14332196142718,0.31646889876737205,0.35286152985054553,96.95999908447266,0.006644511956771071,3124.739990234375,-0.02570480707768652
2020-06-17,9.183138847351074,9.245778000808796,9.018336998285696,9.061588926015345,408304000,8.841563653945922,7.958168172836304,0.018470934310806264,0.4151760244262461,64.5664179935419,0.31711303295713833,0.3457118304718641,97.16000366210938,0.012505258327278224,3113.489990234375,-0.024027128879857695
2020-06-18,9.165239334106444,9.229370011265214,9.062331373041776,9.174187646326033,254408000,8.854096126556396,8.012757978439332,-0.0019491715787128827,0.41110789993639835,57.82640416044968,0.3125759913602941,0.3390846626495501,97.41999816894533,0.007133203639677843,3115.340087890625,0.037720258002983176
2020-06-19,9.208243370056152,9.390941840343316,9.174438520649856,9.189601443060338,524160000,8.87845606803894,8.064272346496582,0.004692079975443519,0.40173537194624603,60.48958084462336,0.3088897309671843,0.33304567631307697,97.62000274658205,0.0030826454243586543,3097.739990234375,0.018554481638980658
2020-06-22,9.472222328186035,9.476696958868198,9.220173275389165,9.24677073049293,398468000,8.903542470932006,8.123053913116456,0.028667678244506778,0.40178988077923594,64.49019811018567,0.32353967482947255,0.3311444760163561,97.04000091552734,0.0037236306290360233,3117.860107421875,0.016718902123145085
2020-06-23,9.395913124084473,9.58731147203892,9.353656826229908,9.496334887853113,375108000,8.940143203735351,8.176880598068237,-0.008056103568694017,0.3798019110078753,63.938112122072624,0.32524314533650234,0.3299642098803854,96.69000244140624,-0.0027846188698000818,3131.2900390625,0.002096190034561518
2020-06-24,9.182641983032228,9.501804874068604,9.092162257590571,9.422013440147458,449372000,8.975645923614502,8.219435453414917,-0.022698287887056745,0.38037692953115093,58.78606385173186,0.3058582161587946,0.32514301113606725,97.1500015258789,-0.00010294499643348498,3050.330078125,-0.020285888924480022
2020-06-25,9.435681343078612,9.450595828120123,9.1296930788272,9.302200068122891,376072000,9.025701236724853,8.268596487045288,0.02755626980927195,0.3874913880283012,60.28875353626989,0.30737050588185433,0.32158851008522465,97.43000030517578,0.00010267025681010011,3083.760009765625,-0.01013696008591558
2020-06-26,9.102601051330566,9.445626707798452,9.072773021964302,9.445626707798452,592084000,9.039797449111939,8.304208717346192,-0.03530007846146377,0.38370948150234946,55.852832617006925,0.2784820428658108,0.3129672166413419,97.5,-0.0012292844007960602,3009.050048828125,-0.028630531189139496
2020-06-29,9.147343635559082,9.151818266693525,8.849060495094076,9.117267173394785,342248000,9.059572124481202,8.341898431777954,0.004915362540465873,0.3821162412132726,52.75594903179008,0.2562442561351084,0.3016226245400952,97.54000091552734,0.005152514378428785,3053.239990234375,-0.020725791074999056
2020-06-30,9.443387985229492,9.471724465250414,9.213461781076331,9.26068956384979,367892000,9.093204689025878,8.388127775192261,0.03236396941726083,0.3965379798248734,52.36374901781604,0.2595173997684075,0.29320157958575765,97.38999938964844,0.007239600067922236,3100.2900390625,-0.009900073009295962
2020-07-01,9.475454330444336,9.520943092607505,9.359124357158036,9.466257584270018,326648000,9.131210994720458,8.443714246749877,0.0033956399191688025,0.39468024877603763,66.43158100939769,0.26168236434418546,0.2868977365374432,97.1999969482422,0.0005146209117656841,3115.860107421875,0.02148293057423989
2020-07-02,9.557235717773438,9.681768727246736,9.5234299184089,9.583832230349897,364056000,9.173256492614746,8.492667770385742,0.008630867130702269,0.39458663771967467,65.59960660460504,0.26692029780907944,0.2829022487917705,97.31999969482422,-0.0011290219645593291,3130.010009765625,0.01499792456401794
2020-07-06,9.782934188842772,9.852036371881187,9.656909656197096,9.685992386533162,315892000,9.218955850601196,8.547198657989503,0.023615455110059358,0.39775440906298987,65.37312625933403,0.28598670151720107,0.28351913933685663,96.79000091552734,-0.007282041892027191,3179.719970703125,0.05671887110733409
2020-07-07,9.815247535705566,10.012362642023092,9.79436782317376,9.889321207970426,357800000,9.271987962722779,8.599603052139281,0.003303032223159308,0.39208823463014286,69.20049101224737,0.3002433622745304,0.2868639839243914,96.87999725341795,-0.0067664922689611995,3145.320068359375,0.030158152788353654
2020-07-08,10.157530784606934,10.166480049014186,9.908464734244122,9.936552794243235,365480000,9.330153369903565,8.655131225585938,0.03487260485853483,0.3983587054988043,71.60023610234938,0.3352961805890775,0.2965504232573286,96.43000030517578,-0.00985726553536348,3169.93994140625,0.022465608528939862
2020-07-09,10.448851585388184,10.509502323054798,10.17492811323484,10.32083863746605,494548000,9.386939001083373,8.719328136444092,0.028680277417689748,0.3924853672967772,75.37852890455812,0.3821774419452577,0.3136758269949145,96.6999969482422,-0.005144033083316235,3152.050048828125,0.011614751676446211
2020-07-10,10.419269561767578,10.594261828840493,10.31934469038557,10.528142745112085,497676000,9.470607328414918,8.779405336380005,-0.0028311267873660784,0.30556624056743625,74.07117171935458,0.41219265688483375,0.33337919297289836,96.6500015258789,-0.006884485933480122,3185.0400390625,0.017581422783052192
2020-07-13,9.99471378326416,10.730478013100091,9.967619466000675,10.534357598250097,457076000,9.526274299621582,8.834062337875366,-0.040747172917118935,0.35141154507702893,59.76222362710714,0.39714380128013005,0.34613211463434473,96.45999908447266,-0.003409462009848485,3155.219970703125,-0.007705081021516014
2020-07-14,10.317606925964355,10.34320970471678,9.729492105255805,10.01733538240931,542676000,9.586092567443847,8.899897861480714,0.03230639212909425,0.35605414460651824,65.7679978490161,0.4065853895969145,0.35822276962685873,96.26000213623048,-0.006399619475274121,3197.52001953125,0.016596069728160634
2020-07-15,10.16871452331543,10.373286429515986,9.998195897240302,10.354644503548622,403984000,9.643698596954346,8.958526821136475,-0.01443090473569375,0.3581742599117859,67.24932252035109,0.3974717370457981,0.3660725631106466,96.08000183105467,-0.0036295600229540037,3226.56005859375,0.017861574109944156
2020-07-16,10.076743125915527,10.148330579277705,9.838862314759108,9.957678504058652,344964000,9.688378810882568,9.014098920822143,-0.009044545128002679,0.359061438638588,61.88372581451547,0.378465068877885,0.36855106426409434,96.3499984741211,-0.0036194259065844836,3215.570068359375,0.02015197047866213
2020-07-17,10.143108367919922,10.189839280008584,10.030009945758628,10.16697116307491,266284000,9.737272262573242,9.068985834121705,0.006585981321059586,0.3581800821951662,71.4051185466388,0.3645549057851074,0.36775183256829697,95.94000244140624,-0.007346084565581279,3224.72998046875,0.012461363411284676
2020-07-20,10.450590133666992,10.470972981230924,10.098616209013986,10.215443985468063,284852000,9.799389600753784,9.126504240036011,0.030314352819058588,0.36896541471565564,74.19468378518008,0.3740306179425552,0.3690075896431486,95.83000183105467,-0.006531176232608904,3251.840087890625,0.030622307821526862
2020-07-21,10.26938533782959,10.499560985576702,10.22787433658931,10.452829106890468,277036000,9.839247751235963,9.176607103347779,-0.017339192669478476,0.36861889357654254,66.01757100285207,0.36273706833594765,0.36775348538170843,95.12000274658205,-0.011842918806869274,3257.300048828125,0.018695748246054356
2020-07-22,10.379003524780272,10.541815989518543,10.23259614351377,10.308161365872728,367292000,9.888402271270753,9.223873624801636,0.010674269524864277,0.36627708006848453,67.00982916202568,0.35849956069907485,0.36590270044518175,94.97000122070312,-0.011552878738526173,3276.02001953125,0.01532900675620974
2020-07-23,10.071771621704102,10.486633131352663,9.973835145892702,10.390188199099878,411660000,9.932858753204346,9.27022301673889,-0.029601290946923986,0.3739991099933768,58.928535967008465,0.3265855831233804,0.3580392769808215,94.69000244140624,-0.01722881223667816,3235.659912109375,0.006247677184111344
2020-07-24,10.136153221130373,10.305428759155935,9.721043177231468,9.818481863583177,473292000,9.967882347106933,9.318307266235351,0.006392281501650832,0.36441394740338556,56.49276863307169,0.30299583559667376,0.347030588703992,94.44000244140624,-0.01563477133447122,3215.6298828125,-0.0028219719825742784
2020-07-27,10.361849784851074,10.381983248600124,10.159265399080931,10.173683018649736,292132000,10.030844783782959,9.365926342010498,0.022266490925788585,0.3388039274944499,59.38057691577492,0.2990651799611985,0.3374375069554333,93.66999816894533,-0.02253995221577232,3239.409912109375,-0.003822505241736218
2020-07-28,10.15703296661377,10.322580119377092,10.15081930649934,10.314874915334691,271636000,10.081329250335694,9.400300998687744,-0.019766433840485265,0.35162893338992735,49.99103357770556,0.2762387926955441,0.32519776410345547,93.76000213623048,-0.01429773518799049,3218.43994140625,-0.011930158978094685
2020-07-29,10.405600547790527,10.456059859977756,10.287779025754707,10.331278432812663,284508000,10.129439878463746,9.434489040374755,0.024472459821071935,0.34467422121008423,49.20880102441356,0.2750356035334729,0.31516533198945895,93.26000213623048,-0.018005676134495663,3258.43994140625,-0.005366291420745184
2020-07-30,10.553250312805176,10.562198626174778,10.23632432247183,10.31561792819607,308880000,10.183329677581787,9.470531902313233,0.014189451568559441,0.3460980982384687,52.349445604486945,0.2827369539229476,0.3086796563761567,93.0199966430664,-0.01763655882650572,3246.219970703125,0.0032636491104114373
2020-07-31,10.553997039794922,10.704879069341306,10.373286978905035,10.502791478278828,386080000,10.233167743682861,9.503320045471192,7.075800986555691e-05,0.346446415508366,61.51965261760556,0.2856082698691793,0.3040653790747612,93.48999786376952,-0.010059345119417307,3271.1201171875,0.01725641208635187
2020-08-03,10.94723129272461,11.03522477261038,10.653919693105369,10.671071020858616,412720000,10.291382598876954,9.547843780517578,0.03725927261936479,0.3592156548041598,62.60328077901799,0.3159721954753554,0.30644674235488006,93.5,-0.0018148625202139002,3294.610107421875,0.01704020078044266
2020-08-04,11.16348934173584,11.16348934173584,10.843581144648937,10.986757033542842,310336000,10.358794689178467,9.5917036819458,0.019754588464295342,0.362382323631098,69.3896238167946,0.3534121274756714,0.3158398193790384,93.37999725341795,-0.004052953009326843,3306.510009765625,0.027364210599777117
2020-08-05,11.222148895263672,11.306662426415594,11.102338977036846,11.179644171241009,249924000,10.412025594711304,9.642868690490722,0.005254589468592696,0.3467608562894254,72.61937630113043,0.38339731348411554,0.32935131820005387,92.83000183105467,-0.004610768768240847,3327.77001953125,0.021277077181627968
2020-08-06,11.270620346069336,11.292991603889252,11.114767787246263,11.284788588104904,244316000,10.453114032745361,9.698829345703125,0.004319266413059353,0.335503221843694,72.42449187068975,0.40638744887142053,0.34475854433432723,92.79000091552734,-0.002472540699196113,3349.159912109375,0.03171071040634166
2020-08-07,11.135396003723145,11.43889897025779,10.97432356068653,11.247749127029724,342516000,10.48892035484314,9.752845764160156,-0.011997950263079482,0.33953420813447993,64.62159669152909,0.408981340182903,0.35760310350404245,93.44000244140624,-0.000534767606221731,3351.280029296875,0.024505340445369006
2020-08-10,11.101094245910645,11.342951836490055,10.794359735838071,11.269375985990894,427796000,10.544239377975464,9.798454113006592,-0.0030804255009010406,0.2981669904434814,68.94675416993272,0.4036165126363951,0.366805785330513,93.58000183105467,0.0008556345567345414,3360.469970703125,0.019990184311304393
2020-08-11,10.787897109985352,11.073005649996452,10.733956913273673,11.010365574495092,354512000,10.567753887176513,9.839175052642823,-0.0282131769163807,0.3031603200055649,58.52416594564337,0.3698292948821411,0.36741048724083863,93.62999725341795,0.002677232890910597,3333.68994140625,0.008220126828695662
2020-08-12,11.374771118164062,11.40136762531608,10.895529538580869,10.927843787475071,464412000,10.628056716918945,9.891255741119386,0.054401149936394555,0.34765634342030766,74.32712407012396,0.38595940931819683,0.37112027165631034,93.44000244140624,0.006571158012705025,3380.35009765625,0.01580039420284418
2020-08-13,11.377506256103516,11.654661258068517,11.290755870974404,11.479916428422287,374460000,10.693094873428345,9.944499301910401,0.00024045652532600492,0.3439241192945431,73.7222387662022,0.3944167531784437,0.375779567960737,93.33999633789062,0.005927313470596607,3373.429931640625,0.007246599197457959
2020-08-14,11.497810363769531,11.63775467378837,11.375017379271377,11.464004577753204,366436000,10.760829973220826,10.000128993988037,0.010573855549539157,0.3442577379101819,72.61931844724131,0.406145008345117,0.38185265603761304,93.0999984741211,-0.0036387409931667447,3372.85009765625,0.006436367051040115
2020-08-17,12.266386985778809,12.338720679866736,11.749612219421016,11.783417060907157,621300000,10.851619815826416,10.068077793121338,0.06684547732941581,0.397990448006822,84.30066479289812,0.47201633470897697,0.39988539177188587,92.8499984741211,-0.007800847859048998,3381.989990234375,0.006403871993757804
2020-08-18,12.19057273864746,12.424476704229551,12.017072012979389,12.37873951737117,503448000,10.94767918586731,10.136797142028808,-0.006180650196283999,0.3903403552035473,80.75367308168171,0.5121979600410214,0.422347905425713,92.2699966430664,-0.01452526594303516,3389.780029296875,0.016825226363722523
2020-08-19,12.069024085998535,12.244513237961666,12.028755255290813,12.226119746907967,622624000,11.032180213928223,10.198293170928956,-0.00997070894491947,0.39593031341577234,76.35261144536763,0.5281460878244335,0.4435075419054571,92.88999938964844,-0.005886162643271464,3374.85009765625,-0.0016270504063509161
2020-08-20,12.071508407592772,12.304169267650222,11.810759499849118,11.906459125153898,921388000,11.132167053222656,10.25346055984497,0.00020584279031465869,0.37193367995661636,76.36689014306685,0.534820480399306,0.46177012960422686,92.79000091552734,-0.005892387443131031,3385.510009765625,0.003580948284028773
2020-08-21,12.610902786254885,12.735435746875394,12.125446691237888,12.131909729442691,999868000,11.255904531478881,10.330760555267334,0.04468326247636489,0.39217687863299117,77.50921712034769,0.5769834964649228,0.4848128029763661,93.25,0.0016111872001867145,3397.159912109375,0.007207499221509206
2020-08-24,12.647445678710938,12.83859558466308,12.43591292261148,12.810009718297655,490564000,11.370184326171875,10.406081981658936,0.002897722159580951,0.390996066031731,76.08806670053332,0.6063569905417161,0.5091216404894361,93.3000030517578,0.004846576036962702,3431.280029296875,0.014574271125824323
2020-08-25,12.67702579498291,12.688210950834806,12.501784100908589,12.558458022586445,289076000,11.496183967590332,10.477197666168212,0.002338821373375266,0.3760398119225126,75.84105660525654,0.6248200280476048,0.5322613180010698,93.0199966430664,0.008128319359339109,3443.6201171875,0.015883062448094343
2020-08-26,12.6998929977417,12.79484639215565,12.605188035899838,12.72599264104994,321244000,11.61089859008789,10.550863647460938,0.0018038302618141877,0.37419502717503184,75.61930224329004,0.6339890789854259,0.5526068701979411,93.01000213623048,0.001291880152551883,3478.72998046875,0.030780591672691537
2020-08-27,12.555971145629885,12.776452196578417,12.494574167929205,12.708343746936956,317604000,11.711034631729126,10.618320293426514,-0.01133252478091007,0.38154365078464997,75.38425358674743,0.6224669161159895,0.5665788793815508,93.01000213623048,0.002370958277103874,3484.550048828125,0.02925409724880912
2020-08-28,13.07249641418457,13.072744846722,12.57013832524266,12.602452571208635,537160000,11.836959600448608,10.696465435028076,0.041137819015653276,0.3963650519726597,80.04850986114252,0.6475502353922629,0.5827731505836933,92.37000274658205,-0.009436967865071866,3508.010009765625,0.03263022657871306
2020-08-31,13.297950744628906,13.497302711489002,12.963128117456806,13.107297710621298,500840000,11.954495573043824,10.778259582519532,0.017246463361022757,0.38501495972431915,89.3102086561911,0.6778078795855613,0.6017800963840669,92.13999938964844,-0.012433050634155451,3500.31005859375,0.020117865259461354
2020-09-01,13.74600601196289,13.917818175661797,13.363591845452834,13.40685575711722,511316000,12.083621406555176,10.863735256195069,0.03369355744643254,0.39277759298617987,88.82427596992771,0.7295320052840388,0.6273304781640613,92.33999633789062,-0.007310259403524366,3526.64990234375,0.02411119180708665
2020-09-02,14.26865577697754,14.64684250423329,13.824577727830716,14.62396658977693,874012000,12.235946750640869,10.96119010925293,0.03802193630351969,0.4037722688233593,90.45015152178257,0.8034357088918913,0.6625515243096274,92.8499984741211,-0.0017202844687073116,3580.840087890625,0.029352697103589565
2020-09-03,12.944876670837402,13.809160874427366,12.80886846988595,13.753713485703926,945128000,12.319659566879272,11.036434803009033,-0.09277532003232247,0.5500745975631266,65.14556767069567,0.7465808960276963,0.6793573986532412,92.73999786376952,-0.0029029595340240855,3455.06005859375,-0.008463069785521582
2020-09-04,12.554009437561035,13.103511288247317,11.641238886565278,12.714383643840854,1463684000,12.390590238571168,11.098801364898682,-0.030194743697861903,0.562297765390911,53.26881982418254,0.6623481904621613,0.6759555570150253,92.72000122070312,0.0037890923862078374,3426.9599609375,-0.023104280946319222
2020-09-08,11.848361015319824,12.481904782082434,11.64074390561635,11.67082936910342,795728000,12.427953577041626,11.153716564178467,-0.05620900842482579,0.6044923016357198,46.597832268252795,0.5325147357182178,0.6472673927556639,93.4800033569336,0.014543129760815843,3331.840087890625,-0.04813001359394087
2020-09-09,12.646007537841797,12.739745856584111,12.165379076629383,12.332716222048454,736200000,12.520859098434448,11.223689842224122,0.06732125409502832,0.6315652612448894,55.05645322915947,0.48835474606909557,0.6154848634183503,93.26000213623048,0.009963242742325518,3398.9599609375,-0.03620714982833695
2020-09-10,12.244943618774414,12.994354914581717,12.100978478450475,12.918767098090331,698684000,12.564367723464965,11.27972095489502,-0.03171466708897985,0.6228998190956204,51.42066937228694,0.41619746438342275,0.5756273836113648,93.33999633789062,0.0052773061047071135,3339.18994140625,-0.06748420497792307
2020-09-11,12.098492622375488,12.583844529119055,11.831200737246611,12.417750894908565,636928000,12.600417041778565,11.332181720733642,-0.011960120108220118,0.6254887394793829,45.51387306914465,0.343238289966715,0.5291495648824349,93.33000183105467,0.00636191482505577,3340.969970703125,-0.03302115909876857
2020-09-14,12.802404403686523,13.242752006584764,12.56271285065016,13.010022440993444,1201744000,12.665646743774413,11.397085094451905,0.05818177547252379,0.6544626846989926,51.21471055252039,0.3383175029360821,0.4909831524931644,93.06999969482422,0.003774789360582398,3383.5400390625,-0.01267009897107807
2020-09-15,12.920507431030272,13.226587244377471,12.758143300838444,13.207938797341011,727556000,12.698352766036987,11.459836559295654,0.009225066137556137,0.6143808709910965,51.882509032849164,0.34002803946159865,0.46079212988685125,93.0500030517578,-0.004599917519621077,3401.199951171875,0.02081728457897314
2020-09-16,12.446593284606934,13.02170550684878,12.44584776402079,12.886940804659796,556384000,12.711153793334962,11.512463474273682,-0.03667922091706488,0.6299768766424073,48.16926843524436,0.2996881228998234,0.4285713284894457,93.20999908447266,-0.0005361682458979722,3385.489990234375,-0.00396296833676435
2020-09-17,12.39587116241455,12.521436376153517,11.969447587657047,12.066418385960583,792512000,12.727496147155762,11.557230281829835,-0.004075181138529893,0.6288629758039005,48.82707058788512,0.26062131672468425,0.39498132613649345,92.97000122070312,-0.0039639504146552484,3357.010009765625,0.005336644117905465
2020-09-18,12.1231107711792,12.563955387993255,11.923699152816209,12.525415950128137,698460000,12.730076265335082,11.590715465545655,-0.02200413247778721,0.6346609686287886,42.78694922128994,0.20528471296499262,0.3570420035021933,92.93000030517578,-0.004285883617606401,3319.469970703125,-0.0064352568830408075
2020-09-21,12.44933032989502,12.454551820156114,11.839905113708337,11.86029406096583,721044000,12.72199764251709,11.631316680908203,0.026908898621248012,0.6214256291577576,43.649754573233174,0.18561360971219187,0.322756324744193,93.54000091552734,0.005049975526423722,3281.06005859375,-0.03028779895778766
2020-09-22,12.569174766540527,12.579369239088551,12.089542285546637,12.506765396916885,646452000,12.71808409690857,11.682805900573731,0.009626576969985479,0.6222870531273907,40.738835579108624,0.17764676182816252,0.2937344121609869,93.98999786376952,0.010102039561340481,3315.570068359375,-0.02517637423315744
2020-09-23,12.057964324951172,12.657941494631,12.013706388530837,12.507262859802452,647012000,12.687131023406982,11.717613048553467,-0.04067175857481198,0.6390383591751285,32.57141344840123,0.12860014479134563,0.26070755868705864,94.38999938964844,0.01265958927975519,3236.919921875,-0.043884362023793644
2020-09-24,12.280997276306152,12.50129577509505,11.948809980000965,12.006744330754543,731240000,12.666186237335205,11.759858703613281,0.01849673339084812,0.64299494923858,43.666960092081474,0.10649958175331165,0.22986596330030926,94.3499984741211,0.014843468164983387,3246.590087890625,-0.03289234215977488
2020-09-25,12.803895950317385,12.81359341042278,12.179304208660158,12.37995930307491,588016000,12.67858247756958,11.814401760101319,0.04257786743590164,0.6596407305242806,52.32520600513237,0.1296833701004374,0.2098294446603349,94.58000183105467,0.017755316049288705,3298.4599609375,-0.006329326654873957
2020-09-28,12.964269638061523,12.980929083477616,12.680816250113036,12.969491127871112,573808000,12.673171138763427,11.87082498550415,0.012525381990484252,0.6446629146680543,61.55626905485924,0.15916277628816822,0.1996961109859016,94.26000213623048,0.0076972547964089255,3351.60009765625,0.0214991611865627
2020-09-29,13.153985023498535,13.369807555834509,12.863072628599586,12.867299142520546,621460000,12.66597285270691,11.924892883300782,0.014633711788902604,0.6438222778089334,56.018374667220165,0.19557934719617442,0.1988727582279562,93.88999938964844,-0.0010639267623563375,3335.469970703125,0.006001954998223535
2020-09-30,13.45708179473877,13.548582595898235,13.07889511363806,13.086105607065113,689184000,12.651526641845702,11.988646812438965,0.023042201332811096,0.6375628755323517,64.70236994959166,0.24606068396438907,0.20831034337524276,93.88999938964844,-0.005297171344773144,3363.0,0.0389506324431923
2020-10-01,13.54062843322754,13.688073664153643,13.387712255881135,13.683350135517532,525004000,12.615125274658203,12.05187931060791,0.006208377103082974,0.6220215931428292,67.76313702899802,0.28947216759141803,0.22454270821847783,93.70999908447266,-0.006783247482764709,3380.800048828125,0.041338745361814144
2020-10-02,12.991373062133787,13.446141621282568,12.980183612538768,13.153240207178108,552496000,12.617450094223022,12.110271339416505,-0.040563506620263534,0.5434759756522235,52.41976295242634,0.27636994233911594,0.23490815504260545,93.83999633789062,-0.007824122212282236,3348.419921875,0.015146450625188157
2020-10-05,13.568475723266602,13.570216220179136,13.151003074175092,13.164181528727005,479820000,12.6681734085083,12.178917789459229,0.04442199129935753,0.5516353684022204,57.424539913769905,0.30899183065244884,0.24972489016457416,93.51000213623048,-0.007956715287530503,3408.60009765625,0.017006802225557838
2020-10-06,13.661962509155272,14.06526258648005,13.590850658447438,13.754955294119164,784420000,12.758853483200074,12.244920043945312,0.006889999127047464,0.5029052995401003,65.25593899764813,0.33848665107535325,0.26747724234673,93.83000183105467,-0.0006390196930854408,3360.969970703125,0.007645099558376334
2020-10-07,13.888230323791504,14.04263847515764,13.788275536042311,13.923786729329017,418084000,12.82096462249756,12.319543991088867,0.016561882268715244,0.45276034155976785,67.94213486882082,0.37578758504063003,0.28913931088551004,93.62999725341795,-0.0027692207681401237,3419.43994140625,0.016782617129423194
2020-10-08,13.763657569885254,14.008074497442983,13.683346224032253,13.998625545872365,378900000,12.896900320053101,12.386705131530762,-0.008969663592981236,0.43509729029005334,70.45251345636747,0.39079205623981395,0.30946985995637083,93.61000061035156,-0.0010671056994777661,3446.830078125,0.019530888648609412
2020-10-09,13.688070297241213,13.749237132534198,13.586624482486124,13.692297759480711,346892000,12.976379203796387,12.449401531219483,-0.005491801307918709,0.4321083967001134,66.47264254862925,0.39206447139874,0.3259887822448447,93.05999755859376,-0.008312007776388963,3477.139892578125,0.03844200360361194
2020-10-12,14.14880657196045,14.269150288914334,13.837008235079225,13.91359008305016,434744000,13.043699312210084,12.521297721862792,0.03365969524660439,0.40087898419782975,69.25965236060283,0.425347297539048,0.34586048530368535,93.06999969482422,-0.00470540510484907,3534.219970703125,0.03685380198552801
2020-10-13,14.170937538146973,14.27064381415561,13.94268301085505,14.218925925974036,344604000,13.106220817565918,12.585771846771241,0.001564157801858812,0.40081054882954387,79.25093953371453,0.4483417563756582,0.3663567395180799,93.52999877929688,-0.0031973041234505395,3511.929931640625,0.044915593490387096
2020-10-14,14.018768310546877,14.264924826969352,13.884252095509092,14.212958430202397,276100000,13.184829568862915,12.64287742614746,-0.010738119986096084,0.37482501949550734,74.53827083352974,0.44910919450034115,0.3829072305145322,93.37999725341795,-0.002670084452991661,3488.669921875,0.020245999828930827
2020-10-15,13.894197463989258,13.929752918930133,13.693044417342875,13.7358113145266,267224000,13.259745883941651,12.696318397521972,-0.00888600508961257,0.3769622138521307,67.3470564457883,0.4346551346788967,0.39325681134740514,93.86000061035156,0.0026706548271548947,3483.340087890625,0.010592343961871586
2020-10-16,13.736557960510254,14.044876308011847,13.717661001997262,13.960585989677565,242392000,13.340418243408203,12.745637149810792,-0.011345707723499077,0.3682624831372524,62.29806150587366,0.40580216292098825,0.3957658816621218,93.68000030517578,0.006662398053381091,3483.81005859375,0.0019182909579975593
2020-10-19,13.424508094787598,13.907621541917688,13.33400132974897,13.827558704209942,298068000,13.389177131652833,12.79141939163208,-0.022716743642747672,0.37391313544448523,54.14631251465352,0.35367916541289013,0.38734853841227546,93.43000030517578,0.0038680628723757327,3426.919921875,-0.030360319877536623
2020-10-20,13.571457862854004,13.724871025768708,13.433709170027877,13.509794010029395,229212000,13.439291286468507,12.840826663970947,0.010946380085499197,0.3742038477380749,51.84117268140153,0.32053401592422937,0.3739856339146662,93.06999969482422,-0.004918198337178659,3443.1201171875,-0.019593162674797382
2020-10-21,13.45136260986328,13.716665521672027,13.404369199715685,13.551068882438022,219596000,13.508961200714111,12.894095973968506,-0.008849104805419117,0.3390997622612854,48.579752190260535,0.2813325365600754,0.3554550144437481,92.61000061035156,-0.00824584135483264,3435.56005859375,-0.015223527725634178
2020-10-22,13.288498878479004,13.53788781672197,13.159949707935017,13.449122503576008,290480000,13.559336280822754,12.932370529174804,-0.012107600999831436,0.34117469154853414,55.39009082356414,0.23442107943716195,0.33124822744243093,92.9499969482422,-0.00969532981239929,3453.489990234375,-0.008569389408751626
2020-10-23,13.516509056091309,13.519493036025253,13.219131648332375,13.37701985042523,233484000,13.594966936111451,12.97515058517456,0.017158460086230898,0.3140741921241946,48.92056802158746,0.2131844695984011,0.307635475873625,92.7699966430664,-0.00971395878677317,3465.389892578125,-0.0052873623147698945
2020-10-26,13.06994342803955,13.618451231858876,12.967751138200027,13.354143296213284,336896000,13.600250625610352,13.00659324645996,-0.033038532819279265,0.33639864838548417,39.275829055080564,0.15849317851719746,0.2778070164023395,93.0500030517578,-0.004067186687110924,3400.969970703125,-0.007572383295632035
2020-10-27,13.324058532714844,13.369062941628298,13.119921500790154,13.233800259493728,250520000,13.608754301071167,13.027746677398682,0.019442708843722123,0.33947493257634237,39.882346059793605,0.1341089767209258,0.2490674084660568,92.94000244140624,-0.0013967686026028492,3390.679931640625,-0.015230425823688831
2020-10-28,12.558483123779297,13.18804870574498,12.540581144576285,13.126384857490963,376520000,13.563824367523193,13.035104885101319,-0.05745812411854945,0.38668657718991545,32.4270384959071,0.05240469509399226,0.2097348657916439,93.41000366210938,0.008638408881172177,3271.030029296875,-0.0478903079820473
2020-10-29,12.953329086303713,13.121163222090864,12.68081570346587,12.76883550581862,320080000,13.534459400177003,13.052790985107421,0.03144057754688401,0.40475006487262194,40.19905373402578,0.019291848150690072,0.17164626226345317,93.95999908447266,0.010866080359237307,3310.110107421875,-0.041517387691275554
2020-10-30,12.465991020202637,12.866306261983306,12.233260497280058,12.780276391790489,416820000,13.508190298080445,13.060680637359619,-0.03762261136531808,0.4011430116240085,27.710577042106593,-0.04574708675768768,0.128167592459225,94.04000091552734,0.013689816949625344,3269.9599609375,-0.05639478895554584
2020-11-02,12.512483596801758,12.76709403265931,12.327741523587449,12.58906543818287,299652000,13.455390691757202,13.058712253570556,0.0037295531918621894,0.3632262183009937,28.174108616446233,-0.09247337339016148,0.0840393992893477,94.0500030517578,0.010746909910833269,3310.239990234375,-0.02667767761853901
2020-11-03,12.948854446411133,13.033890278158362,12.534365826303068,12.63954209787184,272900000,13.419735288619995,13.06474042892456,0.03487483889456722,0.38694994667466126,36.89949325547276,-0.09321824957622127,0.04858786951623391,93.5500030517578,0.006563380614672765,3369.159912109375,-0.006346815377775039
2020-11-04,13.719400405883787,13.752470792021674,13.264631851760678,13.316598246406537,410228000,13.41129379272461,13.085587921142578,0.05950688245524427,0.44108975702364744,48.15203916118659,-0.031271472048095106,0.03261600120336811,93.41000366210938,0.0,3443.43994140625,0.05270814103361676
2020-11-05,14.08316707611084,14.261195715728803,13.915084403700495,14.085654042162563,319028000,13.42726926803589,13.113253402709962,0.02651476445508849,0.4496811735957454,53.511327573707284,0.04663712189716129,0.03542022534212675,92.52999877929688,-0.015219245626962752,3510.449951171875,0.06052361922970517
2020-11-06,14.482985496520996,14.509589961526345,13.819604883139403,14.03318896935885,383348000,13.467015027999878,13.151793689727784,0.02838980878728381,0.4586582147501849,60.535565390532796,0.1390394883326067,0.05614407794022275,92.2300033569336,-0.01924710273258723,3509.43994140625,0.07323636476579076
2020-11-09,13.55678939819336,14.611783787458329,13.53689841120246,14.473538060697685,582976000,13.437414169311523,13.161479549407959,-0.06395063355895236,0.5016074564038617,49.8736043765214,0.13596542013671709,0.07210834637952163,92.7300033569336,-0.014035084019059285,3550.5,0.0725808432241839
2020-11-10,12.700708389282228,13.532668624695363,12.559727213621446,13.532668624695363,644068000,13.363902711868286,13.149534702301025,-0.06314776926646193,0.5466666710270224,44.259811989258225,0.06371613613692162,0.07042990433100163,92.75,-0.00855160903966179,3545.530029296875,0.052348395976573814
2020-11-11,13.345191955566406,13.36209990807146,12.877990493799244,12.982918253581106,404744000,13.330223894119262,13.141518421173096,0.050743907074351835,0.5804652832074271,50.4037850252791,0.05779625639750918,0.06790317474430314,93.04000091552734,-0.003961061257640397,3572.659912109375,0.037526419191836746
2020-11-12,13.383732795715332,13.69130466553018,13.243746581825867,13.40586224042425,365812000,13.304700660705567,13.123819961547852,0.0028879944385400425,0.58006843932774,49.028096992326475,0.055574010158878195,0.06543734182721817,92.95999908447266,0.0046471448270675175,3537.010009765625,0.007565998365788973
2020-11-13,13.224848747253418,13.59458146386751,12.988388755362086,13.55330655700008,346312000,13.279115200042725,13.129419403076172,-0.01187143010750924,0.5801930234482242,51.18373855286997,0.04052510100448359,0.060454893662671254,92.76000213623048,0.005746489862369142,3585.14990234375,0.021573231684131056
2020-11-16,13.441912651062012,13.575433861635306,13.084611974472583,13.101021962780749,413776000,13.279985427856445,13.147177467346191,0.016413337343738954,0.5776168209410473,50.90573360838306,0.04558845965167535,0.05748160686047207,92.56999969482422,-0.0017254788775699081,3626.909912109375,0.02152088779309258
2020-11-17,13.34941864013672,13.522474277402354,13.231561881843696,13.478961861207624,312028000,13.268883466720581,13.17719861984253,-0.006881015620792907,0.5768884564821183,56.77992538579939,0.04165751231111514,0.05431678795060069,92.41999816894533,-0.00355797122430912,3609.530029296875,0.018050897741991978
2020-11-18,13.35588264465332,13.5319222486948,13.113455665930692,13.392184564746636,510924000,13.264109468460083,13.19139612197876,0.00048421618130722877,0.5759812289184282,53.696855534072945,0.03861862786258463,0.05117715593299747,92.31999969482422,-0.007738620094778659,3567.7900390625,-0.001363094491689143
2020-11-19,13.367324829101562,13.414318250053356,13.02892097926123,13.141059261204267,565936000,13.26805076599121,13.213843746185303,0.0008567149586944378,0.574119865812118,59.07021898844167,0.03671040401573222,0.04828380554954443,92.29000091552734,-0.0072073814064529396,3581.8701171875,0.012683059221776816
2020-11-20,13.016731262207031,13.421273806939706,12.99410386261044,13.380993886640056,341088000,13.243061876296997,13.232208518981933,-0.026227653728535527,0.5784869161007546,54.7816426997613,0.006829426673867545,0.03999292977440906,92.38999938964844,-0.003988817788497356,3557.5400390625,-0.007701174018748924
2020-11-23,13.068699836730955,13.309883333882462,12.944875127706087,13.09978026741796,361356000,13.242999696731568,13.237534427642823,0.00399244429934642,0.5662997251668657,51.22582840255732,-0.012513782411708974,0.02949158733718546,92.51000213623048,-0.000648131779102612,3577.590087890625,-0.013598304180118426
2020-11-24,12.887441635131836,13.0905827610749,12.815086285194448,13.07118878802459,346500000,13.221168851852417,13.236873111724854,-0.013869643029804202,0.5639437574590627,40.3239345449286,-0.0419854548153058,0.01519617890668721,92.2300033569336,-0.0020557759768012884,3635.409912109375,0.007169876023317423
2020-11-25,13.16293716430664,13.197498593327106,12.949353072197924,12.961785056669386,259916000,13.251391553878785,13.251199989318847,0.021377053489327835,0.527636797322873,39.072938425625075,-0.04262047839033123,0.0036328474472835225,91.98999786376952,-0.0035745432424779677,3629.64990234375,0.017338425917435618
2020-11-27,13.189292907714844,13.334750064003927,13.099035582696706,13.3024261461064,167276000,13.26318974494934,13.267068424224853,0.002002269180443328,0.5167386909507397,33.14328545975948,-0.040529848060247176,-0.005199691654222616,91.79000091552734,-0.0054177050063922705,3638.35009765625,0.015768293830011437
2020-11-30,13.328782081604004,13.339723024481057,12.901861463493518,13.19302333396702,286952000,13.30632929801941,13.29118185043335,0.010575940261935424,0.4963722204919464,46.26292789079407,-0.027302669707228944,-0.009620287264823883,91.87000274658205,-0.005628278455478086,3621.6298828125,0.01801521361566727
2020-12-01,13.317344665527344,13.455341867991653,13.156471550429629,13.419039943942463,296948000,13.346572351455688,13.308542137145997,-0.0008580991126297954,0.49665036419412756,63.97652875240801,-0.017540740716450287,-0.011204377955149164,91.30999755859376,-0.012971619824087677,3662.449951171875,0.02371983966762503
2020-12-02,13.471007347106934,13.599307099572938,13.162440495333444,13.2780597560963,283360000,13.37267999649048,13.326578788757324,0.011538537556766482,0.4838983662456405,53.66776667880666,0.0025653804218919163,-0.008450426279740948,91.12000274658205,-0.01203513574704973,3669.010009765625,0.009242450911609579
2020-12-03,13.327248573303224,13.589893604205525,13.260592994303533,13.517765463078833,199520000,13.35307240486145,13.351964473724365,-0.01067171668008804,0.43583084389340426,48.44854918865005,0.006820867957086918,-0.005396167432375375,90.70999908447266,-0.013914542983166966,3666.719970703125,0.010213125055239525
2020-12-04,13.488664627075195,13.490405637857798,13.320034212669324,13.37947715956388,202244000,13.323347282409667,13.376117820739745,0.012111731306288842,0.4266351990657107,57.23615958364574,0.02295370301681743,0.000273806657463186,90.6999969482422,-0.011874975012673206,3699.1201171875,0.016702631110292687
2020-12-07,13.53691577911377,13.660777082523389,13.430714113847694,13.53144416609202,223244000,13.276043796539307,13.390778217315674,0.0035771630011263156,0.4121904986928523,52.87176926678185,0.03918090269328012,0.008055225864626573,90.79000091552734,-0.011755761388554942,3691.9599609375,0.01941945488653385
2020-12-08,13.28148365020752,13.528956715154852,13.213334699311597,13.515277208917489,271920000,13.262278509140014,13.397122497558593,-0.018869300295149882,0.3502510854257494,48.1305985601134,0.031071662496353625,0.012658513190971984,90.97000122070312,-0.003723539009761412,3702.25,0.01086705603045579
2020-12-09,12.864385604858398,13.34515509436293,12.802206372644868,13.23223796540436,401300000,13.270462369918823,13.39133050918579,-0.031404476814049564,0.2878649971850056,38.96830731162262,-0.008908602386595632,0.008345090075458462,91.08999633789062,-0.0003293064945890656,3672.820068359375,0.0010384432268129018
2020-12-10,12.905673027038574,13.001678158655883,12.783552731095789,12.802953380691694,207764000,13.248486423492432,13.380302333831787,0.0032094359923868776,0.21989881862857913,39.77517410066469,-0.03683706566927292,-0.0006913410734878138,90.79000091552734,0.0008819516245412995,3668.10009765625,0.00037639278814638466
2020-12-11,12.946463584899902,12.953179048728904,12.757189593634664,12.900699188489623,209264000,13.22662296295166,13.368419036865234,0.0031606687830900704,0.219974439541777,48.19613839798307,-0.05504459706512144,-0.011561992271814538,90.9800033569336,0.003087171092752916,3663.4599609375,-0.00964017256003924
2020-12-14,13.240445137023926,13.32003447401288,13.010382180140862,13.020828245041423,270156000,13.227402782440185,13.373400478363036,0.022707479165732014,0.2323864683630959,53.92163694502206,-0.045230948307642294,-0.018295783478980088,90.70999908447266,-0.0008811744712847736,3647.489990234375,-0.012045084771675763
2020-12-15,13.291929244995115,13.39489745979019,13.11907107095995,13.3707718895099,193016000,13.219903612136841,13.367869548797607,0.003888397062061344,0.22490105417287798,59.81794478158372,-0.0329197453881811,-0.021220575860820292,90.47000122070312,-0.005496317393543282,3694.6201171875,-0.00206087725369708
2020-12-16,13.17453670501709,13.368287035609647,13.144689988892608,13.3536122578648,223116000,13.21115951538086,13.358121032714843,-0.00883186615082443,0.22574423459853019,50.30495617085569,-0.032263709305503596,-0.023429202549756955,90.4499969482422,-0.007026011805669641,3701.169921875,0.0077188244967003605
2020-12-17,13.272780418395996,13.310834081282351,13.110865441495283,13.298148894466989,231384000,13.207004404067993,13.345812034606933,0.007457090566341806,0.22752295663069674,52.11497288607805,-0.023544937981947456,-0.023452349636195056,89.81999969482422,-0.01068400937241576,3722.47998046875,0.014825081476715019
2020-12-18,13.203886985778809,13.336203838676395,13.003421166081225,13.310337250690258,342064000,13.198832511901855,13.334616622924806,-0.005190580303860215,0.22815726243222867,46.71869174614246,-0.021941445809231297,-0.023150168870802304,90.0199966430664,-0.01055184302533907,3709.409912109375,0.012542774224865827
2020-12-21,13.263823509216309,13.30138000486994,12.900945634831366,13.00764539991846,302332000,13.21118712425232,13.326131687164306,0.004539309030897831,0.20736205521979834,48.62880790996617,-0.01565384242750767,-0.021650903582143378,90.04000091552734,-0.007386155613576695,3694.919921875,0.01300344394847186
2020-12-22,13.21009922027588,13.268796418384998,12.987000341166633,13.250889152405112,185580000,13.218257093429566,13.307357540130615,-0.004050437560715214,0.20779887216956877,42.95486594308518,-0.014834964338186651,-0.020287715733352033,90.6500015258789,0.001989613161789139,3687.260009765625,-0.0019921148016369683
2020-12-23,12.942482948303224,13.206868984202536,12.938255185424696,13.187966443845962,179144000,13.221009159088135,13.28278844833374,-0.020258460402924006,0.21482607422054908,40.261799110987496,-0.03537264035903931,-0.02330470065848949,90.41000366210938,-0.0004421590655853125,3690.010009765625,-0.003015239058173691
2020-12-24,12.92706298828125,13.065100970275514,12.872345904910633,12.97033968408649,97884000,13.209215450286866,13.260954341888429,-0.0011914220852031754,0.19987551856497407,34.65193304504112,-0.05229038743856407,-0.029101838014504406,90.33000183105467,0.005678046514843604,3703.06005859375,-0.005216931179453765
2020-12-28,12.833794593811035,12.995460995273769,12.697747147078497,12.995460995273769,212564000,13.191440534591674,13.239746284484863,-0.0072149717654168555,0.20082009085447444,31.245790149509432,-0.0723893445390793,-0.03775933931941939,90.33999633789062,0.0035547623501146486,3735.360107421875,0.006995774510599517
2020-12-29,12.876819610595703,13.005406770053444,12.776338151206708,12.858663762892384,170372000,13.16884241104126,13.222551517486572,0.003352478214464938,0.19675552384018724,37.8271768423142,-0.08387924583399275,-0.04698332062233407,90.01000213623047,-0.00033317169026925164,3727.0400390625,0.008693048257240932
2020-12-30,13.078282356262209,13.145933201726493,12.830560696633617,12.923580016159637,225396000,13.156889295578003,13.215627002716065,0.015645380750750837,0.20613390757549885,57.39346107214373,-0.07585431419326127,-0.05275751933651951,89.62999725341797,-0.011252115336917501,3732.0400390625,0.012144527149774209
2020-12-31,12.987998008728027,13.083505026218695,12.848716190436818,13.06907977867066,192424000,13.132738828659058,13.203957805633545,-0.006903379593341752,0.20181282452530164,52.752380162864995,-0.07590470813338257,-0.05738695709589212,89.94000244140625,-0.0051985532758042075,3756.070068359375,0.01790240634007012
2021-01-04,13.046196937561035,13.582431124501683,12.895971895425571,13.036994722740106,560640000,13.118686246871949,13.1958544921875,0.004480977652899121,0.20008530945149997,53.29602930868419,-0.07043653005268702,-0.059996871687251103,89.87999725341797,-0.00498178421913853,3700.64990234375,-0.0006508552958537361
2021-01-05,13.335951805114746,13.374502622372711,13.019832636772176,13.032516872741898,322760000,13.111050605773926,13.196803550720215,0.022209910592372317,0.21172698884465876,53.165186676038815,-0.042235301038710205,-0.05644455755754292,89.44000244140625,-0.009962297243384932,3726.860107421875,-0.0022755503500482277
2021-01-06,12.54975700378418,13.177020847098149,12.52140367273947,13.154636288828245,580424000,13.061692667007446,13.177468509674073,-0.058953032585873366,0.295563624220956,33.45887930242924,-0.08237540147819011,-0.06163072634167236,89.52999877929688,-0.005332777975131098,3748.139892578125,0.0056612897351466795
2021-01-07,13.275518417358398,13.309095743579077,12.820366802027454,12.900950487396964,461480000,13.06139440536499,13.181580009460449,0.057830714439759845,0.36116189026901346,51.77050027873336,-0.054989949725671394,-0.06030257101847217,89.83000183105469,0.0022314468790090025,3803.7900390625,0.019225410030173196
2021-01-08,13.208610534667969,13.352120129783836,12.975065526063036,13.293921024459769,292528000,13.078605651855469,13.179271049499512,-0.005039945001540924,0.34216431087506016,48.86241717963587,-0.038244826319647984,-0.05589102207870733,90.0999984741211,0.001778919594972006,3824.679931640625,0.018266396002356355
2021-01-11,13.551589012145996,13.889346986989684,13.293918478633945,13.349879401554206,518344000,13.11090145111084,13.199133167266845,0.025966279842821516,0.3529985126566115,55.61800315206786,0.002670517302343356,-0.044178714202497193,90.54000091552734,0.007343165134378937,3799.610107421875,0.026741304281566958
2021-01-12,13.415542602539062,13.683908768453083,13.276510305945385,13.681918228400308,291476000,13.134355401992797,13.208377437591553,-0.010039148138642484,0.35585824541942884,52.392559722630374,0.023843559917283486,-0.030574259378541063,90.05000305175781,0.006820221307028529,3801.18994140625,0.01994435847923315
2021-01-13,13.46230125427246,13.555072944184918,13.316304914526611,13.420765571709692,210028000,13.145448207855225,13.22830364227295,0.003485408911045207,0.34748008258807933,53.98589901539081,0.043890439484163934,-0.015681319606000062,90.31999969482422,0.008823868270955826,3809.840087890625,0.016461550817427062
2021-01-14,13.132500648498535,13.529950146558164,13.112852370232488,13.505327416462048,283120000,13.137476778030395,13.240703983306885,-0.024498085397491542,0.358838388911002,52.94522317698831,0.032787627977855394,-0.00598753008922897,90.23999786376952,0.0045641325209579975,3795.5400390625,-0.0021688894274599635
2021-01-15,12.793499946594238,13.256859277308203,12.782556721687804,13.160108417536335,277780000,13.118424940109254,13.237596893310547,-0.025813872847061714,0.36907305800656676,48.11853532412951,-0.003327595183019838,-0.005455543107987145,90.77999877929688,0.007547173326213796,3768.25,-0.014754157903199783
2021-01-19,12.95840072631836,13.02679731028673,12.77808038942773,12.949446142963154,226188000,13.102705955505371,13.222376899719238,0.012889418877749748,0.371262135032521,51.720567936616874,-0.018430598477131355,-0.008050554181815987,90.5,-0.00044180378973779355,3798.909912109375,-0.0001842808321654843
2021-01-20,13.297154426574709,13.361571834901874,12.989740265412832,13.044457348491646,258572000,13.107369327545166,13.206656646728515,0.026141628694067442,0.38297568382316394,55.3657877994199,-0.0030303133056044373,-0.0070465060065736775,90.47000122070312,0.0046640550217851295,3851.85009765625,0.013327446676147492
2021-01-21,13.796329498291016,13.92740343699707,13.18498319061641,13.349633500056225,337780000,13.133994626998902,13.192923526763916,0.03753999206918235,0.4047411876147621,58.51873658847751,0.04889020431105706,0.004140836056952471,90.12999725341795,-0.0021036585700647814,3853.070068359375,0.011346927816249908
2021-01-22,13.642125129699709,13.770712324132925,13.557312743438612,13.669484147612303,246820000,13.155595922470093,13.194630241394043,-0.011177202502332895,0.4070036209229355,57.64446423818831,0.07671031601129208,0.018654732047820394,90.23999786376952,0.0,3841.469970703125,0.012101026775617862
2021-01-25,13.583176612854004,13.75752722329833,13.168565561333796,13.71101709190849,251112000,13.187630605697631,13.21227960586548,-0.00432106554406031,0.39934329467393576,56.27431997667957,0.09293006239829715,0.03350979811791575,90.38999938964844,-0.004296093797011347,3855.360107421875,0.02311685992751933
2021-01-26,13.36629581451416,13.574719948658196,13.31879041384867,13.510799710027586,163980000,13.209592247009278,13.212701683044434,-0.01596686876136222,0.4046710541644429,50.36069611697899,0.0872777765103141,0.04426339379639542,90.16999816894533,-0.003646429072427293,3849.6201171875,0.013348620065056549
2021-01-27,12.851451873779297,13.164834764389765,12.728087739342117,13.162098483674535,371272000,13.21047511100769,13.202056064605713,-0.03851807171406496,0.42865009903983786,53.833517607157944,0.0407845569495926,0.043567626427034864,90.6500015258789,0.001989613161789139,3750.77001953125,-0.026241955310385645
2021-01-28,12.984018325805664,13.271287026648704,12.89398291811221,12.9295498263929,228316000,13.215835046768188,13.197239456176758,0.0103152899243113,0.4299932604643955,45.63853273426299,0.014468565638315667,0.03774781426929103,90.45999908447266,0.003661398436825003,3787.3798828125,-0.01704879080354893
2021-01-29,12.923080444335938,13.266310008842895,12.84523212819906,13.00789280284213,271552000,13.208074951171875,13.186862812042236,-0.004693299095905656,0.4267054412978231,45.72021101046475,-0.011175401752874237,0.02796317106485798,90.58000183105467,0.0037677745493571724,3714.239990234375,-0.03312012886709159
2021-02-01,13.169063568115234,13.202639933895902,12.836528607721643,12.986256485316742,217204000,13.217128229141235,13.183255710601806,0.019034403201220407,0.43125268844375575,44.094644225822975,-0.011516888817673987,0.020067159088351588,91.0199966430664,0.006969767205132982,3773.860107421875,-0.021139400141404696
2021-02-02,13.48717212677002,13.502343114382931,13.217313559304229,13.329983047797578,220440000,13.239176988601685,13.185881500244141,0.024155746307200188,0.4389193826572657,51.04695103337437,0.01372299225008966,0.018798325720699203,91.1999969482422,0.011422854610322108,3826.31005859375,-0.006055158141364925
2021-02-03,13.461057662963867,13.860248208938296,13.447129576053143,13.566015475389744,245408000,13.245432281494141,13.187756156921386,-0.001936244570818424,0.4325152302310364,49.98171307021847,0.03125823537847161,0.021290307652253686,91.12000274658205,0.0051847899921873,3830.169921875,0.0211689604881915
2021-02-04,13.594120979309082,13.60332319408904,13.269296744638847,13.46155462652012,201340000,13.297650480270386,13.199303951263428,0.009885056559212124,0.37098494722215253,57.20497848527013,0.0552551920065536,0.02808328452311367,91.52999877929688,0.011828429202448199,3871.739990234375,0.02227400208907193
2021-02-05,13.521245956420898,13.666746072596895,13.476228255580894,13.654558996907936,169152000,13.30993685722351,13.208354873657226,-0.005360774926095102,0.3132887329761398,62.38777340950981,0.06761314546475106,0.03598925671144115,91.04000091552734,0.005078373539124437,3886.830078125,0.046467134149760225
2021-02-08,14.364648818969728,14.399469042846064,13.65680015778094,13.65680015778094,434624000,13.3677387714386,13.237899017333984,0.062376120164304716,0.3800414234353188,69.44556537224562,0.14380478298757815,0.057552361966668554,90.93000030517578,-0.0009887534740694592,3915.590087890625,0.037555705944164686
2021-02-09,14.19004726409912,14.508404628817877,14.149505903817214,14.267148904678317,287560000,13.399661684036255,13.258441219329834,-0.012154947682398776,0.3755103885744019,62.93408034976188,0.18793195578088273,0.0836282807295114,90.44000244140624,-0.008333273380121686,3911.22998046875,0.02219368545010436
2021-02-10,14.688475608825684,14.828503172781936,14.267895756343098,14.389020780396104,485352000,13.463308334350586,13.288424873352051,0.035125206805166176,0.38936723374653703,62.92605993545003,0.26012351802413036,0.11892732818843518,90.37000274658205,-0.008230904053919574,3909.8798828125,0.020811076940022266
2021-02-11,15.172478675842283,15.193868916559545,14.848401111304003,14.903367720561643,450828000,13.548817205429078,13.325298805236816,0.032951211542046055,0.40186966630433024,70.23871383700778,0.3523294195092035,0.16560774645258886,90.41999816894533,-0.012127178249265125,3916.3798828125,0.011529672108850253
2021-02-12,14.884466171264648,15.21277246924988,14.699171360456567,14.97276057463084,374756000,13.636415481567383,13.356641235351562,-0.01898256117085273,0.3967074047474844,66.22627629766708,0.39758000384591163,0.2120021979312534,90.4800033569336,-0.006151115476298763,3934.830078125,0.012349395017328568
2021-02-16,15.251569747924805,15.29360353659292,14.873271342590192,14.98693515502818,321960000,13.759318971633911,13.392252483367919,0.024663536631825744,0.38224842014679444,72.65929915318755,0.4577865304091482,0.2611590644268324,90.51000213623048,-0.004618917491869712,3932.590087890625,0.004341618917816259
2021-02-17,14.82949924468994,15.145369878254437,14.704145502301538,15.093138598804355,274756000,13.85287389755249,13.422297496795654,-0.0276739057166423,0.4034432899000156,74.31663955742329,0.4660705036076571,0.3021413522629974,90.9499969482422,0.005639036853922974,3931.330078125,0.005139073323896293
2021-02-18,14.752894401550291,14.796916836680795,14.500197331565529,14.653407246591904,233868000,13.92566089630127,13.447582092285156,-0.005165706668556536,0.3990966314865646,72.0486105745307,0.46113852357133034,0.33394078652466397,90.58999633789062,0.0024343652165805807,3913.969970703125,0.001046090420476764
2021-02-19,14.849892616271973,15.099106694714642,14.770551858754157,14.947389223018012,271724000,13.978339052200317,13.473841629028321,0.006574859961818058,0.38084915638044375,73.80326227180882,0.4597570461010516,0.35910403843994154,90.36000061035156,-0.0006635430193402403,3906.7099609375,-0.0024690970141679758
2021-02-22,14.282072067260742,15.055581855788054,14.251479612238253,14.698921307165705,325884000,14.01033639907837,13.493853397369385,-0.03823735051046995,0.4063687257043849,62.73696121268261,0.40813906928895705,0.36891104460974466,90.01000213623047,-0.005194531424242088,3876.5,-0.014824039911984
2021-02-23,14.069419860839844,14.165673573330457,13.320781350681472,14.003011915069951,391780000,14.034648561477661,13.517954082489014,-0.014889450593682962,0.41046813353894784,56.82788148249544,0.3460827682055765,0.36434538932891103,90.16999816894533,-0.0037565347393694326,3881.3701171875,-0.013024487566309917
2021-02-24,14.424589157104492,14.432299891809956,13.68540228333194,14.050270796035466,448320000,14.087563228607177,13.548332405090331,0.025244061217705838,0.41250473296505746,60.48957350911748,0.32185178935844583,0.355846669334818,90.18000030517578,-0.008466153588818859,3925.429931640625,-0.0015008016033060123
2021-02-25,13.2391996383667,14.300972267995904,13.1484185069074,13.973411797379338,824436000,14.106950616836547,13.554187126159668,-0.08217839037404795,0.4935360951314247,46.85639470549977,0.2046385903127117,0.32560505353039676,90.12999725341795,-0.00507781325828649,3829.340087890625,-0.021622517149076814
2021-02-26,13.644112586975098,13.78339344846942,13.292426514142514,13.68191671453805,500932000,14.13995532989502,13.562260475158691,0.030584397823791187,0.5032402215222531,51.02779936616047,0.14277357168652216,0.28903875716162186,90.93000030517578,0.006308097509673205,3811.14990234375,-0.02446049477674006
2021-03-01,13.770709037780762,13.853531812773983,13.483689896095202,13.803788241965917,353184000,14.18233675956726,13.571836071014404,0.009278467177595395,0.5028634484392921,44.35457480940068,0.10277564067116707,0.25178613386353094,91.04000091552734,0.011443159147335402,3901.820068359375,0.006531682796175664
2021-03-02,13.337444305419922,13.849054792199592,13.32724682102197,13.828659823403688,264116000,14.190755796432494,13.575094223022461,-0.03146277589426605,0.5142114443578444,42.27578523959851,0.03570456916686382,0.2085698209241975,90.79000091552734,0.00687593167541567,3870.2900390625,-0.0028546821845036874
2021-03-03,12.739032745361328,13.382462935621067,12.733063022967231,13.357343042088631,377592000,14.153348827362061,13.564419269561768,-0.044867033470229245,0.531320354209664,32.65314643228169,-0.06498741551117426,0.15385837363712315,90.9499969482422,0.008538441344651648,3819.719970703125,-0.026929524352334755
2021-03-04,12.30675983428955,12.90840660411172,12.021730309210714,12.735050337073638,573344000,14.095633935928344,13.546476726531983,-0.033932946065248215,0.5430310483782608,24.2628452634558,-0.17761985891409715,0.0875627271268791,91.62999725341795,0.016642627823259204,3768.469970703125,-0.015895719834335797
2021-03-05,12.39754581451416,12.485591641546508,11.619310040664692,12.485591641546508,542840000,14.035805177688598,13.52915117263794,0.007376919794246595,0.542258332459017,26.844546768559056,-0.2565983063609867,0.01873052042930594,91.9800033569336,0.011547377633716494,3841.93994140625,0.008078936764876365
2021-03-08,11.533748626708984,12.407241654699089,11.50713535777031,12.386100946731473,543112000,13.936430311203003,13.495624160766601,-0.06967485345316515,0.59027165859503,18.314457884204955,-0.38445870830114437,-0.06190732531678413,92.30999755859376,0.013949875113081323,3821.35009765625,-0.020623701065990097
2021-03-09,12.46029281616211,12.556330138602013,12.001500032074086,12.072160122978335,521824000,13.841212511062622,13.48598035812378,0.08033330874816391,0.6210074722118964,31.406965937297997,-0.4063405840722307,-0.13079397706787346,91.95999908447266,0.012886861517204862,3875.43994140625,0.001330624395529112
2021-03-10,12.408538818359377,12.917837277415549,12.397840483205073,12.779005688253813,384376000,13.752137088775635,13.475609874725341,-0.004153513771008921,0.6206656194977217,31.52994800178105,-0.4229823659503982,-0.18923165484437843,91.79000091552734,0.009235887800668863,3898.81005859375,0.020705729345930735
2021-03-11,12.931273460388184,12.98377142356223,12.67351399449824,12.88798183646148,299916000,13.66427698135376,13.477559452056886,0.0421270102532445,0.6272745134242612,35.834398431334535,-0.38950085761959485,-0.22928549539942172,91.41999816894533,-0.002291815898366134,3939.340087890625,0.04534204027519917
2021-03-12,12.79443073272705,12.827024017393462,12.529704849600746,12.587675358151452,243964000,13.545374584197997,13.475911674499512,-0.0105823087014838,0.6105974240595041,38.269900461036016,-0.3697463794231908,-0.25737767220417557,91.68000030517578,-0.0032616116635006964,3943.340087890625,0.026392954609087305
2021-03-15,13.128080368041992,13.143506210891774,12.706111006838414,12.803143952730885,221988000,13.457555294036865,13.476907634735108,0.026077724150828763,0.620502601499202,42.716487382729994,-0.32343966486329734,-0.27059007073599994,91.83000183105467,-0.00519982385693829,3968.93994140625,0.038622434474276934
2021-03-16,13.227601051330566,13.447791111083191,13.05393623427105,13.292538027663085,272128000,13.356356859207153,13.481699695587158,0.0075807490888644136,0.6123882603349244,40.35694425429278,-0.27553458140032205,-0.2715789728688644,91.87000274658205,-0.0009786465722769755,3962.7099609375,0.02251873873694521
2021-03-17,13.277360916137695,13.38882407684222,12.92729502883546,12.977304441307208,243864000,13.278749942779541,13.486322975158691,0.003761820802882676,0.6080427839501135,50.37628106234727,-0.23089266546722342,-0.2634417113885362,91.4000015258789,-0.004248822156645904,3974.1201171875,0.01931616505085998
2021-03-18,12.66157341003418,13.120863512138008,12.656099908286295,13.07359132528923,293896000,13.174183893203736,13.47283540725708,-0.04637875779629286,0.625704338269225,40.69868535162586,-0.24240820001829455,-0.2592350091144879,91.8499984741211,0.004703569391689477,3915.4599609375,-0.00606196124740066
2021-03-19,12.784232139587402,12.859619725532603,12.552099497380718,12.688940826273994,299208000,13.070900869369506,13.477524909973145,0.009687479239824714,0.6266882478178329,40.65444101885056,-0.23888311390428107,-0.25516463007244655,91.91999816894533,0.0026177777374636335,3913.10009765625,-0.00766862344113739
2021-03-22,13.123103141784668,13.330355915344027,12.84494160969425,12.850913393081935,297804000,13.012952423095703,13.47447660446167,0.0265069500066355,0.6256342825448189,47.93242320078142,-0.20636653499119362,-0.24540501105619597,91.8000030517578,-0.00032667732438973474,3940.590087890625,-0.007142928321958952
2021-03-23,13.008156776428224,13.28059519177102,12.958893359815724,13.190777367520807,222048000,12.959889268875122,13.470467529296876,-0.008759084197886735,0.6245287066837396,52.86306703686052,-0.18770833809351828,-0.23386567646366047,92.33999633789062,0.005115854764966343,3910.52001953125,-0.013170265278234727
2021-03-24,12.582454681396484,13.096233063845542,12.576235180945393,13.08827100230362,245840000,12.867782545089721,13.451084842681885,-0.03272578139611182,0.6234444818916204,52.93707667770906,-0.20491010778484053,-0.2280745627278965,92.52999877929688,0.012363208255505631,3889.139892578125,-0.021383406163756224
2021-03-25,12.475217819213867,12.653858762465513,12.213229135480182,12.439639589489444,295144000,12.82958345413208,13.43227834701538,-0.008522729856612954,0.5552823299272192,50.82457762733445,-0.2246066273719851,-0.22738097565671425,92.87999725341795,0.011213922660946674,3909.52001953125,-0.0015170481796543678
2021-03-26,12.77776336669922,12.794682152334556,12.314244068153682,12.494377029182637,363968000,12.786265993118286,13.418587589263916,0.0242517246487981,0.5507314240910206,64.99335413604462,-0.21334406625342872,-0.22457359377605715,92.7699966430664,0.009247155037566568,3974.5400390625,0.0157010911739901
2021-03-29,12.886241912841797,12.999944962976231,12.639180750258788,12.758854634186177,273520000,12.742042636871338,13.413662414550782,0.008489634925098688,0.5505108659233505,56.3946945682894,-0.19343529171038476,-0.21834593336292268,92.94000244140624,0.012418293592056706,3971.090087890625,0.007739957549435461
2021-03-30,12.81010913848877,12.913113858096398,12.644157722970252,12.780501735531375,200204000,12.715675878524781,13.413994598388673,-0.0059080665152776435,0.5402059202127989,55.984891835399786,-0.181706127937467,-0.21101797227783156,93.3000030517578,0.010396434393979304,3958.550048828125,0.012282261452949195
2021-03-31,13.284326553344728,13.405990711832604,12.92032779315816,12.953169750877729,314776000,12.742940568923952,13.4205131149292,0.03701899880237103,0.5310703421749076,55.33901612335194,-0.1326165776090651,-0.1953376933440783,93.2300033569336,0.007565163588798551,3972.889892578125,0.021534324378463587
2021-04-01,13.745606422424316,13.803576941304833,13.446544640826511,13.507253333989029,308276000,12.814882898330689,13.429482154846191,0.0347236171308547,0.5242540642171639,63.0987540305677,-0.05584754916184309,-0.16743966450763126,92.93000030517578,0.0005383618996175343,4019.8701171875,0.02822599631283662
2021-04-05,13.920516967773438,13.946889814232556,13.667235327991516,13.8010917366544,255672000,12.891031455993652,13.43196590423584,0.012724832937437869,0.524775462557846,61.41166026589348,0.018888542830776345,-0.13017402303994974,92.5999984741211,-0.0018324692799049913,4077.909912109375,0.02600800898492328
2021-04-06,13.795119285583496,13.986946213948366,13.707541356464931,13.932707577763324,191744000,13.004099988937378,13.435025787353515,-0.009008119632355815,0.4466013348963854,58.112213182690624,0.06722397310236516,-0.09069442381148676,92.33999633789062,-0.006455843423222252,4073.93994140625,0.025899652548617258
2021-04-07,14.075769424438477,14.175289971373456,13.645838042143149,13.814277068484714,251284000,13.084873819351197,13.444877643585205,0.02034416180426013,0.3631263855550465,60.70592790795576,0.12671557230526354,-0.04721242458813671,92.45999908447266,-0.009003257661408193,4079.949951171875,0.030667769977971826
2021-04-08,14.248437881469728,14.402198005906836,14.180762736178757,14.184495575099849,244416000,13.176868772506714,13.462520484924317,0.012267070582405504,0.3614934330019797,74.14807178006457,0.185655869423357,-0.0006387657858379706,92.05999755859376,-0.012549670237170685,4097.169921875,0.031282022068884086
2021-04-09,14.331040382385254,14.339002443747564,14.10711843994296,14.14593123495432,195172000,13.246857118606567,13.492112255096435,0.005797302244827218,0.3370950751671216,73.82901889342696,0.23630780177497357,0.04675054772632434,92.16000366210938,-0.00828577037057776,4128.7998046875,0.02709781269654865
2021-04-12,15.136164665222168,15.278977778996202,14.07153779955418,14.221317360385132,869324000,13.363943815231323,13.535155181884766,0.05618044896632335,0.3762289896345255,77.11637268569308,0.3375258362736311,0.1049056054357857,92.13999938964844,-0.00496759278674519,4127.990234375,0.012280879996125371
2021-04-13,15.604412078857422,15.624814088647074,15.05331389396944,15.15855755137292,676212000,13.487760400772094,13.588781814575196,0.030935671221331784,0.3795843159488613,81.9327345686325,0.450334336911304,0.17399135173088937,91.8499984741211,-0.0053064531427587935,4141.58984375,0.01660552274130933
2021-04-14,15.20384120941162,15.645216922969263,15.1545777941743,15.550174265451684,385500000,13.586572408676147,13.629477367401122,-0.025670359602239734,0.3990257815382096,82.4423974338062,0.501630678743874,0.2395192171334863,91.69000244140624,-0.008327889365031704,4124.66015625,0.010958518024291708
2021-04-15,16.059967041015625,16.13659794169235,15.556638505158787,15.587490177903373,598480000,13.725702714920043,13.680933265686035,0.05630983774508502,0.4348582870241236,87.42728384293387,0.6043984695526863,0.3124950676173263,91.66999816894533,-0.004236361068771677,4170.419921875,0.0178781943138151
2021-04-16,15.836295127868652,16.08833243050052,15.789270664877606,15.976121390043058,335208000,13.884438800811768,13.72843801498413,-0.013927295901401071,0.3923182456717751,82.46795069727415,0.6601840394276088,0.3820328619793828,91.55999755859376,-0.00651048263534626,4185.47021484375,0.013725637676089475
2021-04-19,15.288183212280272,15.731798779412197,15.160049939654558,15.46209667219749,404420000,14.00963635444641,13.762319259643554,-0.034611120288091546,0.42521918577357426,73.32112438387333,0.6526431902008802,0.4361549276236823,91.06999969482422,-0.011612759951292406,4163.259765625,0.008543995806070459
2021-04-20,15.098596572875977,15.422785985221951,14.89134381807293,15.24986813446878,334132000,14.108411026000976,13.793866271972655,-0.012400861290830734,0.4267880626205135,71.74059931916715,0.6241738676895601,0.47375871563685784,91.23999786376952,-0.006641269684108275,4134.93994140625,-0.0016056400065267429
2021-04-21,15.286941528320312,15.28893180639827,15.029928007995824,15.04634851396947,216776000,14.222350263595581,13.812312126159668,0.012474335249323065,0.4227778988547638,70.1175113573874,0.6097804192310701,0.5009630563557003,91.16000366210938,-0.0057803333535251245,4173.419921875,0.011821523174731174
2021-04-22,14.779132843017578,15.36456589093594,14.712701982849865,15.30136958810184,277788000,14.332184171676635,13.824093837738037,-0.03321846193772493,0.4234172513517825,60.286256712641695,0.551045481363591,0.5109795413572784,91.33000183105467,-0.0037089161632145595,4134.97998046875,-0.008497931160446837
2021-04-23,15.192148208618164,15.261564023839028,14.828896342837304,14.862732969877133,227500000,14.46803069114685,13.834167289733887,0.027945845672245673,0.4238594647838731,62.083323516138556,0.5316954540069094,0.5151227238872047,90.86000061035156,-0.0076452268120064115,4180.169921875,-0.0012663554383812725
2021-04-26,15.403875350952148,15.404870964360937,15.052566183723467,15.112279260571835,197796000,14.599336290359497,13.838795223236083,0.013936616430181736,0.4209067416944724,65.04000586299736,0.5273658831984651,0.5175713557494568,90.80999755859376,-0.0028549702108457975,4187.6201171875,0.0058512687014240505
2021-04-27,15.308087348937988,15.595454229797074,15.280967559873904,15.503894807552262,164572000,14.720428562164306,13.84726764678955,-0.006218435285393231,0.4246979130753193,61.933216123272615,0.5103226935645253,0.5161216233124706,90.91000366210938,-0.0036167712558790033,4186.72021484375,0.01252261802377963
2021-04-28,15.203591346740724,15.457868581848174,15.1426349303623,15.290921556787088,209416000,14.840102672576904,13.846308078765869,-0.006826195841148852,0.42513721119400605,59.37303178695074,0.48281826055850097,0.5094609507616767,90.61000061035156,-0.0060333811941960525,4183.18017578125,0.0023386704642616163
2021-04-29,15.251359939575195,15.362574421161485,14.999322628696,15.326249241914937,173196000,14.938454341888427,13.854745292663575,0.0031419282289977257,0.4122722157923671,59.09337019083899,0.45957760095871514,0.4994842808010845,90.61000061035156,-0.007883512605583842,4211.47021484375,0.018498332455367583
2021-04-30,14.937621116638184,15.291418896124943,14.925181167243966,15.101831865428135,201912000,14.99805507659912,13.858439826965332,-0.02057120310451155,0.41010779489382426,47.827276700676656,0.4111041569814713,0.4818082560371619,91.27999877929688,0.004622475964384476,4181.169921875,0.00023922472499671166
2021-05-03,14.765698432922363,15.173734835232782,14.716684635138344,15.052568004352894,203912000,15.040314149856567,13.85675594329834,-0.01150937504528915,0.4126601421154425,40.18515133273381,0.35472680978571525,0.4563919667868726,90.9499969482422,0.0015416737519247103,4192.66015625,0.001203556894240121
2021-05-04,14.282523155212402,14.567402449672668,13.94315656113804,14.567153783566326,405324000,15.064684343338012,13.856764965057373,-0.03272281903256591,0.43022935696661696,39.42298007113886,0.26797015595706597,0.41870760462091133,91.29000091552734,0.004179927819938589,4164.66015625,-0.00526905488347118
2021-05-05,14.38925838470459,14.74255878894446,14.318598303856616,14.63855847088675,292024000,15.080358791351319,13.863161735534668,0.007473135406977027,0.4253820227478989,26.833623772861017,0.20545911891739443,0.37605790748020795,91.30999755859376,0.007725382888500221,4167.58984375,-0.0037269090443464714
2021-05-06,14.453451156616213,14.501470291554716,14.1499124041879,14.42583403228446,193380000,15.090609455108643,13.863738975524903,0.004461159164384609,0.42364559684754505,29.937918963978632,0.1592626116579794,0.33269884831576224,90.9499969482422,0.0037523047743119875,4201.6201171875,-0.0023388738739104076
2021-05-07,14.741314888000488,14.899055557162525,14.601487668316276,14.737334332362575,229328000,15.111123180389404,13.893781280517578,0.01991660872306622,0.4286791997381123,41.41807607750526,0.14421729694512742,0.2950025380416353,90.2300033569336,-0.011503017489099987,4232.60009765625,0.0123004270915128
2021-05-10,14.197434425354004,14.735097113534144,14.181759916939434,14.71643671329564,268904000,15.064186668395996,13.904847717285156,-0.03689497624728211,0.39817887662319834,37.27336664656307,0.08739967960063666,0.25348196635343556,90.20999908447266,-0.008136315432651031,4188.43017578125,-0.0010089013445185868
2021-05-11,14.237737655639648,14.28600545214214,13.684151890616675,13.758792529289508,285584000,14.995852947235107,13.914188289642334,0.0028387685463557855,0.37851847124550386,34.536037553068326,0.045103517093116,0.21180627650137168,90.13999938964844,-0.01259723424631165,4152.10009765625,-0.0030158663906587613
2021-05-12,13.69261074066162,14.191957855909235,13.643596947830634,13.94240815677202,303408000,14.920291423797607,13.921291618347167,-0.03828746730433685,0.3904269104371407,34.160258062578635,-0.03203440990781026,0.1630381392195353,90.70999908447266,-0.006571005258609097,4063.0400390625,-0.025086394920625366
2021-05-13,13.599811553955078,14.013322502450652,13.39454902579203,13.966546688820465,285404000,14.79728364944458,13.938507194519042,-0.006777318691384759,0.31637080767717385,24.395764416362027,-0.09950782732492236,0.11052894591064377,90.75,-0.002198976964848276,4112.5,-0.02121089358434325
2021-05-14,14.174792289733888,14.25938527455248,13.68266022181972,13.823483068810868,258616000,14.714208507537842,13.97586784362793,0.042278581103691426,0.3622021853811133,32.304004020359955,-0.10537021444343786,0.06734911383982746,90.31999969482422,0.0009974103351699792,4173.85009765625,-0.013880356906983082
2021-05-17,14.097661018371582,14.101392907740392,13.787155864136253,14.089201626218934,216980000,14.654682397842407,14.009870147705078,-0.005441439266674064,0.34527511745891043,32.478487822144274,-0.11491537455159673,0.030896216161542624,90.22000122070312,0.00011087613714644284,4163.2900390625,-0.006002281442846424
2021-05-18,13.948631286621094,14.335271049826762,13.936937334846162,14.198678365986758,186256000,14.597184133529662,14.05816780090332,-0.010571238133494476,0.3447326978867879,32.06507443304649,-0.13297261107738123,-0.0018775492862421472,89.75,-0.004326596320048615,4127.830078125,-0.005845239507821565
2021-05-19,13.99838924407959,14.012073471257525,13.478391458639676,13.50152974233858,344000000,14.532756519317626,14.08892972946167,0.003567228671835565,0.3406052883517401,32.10368092059113,-0.14163536546895905,-0.02982911252278553,90.19000244140624,-0.00573251734444602,4115.68017578125,0.012955849859381585
2021-05-20,14.542521476745604,14.613430225210289,14.202159294293685,14.23400563748256,321592000,14.520925951004028,14.131609382629394,0.03887106031832532,0.3548971200140131,44.70522228782776,-0.10340178564320368,-0.04454364714686916,89.80999755859375,-0.01035815362431125,4159.1201171875,0.01133619870820679
2021-05-21,14.91995620727539,15.149103926583816,14.79829204158811,15.091132453121563,672992000,14.50731635093689,14.17138303756714,0.02595387128245452,0.3528388014968439,51.95930485383736,-0.04215958037400114,-0.044066833792295555,90.0199966430664,-0.0033215572716062125,4155.85986328125,-0.004310225320526495
2021-05-24,15.537237167358398,15.66959967521389,15.1033242794954,15.139649464230471,554816000,14.513984441757202,14.226239166259766,0.04137283994050889,0.3802756666325681,65.41171895225008,0.05554444142899406,-0.02414457874803763,89.83000183105469,-0.00432275974696994,4197.0498046875,0.008108915138807404
2021-05-25,15.572813987731934,15.742745944567211,15.408355532354786,15.690497590957026,435408000,14.5272207736969,14.275133838653565,0.002289777776468327,0.3794201404035297,64.7963288401605,0.13429822832519456,0.0075439826666088075,89.63999938964844,-0.001225633541521609,4188.1298828125,0.014608112142758145
2021-05-26,15.624813079833984,15.718114114485587,15.51160831799245,15.658899315983865,370440000,14.548281860351562,14.323078079223633,0.003339094151064481,0.37830777186558945,64.68867137496815,0.19861752479816275,0.0457586910929196,90.04000091552734,-0.0016631724339550846,4195.990234375,0.01951319227046233
2021-05-27,15.413827896118164,15.674573261836494,15.38596210958284,15.62456385589873,581476000,14.55640525817871,14.365807418823243,-0.013503213295276262,0.3820248656673753,58.598990188936554,0.2299159615127806,0.08259014517689181,89.97000122070312,0.0017815796287599106,4200.8798828125,0.010040528873505927
2021-05-28,16.166709899902344,16.19955281579326,15.426771457170338,15.426771457170338,644536000,14.617859697341919,14.435910148620605,0.04884458350373744,0.40901997251461336,73.90233879882624,0.3118763670866418,0.12844738955884183,90.02999877929688,0.00011111016000286966,4204.10986328125,0.011610112368395376
2021-06-01,16.186613082885742,16.309771158745168,15.827093093833488,16.19208753443209,472804000,14.688905429840087,14.503957767486572,0.0012311214283320382,0.4049791718783317,73.77245567495102,0.37412393172482084,0.17758269799203763,89.83000183105469,0.0,4202.0400390625,0.0011889862182303812
2021-06-02,16.69789695739746,16.837725105726086,16.1577468358446,16.174416952438033,594168000,14.80967411994934,14.575453643798829,0.03158683486740688,0.3897656126412971,86.96378095582394,0.4594160486334484,0.2339493681203198,89.9000015258789,0.0029005147032663547,4208.1201171875,0.004773069349409909
2021-06-03,16.88848114013672,17.17634723996849,16.503584018913063,16.620770279953966,580008000,14.934635257720947,14.653060131072998,0.011413663841950195,0.3899288249994094,89.49915490350685,0.5362081428557772,0.2944011230674113,90.5,0.0051088302953730125,4192.85009765625,-0.000748366069354689
2021-06-04,17.494070053100586,17.576422190681168,17.013631964827372,17.030548852392332,617120000,15.086666202545166,14.75129243850708,0.0358581039904553,0.4015564981052565,89.5757988409645,0.6385713420087864,0.36323516685568635,90.13999938964844,0.0018894983509925023,4229.89013671875,0.006905756583267975
2021-06-07,17.534624099731445,17.727197966588108,17.110416805068787,17.487104196499413,575756000,15.226331663131713,14.852480564117432,0.002318159611100379,0.40058867468720283,91.33953501816848,0.7147283440164962,0.4335338022878483,89.94999694824219,-0.0008886130416463356,4226.52001953125,0.005330535352020771
2021-06-08,17.373401641845703,17.53711316104232,17.16838687091044,17.443314784213733,323848000,15.385130023956298,14.944393329620361,-0.009194520336949341,0.36933136726232435,91.07241380256869,0.7533894077066758,0.4975049233716139,90.08000183105467,0.002783034564222353,4227.259765625,0.0060017815937152275
2021-06-09,17.279077529907227,17.49484001232331,17.177046026540825,17.435860377038434,381656000,15.537197017669678,15.03225004196167,-0.0054292253113683575,0.37272669614200277,88.9283522981759,0.7675693500135026,0.5515178086999917,90.12000274658205,0.002447177051935867,4219.5498046875,0.002716102958496114
2021-06-10,17.345529556274414,17.412225327997316,17.09766651507908,17.270872745755277,287772000,15.719842958450318,15.122958450317382,0.003845808681173457,0.3276285382843531,87.51277263497258,0.7752327787103788,0.596260802702069,90.08000183105467,-0.004640863745252188,4239.18017578125,0.011049781663050151
2021-06-11,17.74394989013672,17.857430256597556,17.36418966363082,17.399776046347206,416308000,15.9270498752594,15.212150917053222,0.022969626414097277,0.32186964796710466,87.58252190599966,0.804185146587713,0.6378456714791979,90.55999755859376,0.004659398400146397,4247.43994140625,0.0041489977565030145
2021-06-14,17.936573028564453,17.957228441796374,17.58219760269026,17.82433813175605,321376000,16.115138912200926,15.295970249176026,0.01085570798048785,0.3035129089506189,86.00012477556139,0.8330700709634762,0.6768905513760536,90.5199966430664,0.006336850629936164,4255.14990234375,0.006773866604250722
2021-06-15,17.707368850708008,17.9340808879031,17.64714558818746,17.833292979468382,243032000,16.29562430381775,15.371707286834717,-0.012778593630535351,0.31015271987921217,80.26855762856587,0.8279229397369825,0.7070970290482393,90.54000091552734,0.00510656166876422,4246.58984375,0.0045727206740846515
2021-06-16,17.729019165039062,17.872860848959444,17.50429881095447,17.709609271497378,307124000,16.484643697738647,15.450385284423827,0.0012226725784949544,0.3016586203787751,80.09725318675515,0.8161823584122949,0.7289140949210505,91.12999725341795,0.011207217887864607,4223.7001953125,0.0009836098202677945
2021-06-17,18.572154998779297,18.749093928519866,17.675265325334816,17.693431602265857,809656000,16.713331985473634,15.540312995910645,0.04755682341428491,0.32445267375514336,88.25651947096603,0.8649413727906108,0.7561195504949626,91.88999938964844,0.020093222932970445,4221.85986328125,-0.004085769366197756
2021-06-18,18.55373954772949,19.28663146755044,18.49923881961197,18.698327387768984,968856000,16.913892889022826,15.62641902923584,-0.0009915624250937949,0.31535439262250003,85.172044950843,0.8918169592107823,0.7832590322381265,92.2300033569336,0.01844087724559973,4166.4501953125,-0.019067896712139487
2021-06-21,18.343204498291016,18.45195723428612,17.741461763180403,18.35116743365587,672384000,17.085055303573608,15.706662311553956,-0.011347310815529754,0.32187945306486027,80.08642688174046,0.8859153553487467,0.8037902968602506,91.86000061035156,0.014803402750543482,4224.7900390625,-0.007134851645185902
2021-06-22,18.800609588623047,18.877259967462265,18.30214384565627,18.387254606653663,580144000,17.24822392463684,15.779951210021972,0.024935942374444187,0.3059109420981185,79.78249370406371,0.9076838455078438,0.8245690065897693,91.7300033569336,0.013143388881964979,4246.43994140625,-3.529946363212133e-05
2021-06-23,18.970325469970703,19.065390818730247,18.82150747314383,18.921051734580097,332356000,17.41809949874878,15.847269477844238,0.009027147792609824,0.30466368778120273,79.66226704698629,0.9279335437684004,0.8452419140254955,91.8000030517578,0.007352198162331458,4241.83984375,0.004294729170794653
2021-06-24,19.117908477783203,19.331430625682103,19.00119278333372,19.140058125456942,320924000,17.59275426864624,15.92555082321167,0.007779677161897869,0.3037654439924955,76.60947572995175,0.9449969542109322,0.8651929220625829,91.81999969482422,-0.0007617770735571794,4266.490234375,0.010571258293510244
2021-06-25,18.94419860839844,19.257264960130943,18.80832178543428,19.192560897393637,278364000,17.769272804260254,15.983235454559326,-0.00908623815134535,0.29954825574912536,72.13252025556733,0.9337393294590228,0.878902203541871,91.80999755859376,-0.0045538955117934155,4280.7001953125,0.027421424628701452
2021-06-28,19.89385223388672,19.987174655201077,19.23088938832883,19.27294637389471,495436000,17.955629920959474,16.064386596679686,0.05012899437547458,0.30175373524720583,81.721114635034,0.990034193815319,0.9011286015965606,91.87999725341795,0.00021768607591465816,4290.60986328125,0.015579430838024821
2021-06-29,19.93541145324707,20.007081674259897,19.567346857383377,19.79181849083902,367632000,18.14306983947754,16.157331161499023,0.0020890483588473785,0.3014158055141056,83.88126556386067,1.0261726811794496,0.9261374175131385,92.0500030517578,0.0034884954007801117,4291.7998046875,0.010681856780536236
2021-06-30,19.91127586364746,20.07054600562494,19.77315857973653,19.90804056428965,326568000,18.30373878479004,16.253584747314452,-0.0012106893131457186,0.29356366422576896,83.0829549210647,1.0408666891328089,0.9490832718370726,92.44000244140624,0.006971670679440045,4297.5,0.013121701502240901
2021-07-01,20.11981773376465,20.36270439094077,19.927697171358744,20.033214626548176,480136000,18.465305614471436,16.35024227142334,0.01047355636802405,0.2934800232831931,82.21194152588181,1.0571531785741897,0.9706972531844962,92.5999984741211,0.008494868023189994,4319.93994140625,0.012527793126211106
2021-07-02,20.393558502197266,20.411726676716228,20.19521800862962,20.34702260947496,342764000,18.61028003692627,16.462530784606933,0.013605529237634695,0.2765631102263857,82.59478328814187,1.0797027893952595,0.9924983604266489,92.2300033569336,0.004574728346679047,4352.33984375,0.016735497738418426
2021-07-06,20.604093551635746,20.746938423500755,20.257432486443616,20.64291523163872,446708000,18.763753509521486,16.570769691467284,0.010323605339195518,0.2759028352585846,88.61973527218882,1.1018603768667425,1.0143707637146677,92.5500030517578,0.0072921834824599685,4343.5400390625,0.012336282595680093
2021-07-07,20.27883720397949,20.779792073320536,20.23926934871029,20.758390496324644,418428000,18.909025287628175,16.668268928527834,-0.015786006156550125,0.28234375085395624,81.44877513793718,1.0807171213476998,1.0276400352412742,92.63999938964844,0.006409520025316029,4358.1298828125,0.015455072730222508
2021-07-08,19.81197738647461,20.041176667969573,19.61089900392695,19.76593893142942,503300000,19.035670280456543,16.758346729278564,-0.023022021075905896,0.29973731406409143,66.8561924252624,1.014593649429571,1.0250307580789337,92.36000061035156,-0.0008654460075916415,4320.81982421875,0.00542636980075617
2021-07-09,19.958797454833984,19.98866130466873,19.664148017997288,19.87144820977725,296624000,19.16633367538452,16.853450851440428,0.0074106721149200805,0.2995021116086133,68.45821053417578,0.9629373318764607,1.0126120728384391,92.12999725341795,-0.00507560721865985,4369.5498046875,0.01148392430314682
2021-07-12,20.4189453125,20.4391013746128,20.09567556838624,20.14768717026247,321984000,19.300083446502686,16.956802558898925,0.023054888888336844,0.2995617714300799,75.59064042559595,0.9481991648110402,0.9997294912329593,92.2300033569336,0.0,4384.6298828125,0.007419006838096154
2021-07-13,20.15764617919922,20.36793303880323,20.02226675099357,20.30745914334612,290708000,19.411137104034424,17.061203060150145,-0.012796896671289915,0.30740885853499145,67.58020676840357,0.9050021040285365,0.9807840137920748,92.75,0.0021609610118582534,4369.2099609375,0.005909907965425454
2021-07-14,19.75100517272949,20.324627057304227,19.66266101165078,20.264901240088385,380100000,19.513318920135497,17.16090919494629,-0.02017304018806254,0.31444919900899926,59.52865737285333,0.8284062398904908,0.950308459011758,92.41000366210938,-0.002482682740224229,4374.2998046875,0.0037102891170752716
2021-07-15,18.87974739074707,19.756481081917247,18.77248888227508,19.72139214020743,550564000,19.570855331420898,17.252853679656983,-0.04411207299896702,0.3607078711102295,47.52953028924666,0.6894526629872715,0.8981372998068607,92.62000274658205,0.002815094570293164,4360.02978515625,0.009074657711419354
2021-07-16,18.078168869018555,19.069626505196037,17.99057088100206,18.943704278756737,688224000,19.546156024932863,17.32663188934326,-0.04245705756218787,0.35601977397972434,42.051895173360236,0.50878530427293,0.8202669007000747,92.69000244140624,0.006078424016967121,4327.16015625,-0.00970114779147857
2021-07-19,18.694101333618164,18.955154278049445,17.78401966527489,17.833544044539046,749060000,19.553174114227296,17.4114448928833,0.03407051173502218,0.3772901873567927,38.27063712603527,0.4105728944303486,0.7383280994461295,92.88999938964844,0.0071559797104270295,4258.490234375,-0.028768596622478992
2021-07-20,18.52711296081543,18.752082041477266,18.081156267494254,18.644574810811843,434687000,19.562369537353515,17.4871608543396,-0.008932677202430406,0.37636843560634026,36.561356761420114,0.3156259465018323,0.6537876688572701,92.97000122070312,0.002371980816206154,4323.06005859375,-0.010562527952730272
2021-07-21,19.321475982666016,19.437942953866006,18.65652328269626,18.7958841722349,371017000,19.588412857055665,17.58964168548584,0.042875704570412676,0.3964973434656314,45.09314806863072,0.30100842554874774,0.5832318201955656,92.75,0.003679215717097062,4358.68994140625,-0.0035685398756899467
2021-07-22,19.50463485717773,19.79629780336461,19.18808441295278,19.552416271247484,323826000,19.615128326416016,17.694979629516602,0.00947954880238111,0.39661201984425976,44.860266129703064,0.30073662076822316,0.5267327803100972,92.81999969482422,0.002159327815929535,4367.47998046875,0.0017087487195304174
2021-07-23,19.46880340576172,19.610155991186037,19.16220752338716,19.566356036946843,195672000,19.632673072814942,17.810503482818604,-0.001837073684197943,0.39612097181519296,41.953991324002374,0.294238120946666,0.48023384843741096,92.91000366210938,0.002373516181987556,4411.7900390625,0.01955783464364358
2021-07-26,19.20600891113281,19.353332761447216,18.82774086594712,19.222931578837176,203943000,19.64576358795166,17.92262742996216,-0.01349823556958496,0.39794661390474434,37.945320689443015,0.26482989933890266,0.43715305861770937,92.6500015258789,-0.002583678171455328,4422.2998046875,0.038466583530052834
2021-07-27,19.120397567749023,19.53250898261361,18.655526474479164,19.17713681596636,248863000,19.607090854644774,18.02153953552246,-0.004457529087897094,0.35319272507866883,39.5810360432379,0.2319418704094538,0.3961108209760583,92.43000030517578,-0.0058083350375076614,4401.4599609375,0.01813527947359872
2021-07-28,19.41405296325684,19.556400434077595,18.908370375078967,19.23089211651724,202191000,19.581022930145263,18.127867374420166,0.01535822644206597,0.3582082054319109,46.305992123538864,0.22695718561453404,0.3622800939037535,92.31999969482422,-0.004636121888687672,4400.64013671875,0.009624496322618858
2021-07-29,19.572322845458984,19.762451684848862,19.23984467559429,19.429973514984173,190781000,19.56407527923584,18.240341205596923,0.008152335965173618,0.35970215442841985,46.419893563639185,0.23309091678433091,0.33644225847986897,91.86000061035156,-0.01034258874842664,4419.14990234375,0.011830603026474318
2021-07-30,19.410070419311523,19.540471578419623,19.17514669632025,19.32943856443168,183497000,19.528587913513185,18.348574829101562,-0.008289891160522367,0.358194676150478,40.10836013475075,0.2222970263923898,0.31361321206237314,92.16999816894533,-0.007964755828180459,4395.259765625,-0.003746840464106227
2021-08-02,19.6599235534668,19.869961658246226,19.27269777815783,19.610152354563404,217444000,19.49190616607666,18.450922870635985,0.012872345579266531,0.357792417320533,45.10903872884116,0.23123827936387897,0.2971382255226743,92.0500030517578,-0.006475968313433,4387.16015625,-0.007946012253681412
2021-08-03,19.724624633789062,20.12976790319544,19.132337204129723,19.64996594812888,301811000,19.447932720184326,18.54701623916626,0.003291013830562628,0.355550893584844,49.72209061160162,0.24076968021496015,0.28586451646113153,92.08000183105467,-0.003786632835286352,4423.14990234375,0.004927897015705174
2021-08-04,20.181535720825195,20.225335671014715,19.737568762887463,19.898830576115028,231309000,19.443067646026613,18.639902210235597,0.02316450099909262,0.36225185369467244,65.02559920815936,0.2819422356286303,0.2850800602946313,92.2699966430664,-0.0005416275121653547,4402.66015625,0.00045902856595692043
2021-08-05,20.542879104614254,20.638441941721155,20.249224447514635,20.40650479203226,211435000,19.479612731933592,18.739303512573244,0.01790465248966111,0.35683260464390987,81.66651473224749,0.33981203204555044,0.29602645464481514,92.23999786376952,0.004136699879089045,4429.10009765625,0.002251608461442567
2021-08-06,20.27311134338379,20.476181384713264,20.11782271162,20.430391658316715,178497000,19.495328426361084,18.83226947784424,-0.013131935395066963,0.3601773640030689,72.26779366322666,0.35975917897437526,0.3087729995107272,92.8000030517578,0.006835248945732841,4436.52001953125,0.009387443770432657
2021-08-09,20.202436447143555,20.414464320594277,20.051129279869148,20.35274682348764,146443000,19.48450298309326,18.928041648864745,-0.0034861395985623655,0.35084895465963756,74.28576484432382,0.36564958237837075,0.32014831608425587,92.9499969482422,0.009777228317725983,4432.35009765625,0.010300499593540513
2021-08-10,19.84507942199707,20.336825937530577,19.744538317496023,20.22931868670604,179238000,19.468874645233154,19.00160903930664,-0.017688808282181778,0.3535790508413821,58.69143030461913,0.33759051087547576,0.3236367550424999,93.05999755859376,0.010642872589611274,4436.75,0.003074753955104148
2021-08-11,19.609155654907227,19.957559744802627,19.34138341382833,19.951586593338543,185925000,19.46178216934204,19.07005989074707,-0.01188827527837133,0.34866801559851096,51.7050995229991,0.2929395929685974,0.3174973226277194,92.91000366210938,0.006936241923999997,4442.41015625,0.009028632369811884
2021-08-12,19.8142147064209,19.93764779511717,19.53051473289066,19.779374492032925,151652000,19.50850553512573,19.132386245727538,0.010457311631485444,0.3089102393585111,55.34002225709602,0.2709763241541161,0.3081931229329987,93.04000091552734,0.008673060172218916,4460.830078125,0.007163979085851091
2021-08-13,20.09592628479004,20.121808676083944,19.760463380904792,19.814217948269302,183063000,19.609393405914307,19.196535148620605,0.014217650436474383,0.2610797854025902,63.67802424662452,0.27315330413627237,0.30118515917365346,92.5199966430664,-0.00301731033925956,4468.0,0.007095647113089409
2021-08-16,19.8590145111084,20.19447744409757,19.364279545633934,20.04317024735889,210876000,19.66763906478882,19.24383403778076,-0.011789044721016495,0.2445873407124419,60.84800003585673,0.25284711215753575,0.29151754977042993,92.62999725341795,-0.0034427079648258196,4479.7099609375,0.010685045684070138
2021-08-17,19.369258880615234,19.67983622843153,19.17912998166198,19.595222897143497,204585000,19.70974636077881,19.28052673339844,-0.02466162810945194,0.26072351925032955,49.377945059980505,0.19498742869146568,0.27221152555463707,93.12999725341795,0.0007521996202515258,4448.080078125,0.002553688651603103
2021-08-18,18.95316505432129,19.544455857793075,18.91334657124047,19.41106621785206,285913000,19.69133081436157,19.31212200164795,-0.021482175898344336,0.22579726650477272,41.97632174896149,0.11424101899298833,0.24061742424230734,93.13999938964844,0.0024754678557057375,4400.27001953125,-0.009485872586407429
2021-08-19,19.70770263671875,20.401524155483223,18.67642658146132,19.40508831506733,766555000,19.701484203338623,19.36069450378418,0.03981063744418911,0.26626970067905936,53.34373019250476,0.10986730265132039,0.21446739992410996,93.56999969482422,0.0056964614583148165,4405.7998046875,-0.01233633034070436
2021-08-20,20.7210636138916,20.76983992496617,19.84209132480141,19.899825465212288,675741000,19.764097213745117,19.428205184936523,0.05141953863687743,0.32112576089056255,60.17565968405399,0.18602646548971435,0.20877921303723085,93.5,0.010592341034277863,4441.669921875,-0.005893034495299876
2021-08-23,21.857852935791016,21.89667462197285,20.85445085447109,20.87535498538819,575807000,19.896689414978027,19.51048324584961,0.0548615333209681,0.3626521760034015,66.96755667402357,0.33425941401331016,0.23387525323244673,92.95999908447266,0.0035625805985062264,4479.52978515625,-4.0220412218849866e-05
2021-08-24,21.693605422973636,21.858848692173694,21.43678269051183,21.65378884288361,297299000,20.025349807739257,19.585623893737793,-0.007514347969119761,0.36406267272100834,62.61417454137657,0.4334847497086045,0.2737971525276783,92.88999938964844,-0.002577019981182316,4486.22998046875,0.008576712126062036
2021-08-25,22.111684799194336,22.367512579613624,21.6229250481558,21.63785602487588,347701000,20.160231399536134,19.67371021270752,0.01927200979593513,0.36557638000750536,62.96475755370922,0.5396364615363893,0.3269650143294205,92.83000183105467,-0.003328296764281702,4496.18994140625,0.02179864450346125
2021-08-26,21.96735572814941,22.23811458554568,21.690623718393724,22.09875368815787,237940000,20.279983043670654,19.758476943969725,-0.006527276069446475,0.36854413234427635,64.2978278463441,0.6051406236937602,0.3826001362022885,93.05999755859376,-0.005450487740662702,4470.0,0.014571745916415635
2021-08-27,22.532758712768555,22.61836691419927,22.065897920601948,22.082820582434145,304722000,20.436117458343507,19.837689018249513,0.025738326980093706,0.3707819553028126,68.15017271305982,0.6946687310095356,0.4450138551637379,92.69000244140624,-0.008663075492981398,4509.3701171875,0.015242059068612868
2021-08-30,22.58452796936035,22.93790848715854,22.448153642564534,22.72588055620961,262580000,20.582347679138184,19.91830478668213,0.0022975108042346815,0.37074136297736193,72.40318304704253,0.7610251235234102,0.5082161088356725,92.6500015258789,-0.0033347414118631846,4528.7900390625,0.010996746593689988
2021-08-31,22.286836624145508,22.59547666794216,22.022999320495497,22.59547666794216,259850000,20.710458278656006,19.99717742919922,-0.013181207312311871,0.3776000256348173,71.67903180675174,0.7805936414185872,0.5626916153522554,92.62999725341795,-0.0027990325970381758,4522.68017578125,0.008124905649329106
2021-09-01,22.34259033203125,22.597468221617223,22.25895905860022,22.386398003393204,201767000,20.81851100921631,20.068017044067382,0.0025016429574997723,0.3725143437589752,70.977377739559,0.7914770365077608,0.6084486995833565,92.4499969482422,-0.004093556773854812,4524.08984375,0.006205232142622474
2021-09-02,22.29778861999512,22.4939252338514,22.1972316938826,22.41925336542852,187834000,20.906256484985352,20.13456630706787,-0.002005215660777715,0.3703167393131619,69.01591828101809,0.7874103059279314,0.6442410208522715,92.2300033569336,-0.00891891493052721,4536.9501953125,0.014977672329418379
2021-09-03,22.742828369140625,22.8852009303842,22.10264842797848,22.22710027295812,280532000,21.029742336273195,20.207064704895018,0.019958918650184954,0.3682073047939949,74.04119005360796,0.8107525305516035,0.6775433227921379,92.04000091552734,-0.007012638998362242,4535.43017578125,0.005779090630512185
2021-09-07,22.562620162963867,22.798580352130667,22.42323281873073,22.73286979951559,198107000,21.14775152206421,20.279433135986327,-0.00792373768344834,0.37005839454215556,78.07052164421967,0.8054256698004778,0.7031197921938059,92.5199966430664,-0.001403182737953701,4520.02978515625,-0.0019343475477311411
2021-09-08,22.241039276123047,22.510850790435214,21.880625312807148,22.414276035210342,254434000,21.267549514770508,20.326376876831056,-0.01425281658416111,0.367357700219886,79.38965162260932,0.7664203871300934,0.7157799111810634,92.6500015258789,0.00021595890158798703,4514.06982421875,-0.0019038161505666729
2021-09-09,22.079748153686523,22.43916513590544,22.033950346554978,22.21415637158111,196856000,21.391079139709472,20.369263610839845,-0.007251959786325202,0.36472837961921833,73.71881747971965,0.7142600289788135,0.7154759347406136,92.4800033569336,0.00032456906091837823,4493.27978515625,-0.0068102225326744925
2021-09-10,22.379430770874023,22.52678058064279,22.172342704078865,22.24999977963476,248376000,21.519339942932127,20.418626708984377,0.01357273711192497,0.36537807391197474,69.34331739822238,0.689160241724494,0.7102127961373896,92.58000183105467,0.0037948439919988086,4458.580078125,-0.017273744214444053
2021-09-13,22.05485725402832,22.86329666367151,21.76214590943769,22.58452386410975,297500000,21.617286491394044,20.45732749938965,-0.014503206992562245,0.3713529480369522,52.83504234982953,0.6357495837942473,0.6953201536687612,92.62000274658205,0.006301627827959511,4468.72998046875,-0.014706476062330887
2021-09-14,22.144460678100582,22.31172320295667,21.989144662598157,22.17731500306125,199755000,21.731558799743652,20.492345542907714,0.004062752392373525,0.36612075512431425,56.6306007703881,0.5938064687174069,0.6750174166784905,92.6500015258789,0.0014051544263888882,4443.0498046875,-0.01703085690310091
2021-09-15,22.24303436279297,22.268921325123035,21.869678737074864,22.21117509291243,166538000,21.87524757385254,20.52512435913086,0.00445139243286552,0.3482373356643151,52.132089549928324,0.5620414563253462,0.6524222246078616,92.48999786376952,-0.0017269688016647855,4480.7001953125,-0.007392359933649284
2021-09-16,22.144460678100582,22.179307037445604,21.83084154501127,22.085719401064107,156033000,22.034812355041502,20.562436828613283,-0.004431665351256053,0.33462732511235227,52.91814584255199,0.5228858796743303,0.6265149556211553,92.86000061035156,0.004108966691440674,4473.75,-0.00434644315289856
2021-09-17,21.80396842956543,22.223121879564268,21.73427568241419,22.202214055418896,294503000,22.13962564468384,20.602276649475098,-0.015375955797012342,0.3221925396541736,37.03051746774394,0.45908784532473135,0.5930295335618706,93.1999969482422,0.006696857905867493,4432.990234375,-0.005739460389093565
2021-09-20,21.020414352416992,21.33901075751113,20.57139190308022,21.05326868093745,349440000,22.154593181610107,20.623508987426757,-0.03593630580045992,0.3049481566956436,27.916857863635045,0.34136612171334946,0.5426968511921664,93.23999786376952,0.006693965653227663,4357.72998046875,-0.024839272116494393
2021-09-21,21.152835845947266,21.331049876534564,20.85813428710349,21.32308553410185,204688000,22.11934232711792,20.638186798095703,0.0062996614296066955,0.23061627040994864,33.20571162238885,0.255807327806977,0.4853189465151285,93.1999969482422,0.00593626997631147,4354.18994140625,-0.019999745037181715
2021-09-22,21.84478187561035,21.86369765838028,21.103048096770816,21.272302669855957,268726000,22.126901149749756,20.671929512023926,0.032711738260648326,0.2592194846582728,43.79653578611756,0.2410568753713278,0.43646653228636845,93.45999908447266,0.010487633723722967,4395.64013671875,-0.018983653198385353
2021-09-23,22.383413314819336,22.43618040031982,21.79400836896139,22.04291208043508,248555000,22.140487575531004,20.724577674865724,0.024657212980019105,0.26503858887225373,50.95008236925464,0.269720916330197,0.40311740909513416,93.0999984741211,0.002584512838596398,4448.97998046875,-0.005536746472478371
2021-09-24,21.984167098999023,22.051869687132683,21.765132553304515,21.973215656561944,217655000,22.141328144073487,20.786666069030762,-0.017836699443689596,0.2720994924029361,41.49555082417406,0.25725605466466916,0.3739451382090412,93.33000183105467,0.0013949022217745188,4455.47998046875,0.00507326768269345
2021-09-27,21.56501579284668,21.70340618527965,21.23148575599836,21.61479577181421,245215000,22.092940998077392,20.856403007507325,-0.019066053504088742,0.2625891281782037,39.38565580457489,0.21112187304374075,0.34138048517598113,93.37999725341795,0.001501494989875285,4443.10986328125,0.01959274282600587
2021-09-28,20.60822486877441,21.325068556326013,20.560435036406435,21.1209676506168,343069000,21.994125843048096,20.894685478210448,-0.04436773583952791,0.30165250260619647,34.69580392951879,0.09624570976181701,0.2923535300931483,93.7699966430664,0.006115876754167138,4352.6298828125,-0.00035828905370305364
2021-09-29,20.427024841308597,20.92483213876471,20.3772429721725,20.84817014917768,218394000,21.90113525390625,20.932683715820314,-0.008792607253639173,0.30035673758832593,34.5667978380412,-0.009308502519143502,0.23202112357068996,94.33999633789062,0.009415763557012236,4359.4599609375,-0.008230923063746953
2021-09-30,20.625152587890625,20.97361809338779,20.59727549936959,20.676924594998862,221009000,21.81526336669922,20.958757247924805,0.00969929532671654,0.30354892035699205,33.30176741314983,-0.07609652947894929,0.17039759296076212,94.25,0.01235232593691804,4307.5400390625,-0.03179154368578385
2021-10-01,20.651042938232425,20.767528549150796,20.11440509795195,20.65900727941029,240978000,21.732926082611083,20.9816854095459,0.0012552804267251805,0.30402722366930135,35.83208626684312,-0.12549080721814576,0.11121991292498055,94.04000091552734,0.0076074045916971755,4357.0400390625,-0.02209412719567272
2021-10-04,19.645471572875977,20.45191902874417,19.46924770779128,20.414085560020563,345635000,21.57805824279785,20.985218772888185,-0.04869349060791395,0.32987548790778015,28.714510374765283,-0.24297645217366792,0.04038063990525086,93.80999755859376,0.004604843840473327,4300.4599609375,-0.032105868802083326
2021-10-05,20.361316680908203,20.557453280437706,19.766934576510337,19.86251425727249,279282000,21.46799306869507,21.00832492828369,0.03643817382427095,0.364182218276313,35.4972292849062,-0.2751501944220216,-0.022725526960203635,93.9800033569336,0.002239593914741933,4345.72021484375,-0.001587469680349951
2021-10-06,20.60922241210937,20.62913326033317,19.99194054155349,20.031766035969262,297202000,21.386402225494386,21.038101425170897,0.012175329085354125,0.3672192578401027,38.433851662024814,-0.2774459718208142,-0.07366961593232575,94.2699966430664,-0.0007419938259644043,4363.5498046875,0.0009381537591002242
2021-10-07,20.98257827758789,21.22849482345153,20.880029336594305,20.99950202415533,256919000,21.331543731689454,21.06947193145752,0.01811596080690303,0.37478671423855087,43.84231804349734,-0.2462995064760456,-0.10819559404106974,94.22000122070312,-0.0003182894355105992,4399.759765625,0.02140890757281766
2021-10-08,20.73965072631836,21.113006266424183,20.683896542065902,21.00846717095083,151258000,21.24955472946167,21.092818489074705,-0.011577583462610508,0.37129527697364745,47.70955200573106,-0.23846900915362568,-0.13425027706358095,94.06999969482422,0.0003190002020929672,4391.33984375,0.007872272088387922
2021-10-11,20.604246139526367,20.970632383544228,20.42105301751744,20.484773437642136,163388000,21.177024173736573,21.116702003479006,-0.00652877854978362,0.36924444493965214,45.526824681462834,-0.240417914082105,-0.15548380446728577,94.31999969482422,0.005436543540169092,4361.18994140625,0.01412174070224581
2021-10-12,20.58035469055176,20.96466171477321,20.437982112283912,20.73666581635653,162134000,21.098818874359132,21.135110626220705,-0.0011595400682373747,0.36835814427250096,38.429345287672845,-0.24111089918265094,-0.1726092234103588,94.5199966430664,0.005745831739140561,4350.64990234375,0.0011343775614365281
2021-10-13,20.84717559814453,20.89795254085181,20.622166840732383,20.826267780379947,180652000,21.029025936126708,21.157561645507812,0.01296483523266323,0.37198603653809814,35.20609102073307,-0.2176212749471027,-0.1816116337177076,94.08000183105467,-0.0020154324682020164,4363.7998046875,5.7292803151032246e-05
2021-10-14,21.650636672973636,21.65959608070997,21.029372578571422,21.194644976644557,243589000,21.004334735870362,21.186943664550782,0.03854052416100995,0.399971912715179,47.02010431833181,-0.13264394771126575,-0.17181809651641924,93.95999908447266,-0.0027595216818288026,4438.259765625,0.008750477764899234
2021-10-15,21.76613044738769,21.83482811221297,21.567008625168985,21.714358431793613,226994000,21.002442836761475,21.21140869140625,0.005334428550926917,0.396720837405614,51.899929799069625,-0.055341479152023254,-0.14852277304354003,93.94000244140624,-0.0013819204192592194,4471.3701171875,0.01822456841991027
2021-10-18,22.124549865722656,22.19324752272249,21.5490835543678,21.653624540532604,189494000,21.057649612426758,21.248437461853026,0.016466841416820754,0.3764839898244699,66.15065255469656,0.03444566752540723,-0.1119290849297506,93.9499969482422,-0.003922845078235482,4486.4599609375,0.02872381648455713
2021-10-19,22.192256927490234,22.280865453012563,21.94036610072036,22.178316480739,161473000,21.109620666503908,21.288233871459962,0.003060268442906411,0.37626377420531065,69.26763460425451,0.10980031252735856,-0.06758320543832877,93.79000091552734,-0.007723188250796542,4519.6298828125,0.03884016968998538
2021-10-20,22.006074905395508,22.33462771855621,21.88560522407249,22.20718876390833,146276000,21.117685317993164,21.33145378112793,-0.008389503722088687,0.36070233840223886,65.11227528349045,0.15273543932728728,-0.02351947648520556,93.55999755859376,-0.005527256189840624,4536.18994140625,0.03950459334398704
2021-10-21,22.592485427856445,22.61140310749031,21.986156894632483,22.000095437948342,187590000,21.128138923645018,21.391120376586915,0.026647665473371607,0.36252657938255023,68.92466796887345,0.23141268360528855,0.027466955532893262,93.7699966430664,-0.0020221630827755854,4549.77978515625,0.025126969898199736
2021-10-22,22.626338958740234,23.02856661938532,22.462063524678783,22.72291370384328,249384000,21.16024751663208,21.4473628616333,0.001498442081190765,0.35583895612815114,85.84773703895877,0.2931177841943864,0.08059712126519189,93.61000061035156,-0.003512899962510696,4544.89990234375,0.016444575874765777
2021-10-25,23.06441116333008,23.252581526641404,22.67014782202449,22.87225673076628,230235000,21.23521728515625,21.506732559204103,0.0193611615820255,0.3522483917952043,84.83453840058056,0.37306779346430474,0.13909125570501446,93.80999755859376,-0.0014901478892603848,4566.47998046875,0.017835892937408282
2021-10-26,24.60861015319824,25.14823509331115,23.819088343329533,23.88380383726477,485898000,21.435236549377443,21.6017244720459,0.06695158956944303,0.37224626046014975,88.63247696327579,0.5546391697938766,0.22220083852278688,93.9499969482422,0.0017058964831331291,4574.7900390625,0.012204573754980741
2021-10-27,24.34377670288086,24.979974473581777,24.175517185619334,24.36667655637284,245990000,21.631074142456054,21.70121482849121,-0.010761820707008152,0.3735697394983292,83.16311129946617,0.6694489566957778,0.31165046215738507,93.86000061035156,0.003206531205496299,4551.68017578125,0.003414811675676477
2021-10-28,24.83162498474121,24.840586291381936,24.415458790011783,24.768901535208865,234204000,21.841397762298584,21.81878402709961,0.02003995878760345,0.3755985727696236,88.51199372713702,0.7906872685571216,0.4074578234373324,93.3499984741211,-0.004479025103776291,4596.419921875,0.01025107563907035
2021-10-29,25.454879760742188,25.596257241681755,24.890366803732874,24.89136187149755,292503000,22.08158960342407,21.93372756958008,0.02509923439903594,0.3781111980759469,91.81258128213275,0.9263821985162899,0.511242698453124,94.12000274658205,0.005448158667932912,4605.3798828125,0.013307219469797626
2021-11-01,25.713741302490234,25.78044692731383,25.11637208457716,25.536522381847643,265740000,22.385003089904785,22.03358112335205,0.010169427008933418,0.3062082519289726,92.52718692335142,1.042788751546638,0.6175519090718269,93.87999725341795,0.0007461858719319814,4613.669921875,0.01033398626690274
2021-11-02,26.28522300720215,26.561008706984403,25.686858734167405,25.708763518692347,294112000,22.681198406219483,22.122128524780273,0.02222475904961252,0.2962168403883348,92.88627920290665,1.167695118524108,0.7275805509622831,94.08999633789062,0.0014901478892601627,4630.64990234375,0.012210366553280672
2021-11-03,26.48136329650879,26.666548478561623,26.119956139803698,26.55304806688259,239910000,22.974805450439455,22.217883682250978,0.007461998296643735,0.2968651139136348,92.13266099195644,1.2678956841802176,0.8356435776058702,93.86000061035156,0.0,4660.56982421875,0.023922956849403487
2021-11-04,29.670316696166992,31.22745739408231,26.999081675284867,27.109594976799624,1153631000,23.40919237136841,22.36905632019043,0.12042255392790224,0.4842522498357009,94.87844255374822,1.5863408921834576,0.9857830405213877,94.3499984741211,0.010712372965675288,4680.06005859375,0.018196800584014294
2021-11-05,29.621530532836918,31.26230243845938,29.28102933486203,30.054622412775466,851260000,23.853286361694337,22.52213981628418,-0.0016442751127215827,0.4774710556399465,94.11761668743527,1.8138652684196828,1.1513994861010468,94.31999969482422,0.0021249143902031253,4697.52978515625,0.020009185927887918
2021-11-08,30.668916702270508,30.96361818860233,29.775849037020173,30.01678837668219,503101000,24.356519889831542,22.684862976074218,0.03535894839304499,0.4715937272439232,94.7257517725915,2.0550064511416863,1.3321208791091748,94.0500030517578,0.0018108841426671685,4701.7001953125,0.019080314571295665
2021-11-09,30.522554397583008,32.168307001832886,29.83259463364777,32.14042991638031,646746000,24.853629875183106,22.84362350463867,-0.004772333698916165,0.47396111213474984,95.12547363127491,2.208840225821845,1.507464748451709,93.95999908447266,-0.001381626724175078,4685.25,0.011791022601085555
2021-11-10,29.329814910888672,30.714715789314532,28.65180150099656,29.22726785132228,636206000,25.27776184082031,22.984483070373535,-0.03907731545524862,0.5185492107148496,83.54317556152972,2.209045985099092,1.6477809957811855,94.8499984741211,0.010547601292689057,4646.7099609375,-0.0029738559455170233
2021-11-11,30.256731033325195,30.455854738894605,29.646420236957336,30.33439000011133,332172000,25.708066558837892,23.142765884399413,0.03160320394972582,0.515426525031258,84.88710352284035,2.257974906150576,1.7698197778550637,95.18000030517578,0.008797051875759632,4649.27001953125,-0.006578983747433265
2021-11-12,30.256731033325195,30.5454602165024,29.500063610739595,29.878398271524592,413054000,26.132596588134767,23.301944732666016,0.0,0.5174202131072907,84.25644153520875,2.2705776231436126,1.8699713469127737,95.12999725341795,0.00858776040303777,4682.85009765625,-0.003124980185625681
2021-11-15,29.893333435058597,30.50961846828987,29.11874525657836,30.4180228502872,384909000,26.521035766601564,23.444954833984376,-0.012010471252375088,0.5276452226673496,78.36076655384672,2.2255870360468784,1.9410944847395948,95.41000366210938,0.014460399428197102,4682.7998046875,-0.004019905532012258
2021-11-16,30.0705509185791,30.25673114722093,29.575730654228828,29.62849963276353,264484000,26.914950466156007,23.59511344909668,0.005928327929887622,0.5268343046724855,81.0248127906821,2.1791121925790264,1.9886980263074814,95.91999816894533,0.020859930859626452,4700.89990234375,0.003340249152926633
2021-11-17,29.1326847076416,30.37521308737603,28.673705838544485,30.284610635448647,428508000,27.27128095626831,23.73294635772705,-0.03118886027319301,0.5465681760344306,72.21767905329384,2.0430515526068724,1.9995687315673598,95.83000183105467,0.01033213887927431,4688.669921875,0.00903003658292345
2021-11-18,31.536094665527344,32.61633569675382,31.183646972782004,32.22506137050019,781711000,27.718461418151854,23.92207328796387,0.08249874606494201,0.5964831862157459,76.53346622086764,2.1048937082137975,2.0206337268966474,95.54000091552734,0.0037823136078722897,4704.5400390625,0.011887891926918526
2021-11-19,32.84034729003906,32.94289622909161,31.7650836274217,32.10160069976278,533867000,28.2291618347168,24.131291618347166,0.04135745526973644,0.5991126018285653,78.49523212776235,2.2334010912490605,2.06318719976713,96.06999969482422,0.009881241128412821,4697.9599609375,0.0032266382579302366
2021-11-22,31.815866470336918,34.495065927789035,31.76011228365292,33.37002012110695,754335000,28.666734600067137,24.32651180267334,-0.031195797372486456,0.6255095693173193,71.34080282898394,2.226906683893052,2.095931096592315,96.5,0.011424340174546188,4682.93994140625,2.9925840222766453e-05
2021-11-23,31.606788635253903,32.218096459002574,30.744585069545465,31.396713465869023,532163000,29.016643524169922,24.515758361816406,-0.0065714958691427405,0.6015008472636182,69.7574825463987,2.1797620453152824,2.1126972863369087,96.48999786376952,0.005942448975241321,4690.7001953125,-0.002169734996093964
2021-11-24,32.53070831298828,32.710914296372,30.79236508849685,31.323028564645966,435162000,29.425990104675293,24.721511840820312,0.029231684635744548,0.5970645844559137,63.35905905811388,2.1916877637950947,2.1284953818285457,96.83999633789062,0.010539439502636583,4701.4599609375,0.0027278608380658653
2021-11-26,31.36484909057617,32.5665548230208,31.21252016816792,32.45703660205331,283069000,29.752651309967042,24.905919609069823,-0.03583872847756686,0.6234773462852503,57.372644164477826,2.083051761798597,2.119406657822556,96.08999633789062,0.005756703130551211,4594.6201171875,-0.023364647970326224
2021-11-29,33.229637145996094,33.265478577950766,31.895513237231377,32.22406792574834,454964000,30.141389179229737,25.134432983398437,0.059454711547782146,0.6442986265233914,60.129201824434055,2.122957624919753,2.1201168512419954,96.33999633789062,0.0028104157793700235,4655.27001953125,-0.009086910437978934
2021-11-30,32.53269958496094,33.20673257688012,31.724262199478087,33.023537586316976,622066000,30.482337093353273,25.364678688049317,-0.020973372594263573,0.6562366481162059,57.6194606821962,2.0744334942919878,2.110980179851994,95.98999786376952,-0.005284996230367711,4567.0,-0.024757938999199314
2021-12-01,31.30097961425781,33.1470772684117,31.24621379716434,33.07737601000796,484368000,30.733124923706054,25.567641563415528,-0.037860982531942144,0.6788352627415092,57.449690380159396,1.9145188815299043,2.071687920187576,96.0500030517578,-0.004560004370949722,4513.0400390625,-0.03787497577174914
2021-12-02,31.989023208618164,32.339523564555485,30.89271773063597,31.080912966453827,472890000,31.008507919311523,25.770526390075684,0.02198153549312387,0.6801813091554694,56.66729310337232,1.8222984445110981,2.0218100250522806,96.12999725341795,-0.00733167194673745,4577.10009765625,-0.02645132880307499
2021-12-03,30.56214714050293,31.99202585361824,30.00154575602389,31.86357420954996,544325000,31.05309944152832,25.934101066589356,-0.044605177807705565,0.5691053340338851,51.05915992159917,1.6154541599941652,1.9405388520406577,96.12000274658205,0.0003122740122281087,4538.43017578125,-0.012229507548633944
2021-12-06,29.908945083618164,30.112073950169314,27.91846679531978,29.752612926604016,658938000,31.067470169067384,26.09259662628174,-0.021372911199000755,0.5750965507683621,50.053073221593166,1.3828796515186461,1.8290070119362554,96.29000091552734,-0.0005189477295383105,4591.669921875,-0.013661956747818005
2021-12-07,32.288753509521484,32.310662878163335,30.52032598088665,30.825023080342124,593053000,31.14846200942993,26.307071380615234,0.07956845081797281,0.6289209650026171,56.55875468948954,1.374746111599702,1.7381548318689448,96.37000274658205,0.003958796658708463,4686.75,0.02622071381650981
2021-12-08,31.690317153930664,32.15233969224195,31.287043097460884,31.8625799412448,475551000,31.206850147247316,26.52871322631836,-0.01853389463964128,0.6331487880907304,57.7172814811626,1.3049685449881565,1.6515175744927872,95.88999938964844,-0.0016658371371747194,4701.2099609375,0.041694715811581684
2021-12-09,30.36000633239746,32.06769651903593,30.29827039453706,31.59870204936308,488507000,31.258359718322755,26.727372856140136,-0.04197846348685719,0.6357612048713531,46.20560683251562,1.1293064139310154,1.5470753423804329,96.2699966430664,0.0014563548699515483,4667.4501953125,0.019739594006806804
2021-12-10,30.069255828857425,31.171536668842634,29.73369267838577,31.01719680171708,488825000,31.248985958099365,26.916254920959474,-0.009576760306198362,0.6274875724717363,40.43409590173586,0.9556160270490821,1.4287834793141627,96.0500030517578,-0.0007282531504789747,4712.02001953125,0.03824887395565546
2021-12-13,28.040939331054688,30.16484694472882,27.99613110546957,30.120038719143704,598344000,31.13819637298584,27.06405284881592,-0.06745482859127383,0.6721729063807594,37.8134175808789,0.6468405785043352,1.2723948991521972,96.31999969482422,0.00031154615236927974,4668.97021484375,0.01683489760457002
2021-12-14,28.21619033813477,28.555736152702437,27.13382466783278,27.580909846868156,667035000,31.05433921813965,27.235467224121095,0.0062498265486419236,0.6720360517702445,39.03018613354809,0.4115312267505473,1.1002221646718673,96.56999969482422,0.0020753029214712893,4634.08984375,-0.011235964420974076
2021-12-15,30.32914161682129,30.369967183258264,27.71931562363803,28.27891988260038,698297000,31.067268753051756,27.434823722839354,0.07488435729152365,0.7253462972553176,43.38600781562201,0.39103675143410754,0.9583850820243154,96.51000213623048,0.006465770680242455,4709.85009765625,0.0018378538271086597
2021-12-16,28.26597595214844,31.02715444893076,27.97323064778504,31.01918913294205,707366000,31.023933315277098,27.587958793640137,-0.06802585087105018,0.7583355968918971,41.16654908319692,0.20594055106773013,0.8078961758329984,96.04000091552734,-0.002389069653672027,4668.669921875,0.0002613261012887058
2021-12-17,27.68247604370117,28.798697151084145,27.641650475156077,27.865691608084173,713758000,30.83125238418579,27.721956748962402,-0.020643189870219958,0.694407535263961,32.9415428867716,0.012028258356767907,0.6487225923377523,96.56999969482422,0.005413811832845061,4620.64013671875,-0.019392931785886303
2021-12-20,27.600828170776367,28.024015550297097,27.02927584120232,27.188593576966635,461847000,30.569276428222658,27.859180297851562,-0.002949442556941295,0.6721261308634104,34.2371589393792,-0.14654762190201964,0.489668549489798,96.5500030517578,0.0023879086136038286,4568.02001953125,-0.021621511953868522
2021-12-21,28.9510440826416,28.995852308207283,27.284179231128302,28.25303247287371,524385000,30.42603530883789,28.026116256713866,0.048919398487282884,0.6949305370303798,42.54579186520166,-0.16140839412803842,0.35945316076623074,96.48999786376952,-0.0008284335850421432,4649.22998046875,0.0032671219655289185
2021-12-22,29.274658203125,29.42899807324993,28.32771240155545,28.767829354035246,395184000,30.309428787231447,28.200002326965333,0.011177977538897377,0.6968467152882128,41.18600854129891,-0.1453966659574064,0.25848319542150333,96.08000183105467,-0.004455499903200044,4696.56005859375,-0.0028217541507560284
2021-12-23,29.513635635375977,29.93084994205297,29.30552702651644,29.628145129735767,343022000,30.15857515335083,28.37333152770996,0.008163286846692097,0.687910752512689,46.310694597870395,-0.11213119583267428,0.1843603171706678,96.0199966430664,-0.00020829104821162847,4725.7900390625,0.0122347731031196
2021-12-27,30.813068389892575,30.954463182806663,29.51363183960114,29.533547027159024,403686000,30.13098611831665,28.55658016204834,0.044028217010277704,0.6971932015585292,53.04287920137844,0.018867796173299922,0.15126181297119426,96.08999633789062,-0.004970522506476893,4791.18994140625,0.03691042791499721
2021-12-28,30.192724227905277,31.19642609485194,29.88404452938225,31.17850318637374,420591000,29.97914047241211,28.72511203765869,-0.02013250203250727,0.6636399556363131,41.998003365588715,0.07180117247331097,0.1353696848716176,96.1999969482422,-0.0036251278348273797,4786.35009765625,0.047795341787360224
2021-12-29,29.87309837341309,30.41776726936443,29.240805294787176,30.143940036691397,343139000,29.846160411834717,28.8800830078125,-0.010586187986202922,0.6611269070301836,42.91151479872114,0.0869577248004596,0.125687292857386,95.93000030517578,-0.005803685055360552,4793.06005859375,0.03093632251560474
2021-12-30,29.459867477416992,30.3271544621384,29.41406405862047,29.699839255631407,308864000,29.754104804992675,29.025435218811037,-0.013832877019675727,0.6499404313534205,46.21822935064052,0.06487725728727511,0.11352528574336382,95.97000122070312,-0.001144885597993306,4778.72998046875,0.017495767295607312
2021-12-31,29.28560447692871,29.90196673147179,29.20594563568724,29.54748365345647,266530000,29.618933868408202,29.171025810241698,-0.00591526763051009,0.6436671161989663,46.67508619823188,0.03293708176321175,0.09740764494733341,95.66999816894533,-0.0036450581791012127,4766.18017578125,0.008546748032581375
2022-01-03,29.99258041381836,30.580065120512547,29.65801249794872,29.687885277671324,391547000,29.590455532073975,29.319027709960938,0.024140732264775533,0.6317713694401761,59.326218871952825,0.06393431719552112,0.09071297939697096,96.23999786376952,0.0015610524674329884,4796.56005859375,0.0011208316207818037
2022-01-04,29.165122985839844,30.338100081012925,28.22813495488004,30.14791442477698,527154000,29.55326442718506,29.44980339050293,-0.027588737499801286,0.6349125986571291,54.26854840148861,0.021483304351374244,0.07686704438785161,96.29000091552734,0.0009355922052010079,4793.5400390625,0.0015021762427638308
2022-01-05,27.48631477355957,29.290589869699456,27.41561832175516,28.825579893631648,498064000,29.313142490386962,29.538241462707518,-0.057562185254468545,0.5905797106163052,36.69245450402639,-0.1459428828092939,0.032305058948422505,96.19000244140624,0.002710331860766413,4700.580078125,-0.01929455907879507
2022-01-06,28.057865142822266,28.316756884231587,26.94961135088401,27.522158750832368,454186000,29.131519889831544,29.6072265625,0.02079399781204927,0.5971738280090589,48.8676883865156,-0.2298603175631122,-0.02012801635388444,96.25,0.0029175656531770233,4696.0498046875,-0.01730170487120508
2022-01-07,27.130840301513672,28.300832179759222,26.941649777940604,28.021030002522835,409939000,28.970061588287354,29.662967834472656,-0.03303974969548762,0.5907189223462225,47.1067556120034,-0.36693880429726633,-0.08949017394256083,95.73999786376952,0.0007316786470568104,4677.02978515625,-0.018704788181950538
2022-01-10,27.283178329467773,27.35188438756539,25.53466460800677,26.467669934436454,594681000,28.830757713317873,29.71199890136719,0.005614939539694275,0.5916005983377837,48.346238511849016,-0.45800251897529876,-0.1631926429491084,95.98999786376952,-0.002597672543113383,4670.2900390625,-0.0263251200837189
2022-01-11,27.69840812683105,27.945351930449437,26.7245788634894,27.206514697544517,404089000,28.81363115310669,29.756869468688965,0.015219260466981632,0.5453122948719271,42.77509325661286,-0.4910055877342323,-0.2287552319061332,95.62000274658205,-0.006958128181274725,4713.06982421875,-0.01678722075710215
2022-01-12,27.87963104248047,28.47308885587238,27.49029726738837,27.947340025615876,383413000,28.796803188323974,29.80018726348877,0.006542719524515572,0.5453581925387557,41.81944428288547,-0.496810658730201,-0.2823663172709468,95.0,-0.012371373440094424,4726.35009765625,0.005482306247940549
2022-01-13,26.46170425415039,28.358581501754117,26.38503096129057,28.258012259555365,540171000,28.60343132019043,29.803716888427733,-0.05085887923586829,0.4967188779875988,34.27719806518341,-0.6088081002179848,-0.3476546738603544,94.79000091552734,-0.015168821656858733,4659.02978515625,-0.007883225491837287
2022-01-14,26.827136993408203,27.081050909641085,26.09825739628388,26.18787384916408,395832000,28.531489372253418,29.810632362365723,0.013809871645001692,0.4440455241682517,27.27889890222488,-0.6604660697594404,-0.4102169530401716,95.16999816894533,-0.005953621344709559,4662.85009765625,-0.003031771904682512
2022-01-18,25.79256820678711,26.52443530572785,25.660135800028776,26.148046566250244,424270000,28.436993980407713,29.733077392578124,-0.038564263748133154,0.4582292270121822,26.048764423229656,-0.7759418628370831,-0.48336193499955393,95.7300033569336,-0.0027085583146372327,4577.10986328125,-0.01995168929592961
2022-01-19,24.96012306213379,26.429829779331527,24.94518762431059,25.967809303261937,488315000,28.304958724975585,29.63984924316406,-0.03227461251548691,0.4697535220436843,24.671402617293822,-0.9239775884647123,-0.5714850656925856,95.51000213623048,-0.001150393298388508,4532.759765625,-0.038257455399281826
2022-01-20,24.047039031982425,25.46994751510898,23.97534549383341,25.19612032401024,435181000,28.059758472442628,29.5074116897583,-0.036581711872109124,0.4374958223133792,23.462177154034876,-1.102268947547266,-0.6776418420635217,95.73999786376952,0.0077894511975737935,4482.72998046875,-0.05154508492891985
2022-01-21,23.274349212646484,24.717171038870585,23.163822382731063,23.40678161092132,718958000,27.759743022918702,29.36244758605957,-0.032132430870522866,0.4381808932644544,22.16174973399505,-1.2910335142108558,-0.8003201764929886,95.63999938964844,0.008967174447846782,4397.93994140625,-0.05603953093020286
2022-01-24,23.272357940673828,23.280323256927787,20.79894871741768,22.234800479522537,913982000,27.447679138183595,29.241298446655275,-8.555650490860156e-05,0.4343482715093059,16.704441547278265,-1.424372196236149,-0.9251305804416208,95.91999816894533,0.007880634805399467,4410.1298828125,-0.05419865737712182
2022-01-25,22.228818893432617,22.845181110223947,21.90620089104728,22.44987249670122,664616000,27.018466663360595,29.08074020385742,-0.04484028003958229,0.3967189203252241,16.354269382265883,-1.5958529429448802,-1.0592750529422728,95.9499969482422,0.0022980631316635858,4356.4501953125,-0.04820938857922952
2022-01-26,22.67491149902344,23.954432781138927,22.20492373788374,23.140916602745857,755959000,26.642576026916505,28.929103813171388,0.020068209999345443,0.41620734267950993,23.491288854420546,-1.6764318620804275,-1.1827064147699038,96.48999786376952,0.010260660722645865,4349.93017578125,-0.04033515987991931
2022-01-27,21.85044288635254,23.892699123335404,21.58258875418974,23.46751957498949,573353000,26.241443252563478,28.768246002197266,-0.03636038944215547,0.42349072482713646,16.72713316417847,-1.7862284332164435,-1.303410818459212,97.26000213623048,0.015876376711683404,4326.509765625,-0.03484934750127744
2022-01-28,22.74262046813965,22.76054337462477,21.205202780038288,21.918149676875192,543774000,25.905580902099608,28.621687393188477,0.04083109831811926,0.46790745127041217,26.390175351891116,-1.7807246470041918,-1.3988735841682078,97.2699966430664,0.017043049600796945,4431.85009765625,0.007710463694771796
2022-01-31,24.38160514831543,24.40450780299976,22.95371892485848,23.08316384030089,564680000,25.660380935668947,28.526665802001954,0.0720666592696233,0.5559275269456294,36.54168586426713,-1.6253741887668447,-1.4441737050879353,96.54000091552734,0.006463748523952262,4515.5498046875,0.02390404017030212
2022-02-01,24.532962799072266,25.0378013064162,23.78815060803622,24.99697573457324,518925000,25.38740005493164,28.386603164672852,0.006207862437116685,0.5454918845548702,34.94935886239409,-1.4730639694177619,-1.4499517579539005,96.38999938964844,0.004585747320487998,4546.5400390625,0.04363411383757687
2022-02-02,25.134382247924805,25.70692961725198,24.4483186950782,25.68402886200893,543419000,25.18586301803589,28.232483863830566,0.024514749962254223,0.5537863993415972,37.44877441417917,-1.2889690669489866,-1.4177552197529177,95.94000244140624,-0.005700025231006878,4589.3798828125,0.05504679324841
2022-02-03,23.84589958190918,24.97008589250318,23.67861656570073,24.353725465820716,410178000,25.003842258453368,28.07308452606201,-0.05126374912683629,0.5465376781112999,37.8973395123513,-1.232831004845643,-1.380770376771463,95.37999725341795,-0.019329681693603495,4477.43994140625,0.03488497286667913
2022-02-04,24.21531867980957,24.52997143101249,23.53124736039037,23.869797957184883,354829000,24.811714935302735,27.925255126953125,0.015491933807380898,0.5433383510217912,37.920239325425804,-1.1453295067287996,-1.3336822027629303,95.4800033569336,-0.018402316725693146,4500.52978515625,0.015496843527338822
2022-02-07,24.62257575988769,25.074638756833306,24.098817325743227,24.268092626990843,376868000,24.686301708221436,27.767092475891115,0.016818159011786404,0.5401946953910441,44.25539877120207,-1.0312342695457986,-1.273192616119504,95.4000015258789,-0.011808570321497514,4483.8701171875,-0.007015687761236511
2022-02-08,25.000957489013672,25.122437111146983,23.877766205134343,24.25515013515638,410359000,24.57219066619873,27.639814643859864,0.015367268348196017,0.5436641477746991,50.209851873532514,-0.899907159235152,-1.1985355247426335,95.63999938964844,-0.007780890183100686,4521.5400390625,-0.0054986868663219335
2022-02-09,26.591144561767575,26.61105974863201,25.244909456729868,25.51276169295453,524282000,24.516827487945555,27.507044792175293,0.06360504686481261,0.5911703058598451,62.22369746494482,-0.6599076663306569,-1.0908099530602382,95.48999786376952,-0.004690479113876989,4587.18017578125,-0.00047930375942251136
2022-02-10,25.713903427124023,26.81020934447509,25.49085938324337,25.88417582758448,513200000,24.408541107177733,27.370668869018555,-0.03298997275599924,0.6007194147625793,61.604767809194726,-0.5343329100798329,-0.9795145444641572,95.5500030517578,0.0017824051502974836,4504.080078125,0.0059498590863025225
2022-02-11,23.846895217895508,26.04050396356473,23.671646883125344,25.80551006541594,605472000,24.27780065536499,27.22158718109131,-0.07260695423080432,0.6278742808425843,52.32117204998246,-0.5787939934106063,-0.8993704342534471,96.08000183105467,0.006284022340029782,4418.64013671875,-0.018195557489162795
2022-02-14,24.16353988647461,24.76894753215404,23.653721722186575,23.8319594216088,440424000,24.14462080001831,27.065077514648436,0.01327823457459898,0.6276720667162657,58.30414924613118,-0.581772828801224,-0.8358509131630025,96.37000274658205,0.010167727517698344,4401.669921875,-0.018332421137135846
2022-02-15,26.382041931152344,26.431828001236315,24.67833617578049,24.842631726431065,699869000,24.174094486236573,26.981475410461425,0.09181196360718347,0.700174020750503,63.81038513813482,-0.40050226232326835,-0.7487811829950558,95.98999786376952,0.003659540739802347,4471.06982421875,-0.01116217359743088
2022-02-16,26.39797592163086,26.468674277270747,25.443064769746623,26.14705136160018,732676000,24.245987129211425,26.91125602722168,0.000603971084577104,0.6884267507418419,68.02717076452595,-0.25264594732574963,-0.6495541358611946,95.6999969482422,0.0021991736220612346,4475.009765625,-0.024453020343188525
2022-02-17,24.402517318725582,25.675068597680315,24.06197633665846,25.5207287378447,810595000,24.263761043548584,26.75353130340576,-0.07559134870148021,0.7312852497564842,56.05082822529507,-0.2931068318491903,-0.5782646750587938,95.8000030517578,0.0026164311042939925,4380.259765625,-0.027490699621740555
2022-02-18,23.54120635986328,24.879476296810186,23.001517271399223,24.562831248228797,761255000,24.277103900909424,26.590549087524415,-0.03529598801683309,0.7333121337939081,46.75235919809008,-0.39017527277424335,-0.5406467946018837,96.04000091552734,-0.00041632925442347535,4348.8701171875,-0.015789930243801376
2022-02-22,23.2902774810791,23.961403708378384,22.90194083125501,22.93679145884349,633422000,24.277999877929688,26.449154510498047,-0.010659134240970869,0.7345903335254667,45.23443556158138,-0.4817967222592827,-0.5288767801333635,96.02999877929688,-0.0035281099677796357,4304.759765625,-0.022016679571629227
2022-02-23,22.29155731201172,24.052021400692805,22.20592541181683,23.70052569680997,566511000,24.281136798858643,26.293600540161133,-0.04288141993493799,0.7329983877784062,39.42045346298207,-0.6277593332371616,-0.5486532907541232,96.19000244140624,0.002083598104883455,4225.5,-0.054924175616438586
2022-02-24,23.646747589111328,23.69852592829652,20.800933111240948,20.92540016317363,735801000,24.329728603363037,26.205716705322267,0.06079388075634218,0.760671580128011,49.26251932997064,-0.6268572048245709,-0.5642940735682127,97.13999938964844,0.015047047934442892,4288.7001953125,-0.04163333267865599
2022-02-25,24.05400848388672,24.11375214772827,23.281317813989904,23.619868407786758,528866000,24.439906883239747,26.122473068237305,0.017222702328963058,0.7473863954107612,49.40432093939418,-0.5865186886237908,-0.5687389965793284,96.62000274658205,0.008559495497940883,4384.64990234375,0.0010022548783983343
2022-02-28,24.281036376953125,24.559843299003468,23.605927486955995,23.88971225617832,477319000,24.51682767868042,26.00151096343994,0.009438256131758083,0.7361299829712696,48.72176427867075,-0.5301199771834249,-0.5610151927001477,96.70999908447266,0.006976240759666519,4373.93994140625,0.005764675316392909
2022-03-01,23.37691116333008,24.273075765282154,23.03338266539321,24.18744196343962,412056000,24.46659297943115,25.903729667663573,-0.037235857629257296,0.704221580935068,44.15202316696296,-0.5520156479145086,-0.5592152837430199,97.41000366210938,0.014370560245284603,4306.259765625,0.00034845150058737673
2022-03-02,24.120849609375,24.309076976729223,23.31914664322049,23.658750292293792,389642000,24.44598731994629,25.83249713897705,0.03182364174835417,0.7135880802702488,40.52749539812509,-0.503534082017449,-0.5480790433979057,97.38999938964844,0.012475277240721283,4386.5400390625,0.03811147534315462
2022-03-03,23.616920471191406,24.22641458306048,23.37292261489187,24.16267550692926,365095000,24.370114231109618,25.752818984985353,-0.020891848601706453,0.7111920019672472,41.721986543126,-0.5000111444658266,-0.53846546361149,97.79000091552734,0.006691389025766936,4363.490234375,0.017438859247900895
2022-03-04,22.84210586547852,23.58305957593069,22.389963970849852,23.28827180611665,431415000,24.319924545288085,25.63064022064209,-0.032807605320855804,0.6971693829092549,45.659201875017416,-0.553361448042466,-0.5414446604976851,98.6500015258789,0.021010129596261917,4328.8701171875,-0.012721605236129307
2022-03-07,21.26458740234375,22.93870729703225,21.24267810528745,22.723590064178477,450821000,24.172387981414794,25.470438804626465,-0.0690618663806688,0.7339001805754674,38.70654703823328,-0.7146959342509547,-0.5760949152483391,99.29000091552734,0.026677715391157708,4201.08984375,-0.03951816896705662
2022-03-08,21.425928115844727,22.28141088445925,20.56546475197857,21.22176739996016,557467000,24.012555599212646,25.30868465423584,0.007587295744247324,0.7309085701514526,27.007123070064594,-0.8200824299555229,-0.6248924181897759,99.05999755859376,0.016938649363034575,4170.7001953125,-0.031479654663337575
2022-03-09,22.91978454589844,23.12494059396146,22.15592431561285,22.295350571622645,492742000,23.908496952056886,25.150818977355957,0.06972190058590688,0.7759846375453909,35.809579837425716,-0.7741364942217039,-0.6547412333961615,97.97000122070312,0.005955455741755822,4277.8798828125,-0.024771267395799934
2022-03-10,22.565244674682617,22.694711650925896,21.79242045485743,22.438763775975826,428066000,23.707201957702637,24.998269386291504,-0.015468726178722747,0.7353880214963217,41.34545995583873,-0.757599280803916,-0.6753128428777124,98.51000213623048,0.007362728438105703,4259.52001953125,-0.023827305496111006
2022-03-11,22.00952911376953,23.05025124979121,21.95574932378768,22.927753683517206,367209000,23.521983242034914,24.840998001098633,-0.024627056738125153,0.732083882664949,42.57109743940427,-0.7803397505830034,-0.6963182244187707,99.12000274658205,0.004764330597398336,4204.31005859375,-0.028774265621690165
2022-03-14,21.242679595947266,22.17086340274915,21.072380103418656,21.779472607816945,385354000,23.3917724609375,24.676654243469237,-0.03484170487511751,0.6985239285066975,40.542122066270366,-0.8504367781782776,-0.727141935170672,99.05999755859376,-0.0023164805601044725,4173.10986328125,-0.0066601718862013826
2022-03-15,22.87895965576172,22.94369411029377,21.23471894715859,21.42991577064852,491996000,23.327543449401855,24.5485213470459,0.07702794990734718,0.7548542210192268,52.56230373043628,-0.7651350511161148,-0.7347405583597606,99.06999969482422,0.00010097048735069336,4262.4501953125,0.021998704223122667
2022-03-16,24.39571952819824,24.49630589121448,23.077140259936503,23.403796625061247,671422000,23.22822732925415,24.436584129333497,0.06629496687164904,0.7174510370357957,53.22167382280592,-0.5685886363731498,-0.7015101739624385,98.37999725341795,0.004184914030890052,4357.85986328125,0.018696172557366664
2022-03-17,24.66461563110352,24.74030282145656,23.808135623978337,24.021260266549067,471941000,23.141559314727782,24.34657398223877,0.011022265713231949,0.7190853056286459,52.658144017079415,-0.38666923614193394,-0.6385419863983376,98.01000213623048,-0.0050756267298476265,4411.669921875,0.03571996413823486
2022-03-18,26.344711303710938,26.46023757145424,24.523199913712308,24.697482775125827,730719000,23.238669013977052,24.323741912841797,0.06811765071614251,0.7059558739341393,57.97484043832877,-0.10570857847481463,-0.531975304813633,98.2300033569336,-0.008979008928438947,4463.1201171875,0.06155827115194179
2022-03-21,26.624561309814453,27.04085136071084,25.86070089322461,26.398491268211867,591727000,23.39283676147461,24.295075836181642,0.010622625652538353,0.6900332922880899,63.186408776317755,0.13794616609287047,-0.39799101063233233,98.5,-0.005653115005000098,4461.18017578125,0.06903012907345185
2022-03-22,26.415416717529297,27.126494456861916,25.965267440901066,26.6175847985813,547007000,23.54909372329712,24.280767364501955,-0.00785532538363587,0.6891495842831343,59.73958766806057,0.310587822810124,-0.25627524394384105,98.48999786376952,-0.005854464851532626,4511.60986328125,0.05845456405396976
2022-03-23,25.52906036376953,26.503055368285956,25.470301882639813,26.019044893201844,502120000,23.71096887588501,24.245685005187987,-0.03355450959710127,0.68090575380946,57.861112853647825,0.37160242794040954,-0.13069970956699095,98.62000274658205,0.002439576131983978,4456.240234375,0.022575386584293256
2022-03-24,28.034757614135746,28.204061734841595,25.80094009952853,26.05888056620905,877379000,23.930369377136234,24.252411994934082,0.09815078246758602,0.7306590118653589,68.6881485296094,0.6150557889356278,0.018451390133532808,98.79000091552734,0.007958358966390966,4520.16015625,0.02459164812785697
2022-03-25,27.578643798828125,28.241917930132782,27.159367609650687,27.771849913919823,579016000,24.106601142883303,24.246392250061035,-0.016269582979295594,0.7356397388252519,74.71933000614399,0.7624012712414086,0.16724136635510795,98.80999755859376,0.00590445059390543,4543.06005859375,0.01791122338348039
2022-03-28,28.10348129272461,28.134354526494057,27.094627668908103,27.64237730383856,425494000,24.297723388671876,24.27922779083252,0.019030576620260975,0.7366999767066068,75.41894533362934,0.9110219332876355,0.31599747974161346,99.08999633789062,0.0059898105369606824,4575.52001953125,0.025629954237384345
2022-03-29,28.538692474365234,28.827504327820737,27.86545918976913,28.577532381283703,488984000,24.555812454223634,24.31345890045166,0.015486023852613995,0.716946413439728,73.26410364457996,1.0517983076907669,0.46315764533144416,98.4000015258789,-0.0009137611924319167,4631.60009765625,0.02659587996550128
2022-03-30,27.57665252685547,28.379352952112814,27.3904177310008,28.188139459373808,463487000,24.72860260009766,24.34914058685303,-0.0337100218720221,0.7293030600715634,69.75507779035422,1.0733629549837183,0.585198707261899,97.79000091552734,-0.008416161102606234,4602.4501953125,0.032810161312590624
2022-03-31,27.17429542541504,28.13235706761943,27.15836208139868,27.668265181187795,523440000,24.90647134780884,24.393424034118652,-0.014590498286497833,0.7263637569423738,70.60879796821258,1.0459294146569214,0.6773448487409035,98.30999755859376,-0.004858825311116477,4530.41015625,0.0022676187669650183
2022-04-01,26.602651596069336,27.38344260717844,26.15947355290138,27.262937644294475,517235000,25.094498634338382,24.44453628540039,-0.02103619690581071,0.7187514756260884,71.72618122627561,0.9669152594712287,0.7352589308869686,98.62999725341795,-0.0018216811013386236,4545.85986328125,0.000616281680495101
2022-04-04,27.247997283935547,27.44518668797612,26.5040555277616,26.61858452561167,397120000,25.393669128417972,24.52400924682617,0.024258697879633973,0.6588473005866946,69.25644946135534,0.9454711727085616,0.7773013792512873,98.98999786376952,-0.0010091682088686493,4582.64013671875,0.0015561328891813275
2022-04-05,25.824846267700195,27.207164711525586,25.714300606563835,27.142430269538742,436615000,25.613615036010742,24.575059013366698,-0.05222956393475531,0.6986970276801907,56.35125659729687,0.8043679333776304,0.7827146900765559,99.47000122070312,0.010873980469835676,4525.1201171875,-0.022989890798782997
2022-04-06,24.30708312988281,25.19642705051053,23.904737678545857,24.83192614257521,703833000,25.68297996520996,24.616624298095704,-0.058771429734150726,0.7025644372529773,48.56982504027682,0.5635752541514094,0.7388868028915266,99.5999984741211,0.01850902486602135,4481.14990234375,-0.026355590570494747
2022-04-07,24.10890007019043,24.620795851372534,23.38188892172956,24.340946042246006,557992000,25.76016273498535,24.645304069519042,-0.008153304887855373,0.7003725498396675,39.85354313942227,0.3526880362733351,0.6616470495678884,99.75,0.01464756868240169,4500.2099609375,-0.0066661062179628194
2022-04-08,23.02435302734375,23.82506239727849,22.967587168821588,23.81908644389505,524781000,25.81090393066406,24.668782272338866,-0.044985339011283765,0.7150674346064219,34.773773227597474,0.09692719792213822,0.5487030792387384,99.8000030517578,0.011862575594863367,4488.27978515625,-0.012666487717779784
2022-04-11,21.82727813720703,22.228628253478472,21.571330249174363,22.123063188914134,575207000,25.84013385772705,24.650475425720217,-0.05199168414048683,0.7296121176066264,32.09202450516641,-0.2000529623687335,0.39895187091724404,99.93000030517578,0.00949593354572964,4412.52978515625,-0.03712060002256734
2022-04-12,21.41596794128418,22.63197015423266,21.194876629839,22.44474005075557,662258000,25.766984272003175,24.59116268157959,-0.018843861031931808,0.6769141899408418,33.327926593690634,-0.4632609900506566,0.22650929872366393,100.29000091552734,0.00824368839611056,4397.4501953125,-0.028213598439095322
2022-04-13,22.112104415893555,22.407889437860018,21.36716738576446,21.639050491837654,516943000,25.65280351638794,24.542745513916017,0.03250548733160041,0.641078333453208,21.86579121233173,-0.6086665238491271,0.05947413420910573,99.87999725341795,0.0028112327669322923,4446.58984375,-0.007712319236558907
2022-04-14,21.170970916748047,22.68375325848132,21.076360522778845,22.41286554284364,569097000,25.478121280670166,24.46347728729248,-0.04256191457150715,0.6523864291282442,20.902609411453298,-0.7907280442914555,-0.11056630149100652,100.31999969482422,0.005714282654879277,4392.58984375,-0.023914465796409212
2022-04-18,21.693824768066406,21.9975745504491,20.99270636219505,21.11321129596641,525701000,25.24557695388794,24.420435791015624,0.024696734664386044,0.6025378873131462,20.88835702687362,-0.8826485517204041,-0.26498275153688605,100.77999877929688,0.0098195961680565,4391.68994140625,-0.021520459591098606
2022-04-19,22.10713005065918,22.281412909495184,21.22674802485446,21.631086156894693,512781000,25.019705390930177,24.378272018432618,0.019051747997944846,0.6069039623548018,20.730621875255537,-0.9116371483684986,-0.3943136309032086,100.95999908447266,0.010307202803476079,4462.2099609375,0.01125888735037539
2022-04-20,21.394062042236328,22.577198594461343,21.113216842382243,22.42482503392664,468974000,24.768637657165527,24.31370174407959,-0.03225511438114459,0.6126762033676888,21.211289051106817,-0.9808429025582157,-0.51161948523421,100.38999938964844,0.0009970931619127654,4459.4501953125,0.014099079522512659
2022-04-21,20.100378036499023,22.30033475649145,19.918126615701347,21.620130170301238,656209000,24.497203540802,24.215690155029296,-0.06046930233180137,0.6336144648510187,19.58553726802306,-1.1270861018533296,-0.6347128085580339,100.58000183105467,0.007008456116199602,4393.66015625,-0.01190343372335012
2022-04-22,19.435108184814453,20.40213373880645,19.42017020020564,20.21988234850984,624713000,24.067221069335936,24.072569427490233,-0.03309738008292917,0.4878896161670211,19.4291145804267,-1.2818897806166092,-0.7641482029697491,101.22000122070312,0.008971307103436299,4271.77978515625,-0.027503150280612898
2022-04-25,19.820526123046875,19.863349361314796,19.017825948530263,19.12339100546342,641566000,23.679315185546876,23.954701881408692,0.019831015838315036,0.5057904610226575,17.60212384315109,-1.3578206930579952,-0.8828827009873983,101.75,0.00962493780960827,4296.1201171875,-0.021761514472523946
2022-04-26,18.711088180541992,19.70699450767461,18.593571203547693,19.637281368701824,653143000,23.209695529937743,23.851985740661622,-0.055974192391131994,0.5071750230679013,18.09740814290386,-1.4903391561328867,-1.004373992016496,102.3000030517578,0.013272622617240382,4175.2001953125,-0.06432009433386232
2022-04-27,18.33961677551269,19.08853727407493,18.215128478854176,18.521866304544144,499460000,22.699741744995116,23.735507278442384,-0.019853009159328305,0.48993107811520054,20.17129900730245,-1.6068132873633267,-1.1248618510858623,102.9499969482422,0.025500523699153677,4183.9599609375,-0.06177672634724751
2022-04-28,19.70101928710937,19.95497647373352,18.41430844686625,18.8893550683818,570327000,22.30596008300781,23.60188682556152,0.0742328767422471,0.5929768270253833,30.262241557812857,-1.5711547762926976,-1.2141204361272295,103.62000274658205,0.030224705311038713,4287.5,-0.024162122803009
2022-04-29,18.47107315063477,20.045600227897243,18.44119528083608,19.3225724947239,500435000,21.870798969268797,23.4433487701416,-0.062430583846967314,0.6153496001860184,29.873248247615294,-1.6234276599727444,-1.2959818808963326,102.95999908447266,0.017190257288928423,4131.93017578125,-0.032738019375660454
2022-05-02,19.453039169311523,19.493869793767686,18.315713949725147,18.46509951842047,572049000,21.513318347930905,23.34435920715332,0.05316236965056942,0.6654640660586411,39.301763184867724,-1.5675481267795064,-1.3502951300729675,103.73999786376952,0.019557718562845272,4155.3798828125,-0.03275984621843797
2022-05-03,19.52175521850586,19.743843804731757,19.054675285256877,19.320582473628384,475751000,21.12700624465942,23.263970184326173,0.003532406869500404,0.6533293924893991,41.19282885188307,-1.5004224472561383,-1.3803205935096017,103.47000122070312,0.011436931906574577,4175.47998046875,6.701119543062184e-05
2022-05-04,20.25076103210449,20.316490841447845,18.67424096722865,19.84144418741112,648855000,20.848301982879637,23.20317985534668,0.03734325143609829,0.6642355855309635,41.37202700604701,-1.3725779616757627,-1.3787720671428338,102.58999633789062,-0.0034968491600108065,4300.169921875,0.027775113056163425
2022-05-05,18.7668571472168,19.84343117519632,18.424265535645223,19.78566995025292,626331000,20.571290683746337,23.13268585205078,-0.07327645032871533,0.6798116419784038,39.389979013093495,-1.3751470881588084,-1.3780470713460287,103.75,0.0012545575175855195,4146.8701171875,-0.032799972667638455
2022-05-06,18.598546981811523,19.43212034048371,17.916351786613728,18.65929807883805,633297000,20.295773029327393,23.031721839904787,-0.008968479063114598,0.6797569885711958,35.89838462248332,-1.3749151965962731,-1.3774206963960778,103.66000366210938,0.006798801319553238,4123.33984375,-0.0020790119062517043
2022-05-09,16.88060760498047,18.18026335054328,16.758110071792043,17.96016935355247,644455000,19.98858575820923,22.88825382232666,-0.09236954792818575,0.7292448199129385,28.718572417119233,-1.496108562935838,-1.40115826970403,103.6500015258789,-0.0008675182161541617,3991.239990234375,-0.039500574485870965
2022-05-10,17.52297019958496,18.12350232079174,16.955303927577983,17.61658525253339,761474000,19.773370361328126,22.753092498779296,0.03805328632927707,0.737657379657067,34.14634870319928,-1.52276836020852,-1.4254802878049282,103.91999816894533,0.004349057146354474,4001.050048828125,-0.04177482168673774
2022-05-11,16.561920166015625,17.680323983243905,16.50017560428246,17.275985907406866,670167000,19.530667972564697,22.616792678833008,-0.05484515596517414,0.7543375763598447,35.10273507845194,-1.6029671401204695,-1.4609776582680365,103.8499984741211,0.012281920081959274,3935.179931640625,-0.08487803897647572
2022-05-12,16.108781814575195,16.71927317338393,15.503272000214082,16.15260230985151,708728000,19.23050184249878,22.456551322937013,-0.027360254541635265,0.7375688282328821,35.74113976823166,-1.683681298968441,-1.5055183864081174,104.8499984741211,0.010602394931287673,3930.080078125,-0.05227799109597675
2022-05-13,17.633516311645508,17.854607631651785,16.525073633919344,16.71927505834853,670437000,19.05362911224365,22.336883239746093,0.09465237748088029,0.8244668422461882,41.459251405664595,-1.606100394607612,-1.5256347880480166,104.55999755859376,0.00868217118164516,4023.889892578125,-0.02411878596973216
2022-05-16,17.193321228027344,17.71517614236815,17.03596903643624,17.437319035312363,521446000,18.8286039352417,22.22390754699707,-0.02496354532121603,0.817305496916409,43.74588264142846,-1.5621297737063315,-1.5329337851796798,104.19000244140624,0.005209849566596425,4008.010009765625,0.004201706630591495
2022-05-17,18.102588653564453,18.295794716695035,17.561812268275418,18.00000966759252,585830000,18.62837686538696,22.160667572021485,0.05288492045707183,0.8418751389343182,49.064751883162295,-1.437343654738477,-1.5138157590914392,103.36000061035156,-0.005388737186882597,4088.85009765625,0.02194425157311919
2022-05-18,16.868656158447266,18.043825584450516,16.794959704465033,17.632516285349375,545161000,18.40210657119751,22.069522132873534,-0.0681633173426952,0.8645946130603989,38.710708396065385,-1.4216301291776965,-1.4953786331086907,103.80999755859376,-0.000385179741117625,3923.679931640625,-0.002922356842576579
2022-05-19,17.05390167236328,17.614596699783718,16.665496886231242,16.86766690277533,621310000,18.249782752990722,21.952204475402834,0.010981640278633131,0.8467345681450902,43.838260197472614,-1.3783406293612543,-1.4719710323592035,102.72000122070312,-0.020314709436487943,3900.7900390625,-0.0074527842894422935
2022-05-20,16.625656127929688,17.338724476895592,15.690500201719123,17.261044685045487,739105000,18.109310150146484,21.833412704467772,-0.02511129433375281,0.843918717024726,37.08491254653998,-1.362878806789098,-1.4501525872451826,103.1500015258789,-0.01348504270884976,3901.360107421875,-0.03045058101173459
2022-05-23,16.828824996948242,16.845755601223512,16.112768519957527,16.207378932516523,639889000,17.959725093841552,21.729798622131348,0.012220201564090427,0.8412053700975624,37.84833578425761,-1.3190262575953078,-1.4239273213152077,102.08000183105467,-0.020251469055662774,3973.75,-0.008547885280263623
2022-05-24,16.087871551513672,16.529058883354868,15.715402955185922,16.442415131665932,588550000,17.828564262390138,21.626702461242676,-0.04402882824968091,0.8329746313878196,31.235477730126576,-1.3287446063517052,-1.4048907783225073,101.86000061035156,-0.014512383815231678,3941.47998046875,-0.036041946676395265
2022-05-25,16.905506134033203,17.04094904216001,15.93449732347587,15.95441590101984,781132000,17.75685873031616,21.507233390808107,0.05082304268165294,0.8551125758127415,41.073665647089804,-1.2559918974401825,-1.3751110021460424,102.05999755859376,-0.016857721232603318,3978.72998046875,0.014030208831306679
2022-05-26,17.777921676635742,18.017934299435986,15.95640873833212,15.970351364556697,996575000,17.66070384979248,21.374877433776856,0.05160540806561498,0.8315665379963642,46.31354710859821,-1.1150842115903252,-1.3231056440348992,101.83000183105467,-0.008664324173207616,4057.840087890625,0.04026108743496226
2022-05-27,18.733991622924805,18.80370475029721,18.02590190146745,18.11155027204223,738379000,17.67384977340698,21.256264953613282,0.05377849917887523,0.825206356407457,58.937644809130184,-0.9157112516154946,-1.2416267655510183,101.66999816894533,-0.014348069171499445,4158.240234375,0.06584373651241293
2022-05-31,18.595563888549805,19.121402309598214,18.27488154857996,18.902301701134324,664100000,17.630976009368897,21.101282005310058,-0.007389121184702918,0.8031076131768923,55.43664638499192,-0.7601145780056946,-1.1453243280419536,101.75,-0.0032327765001497477,4132.14990234375,0.03986156712016364
2022-06-01,18.245006561279297,18.975005819632933,18.047817122189745,18.64735401344506,544514000,17.567138576507567,20.933690910339354,-0.01885166426635565,0.8053483663309624,59.09384523617644,-0.6575107649255116,-1.0477616154186653,102.5500030517578,0.006774027461925236,4101.22998046875,0.04053046083999168
2022-06-02,19.51179313659668,19.53868302922962,18.12350080401456,18.217115849128238,648656000,17.530190181732177,20.7956184387207,0.06943196052369949,0.833772064475228,66.9007490991486,-0.46857596217439834,-0.9319244847698119,101.7699966430664,-0.002841474842882108,4176.81982421875,0.0497872046412815
2022-06-03,18.643360137939453,19.252856039601355,18.44617079022119,19.00387953290032,598779000,17.52401533126831,20.657904434204102,-0.04450810812607364,0.806288414562626,55.365041366984116,-0.3844869290038879,-0.8224369736166273,102.13999938964844,0.0030442654720568285,4108.5400390625,0.01249431965620662
2022-06-06,18.70909309387207,19.25783800037351,18.488001796850387,19.060648619208788,422406000,17.529542636871337,20.47139114379883,0.003525810553798747,0.8054808469670496,58.386596827343965,-0.3089799358300418,-0.7197455660593102,102.44000244140624,0.0075735643388268326,4121.43017578125,-0.008852316489425416
2022-06-07,18.84852409362793,18.92222057056187,18.11354434422296,18.396382141540013,388914000,17.62793846130371,20.296788749694823,0.007452579291592043,0.7250825019843726,54.51150553018049,-0.23517819549017815,-0.6228320919454838,102.31999969482422,0.005601962602695076,4160.68017578125,0.006904462352955276
2022-06-08,18.575584411621094,19.105518070674535,18.463022361325056,18.72599710190359,363252000,17.680569171905518,20.106230812072752,-0.014480692528021755,0.7187217402545506,61.68162131539994,-0.19644919184564102,-0.5375555119255153,102.54000091552734,-9.753423630232128e-05,4115.77001953125,0.0035452874215160524
2022-06-09,17.977916717529297,18.859480331996103,17.970943930182248,18.40923586335072,395574000,17.7513689994812,19.895015296936034,-0.03217490663270273,0.6983695979823171,55.9857444266906,-0.21154441311327687,-0.47235329216306765,103.22000122070312,0.014247859147743291,4017.820068359375,-0.038067180905777986
2022-06-10,16.908084869384766,17.62827677855805,16.8034911776423,17.53165334233973,465248000,17.79133415222168,19.68164394378662,-0.059508110141671566,0.7268779210668095,51.68915697065575,-0.3063031024129721,-0.43914325421304856,104.1500015258789,0.019678893168606937,3900.860107421875,-0.05054835286161996
2022-06-13,15.586238861083984,16.248656451730458,15.545397710168135,15.937867756879672,604153000,17.688970279693603,19.4498828125,-0.07817834003744739,0.697429286092183,43.445395720325024,-0.4825000123280354,-0.44781460583604593,105.08000183105467,0.025771176559259423,3749.6298828125,-0.09021147444243005
2022-06-14,15.774508476257324,16.00361491899296,15.352154151870844,15.669915702421072,469680000,17.618029642105103,19.23331995010376,0.01207922044897014,0.6959232801540105,48.24466979748676,-0.6000287899704162,-0.47825744266292003,105.5199966430664,0.031274403418553254,3735.47998046875,-0.10219487616172285
2022-06-15,16.46282196044922,16.80249737716836,15.86415501064633,16.03249841468416,563936000,17.53604130744934,19.017616443634033,0.04363454400039757,0.6867175943402195,47.483811851476666,-0.6303636080171451,-0.5086786757337651,105.16000366210938,0.025551031043391514,3789.989990234375,-0.07915408969667803
2022-06-16,15.540417671203612,15.880094046952882,15.341194505792409,15.79841174165895,545749000,17.46962938308716,18.8119278717041,-0.056029536823129056,0.6728549119140774,37.3540349329792,-0.7205286810361144,-0.5510486767942351,103.62999725341795,0.003972059948325057,3666.77001953125,-0.08737326282793734
2022-06-17,15.81833553314209,15.932888741748643,15.268478991865372,15.58723607667354,630334000,17.4078510761261,18.642152919769288,0.017883551640536677,0.6752310858746121,32.15317987403908,-0.7607895933489175,-0.5929968601051716,104.6999969482422,0.005280800905477001,3674.840087890625,-0.05794107281653571
2022-06-21,16.50167465209961,16.94195781559774,16.34329164963761,16.41102839784153,483089000,17.401652002334593,18.49000841140747,0.04319917968144038,0.6888174306998041,37.98475735755088,-0.7291516935820077,-0.6202278268005388,104.44000244140624,-0.00609059172531623,3764.7900390625,0.004043107379608557
2022-06-22,16.296472549438477,16.59729988882193,16.117171209417034,16.162992114105894,437135000,17.375034379959107,18.355450801849365,-0.012435228968414092,0.6888247238097767,38.629156129790566,-0.7124241427680005,-0.6386670899940311,104.1999969482422,-0.012509474382275232,3759.889892578125,0.00653461194732774
2022-06-23,16.16199493408203,16.5205956784527,15.79143880496092,16.454851986991518,463680000,17.378740549087524,18.242145137786864,-0.008251946238579055,0.6704439631483516,27.47521869927543,-0.7019272771983616,-0.6513191274348972,104.43000030517578,-0.006941834647316791,3795.72998046875,0.0015145132966485342
2022-06-24,17.059499740600586,17.07344531824859,16.246668257795235,16.435931025834183,472153000,17.386440229415893,18.155015773773194,0.05553180842953487,0.6752685816388272,39.39125073522912,-0.6141082409506033,-0.6438769501380384,104.19000244140624,0.005403890792536004,3911.739990234375,0.0668081088800987
2022-06-27,16.80349349975586,17.2627037776178,16.561437091028537,17.24477402510874,427968000,17.3377188205719,18.04884355545044,-0.015006667530551687,0.6504117988413114,37.553481944953845,-0.5587279184768619,-0.6268471438058031,103.94000244140624,-0.007258782511824324,3900.110107421875,0.0613006319032936
2022-06-28,15.919939994812012,17.135201879170452,15.883083017438071,16.83437454206532,461149000,17.19701623916626,17.943822937011717,-0.052581536390434835,0.638874356098745,32.566444770614126,-0.5794544078906512,-0.6173685966227727,104.51000213623048,0.0006702383491759001,3821.550048828125,0.015076540571106856
2022-06-29,15.481646537780762,15.758566876112974,15.111091360585093,15.75259060872574,482352000,17.04132037162781,17.819579372406007,-0.027531099814074755,0.6428859260499689,31.937697695593315,-0.6240532220049104,-0.6187055216992002,105.11000061035156,0.008733240775058437,3818.830078125,0.015676040317888162
2022-06-30,15.100133895874023,15.50654951386169,14.804287295645784,15.301349140819209,686070000,16.884076738357543,17.6794394493103,-0.02464289834906841,0.644468546082381,32.76461479130475,-0.6823176521097238,-0.631427947781305,104.69000244140624,0.002489726471996967,3785.3798828125,-0.002726773956394979
2022-07-01,14.466604232788086,15.004507273555731,14.336113363533372,14.84114455708728,577610000,16.631817293167114,17.540890293121336,-0.04195523479821883,0.5839705733290402,34.57135962679256,-0.7707287012173918,-0.6592880984685223,105.13999938964844,0.009117928073535175,3825.330078125,-0.022089891538061512
2022-07-05,14.905893325805664,14.912866113839907,14.000423601176369,14.119957517465304,651397000,16.444943952560426,17.43700059890747,0.030365736557715683,0.5928409692839406,45.160861007688965,-0.7961703795514321,-0.6866645546851042,106.5,0.02462956992941101,3831.389892578125,-0.01762007044697944
2022-07-06,15.071245193481444,15.259511371588436,14.731568857330023,14.951711308169411,529066000,16.263051557540894,17.34972333908081,0.011093053201280956,0.5958089891430078,44.98149121831568,-0.7938396893198991,-0.7080995816120632,107.0999984741211,0.02478228193426424,3845.080078125,0.006157195116178071
2022-07-07,15.796420097351074,15.883082152996206,15.329241452564782,15.395981666093258,492903000,16.11044635772705,17.269241218566894,0.048116455844224415,0.6282765398565764,45.26942248573427,-0.7251183335384166,-0.7115033319973338,107.12999725341795,0.019217930085973833,3902.6201171875,0.02194128498737502
2022-07-08,15.776497840881348,15.97472543707496,15.32924104995844,15.370082202682903,467972000,15.970492029190064,17.21054941177368,-0.0012611880633047745,0.6282325025178952,51.922140378644926,-0.6646025985158843,-0.702123185301044,107.01000213623048,0.02216066138810846,3899.3798828125,0.03011586776735853
2022-07-11,15.093162536621094,15.466706345467305,14.97960489954158,15.465709825855996,437321000,15.826254320144653,17.14562032699585,-0.043313497783363575,0.6352673438598716,44.46136241631759,-0.6641272452225149,-0.6945239972853382,108.0199966430664,0.027392022732896537,3854.429931640625,0.007607148382313911
2022-07-12,15.023435592651367,15.371080384780624,14.819231694264086,15.208713215824096,458483000,15.732021856307984,17.05206865310669,-0.004619770296685366,0.6053445095958533,37.54197826871108,-0.6617486791102252,-0.6879689336503156,108.06999969482422,0.014741781172058488,3818.800048828125,-0.00328597300274458
2022-07-13,15.10511589050293,15.315296992454249,14.408830785871842,14.533345395566592,521918000,15.70796570777893,16.984749507904052,0.005436858789577892,0.5409787342775912,39.74622895898157,-0.6458280274373909,-0.6795407524077308,107.95999908447266,0.008029884431411727,3801.780029296875,-0.011261156581487852
2022-07-14,15.31230926513672,15.412916908368317,14.670809905852426,15.049334455117044,456235000,15.684855747222901,16.901934909820557,0.013716768288024817,0.5415353554477229,42.777329752154834,-0.6094664724244989,-0.6655258964110845,108.54000091552734,0.013161613910751768,3790.3798828125,-0.02876022543948964
2022-07-15,15.700791358947754,15.72071319877249,15.385021980477374,15.59819165141874,385935000,15.646754217147826,16.825515632629394,0.025370575207459778,0.525235076161604,37.35626910147988,-0.5430425631796219,-0.641029229764792,108.05999755859376,0.009812124113655951,3863.159912109375,-0.009288648911272679
2022-07-18,16.03847885131836,16.83138747265714,15.939864245998464,16.238698571143832,670517000,15.671657276153564,16.741269989013674,0.021507673380944503,0.4900809567599682,42.98760669699226,-0.4578744860245312,-0.6043982810167399,107.37000274658205,-0.0060173478678411385,3830.85009765625,-0.006117593107818786
2022-07-19,16.9260196685791,17.043561498221212,16.109204079525067,16.421983978769592,702366000,15.727041482925415,16.70445323944092,0.055338216640650195,0.5230728467870264,59.215343849620965,-0.31512844031214016,-0.54654431287582,106.68000030517578,-0.012862028255516078,3936.68994140625,0.030870925701989016
2022-07-20,17.737850189208984,17.863362252554914,16.73575812116985,16.881191075573774,760538000,15.788850259780883,16.687239303588868,0.047963463148807284,0.5280694095269437,69.34245650238367,-0.13493775395945562,-0.4642230010925471,107.08000183105467,-0.008151141727311795,3959.89990234375,0.04159101048150826
2022-07-21,17.979909896850586,18.07354475184099,17.476871681207573,17.815551590727683,557049000,15.87302212715149,16.70922534942627,0.013646507612791847,0.5253184659029703,75.29312295601288,0.0270846436952219,-0.36596147213499336,106.91000366210938,-0.015017479635793807,3998.949951171875,0.05502616487205869
2022-07-22,17.25174903869629,17.897231611980214,17.07045465118201,17.823519553288822,536671000,15.927509832382203,16.703800926208498,-0.04049858215818114,0.5484329445242246,74.06199421741479,0.09562970566654272,-0.27364323657468614,106.7300033569336,-0.012307923669339416,3961.6298828125,0.02548948864230627
2022-07-25,16.9578914642334,17.05750351772412,16.58434768859962,16.95290981659082,480748000,15.922429418563842,16.71172035217285,-0.017033494621545797,0.5173141037437512,68.18501133353729,0.12480167471066395,-0.19395425431761615,106.4800033569336,-0.008289087891233948,3966.840087890625,0.03549864567072847
2022-07-26,16.468799591064453,16.853300347202065,16.414012864423395,16.823416159959134,397865000,15.905694723129272,16.718920707702637,-0.028841549917954734,0.524984082093917,61.71316095055645,0.10721908878348785,-0.13371958569739537,107.19000244140624,0.004780672429429256,3921.050048828125,-0.003972853542166033
2022-07-27,17.72092056274414,17.86635353894504,16.84732523587989,16.965862630194085,569776000,15.995743751525879,16.72066879272461,0.07602988698454105,0.5534399170531863,64.82051691820851,0.19210598257814127,-0.06855447204228804,106.4499969482422,-0.005883497124014481,4023.610107421875,0.01608884230644736
2022-07-28,17.914165496826172,18.069559869258693,17.372279182649145,17.90520156953599,474646000,16.11736969947815,16.735085678100585,0.010904903805522448,0.5392398290086704,66.03408012880445,0.27183911653117576,-0.00047575432759527914,106.3499984741211,-0.0052380990441098785,4072.429931640625,0.01837481873140656
2022-07-29,18.092472076416016,18.173156925325,17.623300329186787,17.743830767643395,435460000,16.26698660850525,16.734883346557616,0.009953384634156404,0.5253823240841087,74.34115654787888,0.345434101145063,0.06870621676693639,105.9000015258789,-0.007776649535734981,4130.2900390625,0.042573425897691974
2022-08-01,18.3693904876709,18.77281848869698,17.920141583548578,18.111395452950937,476469000,16.46212592124939,16.76489803314209,0.01530572550203635,0.4889144652585996,76.27090672639346,0.421247776015079,0.13921452861656491,105.4499969482422,-0.009673237943453983,4118.6298828125,0.03826466193715139
2022-08-02,18.45406150817871,18.864462341148062,18.02174674090413,18.05163093309131,489527000,16.639534330368043,16.792901229858398,0.00460935383591754,0.48493488972422527,76.28204552489787,0.48259979327836433,0.2078915815489248,106.23999786376952,-0.008862809553120576,4091.18994140625,0.04339141058119722
2022-08-03,18.81963539123535,18.89434491533446,18.06657053209872,18.113388905855142,418146000,16.826953840255737,16.836780815124513,0.019809941724461044,0.4859024277141107,76.85734758481644,0.5543304892894056,0.27717936309702096,106.51000213623048,0.0005636936562567474,4155.169921875,0.03269695893507474
2022-08-04,19.140380859375,19.19915175470648,18.687147876727973,18.775802954410636,409652000,16.994151878356934,16.883011932373048,0.01704312870423763,0.4670908594099421,76.61475221966029,0.6297991290437892,0.34770331628637463,105.69000244140624,-0.006205886621384993,4151.93994140625,0.019523972444037474
2022-08-05,18.915260314941406,19.154328094688672,18.59351466678954,18.736954574661173,386068000,17.151090002059938,16.939559707641603,-0.011761549892218004,0.47192651977254063,72.65452266741006,0.6637914486225363,0.41092094275360697,106.62000274658205,0.006798878284502985,4145.18994140625,0.0036074711952025496
2022-08-08,17.723901748657227,18.16817079637361,17.175042814963497,17.43403335624492,981859000,17.282626962661745,16.955927619934084,-0.062983989987339,0.5051357052321513,55.996353336467784,0.5878218823368044,0.4463011306702465,106.44000244140624,0.009388388068422238,4140.06005859375,0.005203229324072245
2022-08-09,17.019649505615234,17.379247676702683,16.659055765062003,17.18500523413819,668263000,17.382437658309936,16.940762176513672,-0.039734605451384186,0.5319407528809271,44.513768322455405,0.4654230758892304,0.45012551971404335,106.37000274658205,0.0012236905631271,4122.47021484375,0.007645764162870439
2022-08-10,18.026723861694336,18.04764222098849,17.24975215946494,17.629273135163704,597422000,17.52851805686951,16.926616821289063,0.05917127469322092,0.5633955540085224,50.320183176503065,0.4445590243039703,0.4490122206320288,105.1999969482422,-0.012299363080593428,4210.240234375,0.013253444151605231
2022-08-11,17.872325897216797,18.634356491462075,17.80658220790549,18.06059303930121,509327000,17.65651888847351,16.912152061462404,-0.008564948665221728,0.5667129189050024,54.60591751559815,0.4108296986956148,0.441375716244746,105.08999633789062,-0.005677037464808965,4207.27001953125,0.013326319480974957
2022-08-12,18.636350631713867,18.645316458949107,17.883285741988434,18.08948266891917,478094000,17.803296852111817,16.919978942871094,0.04274903775205052,0.5768966142596712,61.64480432934621,0.4406696110284827,0.4412344952014933,105.62999725341795,-0.009285363605900154,4280.14990234375,0.03255820911591689
2022-08-15,18.958091735839844,19.089579103680688,18.540720134854304,18.628377746767622,457666000,17.949277496337892,16.908904914855956,0.017264168853877493,0.5758946455598591,67.68075991017548,0.4846925408374645,0.44992610432868757,106.5500030517578,0.001033451783431838,4297.14013671875,0.037941497442516736
2022-08-16,18.80569267272949,19.06767193176584,18.42916018596427,18.84653383477583,451240000,18.04326114654541,16.912151565551756,-0.008038734342774023,0.5517187570681564,59.131341434553704,0.5015026883218816,0.46024142112732636,106.5,0.0012221232496125722,4305.2001953125,0.044325360996131824
2022-08-17,18.26379776000977,18.61542757380385,18.074536965563848,18.45106931547537,446799000,18.069558525085448,16.90324565887451,-0.02881547210997082,0.541201502794866,52.77994306294198,0.46572981723576845,0.4613391003490148,106.56999969482422,0.013022840174187866,4274.0400390625,0.015153483206634899
2022-08-18,18.70009994506836,18.79174174116326,18.112390926823224,18.229932730472253,415447000,18.10556802749634,16.90027717590332,0.023888908034993328,0.5453276591443246,54.64087863370781,0.4671999094409429,0.46251126216740046,107.4800033569336,0.02274247884982783,4283.740234375,0.01817573259827765
2022-08-19,17.779687881469727,18.448081715081848,17.700994191090388,18.33452409224492,441588000,18.13196496963501,16.884359245300292,-0.04921963338711277,0.5552414184081047,45.89912919466025,0.38960429103039473,0.44792986793999934,108.16999816894533,0.02404620828904913,4228.47998046875,-0.01207198884476135
2022-08-22,16.96785545349121,17.4898208696324,16.90011871477872,17.422084130919913,409593000,18.1324631690979,16.86415802001953,-0.04566066813943459,0.5771813895939697,40.61398419988551,0.25960850695512505,0.4102655957430245,109.0500030517578,0.023463162162328688,4137.990234375,-0.037036237423077156
2022-08-23,17.11428451538086,17.397182115122416,16.904103405013966,16.92303062961487,369986000,18.16473741531372,16.868282012939453,0.008629791919845697,0.5670191597739642,38.923393957473806,0.16648240748045495,0.36150895809051065,108.62000274658205,0.019906129075887735,4128.72998046875,-0.04099001366670263
2022-08-24,17.155118942260742,17.338404398349965,16.829389172460612,16.94593348371054,522661000,18.13644733428955,16.89965961456299,0.0023859850432650376,0.496247699008606,36.61875030051111,0.09488057547811835,0.3081832815680322,108.68000030517578,0.01979919880260672,4140.77001953125,-0.031181275400611885
2022-08-25,17.84343910217285,17.877307466202186,16.76763310909007,16.778590073936765,770691000,18.132911014556885,16.9410382270813,0.04012331026259863,0.5161049360455096,43.20020270775547,0.09260974463761684,0.2650685741819491,108.47000122070312,0.009210995839680214,4199.1201171875,-0.019753792844034557
2022-08-26,16.196861267089844,17.85439937298572,16.17394986366487,17.78766010205869,769127000,18.038130474090575,16.93571901321411,-0.0922791747518279,0.6098323804689877,40.84122924285066,-0.04157571645073688,0.20373971605541194,108.8000030517578,0.005824210903919047,4057.659912109375,-0.04039751143398784
2022-08-29,15.739642143249512,16.27455660052828,15.705774724802128,15.957792548703464,496132000,17.906643056869505,16.93970350265503,-0.028228872020367834,0.6103711722709024,42.08842460276338,-0.18270629878983868,0.12645051308636182,108.83999633789062,-0.00192578365878171,4030.610107421875,-0.025949826092169004
2022-08-30,15.407936096191406,15.9767179755962,15.123046421676523,15.898025221954772,530181000,17.75433678627014,16.931495513916015,-0.021074560910545825,0.6107114465684684,32.339117994586715,-0.3176574505440257,0.037628920360284326,108.7699966430664,0.0013809049225887993,3986.159912109375,-0.034531216387076125
2022-08-31,15.035387992858888,15.479656218449705,14.900911986576215,15.324261848963651,573710000,17.565124416351317,16.9021697807312,-0.024178975107808642,0.6038131683254228,31.4147783608241,-0.4494873189871491,-0.05979432750920237,108.6999969482422,0.00018399561106252627,3955.0,-0.04486364097861195
2022-09-01,13.882879257202148,14.324158812735067,13.21846957505842,14.153822371676808,1178865000,17.302249336242674,16.853897914886474,-0.07665307581048975,0.6378386533528768,20.367571346699393,-0.6395884846404201,-0.1757531589354459,109.69000244140624,0.011247360624812686,3966.85009765625,-0.05531397365379975
2022-09-02,13.594005584716797,14.115969978398423,13.53822233999636,14.045246540395883,743157000,17.036186599731444,16.80253812789917,-0.020807907865041053,0.6380097120437886,16.42350006136668,-0.8042834403261114,-0.301459215213579,109.52999877929688,0.006709519366390193,3924.260009765625,-0.0328760677911033
2022-09-06,13.412714004516602,13.725494835509304,13.299156360470214,13.677680890653752,535751000,16.820627212524414,16.72960241317749,-0.0133361413654276,0.6129539872938957,16.364309462142785,-0.9386143329126266,-0.42889023875338855,110.20999908447266,0.012587309745297093,3908.18994140625,-0.030372614257628938
2022-09-07,13.664804458618164,13.788360189278626,13.298124529340985,13.514346107743526,512657000,16.65288496017456,16.666828632354736,0.018794887747302536,0.6144540781553568,20.24054927680936,-1.0130530947781473,-0.5457228099583403,109.83999633789062,0.009837268804332888,3979.8701171875,-0.001577908327954347
2022-09-08,13.939813613891602,13.957749643269011,13.321041981068236,13.410718326942437,624873000,16.448539447784423,16.627226104736327,0.02012536338198334,0.5700178904318806,18.5401483040432,-1.0378912451663211,-0.6441564969999365,109.70999908447266,0.009291648248264117,4006.179931640625,0.01294056425805934
2022-09-09,14.335390090942385,14.422077892391746,14.07532668659429,14.10621466793855,486612000,16.2716926574707,16.60430097579956,0.028377458121575883,0.5878981484632502,25.540497196739693,-1.0139675557607948,-0.7181187087521081,109.0,-0.0062904770357244955,4067.360107421875,0.025337486240029516
2022-09-12,14.452966690063477,14.494815842064591,14.14706782384788,14.31745487874942,484159000,16.062523460388185,16.59135763168335,0.008201841622390349,0.5586142472580522,30.18699739678658,-0.9742894087951175,-0.7693528487607101,108.33000183105467,-0.010955874752269446,4110.41015625,0.04743573209245455
2022-09-13,13.083895683288574,13.87205855128794,13.052010885075775,13.752489132610048,714956000,15.76881365776062,16.56370346069336,-0.0947259504663599,0.6189242811680853,23.376400187227105,-1.041313169874762,-0.8237449129835205,109.81999969482422,-0.0035386933389729425,3932.68994140625,0.006268886714135613
2022-09-14,13.08090877532959,13.242327368226784,12.86667985035143,13.206456253054055,588507000,15.482574462890625,16.527203769683837,-0.0002282888851521392,0.6211456532261135,22.951681982434536,-1.0821961187073974,-0.875435154128296,109.66000366210938,-0.001638680642591761,3946.010009765625,-0.008507842322704517
2022-09-15,12.882623672485352,13.185533127876544,12.744122325287629,12.968315632030306,523625000,15.213515758514404,16.483431339263916,-0.015158358356431756,0.6196582939792485,14.773544835955448,-1.117711814815042,-0.9238904862656453,109.73999786376952,0.0002734370572163858,3901.35009765625,-0.026167030880573705
2022-09-16,13.15065574645996,13.16460546448062,12.571739597842733,12.6962911946005,670751000,14.936043548583985,16.430516052246094,0.020805705482732417,0.6170808241447082,23.1032444403277,-1.111418570083,-0.9613961030291163,109.76000213623048,0.006972496662664973,3873.330078125,-0.04770416785639919
2022-09-19,13.333996772766112,13.414706540772462,12.963331449798703,12.965324131066843,569685000,14.713758993148804,16.38166603088379,0.013941588148979278,0.6136602447779824,27.679612392729467,-1.0791967315695636,-0.9849562287372058,109.73999786376952,0.013015748258859983,3899.889892578125,-0.051216364223840904
2022-09-20,13.128734588623049,13.434633475375264,13.010161983326146,13.167595196842449,524818000,14.521802949905396,16.34237747192383,-0.015393897841815773,0.6019457984847362,28.344685707823842,-1.0580273544713652,-0.9995704538840378,110.22000122070312,0.003642337707070231,3855.929931640625,-0.019518449435191765
2022-09-21,13.213430404663086,13.98066875064519,13.06297204241683,13.165603203916463,807679000,14.326760244369506,16.30617736816406,0.006451178936424773,0.6010028103495902,31.6873990054535,-1.0226280069813072,-1.0041819645034917,110.63999938964844,0.00893667421860278,3789.929931640625,-0.03955389817530408
2022-09-22,12.515941619873049,13.10183266935545,12.38341928920965,13.023115583255532,759162000,14.094801378250121,16.254393882751465,-0.05278635172164603,0.6150571702346244,34.877606072345856,-1.0388797260309648,-1.0111215168089864,111.3499984741211,0.014671046488903938,3757.989990234375,-0.036746281116375346
2022-09-23,12.47110366821289,12.565763159913388,12.213032901606326,12.375448310956983,663309000,13.826184606552124,16.19756977081299,-0.003582467306252335,0.5818681755397191,36.868318718139605,-1.0433502858059391,-1.0175672706083772,113.19000244140624,0.03125000217218066,3693.22998046875,-0.04649748253405572
2022-09-26,12.18413543701172,12.613590061867972,12.170185718593244,12.446192490592988,547343000,13.625548315048217,16.12723665237427,-0.023010652371739382,0.5107500461148614,35.97904155902728,-1.0578548820125686,-1.0256247928892155,114.0999984741211,0.03973027788613637,3655.0400390625,-0.06278378627601733
2022-09-27,12.368473052978516,12.690314364148412,12.21402932430884,12.462135725855696,553854000,13.456989860534668,16.05383653640747,0.015129314420359474,0.5174499901692876,34.97344682732697,-1.0424585605929177,-1.028991546429956,114.11000061035156,0.03529304433465885,3647.2900390625,-0.05410883918457321
2022-09-28,12.690313339233398,12.77700114543241,12.309683684312091,12.365482557221195,542414000,13.321108722686768,15.969122409820557,0.026021020127248384,0.5326202618788741,35.67185450206094,-0.9928421769806324,-1.0217616725400913,112.5999984741211,0.01771510389809383,3719.0400390625,-0.01870480295329302
2022-09-29,12.176165580749512,12.455160919270222,11.903148286154517,12.403347404233896,532763000,13.1781476020813,15.857888717651367,-0.04051497742725918,0.5418309486519753,25.895439457614273,-0.9836691371978645,-1.014143165471646,112.25,0.008082636176129698,3640.469970703125,-0.031272041659674676
2022-09-30,12.09545612335205,12.587684528904116,12.03168556856468,12.043642606978148,565638000,13.088776445388794,15.740199642181397,-0.006628478962626971,0.48104384098603353,23.4634361140792,-0.9717107392436652,-1.0056566802260498,112.12000274658205,-0.009453129002078509,3585.6201171875,-0.029137059931369835
2022-10-03,12.467117309570312,12.632522202880898,12.061576751367282,12.3027092319889,547478000,13.032432031631469,15.644507007598877,0.030727339459379,0.4951699899255084,41.04715526566346,-0.9216198115841454,-0.988849306497669,111.75,-0.02059595535099057,3678.429931640625,0.006399353311632883
2022-10-04,13.119766235351562,13.172576558568696,12.832799262641858,12.832799262641858,584182000,13.017784643173218,15.56774450302124,0.052349625785605536,0.5319873665831625,50.47453623094897,-0.8198088307448899,-0.9550412113471132,110.06999969482422,-0.03540444215159222,3790.929931640625,0.03938263506322248
2022-10-05,13.161617279052734,13.273215984590474,12.575727163303045,12.864686858561551,507131000,12.992625284194947,15.501600856781005,0.003189922971981174,0.5273225064872006,53.54248595216496,-0.7273612971910204,-0.9095052285158947,111.06999969482422,-0.013587911190323099,3783.280029296875,0.017273272016336882
2022-10-06,13.082900047302246,13.607013197671234,13.0559964762576,13.172577350446693,644157000,12.949779605865478,15.408840446472167,-0.0059808175607545255,0.5213393376509139,49.096230977752754,-0.6529213130683296,-0.8581884454263817,112.26000213623048,8.91058906946629e-05,3744.52001953125,0.02858148801266691
2022-10-07,12.03268051147461,12.624549544676157,11.978874322115674,12.460141479897947,672478000,12.83464412689209,15.291210746765136,-0.08027421535213797,0.5754489988107222,35.90241142676962,-0.6709368860516918,-0.8207381335514438,112.8000030517578,0.006064933004976014,3639.659912109375,0.015071254944950097
2022-10-10,11.628138542175291,12.080509516858074,11.36707828047822,11.993821701559334,698699000,12.69340271949768,15.161924076080322,-0.03362027013960345,0.5788994713547805,34.41640489147062,-0.7096768010562471,-0.7985258670524045,113.13999938964844,0.012438473285444562,3612.389892578125,-0.017953322556030105
2022-10-11,11.544439315795898,11.803505925509851,11.242525784323794,11.51952842526829,667482000,12.616429901123047,15.025425052642822,-0.007197990123338771,0.4850985495469178,32.664044641523375,-0.7386179627675027,-0.7865442861954242,113.22000122070312,0.028618166027187142,3588.840087890625,-0.05330877842486004
2022-10-12,11.458747863769531,11.692904543242312,11.304304136894013,11.537464950855002,492590000,12.535321855545044,14.885518779754639,-0.007422746976470163,0.4846769464625413,37.41996676336851,-0.759711148739763,-0.7811776587042919,113.31999969482422,0.020257495328910524,3577.030029296875,-0.05451618659016677
2022-10-13,11.917099952697754,12.03467672139459,10.774213888326749,10.931647140467248,850103000,12.487045669555664,14.747468070983887,0.040000189756984605,0.5099636715447131,43.99829489441549,-0.7310157728349846,-0.7711452815304305,112.36000061035156,0.0008907756299498804,3669.909912109375,-0.01992514582181748
2022-10-14,11.186725616455078,12.06755426824253,11.16380836002219,12.013748081279,713432000,12.38884916305542,14.588394966125488,-0.061287925681728916,0.540638225171198,40.1418184615106,-0.7584664564521955,-0.7686095165147835,113.30999755859376,0.004521227775162062,3583.070068359375,-0.01554811304257353
2022-10-17,11.845355033874512,11.905140220648136,11.47568654235639,11.476682407821524,580774000,12.31441707611084,14.44699686050415,0.058875978548238006,0.5859018628839536,45.27281686783495,-0.7187896714982909,-0.758645547511485,112.04000091552734,-0.009722454304889605,3677.949951171875,0.018148666268955838
2022-10-18,11.924071311950684,12.447187622313416,11.57632328719115,12.299718771902551,659362000,12.254183912277222,14.33100025177002,0.0066453287259913285,0.5860627607344444,42.757581903487065,-0.6732331748189484,-0.7415630729729777,112.12999725341795,-0.009627309269855888,3719.97998046875,0.03654102422133931
2022-10-19,12.007771492004396,12.30569968628764,11.791549885257233,11.836388541745388,523131000,12.193900966644287,14.230762691497803,0.007019429678337019,0.5862024936221888,48.2673766692938,-0.6231916525180949,-0.7178887888820011,112.9800033569336,-0.003000320674252155,3695.159912109375,0.03302457117915791
2022-10-20,12.15025806427002,12.72319524071747,12.061576624677793,12.069548299667495,652398000,12.175616788864136,14.113233375549317,0.011866196184737499,0.559315533918521,50.55678437066042,-0.5655169822438939,-0.6874144275543796,112.87999725341795,0.004627951586344992,3665.780029296875,-0.0011253362920089494
2022-10-21,12.421279907226562,12.45316565230335,11.84435745216042,12.054600015489106,609494000,12.173125600814819,14.004212455749512,0.022305850750078404,0.5651777682204415,49.52457239805667,-0.49226566071351385,-0.6483846741862065,112.01000213623048,-0.01147291016126839,3752.75,0.04735601827577951
2022-10-24,12.553805351257324,12.664407237339118,12.020724633774568,12.46313217810174,517457000,12.191609096527099,13.88256155014038,0.010669226120060271,0.559280599933578,43.41986535324096,-0.4186933288144523,-0.6024464051118557,111.98999786376952,-0.0004462964240381506,3797.340087890625,0.03246105528997467
2022-10-25,13.213430404663086,13.252291014913888,12.618571815177775,12.64846488467942,505482000,12.233856964111329,13.767668323516846,0.052543833120663797,0.5859781553528524,50.52673809027047,-0.3036600921111443,-0.5426891425117134,110.9499969482422,-0.010523502488891556,3859.110107421875,0.037400773037384205
2022-10-26,12.849738121032717,13.33997279819463,12.662412806623726,12.822835502603272,532953000,12.241828203201294,13.64854923248291,-0.027524440852393695,0.5900572302514444,47.75946979763676,-0.23908631285130433,-0.4819685765796316,109.6999969482422,-0.029031742885765266,3830.60009765625,0.0366534030375858
2022-10-27,13.128734588623049,13.788360510627266,13.07492839668743,13.5811064674659,583113000,12.289456653594971,13.545847969055176,0.021712229849545794,0.5726750346097131,62.365084228755194,-0.16351356173908016,-0.41827757361152135,110.58999633789062,-0.02028703907908702,3807.300048828125,0.03860570421580767
2022-10-28,13.78437614440918,13.800319496329138,13.014149183187982,13.056995159747698,521040000,12.373902654647827,13.447533493041993,0.049939432575191844,0.5930678897658705,73.02122065123478,-0.05013884844896843,-0.3446498285790108,110.66999816894533,-0.01196325276072574,3901.06005859375,0.039520367355605934
2022-10-31,13.448585510253906,13.788362885764602,13.249303107599212,13.728577689841469,486341000,12.422976064682008,13.360911445617676,-0.024360234415938153,0.5963433294441526,69.29130906450231,0.012472159506097924,-0.2732254309619891,111.52999877929688,-0.004107501502341404,3871.97998046875,0.019655835624558637
2022-11-01,13.494417190551758,13.8750468051688,13.470503118907711,13.761455439986172,432817000,12.441708612442017,13.291442680358887,0.0034079182723645296,0.5689022646212192,70.79172334041537,0.0650403236028474,-0.2055722800490218,111.4800033569336,0.004776984436859699,3856.10009765625,-0.0007799750931791749
2022-11-02,13.17158031463623,14.159025547914592,13.16360959020308,13.800317291584546,672628000,12.442206764221192,13.212588596343995,-0.02392373611670795,0.5762595671992053,63.17767843618742,0.07973163786655313,-0.14851149646590683,111.3499984741211,0.015041035294261595,3759.68994140625,-0.018511500663665248
2022-11-03,13.372855186462402,13.731564388380816,12.909524051073214,12.99621185480263,500065000,12.4567045211792,13.136943321228028,0.015280996434612781,0.5779448503831387,75.83607718443574,0.1063894192972814,-0.0975313133132692,112.93000030517578,0.02115927339517798,3719.889892578125,-0.02295856778530092
2022-11-04,14.105218887329102,14.177956971752687,13.647864854214127,13.935828645472183,612576000,12.560331439971923,13.062178916931153,0.054764946651638446,0.5196460715394764,76.24999473812363,0.1844849060224334,-0.041128069446128686,110.87999725341795,0.0018975249656374427,3770.550048828125,-0.03345501166487319
2022-11-07,14.249699592590332,14.360301478064772,13.903945167549931,14.1769615012651,410061000,12.691409492492676,13.023235683441163,0.010243067223226099,0.49526136523690967,76.60738827528208,0.25509396292454767,0.018116337028006586,110.12000274658205,-0.012642302951199946,3806.800048828125,-0.01683374706723928
2022-11-08,14.549620628356934,14.837583500238216,14.165004638425565,14.747906191962752,595292000,12.841668558120727,12.99943525314331,0.021047533936965124,0.4918767456862488,77.71018626065181,0.331432720183372,0.08077961365907968,109.62000274658205,-0.016684612076986127,3828.110107421875,-0.007258626468588658
2022-11-09,13.72658348083496,14.160023489846736,13.709644264687311,14.111198522670565,454414000,12.955060338973999,12.965808200836182,-0.05656760190144683,0.5457216367032831,64.96405596271951,0.3218098917925687,0.12898566928577748,110.5500030517578,-0.0071845121987067495,3748.570068359375,-0.0029576569398475083
2022-11-10,15.693500518798828,15.71641777595713,14.494815934563771,14.746908614064782,700819000,13.143880367279053,12.97897045135498,0.14329254185574114,0.7179489596081444,73.49742493185336,0.46750835244313116,0.19669020591724823,108.20999908447266,-0.04179581340607508,3956.3701171875,0.06357183450004733
2022-11-11,16.268430709838867,16.330208574296904,15.426462616385566,15.750296571579392,655487000,13.397965621948241,13.026681480407715,0.036634923505520334,0.6622961708027536,75.08072377023181,0.6221952146033978,0.2817912076544782,106.29000091552734,-0.0413960718938341,3992.929931640625,0.05897810132015491
2022-11-14,16.23655128479004,16.4806733266682,15.86488905990528,16.159827811787714,527852000,13.617525434494018,13.07953239440918,-0.0019595882121283825,0.6496446716597805,72.3023174071336,0.7337549933335747,0.3721839647902975,106.66000366210938,-0.03142025970009399,3957.25,0.039521369455217226
2022-11-15,16.606216430664062,16.93702431634431,16.323234794348377,16.66201530534491,545876000,13.851632690429687,13.143402442932128,0.022767467018708354,0.6488711868173239,77.68807767656367,0.8422864556182965,0.4662044629558973,106.4000015258789,-0.029374212187780135,3991.72998046875,0.042741684135378266
2022-11-16,15.85292911529541,16.303307412411236,15.816062134408572,16.104025972359103,649547000,14.043890571594238,13.187164936065674,-0.04536176669224157,0.6856455013086432,68.76720914693875,0.8576282262037758,0.544489215605473,106.27999877929688,-0.038625094116567116,3958.7900390625,0.05608004302161307
2022-11-17,15.620763778686523,16.20765162732223,15.47927296101109,15.658627572163232,710894000,14.217415857315064,13.220783939361572,-0.014644948887387987,0.6935820851500796,63.43492268328949,0.8413542791415036,0.6038622283126792,106.69000244140624,-0.014046730024273035,3946.56005859375,-0.0024795603806460065
2022-11-18,15.35372543334961,15.944598642065296,15.065761621009438,15.90872657967121,492072000,14.364038133621216,13.241150646209716,-0.017095088890677013,0.7010187059985022,64.07954807509603,0.7977137485770456,0.6426325323655525,106.93000030517578,0.006021256789310536,3965.340087890625,-0.006909673904210933
2022-11-21,15.262056350708008,15.421482258214429,15.025906036280436,15.092666086419095,404739000,14.49945068359375,13.257332439422607,-0.005970478177399818,0.7037767645506275,62.97546742384148,0.7471190613591006,0.6635298381642621,107.83999633789062,0.011063122400777115,3949.93994140625,-0.001847257209868003
2022-11-22,15.98046588897705,16.00039459772675,15.067751553708566,15.27301288266604,472866000,14.637802457809448,13.315263843536377,0.04707160829187451,0.6997190338806778,69.4870988026139,0.7562741948097038,0.6820787094933506,107.22000122070312,0.007706763938577277,4003.580078125,0.0029686621375273337
2022-11-23,16.459741592407227,16.467714217291594,15.990432410924427,16.040252289045704,427241000,14.818302631378174,13.38284049987793,0.02999134735870057,0.6880189993900394,70.62037427409332,0.7930613304670349,0.7042752336880874,106.08000183105467,-0.001881792910606972,4027.260009765625,0.01729568126309111
2022-11-25,16.21163558959961,16.427856209576845,16.113987567674407,16.259463735177064,167934000,14.972447681427003,13.449420738220216,-0.015073505341181459,0.6944242020765019,65.0441529130406,0.7930534925903512,0.7220308854685402,105.95999908447266,-0.006842284564896328,4026.1201171875,0.020159343177992506
2022-11-28,15.770224571228027,16.298324023340506,15.668591183311175,15.968510119436203,303741000,15.071740102767944,13.501812114715577,-0.027228037290374596,0.6917504200322514,60.417819384370986,0.7487974301947542,0.727384194413783,106.68000030517578,-0.0023379781098522567,3963.93994140625,-0.00035309619183754304
2022-11-29,15.582900047302246,15.874849224323372,15.46432743853725,15.770225383983297,298384000,15.178455829620361,13.5467901802063,-0.011878367557780045,0.6854884857100018,57.190415893519365,0.6906473061221341,0.7200368167554533,106.81999969482422,-0.009458426165654621,3957.6298828125,0.0019468502104647012
2022-11-30,16.866609573364258,16.873586217572935,15.545027852999588,15.644694063052636,565298000,15.347065448760986,13.621547679901123,0.08237937239957138,0.7337247275875375,70.53435181154495,0.7396216462511287,0.7239537826545883,105.9499969482422,-0.011844844786437991,4080.110107421875,0.0191153986690622
2022-12-01,17.077899932861328,17.207465887298017,16.579566121809616,16.942353455622023,470977000,15.542381429672242,13.698837070465087,0.0125271388169641,0.7212322433655344,61.75179501195055,0.7864181904573613,0.7364466642151429,104.7300033569336,-0.012726229739994932,4076.570068359375,0.012244071272820456
2022-12-02,16.819766998291016,16.87657817899184,16.39020337504846,16.603491006042972,371389000,15.714727020263672,13.784913578033446,-0.015115027935818537,0.7285556884269236,54.94617131546094,0.793528317884471,0.7478629949490085,104.5500030517578,-0.013306870940898996,4071.699951171875,0.011321031826595274
2022-12-05,16.554651260375977,16.93836855658918,16.41711062983356,16.623421575647185,352255000,15.837198638916016,13.86658452987671,-0.01576215282542115,0.7172029660142019,52.73912396516673,0.768907038993575,0.7520718037579219,105.29000091552734,-0.013029615538733719,3998.840087890625,0.008804408492625537
2022-12-06,15.93372631072998,16.517773048794822,15.766285923687205,16.474917069486207,352694000,15.921399974822998,13.941576347351074,-0.037507582605028844,0.7358605184133948,44.449441895604416,0.6913219152298744,0.7399218260523125,105.58000183105467,-0.011608293084741761,3941.260009765625,-0.004136281949448373
2022-12-07,16.0662841796875,16.132064232758374,15.614792692114394,15.719443294997909,372388000,15.997233152389526,14.015532569885254,0.00831932633788579,0.7339253393317283,51.96201882220462,0.6332319540756703,0.7185838516569841,105.0999984741211,-0.00802263802363623,3933.919921875,-0.03582996088290591
2022-12-08,17.11178970336914,17.12175660926792,15.905820703517822,16.218775465562125,515456000,16.166493463516236,14.103962097167969,0.06507450708505869,0.7234560229724153,61.92730833582796,0.6639057077206196,0.7076482228697112,104.7699966430664,0.0003818703795559486,3963.510009765625,-0.02773411389915137
2022-12-09,16.944347381591797,17.524408725344184,16.91843494852363,17.102817944678048,465338000,16.229035806655883,14.199325733184814,-0.009785202172299723,0.5344254705907334,62.93004592490147,0.6670147516286313,0.6995215286214952,104.80999755859376,0.0024867957842837907,3934.3798828125,-0.03372548812685794
2022-12-12,17.4765682220459,17.47955848372448,16.741028482869503,16.9802285062354,457328000,16.289442682266234,14.30694797515869,0.03140993444411455,0.530549290592977,66.79842560606701,0.7043056678705213,0.7004783564713004,105.12999725341795,-0.0015196472667690086,3990.56005859375,-0.002070607754970921
2022-12-13,18.011777877807617,18.727385645434477,17.65198080321333,18.46924795413836,656589000,16.378204011917113,14.417841186523438,0.030624413727094124,0.5381596524197402,65.84925127758514,0.7681907096265483,0.71402082710235,103.9800033569336,-0.015154370585078625,4019.64990234375,0.019889551154679275
2022-12-14,17.615108489990234,18.19118356291585,17.361955128916474,17.927065273167447,496888000,16.42864861488342,14.507748031616211,-0.022022778123758746,0.5428254211617519,59.13243902284583,0.7778456406394127,0.7267857898097626,103.7699966430664,-0.012654632258459753,3995.320068359375,0.015607879088476828
2022-12-15,16.895511627197266,17.26228539533921,16.64435244524807,17.088865417042985,478542000,16.480777740478516,14.582425918579101,-0.040851117278209115,0.5376520482134569,55.03063717924687,0.7191419691515968,0.7252570256781294,104.55999755859376,-0.0020043818955923776,3895.75,-0.017095960297481838
2022-12-16,16.51578140258789,16.984216489206464,16.355318584988897,16.807806241482627,478232000,16.525528621673583,14.651083545684815,-0.022475213120987103,0.5419017209771124,55.53458912008604,0.6346618442945662,0.7071379894014168,104.6999969482422,-0.0010495240236034764,3852.360107421875,-0.02084693848424035
2022-12-19,16.19983673095703,16.55365331311345,16.091200695343332,16.516777854754576,354039000,16.567834186553956,14.734426670074463,-0.01912986518345139,0.5429660938547192,54.493969346767116,0.5360375351249793,0.6729178985461293,104.72000122070312,-0.003899895780711593,3817.659912109375,-0.043327288387010054
2022-12-20,16.031396865844727,16.255647448102433,15.799174471467346,16.01046693823351,403260000,16.60630121231079,14.82249183654785,-0.010397627328578296,0.5441870926029513,42.73574103928412,0.43922228901306326,0.626178776639516,103.97000122070312,-9.619288235773737e-05,3821.6201171875,-0.04926543106174097
2022-12-21,16.446012496948242,16.571593975514052,16.04834193364069,16.060302979691098,325025000,16.62957854270935,14.920523300170899,0.02586272640950349,0.5263247063588415,44.69190077093704,0.391439257201295,0.5792308727518718,104.16000366210938,0.003758379412735824,3878.43994140625,-0.029254258721034154
2022-12-22,15.287886619567873,16.084224902594713,14.832409670787916,16.040370897342594,565045000,16.570985794067383,14.997106075286865,-0.0704198587709497,0.5739005244050343,38.82181733560458,0.2571554528033104,0.5148157887621596,104.43000030517578,-0.0012432790402958638,3822.389892578125,-0.01883080470304177
2022-12-23,15.155330657958984,15.287886895394593,14.83340700919184,15.14536375199491,349326000,16.51817054748535,15.061870689392089,-0.008670653106441994,0.5725731910465051,39.58767507225429,0.13844253273007112,0.4395411375557419,104.30999755859376,-0.0037249226458070384,3844.820068359375,-0.001957251879951105
2022-12-27,14.073946952819824,15.049684866029647,14.009163010503425,15.023771479202397,464902000,16.43335666656494,15.119615116119384,-0.07135335609264715,0.6172691634175937,37.04888737528846,-0.042408085204280965,0.34315129300373737,104.18000030517578,-0.005156616780296441,3829.25,0.003035914187605293
2022-12-28,13.989228248596191,14.214474984092549,13.83773433063608,13.880591262742838,351066000,16.35367307662964,15.162492580413819,-0.006019541249347893,0.6167481646505556,35.43880006594807,-0.19037506899172207,0.2364460206046455,104.45999908447266,0.0047128773493940734,3783.219970703125,-0.010048132809347687
2022-12-29,14.554338455200195,14.634071797044276,14.179591938632296,14.354008980352376,354923000,16.238059520721436,15.215097923278808,0.040396095950519184,0.5528547037234922,30.776142385245336,-0.25905408460615575,0.13734599956248525,103.83999633789062,-0.003072266829567738,3849.280029296875,-0.007518464266537572
2022-12-30,14.565301895141602,14.580251302126824,14.185570989377842,14.28623425846336,310490000,16.11242961883545,15.266248531341553,0.0007532764182414109,0.5489715677583462,31.686365772009154,-0.30903567046708424,0.04806966555657135,103.5199966430664,-0.008714006123241136,3839.5,0.004476285230634813
2023-01-03,14.26729679107666,14.946028158359788,14.04902671566482,14.801510894902009,401277000,15.984806108474732,15.308589305877685,-0.020459933217336412,0.5503000779239182,24.37121936901609,-0.36844574552037557,-0.03523341665881804,104.5199966430664,0.0020132210659356,3824.139892578125,-0.00537871094448239
2023-01-04,14.699851036071776,14.803504564817873,14.193544438500394,14.518458311262467,431324000,15.892066097259521,15.35416072845459,0.030317883711906246,0.5653610352651272,23.11055328130648,-0.3762875369668457,-0.10344424072042357,104.25,0.0006719110637278813,3852.969970703125,0.006194416844845563
2023-01-05,14.217463493347168,14.515466889422989,14.100852807580956,14.442710201080088,389168000,15.80625295639038,15.387433891296388,-0.0328158116392393,0.5620534981641023,22.79329637948959,-0.41662427114405354,-0.16608024680514957,105.04000091552734,0.0055523821188785405,3808.10009765625,0.00657644206411323
2023-01-06,14.80948543548584,14.959982279736408,13.987234779976571,14.42576814608272,405044000,15.743413019180299,15.419354991912842,0.041640475631655294,0.5845847141829523,32.94770938658412,-0.39625244901947454,-0.21211468724801458,103.87999725341795,0.0003852168426237146,3895.080078125,0.011898341632601728
2023-01-09,15.575923919677734,16.002497216572273,15.090546259586656,15.233070349137328,504231000,15.666619729995727,15.473878707885742,0.05175321502767338,0.565484819108986,42.77395717483423,-0.314635530393522,-0.23261885587711606,103.0,-0.005023151660826786,3892.090087890625,0.013697118867202818
2023-01-10,15.855987548828123,15.908810437445068,15.42044347056914,15.455326689560788,384101000,15.612201738357545,15.528423767089844,0.017980546810232756,0.5703388930555254,47.34166732531705,-0.22476380287237596,-0.23104784527616806,103.23999786376952,-0.012246448721846548,3919.25,0.024870980166406653
2023-01-11,15.947680473327637,15.974590928995806,15.511140262906103,15.787217661590548,353285000,15.535757350921632,15.571689853668213,0.005782858003460678,0.55711577089331,49.345007490595904,-0.14447553459376827,-0.21373338313968812,103.19000244140624,-0.010167842288669182,3969.610107421875,0.030272786345507008
2023-01-12,16.455982208251953,16.581561807242853,15.440377637088012,16.046352430023713,551409000,15.457967567443848,15.631837787628173,0.03187308246954457,0.5581609595120122,50.07687549288119,-0.03937688931493,-0.17886208437473652,102.25,-0.026561318461631123,3983.169921875,0.04597301009143617
2023-01-13,16.84269142150879,16.865615498543143,16.11113791019783,16.223760351513295,447287000,15.419346714019776,15.698803272247314,0.023499612989549723,0.5619483208365276,63.60782563217218,0.07426269182504797,-0.1282371291347796,102.1999969482422,-0.01617251010391685,3999.090087890625,0.0267029194983055
2023-01-17,17.643014907836914,17.66892924665794,16.842691082523842,16.842691082523842,511102000,15.456721878051757,15.788231964111327,0.04751755324010043,0.56767699317882,69.49389757783358,0.2262937222050514,-0.05733095886681341,102.38999938964844,-0.005922336022830654,3990.969970703125,0.025405342779742712
2023-01-18,17.319095611572266,17.81344118394388,17.224410962438323,17.60812825910423,439624000,15.496887588500977,15.867156772613525,-0.018359633994344482,0.5654319171925813,78.85494838089177,0.3169877910662233,0.017532791119793938,102.36000061035156,-0.008523801546171605,3928.860107421875,0.0024520271536327964
2023-01-19,16.709131240844727,17.139692742246442,16.67524604897352,16.979228061683155,452932000,15.522352313995361,15.919235019683837,-0.035219181440396485,0.5765539564498251,72.11858684873859,0.3357738748046444,0.08118100785676403,102.05999755859376,-0.010950720574448236,3898.85009765625,-0.017825430672228193
2023-01-20,17.779558181762695,17.796501732635843,16.76893705940326,16.954316196674295,564967000,15.60976037979126,15.989832191467285,0.06406239351938048,0.6143482568868381,74.23602397940888,0.4320560168973806,0.15135600966488735,102.01000213623048,-0.002347167371829051,3972.610107421875,-0.002651108202824104
2023-01-23,19.12904167175293,19.18086843158552,17.758623747963394,18.003802360832424,655163000,15.743911838531494,16.081420612335204,0.07590084501506134,0.6598945467390873,78.55088093515849,0.610218132930541,0.24312843431801806,102.13999938964844,-0.0005870602777429124,4019.81005859375,0.005181171278402896
2023-01-24,19.200803756713867,19.430038785893963,18.757286908397305,18.76426355229002,496204000,15.939557695388794,16.190905017852785,0.003751473084347312,0.5913417794929626,81.7632989504369,0.7485743943445122,0.34421762632331687,101.91999816894533,-0.004590303970161247,4016.949951171875,0.006509690791828504
2023-01-25,19.25861167907715,19.30545594731295,18.518087479978718,18.84997803686339,449537000,16.144721746444702,16.26220724105835,0.0030107032547044277,0.5873357014546747,80.83868030098799,0.8530538705201138,0.44598487516267626,101.63999938964844,-0.007034009538979147,4016.219970703125,0.02223542220712349
2023-01-26,19.73601531982422,20.09880270917431,19.213761238604867,19.63535204186898,489535000,16.42782516479492,16.331558933258055,0.02478909947936314,0.49705774644578027,87.35657576250946,0.9632730796572311,0.5494425160615872,101.83999633789062,-0.0021556067603943907,4060.429931640625,0.041442945980792345
2023-01-27,20.29713630676269,20.559260383334514,19.340336282657464,19.397145547454056,542142000,16.743220567703247,16.41277063369751,0.028431321006061605,0.4904287337980927,87.30345928768274,1.0834114780286122,0.6562363084549923,101.93000030517578,-0.0007842547728590388,4070.56005859375,0.024656321290850824
2023-01-30,19.098146438598636,20.072886152093297,19.08618539248616,19.883520664577752,488611000,16.970410966873168,16.462609233856202,-0.05907187349205367,0.556180569717007,72.61322722542637,1.0695445188588728,0.7388979505357685,102.27999877929688,0.0013706617435385038,4017.77001953125,-0.0005074963823573642
2023-01-31,19.47189712524414,19.621396897100432,18.88685330332513,19.10611950864817,498017000,17.215740728378297,16.534988594055175,0.01956999794965064,0.5541280739245479,72.938766166101,1.0763064202234318,0.8063796444733011,102.0999984741211,0.0017660940778019274,4076.60009765625,0.01484961157332143
2023-02-01,20.87321662902832,21.121385582722432,19.54565425570537,19.625387611698173,660477000,17.54603672027588,16.640037651062013,0.0719662544831059,0.572076788975971,76.79460546793092,1.1811247772043885,0.8813286710195187,101.22000122070312,-0.0041322134146735134,4119.2099609375,0.025643513299981047
2023-02-02,21.636659622192383,21.875859651889076,20.631022997012757,20.9300225588854,564276000,17.89287714958191,16.765696334838868,0.03657524409066615,0.5740277409747987,77.42136679638185,1.3106887454936782,0.9672006859143507,101.75,-0.0008837032710805603,4179.759765625,0.029388472647811303
2023-02-03,21.02968978881836,21.672540940249053,20.71972529905481,20.93002263417135,429366000,18.233488464355467,16.881049003601074,-0.02805284382952833,0.568422433679688,71.65684679961655,1.348843107211934,1.0435291701738674,102.91999816894533,0.009712526840042424,4136.47998046875,0.01619431255800552
2023-02-06,21.018722534179688,21.498118619101376,20.71673086922874,20.736664676346177,452197000,18.54395031929016,16.981814136505125,-0.0005215129062200452,0.567197813046438,69.01308194591773,1.3624898135190229,1.1073212988428986,103.62000274658205,0.013101329519730198,4111.080078125,0.02322434040279786
2023-02-07,22.0991153717041,22.184829243176587,21.07952350178786,21.31075078020512,664150000,18.87010989189148,17.094601612091065,0.05140145105239058,0.5669236379122045,74.80858312609254,1.4438399116132032,1.1746250213969596,103.43000030517578,0.013026462790709958,4164.0,0.021439410354230803
2023-02-08,22.131006240844727,22.80176393868283,21.934662201742093,22.312398971746344,559651000,19.18386082649231,17.212989025115967,0.0014430835173364631,0.570056215969133,79.93616004010275,1.4936657283236983,1.2384331627823073,103.41000366210938,0.021636064167111613,4117.85986328125,-0.0003277564554982071
2023-02-09,22.262569427490234,22.943294124655456,22.046293449181803,22.5306740800766,523876000,19.49960527420044,17.34283592224121,0.005944744907382393,0.5700126817705473,77.61541037345134,1.5261762864666224,1.2959817875191704,103.22000122070312,0.014447186444256799,4081.5,-0.023508472049782347
2023-02-10,21.19413948059082,22.00443010232316,20.74165374341449,21.6177244226343,550737000,19.736513137817383,17.45506071090698,-0.04799221178756197,0.6121075439926262,63.17730638704532,1.449024320171052,1.3265902940495466,103.62999725341795,0.006898553217103087,4090.4599609375,-0.011125406081630485
2023-02-13,21.71539688110352,21.974530722285284,20.89214911284721,21.466229945466377,474919000,19.98014841079712,17.552036457061767,0.02459441210104596,0.6123586461664731,65.17501491175994,1.413646312200651,1.3440014976797676,103.3499984741211,-0.002605715743139725,4137.2900390625,0.00637544402916479
2023-02-14,22.894454956054688,22.972194156462287,21.29480181435692,21.506095265379177,675474000,20.24272041320801,17.668367557525634,0.054295948695147755,0.6178033022228021,69.3261107376801,1.4638744850153778,1.3679760951468896,103.2300033569336,-0.0019336454379975665,4136.1298828125,-0.0066931117164985565
2023-02-15,22.688138961791992,22.77883530909594,22.03233270337105,22.47385529671558,420575000,20.511172580718995,17.785734996795654,-0.009011614151055891,0.6122098958099593,66.15748190304154,1.4700864557978086,1.3883981672770735,103.91999816894533,0.004931771480275238,4147.60009765625,0.007222255094252228
2023-02-16,21.92868423461914,22.47485658506641,21.853933394359046,22.059246323523663,412026000,20.772150230407714,17.893215656280518,-0.03347364578698209,0.6103661075769398,58.73999535311524,1.3976169793907935,1.3902419296998176,103.86000061035156,0.00620034278317827,4090.409912109375,0.0021829994142779086
2023-02-17,21.316726684570312,21.667552957905706,20.90510286763505,21.558916936890704,465888000,20.949008655548095,18.000875663757324,-0.027906715400768167,0.5982624424991637,62.68228173457043,1.2760945140607092,1.3674124465719961,103.86000061035156,0.0022194669789592503,4079.090087890625,-0.0027796074660193515
2023-02-21,20.58617210388184,21.422375105842487,20.54929474490413,20.930021777294268,410015000,21.02186517715454,18.091273422241212,-0.034271424102710446,0.5635836151242954,56.11998587859153,1.1080643594131452,1.315542829140226,104.18000030517578,0.008030980583541236,3997.340087890625,-0.03382647816578688
2023-02-22,20.68484306335449,21.03367717070481,20.3529525061691,20.6380006960692,513184000,21.09606714248657,18.16273448944092,0.004793069783674886,0.5635829443852316,48.79262051300606,0.9716604759359448,1.2467663584993698,104.58999633789062,0.01317439636473372,3991.050048828125,-0.03507622780107744
2023-02-23,23.58514404296875,23.80839853574855,22.94827344265805,23.361891451181727,1117995000,21.312393760681154,18.295550422668455,0.14021382568536223,0.7416408066184786,59.80341483852729,1.0850813237115169,1.2144293515417992,104.5999984741211,0.006543498048087626,4012.320068359375,-0.03261645918402789
2023-02-24,23.208406448364254,23.39578162812699,22.87053725456948,23.14761079034492,589716000,21.486013317108153,18.410187187194825,-0.015973512560200298,0.7458271637099735,61.22176151815296,1.131525070704427,1.1978484953743247,105.20999908447266,0.01299825212967054,3970.0400390625,-0.02942733751219606
2023-02-27,23.422685623168945,23.800422369181604,23.37584326309497,23.59112307758857,452994000,21.642290782928466,18.51840534210205,0.009232825841853254,0.74234884934584,62.12791901383852,1.1721112445926423,1.1927010452179883,104.66999816894533,0.007798936586112859,3982.239990234375,-0.023743064156333205
2023-02-28,23.13863754272461,23.745609343959064,23.1286706373406,23.294117844928124,455963000,21.844315338134766,18.628875923156738,-0.012127050032356923,0.7036286397210677,55.70256179957741,1.16789302974491,1.1877394421233727,104.87000274658205,0.006623175651612856,3970.14990234375,-0.006802069613552231
2023-03-01,22.62236213684082,23.178503244860902,22.43299475221164,23.11471543588402,460026000,22.001838588714598,18.74341293334961,-0.022312264710076635,0.7121499287846852,52.55943758581566,1.110094475423395,1.1722104487833773,104.4800033569336,-0.0010516587131496058,3951.389892578125,-0.009937273590854945
2023-03-02,23.23630714416504,23.302087189252028,22.357246368821404,22.413061410979573,389415000,22.119993114471434,18.877823448181154,0.027138855067853518,0.6759724896455718,54.82943231260939,1.1011357285999424,1.1579955047466903,105.02999877929688,0.004110901639087228,3981.35009765625,-0.0077187188896893355
2023-03-03,23.81039047241211,23.82035737741727,23.05292280095457,23.24229019406714,412393000,22.228679656982422,19.030034523010254,0.0247063065867259,0.6701867843200146,63.644871582910504,1.1273640331585426,1.1518692104290609,104.5199966430664,-0.00655833520968141,4045.639892578125,0.01904259220858573
2023-03-06,23.47551155090332,24.16719726800564,23.408733477576387,23.811388454961868,437429000,22.35097074508667,19.178916816711425,-0.014064402761340578,0.6626660593079752,59.361753974403676,1.1083518332119162,1.1431657349856321,104.3499984741211,-0.003057224614714582,4048.419921875,0.016618770290820706
2023-03-07,23.214338302612305,24.04869069829288,23.16748608515548,23.52535169548433,515154000,22.4607515335083,19.314283332824708,-0.011125348545640734,0.6651792060920082,51.88550973441578,1.059991111644056,1.126530810317317,105.62000274658205,0.00715171145568072,3986.3701171875,0.004085542169119272
2023-03-08,24.104515075683597,24.12345598243845,23.34990950267541,23.412709959422333,513573000,22.561021518707275,19.49061590194702,0.03834598951162538,0.6548358933439171,57.725797742568794,1.0810332391889546,1.1174312960916446,105.66000366210938,0.011294030123109478,3992.010009765625,0.010279956747319963
2023-03-09,23.361875534057617,24.37665537100153,23.30904176740064,24.09853658284537,501257000,22.62256498336792,19.654746799468995,-0.030809146721858305,0.6671315808994213,57.83188512866866,1.025957868683438,1.0991366106100033,105.30999755859376,0.0026658933880905344,3918.320068359375,-0.0158313204694005
2023-03-10,22.89236068725586,23.55226740158579,22.65411633700963,23.334956536006658,474866000,22.6540545463562,19.831115074157715,-0.02009748087722174,0.6722557964428867,58.746448845588944,0.9336616462498171,1.0660416177379661,104.58000183105467,0.0005741024676184647,3861.590087890625,-0.04549337300760414
2023-03-13,22.893356323242188,23.22430691098968,22.22647370103853,22.68003442386319,421890000,22.73901538848877,20.009197635650636,4.3492062698602396e-05,0.645783294342974,63.936110181112056,0.8507891962594236,1.0229911334422577,103.5999984741211,-0.007187350368634604,3855.760009765625,-0.0475889151390565
2023-03-14,23.98688697814941,24.14239367745541,23.3857936653715,23.42168099679016,474910000,22.852589893341065,20.19784860610962,0.047766288152210734,0.6603676292215976,67.80542309763524,0.8633982498349404,0.9910725567207943,103.5999984741211,-0.01912520564222686,3919.2900390625,-0.01682735826153714
2023-03-15,24.151365280151367,24.20918048237132,23.286110812358,23.68584148519149,524486000,22.9154354095459,20.389569873809815,0.006857009087998245,0.6351179028604824,54.331056509751704,0.8765586178975688,0.9681697689561493,104.6500015258789,-0.009558982597240528,3891.929931640625,-0.025070096988778823
2023-03-16,25.460214614868164,25.507064935559395,23.818422785484607,23.95100343205416,583253000,23.054039192199706,20.613428230285646,0.05419359607767049,0.6579570093886227,65.07462770421044,0.9812898091160989,0.9707937769881392,104.41999816894533,-0.008451233598721242,3960.280029296875,0.01070866090708833
2023-03-17,25.64362907409668,26.31549691711218,25.58680826166632,25.8998161213944,848547000,23.239786434173585,20.832303791046144,0.007203963595868723,0.6407516015072008,64.92970149161873,1.0667927242358388,0.9899935664376791,103.70999908447266,-0.008319016364022214,3916.639892578125,0.014255734926430508
2023-03-20,25.81807518005371,25.941683502515943,25.050510315188035,25.533976817306044,432747000,23.464853858947755,21.064316024780272,0.006802707426978083,0.626210046801213,68.28118733233858,1.1355409342864995,1.0191030400074432,103.27999877929688,-0.003088800188584484,3951.570068359375,0.02484855342425063
2023-03-21,26.11613273620605,26.30852307379936,25.30072115664496,26.097193730071265,547408000,23.741351890563966,21.290448970794678,0.011544530491669258,0.6036450518282922,74.56877866314139,1.2002395257367873,1.055330337153312,103.26000213623048,-0.003281817981643509,4002.8701171875,0.0213253107812843
2023-03-22,26.384279251098636,27.501733695308825,26.154009031774457,26.341414093559983,797295000,24.02632369995117,21.506616077423097,0.010267466381836954,0.6030164597284695,73.26872289923038,1.2586419672264597,1.0959926631679417,102.3499984741211,-0.02197805081913018,3936.969970703125,0.011572674702166053
2023-03-23,27.104995727539062,27.412022096248386,26.605580921982124,27.02923590014394,564889000,24.202316284179688,21.731596240997316,0.027316132822177375,0.3780527962802009,73.83588841750371,1.3475484198791285,1.1463038145101792,102.52999877929688,-0.018099975318813355,3948.719970703125,-0.0029190003000374443
2023-03-24,26.694297790527344,27.08107103959281,26.27163910855887,26.945501524795564,454920000,24.376610851287843,21.94652858734131,-0.015152112220938041,0.3773943631653907,73.03464401199523,1.3690855667840829,1.19086016496496,103.12000274658205,-0.0056889050535046115,3970.989990234375,0.01387671553855152
2023-03-27,26.44708251953125,26.91459893449874,26.28160721288135,26.752114397420492,361026000,24.52783069610596,22.146350593566893,-0.009260976742524352,0.3818130249966423,73.18084127756543,1.3506364087893097,1.22281541372983,102.86000061035156,-0.004066597346140788,3977.530029296875,0.0065695307152375815
2023-03-28,26.326465606689453,26.42914045882786,25.768237406573,26.36334923056696,356104000,24.6872220993042,22.336026077270507,-0.00456068879252447,0.3778778425378882,67.90936701917332,1.311168210375378,1.2404859730589397,102.43000030517578,-0.008037979991126543,3971.27001953125,-0.007894359979497168
2023-03-29,26.898653030395508,26.99235558601917,26.51287791862298,26.740157428680025,393694000,24.901036643981932,22.52113883972168,0.021734304644398073,0.3650920839644826,79.31257429749348,1.3109483256415757,1.254578443575467,102.63999938964844,0.002833423740603802,4027.81005859375,0.02307360446399387
2023-03-30,27.29638671875,27.412020935167096,27.01627538766958,27.14287449155548,364516000,25.10404062271118,22.720684661865235,0.014786379373906033,0.3595169966669101,86.93979444064395,1.3275645127343552,1.2691756574072446,102.13999938964844,-0.0038037588441597325,4050.830078125,0.025859039936856565
2023-03-31,27.68914031982422,27.745959234891043,27.01926500881584,27.054154149877142,433933000,25.297978115081786,22.940284843444825,0.014388483176215994,0.3551201841115203,87.74517221501657,1.356784724214851,1.286697470768766,102.51000213623048,-0.005915444085573207,4109.31005859375,0.03483264090303373
2023-04-03,27.876548767089844,27.91143791237505,27.24953854012971,27.42199168757704,398716000,25.518029975891114,23.142224655151367,0.006768301402678478,0.34567497980528916,85.70644662110323,1.379166079724012,1.3051911925598152,102.08999633789062,-0.0074859446615971326,4124.509765625,0.03695251456193471
2023-04-04,27.366167068481445,27.911437825351527,27.2206289482267,27.87754496966134,368592000,25.72562141418457,23.306967163085936,-0.01830864010005928,0.35206206607891277,77.74909088035446,1.340270127829676,1.3122069796137874,101.58999633789062,-0.008200761151835212,4100.60009765625,0.03256642773947305
2023-04-05,26.795974731445312,26.91260333198188,26.311511909986283,26.74413916410164,515015000,25.860194396972656,23.458870582580566,-0.020835666741684244,0.34815379193618257,63.21496300573454,1.2490369291992671,1.2995729695308835,101.8499984741211,-0.007696813330330343,4090.3798828125,0.01553445254580721
2023-04-06,26.95148277282715,26.994346033960124,26.34341159102696,26.49991459021249,397654000,26.039674758911133,23.612728004455565,0.005803410509987783,0.3206342641199809,63.01071988050566,1.1757290882264222,1.2748041932699914,101.81999969482422,-0.003132951798868411,4105.02001953125,0.013377490628126543
2023-04-10,27.49176597595215,27.53363294419949,26.58464452796212,26.738156744869016,395279000,26.269645023345948,23.767843017578127,0.020046511269121048,0.3063817994181154,65.52042019054034,1.147995062776456,1.2494423671712842,102.58000183105467,0.0006828572174952807,4109.10986328125,-4.871749993196062e-05
2023-04-11,27.083065032958984,27.702101097960742,27.04019987081764,27.63630987127737,314378000,26.479130458831786,23.90356159210205,-0.014866303727111063,0.31679575954215833,58.786231978251045,1.080580636412769,1.2156700210195812,102.1999969482422,0.001077486671539285,4108.93994140625,-0.0037749514738730783
2023-04-12,26.41119766235352,27.381119656216438,26.364345440236946,27.2834300542219,446259000,26.60034599304199,24.04982261657715,-0.024807656363407538,0.3022768701939207,50.22788021506286,0.9618524991688453,1.1649065166494341,101.5,-0.0008858779519126392,4091.949951171875,-0.0021094830703728418
2023-04-13,26.379297256469727,26.80195593760321,26.24572222212685,26.649439996093157,353615000,26.71174259185791,24.18797061920166,-0.0012078363992278351,0.3029731230060094,43.04546426632595,0.8553258350563056,1.1029903803308085,101.01000213623048,-0.008247386848062144,4146.22021484375,0.01365162494219363
2023-04-14,26.673364639282227,26.79796926788527,26.13706621130104,26.420168322960837,395660000,26.772400093078613,24.303973579406737,0.011147657951364742,0.24187442339777696,49.794805887304214,0.7855758371861512,1.039507471701877,101.5500030517578,-0.0026517054004679963,4137.64013671875,0.00794639661494867
2023-04-17,26.91659164428711,26.920578703015185,26.34939118660513,26.480973631209377,321471000,26.836048221588136,24.409572219848634,0.009118722301973081,0.2424693291941691,54.60589490480898,0.7413786958103685,0.9798817165235754,102.0999984741211,-0.004679307353923856,4151.31982421875,0.010272288242932026
2023-04-18,27.579486846923828,28.021086392851625,27.270467934497677,27.445911825397904,604812000,26.92411880493164,24.540568161010743,0.024627754189576745,0.2545822657536724,61.11010391961349,0.7511830747626327,0.9341419881713868,101.75,-0.004403101386295516,4154.8701171875,0.011178108328721681
2023-04-19,27.8426570892334,27.911439093224423,27.145868542223823,27.27446024047473,358660000,27.010445022583006,24.677046852111815,0.009542245791963389,0.2538336520067781,58.855423971784596,0.7712977149264262,0.9015731335223948,101.97000122070312,0.004630553898552936,4154.52001953125,0.015291015067634417
2023-04-20,27.01827049255371,27.94134215983428,26.91459935193496,27.583476516154896,427713000,27.042144584655762,24.775429954528807,-0.029608761622053392,0.2777155680494774,47.58443054134082,0.712504297485701,0.863759366315056,101.83999633789062,0.008216950639608367,4129.7900390625,-0.003962687684177735
2023-04-21,27.033222198486328,27.09702084669948,26.637478546679382,26.86675060131897,345103000,27.038555908203126,24.87347427368164,0.0005533924140976865,0.2602021312461326,43.90290605273404,0.6595141002776437,0.8229103131075737,101.81999969482422,0.002658755637149568,4133.52001953125,-0.0009957649895496745
2023-04-24,26.956466674804688,27.27944127802104,26.586639849155414,26.92755907031357,339282000,27.051664352416992,24.96735221862793,-0.0028393035472455974,0.25429900827378954,41.267731074182684,0.6043587860428516,0.7792000076946294,101.3499984741211,-0.007345739580888466,4137.0400390625,-0.0034398181207195844
2023-04-25,26.15800094604492,27.160819562060052,26.14205270882257,26.99235347251706,378527000,27.037210273742676,25.06662944793701,-0.029620563347275364,0.2742670044590147,39.12810202328139,0.49056338158697343,0.7214726824730983,101.86000061035156,0.0010810870796222893,4071.6298828125,-0.020034377014737315
2023-04-26,26.870738983154297,27.243556588640125,26.62053343037328,26.91659491739221,406337000,27.064423942565917,25.169736289978026,0.02724741996070401,0.2906299298430655,50.65595135537844,0.45267356759081423,0.6677128594966415,101.47000122070312,-0.004903402902955767,4055.989990234375,-0.023716344808465295
2023-04-27,27.13988494873047,27.40803511505141,26.54078605798617,27.27645265684696,377161000,27.076485538482665,25.254644889831543,0.010016321685269114,0.282503037742912,51.62064845626823,0.4392994761857594,0.6220301828344651,101.5,-0.0033385344669747408,4135.35009765625,0.0013463296054179175
2023-04-28,27.661230087280277,27.670200494580325,26.985373211032865,27.138887339013703,292216000,27.09472770690918,25.35410671234131,0.019209555955549407,0.28586580311605236,51.46250696290798,0.4654037235882136,0.5907048909852148,101.66999816894533,-0.0014732029692445803,4169.47998046875,0.008699597623232913
2023-05-01,28.818553924560547,28.966086497059678,27.69212909159136,27.751938771765403,570329000,27.151198387145996,25.491904106140137,0.04183920359393034,0.3179542583929926,63.26372048193331,0.5728741526057917,0.5871387433093302,102.1500015258789,0.007893468809100135,4167.8701171875,0.0074522068517342
2023-05-02,28.12077140808105,28.74479273603856,27.994174201759638,28.58928602409841,402730000,27.163409519195557,25.62798500061035,-0.024212960799702476,0.33079812830517014,63.01410876102216,0.5948825882410773,0.5886875122956797,101.95999908447266,0.0009817246566061755,4119.580078125,0.011776658658222194
2023-05-03,27.71406364440918,28.277277108700098,27.385107494737166,27.75194355869358,383387000,27.180804347991945,25.770542831420897,-0.01446289498142983,0.32814708512401586,59.612369069962675,0.5729024516710695,0.5855305001707577,101.33999633789062,-0.0012812149526807426,4090.75,0.008570043281496353
2023-05-04,27.474822998046875,27.77088258227608,27.15384096655844,27.56354029371081,321850000,27.214746761322022,25.906342430114748,-0.008632463626840448,0.3202219713537193,55.81767236617048,0.530068020156591,0.5744380041679245,101.4000015258789,-0.0009852066415870775,4061.219970703125,-0.017925961575814053
2023-05-05,28.589290618896484,28.66405226658669,27.643292728542335,27.737991576143017,361494000,27.29663715362549,26.0064253616333,0.040563232051716414,0.3489770403860793,60.77856557824345,0.5793710191214956,0.5754246071586387,101.20999908447266,-0.004524432898172059,4136.25,-0.007969814131357
2023-05-08,29.05879592895508,29.127577928802488,28.260330759673817,28.431785713240817,344979000,27.374988651275636,26.123433151245116,0.01642241902106778,0.34688510729541333,59.77604874108718,0.6488496211742145,0.590109609961754,101.37000274658205,-0.007635817598096173,4138.1201171875,-0.007137938362646312
2023-05-09,28.48063087463379,28.881359799846795,28.360015202328924,28.807594450396756,314869000,27.444866943359376,26.224592056274414,-0.01989638716397024,0.3507594156817369,54.04755289571102,0.6497686968403222,0.6020414273374677,101.63999938964844,-0.0031384827157472373,4119.169921875,-9.956263556520906e-05
2023-05-10,28.793636322021484,29.02091579172388,28.370977656526804,28.91325569457964,369350000,27.563988876342773,26.337692031860353,0.010990116362431968,0.3361704665850636,62.04519755587318,0.6680530944120413,0.6152437607523824,101.4800033569336,0.0013815573722357755,4137.64013671875,0.0114624791832183
2023-05-11,28.487606048583984,28.858431044188475,28.15665734572962,28.80460099601504,322149000,27.669404315948487,26.454996910095215,-0.010628399623268336,0.33994867108205784,59.492525897557044,0.6503526650625417,0.6222655416144143,102.05999755859376,0.006508836516599281,4130.6201171875,0.017088497295151273
2023-05-12,28.2503604888916,28.688969297483915,27.957289789783168,28.438761858901238,274222000,27.748254108428956,26.555277976989746,-0.00832802725816184,0.34159515419131015,58.27174192698774,0.6101478092142543,0.6198419951343823,102.68000030517578,0.01452426868886958,4124.080078125,-0.0029422597461469246
2023-05-15,28.86141967773437,28.877369814441632,28.06295457930079,28.4178275338678,293926000,27.84549551010132,26.656298561096193,0.02163013774932354,0.34735968405386747,67.70698774951339,0.6204404892497521,0.6199616939574563,102.43000030517578,0.010456718258592401,4136.27978515625,-0.0004447265857765448
2023-05-16,29.120594024658203,29.77551732078404,28.7408005718395,28.749770977842907,449405000,27.922550868988036,26.769200210571288,0.00897995836025256,0.3392134985419919,65.66708071102288,0.6421088845962792,0.6243911320852209,102.55999755859376,0.00905153654535562,4109.89990234375,-0.0022504581522654332
2023-05-17,30.082544326782227,30.103477811017896,29.336911110410703,29.49042332813896,432535000,28.03454523086548,26.90656433105469,0.033033333774355134,0.35515356646204604,68.68829070569448,0.7285048436885369,0.6452138744058842,102.87999725341795,0.01379576123544446,4158.77001953125,0.005106747352189078
2023-05-18,31.577804565429688,31.72732974738972,30.22410000650582,30.31381549594501,748725000,28.262521934509277,27.05603012084961,0.04970524508846963,0.36667426540753634,72.13524772800915,0.9071719549641664,0.6976054905175407,103.58000183105467,0.01489324229689748,4198.0498046875,0.01632434975548236
2023-05-19,31.165115356445312,31.480115868098363,30.81821646794601,31.436254411612325,473908000,28.469116592407225,27.212094917297364,-0.013068964567478969,0.3735068595287016,64.48086479767791,1.0038940915151038,0.7588632107170534,103.1999969482422,0.00506424465836508,4191.97998046875,0.016464254102122267
2023-05-22,31.07738876342773,31.42030053090031,30.582957356502835,30.803257086267717,372000000,28.675162696838377,27.3757954788208,-0.002814897105761549,0.37349799769056663,69.7312303577952,1.0612350219451727,0.8193375729626773,103.1999969482422,0.0075172961121967585,4192.6298828125,0.013623376701564549
2023-05-23,30.590932846069336,31.189035411939717,30.53411392938396,30.90194625637456,356253000,28.8968092918396,27.529747009277344,-0.01565304990909866,0.35811041689237294,68.99682006783047,1.0552608056900539,0.8665222195081526,103.48999786376952,0.009067865905948658,4145.580078125,0.008681519411434468
2023-05-24,30.441410064697266,30.51019206479885,29.71172499125114,30.114446491845936,721419000,29.075342845916747,27.6588374710083,-0.004887813723251089,0.3534548435776895,69.82414351985209,1.0266266445181564,0.8985431045101534,103.88999938964844,0.009817283856866865,4115.240234375,-0.010466985419202435
2023-05-25,37.85986709594727,39.3551225285011,36.51912017458201,38.40114883242656,1543911000,29.611341953277588,27.93300750732422,0.24369623534138296,0.9136887275603665,83.62255263031193,1.5842787698020793,1.0356902375685386,104.20999908447266,0.006082228637585452,4151.27978515625,-0.011140892011101688
2023-05-26,38.82281112670898,39.04610163074743,37.43122683133464,37.770151547520655,714397000,30.169421005249024,28.200259437561034,0.02543442712889976,0.9140493930817115,84.18848010890824,2.079947294688683,1.2445416489925676,104.20999908447266,0.009786842694743392,4205.4501953125,0.0032133299554173433
2023-05-30,39.984130859375,41.8053518099001,39.82264450499864,40.4666011461992,923401000,30.727699851989748,28.4870694732666,0.029913334427940752,0.910983200225699,88.69886064758664,2.5372293678502515,1.5030791927641043,104.16999816894533,0.009399236912667863,4205.52001953125,0.0030744752289231236
2023-05-31,37.714332580566406,40.16754710014043,37.70236950165192,39.36310039182485,1002580000,31.207377910614014,28.724994621276856,-0.05676747824759576,0.9378705387071147,76.51869990832733,2.685517974235978,1.739566949058479,104.31999969482422,0.008020116418857137,4179.830078125,0.0082618112193098
2023-06-01,39.64420700073242,39.92332013723305,38.21872982052202,38.367256795979486,635873000,31.803885078430177,28.99555610656738,0.05117084906761549,0.9382897310963454,80.24538315276574,2.925044409061556,1.9766624410590947,103.55999755859376,-0.003176454259249506,4221.02001953125,0.02570440099041149
2023-06-02,39.20261001586914,40.37190020075976,38.934459847678006,39.97017499452036,482731000,32.39027442932129,29.251922721862794,-0.011139004113643214,0.9393296303721618,79.36601760508745,3.0441466209265613,2.1901592770325884,104.0199966430664,-0.001823264975295058,4282.3701171875,0.03157829363850406
2023-06-05,39.04710006713867,39.43985101130171,38.584567040791214,38.78592776216399,396094000,32.913164901733396,29.490764808654784,-0.003966826409453783,0.9393335972174512,77.99451331170894,3.090363838062501,2.370200189238571,104.0,-0.00201515292503196,4273.7900390625,0.01625030390947768
2023-06-06,38.53174591064453,39.03614606999824,38.02734575129082,38.70719175897852,388729000,33.386812400817874,29.72751377105713,-0.013198269669399965,0.9455193072439672,75.50660618057368,3.050245214069051,2.506209194204667,104.12999725341795,-0.0003839965079244223,4283.85009765625,0.018625539234439437
2023-06-07,37.360328674316406,39.37813750275476,37.2416933197928,38.79592485025507,511998000,33.830797290802,29.945778694152832,-0.030401353705711953,0.9514826822196573,69.50319700408716,2.890606225260896,2.583088600415913,104.0999984741211,-0.002108907413216232,4267.52001953125,0.020979307715204065
2023-06-08,38.39216613769531,38.74508306628558,37.39024395636986,37.60857182578051,417772000,34.31072378158569,30.18709270477295,0.027618532812540453,0.9523407656494822,68.7264287421534,2.814903382387179,2.6294515568101664,103.33999633789062,-0.0021243841820164366,4293.93017578125,0.01727311311309454
2023-06-09,38.6513671875,39.58948588191824,38.448989234454245,38.91754848393105,427717000,34.81891183853149,30.42214698791504,0.006751404671334615,0.9478792205860851,70.74786693461081,2.7441903740530122,2.652399320258736,103.55999755859376,-0.004422217836163589,4298.85986328125,0.003850612077542559
2023-06-12,39.3611946105957,39.40904807873509,38.49983979013749,39.080059763680346,388701000,35.3744535446167,30.663443145751952,0.0183648723123373,0.9431860551928523,72.19298654409349,2.7141400294905367,2.664747462105096,103.62999725341795,-0.003557718717135061,4338.93017578125,0.015241772787939478
2023-06-13,40.89647674560547,40.975237387752834,39.61840183082128,40.06303627009223,613208000,35.976206398010255,30.92758987426758,0.03900496796904829,0.9460313768128221,76.14035580012452,2.7821385904809404,2.6882256877802653,103.33999633789062,-0.007586679500285909,4369.009765625,0.01987923620748111
2023-06-14,42.86542892456055,42.86841810152168,40.42790723372672,40.6990780658338,740465000,36.66344814300537,31.22736747741699,0.048144787415376866,0.9506841044014389,78.850968761516,2.960775943532731,2.7427357389307585,103.01000213623048,-0.010470666223511782,4372.58984375,0.02462081577540931
2023-06-15,42.52248764038086,43.15654315104166,42.01803541267758,42.471645001516485,568622000,37.285445308685304,31.53049388885498,-0.008000416484417627,0.954970656253871,66.12709908072691,3.0396358078007637,2.80211575270476,102.12000274658205,-0.01180562835825505,4425.83984375,0.030720030966677303
2023-06-16,42.561370849609375,43.587221609742976,42.53046366608263,43.3170509163846,655709000,37.834623622894284,31.845801811218262,0.000914415204429142,0.9498514574173021,63.81398249193256,3.0698826719059014,2.8556691365449884,102.3000030517578,-0.012166807034956428,4409.58984375,0.025757987929439397
2023-06-20,43.6739501953125,43.85539630398405,42.543421257103255,42.86643115503074,451153000,38.46006536483765,32.18025115966797,0.026140590011407783,0.9438096383974042,63.68317233941301,3.1473487078631024,2.9140050508086115,102.54000091552734,-0.010518154653860745,4388.7099609375,0.011472824668649295
2023-06-21,42.91328811645508,43.481547516431846,41.95124449603973,43.367894115226505,551603000,39.051860332489014,32.488681602478025,-0.01741683716393172,0.9495922722587969,71.70949867325753,3.1114946533012002,2.9535029713071297,102.06999969482422,-0.012289497658911297,4365.68994140625,-0.000759857358266891
2023-06-22,42.89335250854492,43.29312268887753,42.10477246580242,42.12371153008249,417737000,39.666981315612794,32.80488735198975,-0.00046455559070790464,0.9440125502480291,66.14244799129108,3.046354936380368,2.9720733643217776,102.38999938964844,-0.006018859661434561,4381.89013671875,0.0021269529732004244
2023-06-23,42.07984924316406,42.678011851996246,41.886442597723466,42.33407006327904,358140000,40.24890327453613,33.11826038360596,-0.018965718877273607,0.9499514249211537,63.785313109417864,2.8957084026783306,2.956800371993088,102.9000015258789,0.007638060696418814,4348.330078125,-0.017513007330000052
2023-06-26,40.50766754150391,42.63314366936261,39.97729395118432,42.33106943872404,594322000,40.381293296813965,33.40082778930664,-0.037361866307435765,0.4624756651646884,56.16140185775895,2.619264761580723,2.8892932499106156,102.69000244140624,0.003812310635524785,4328.81982421875,-0.018316900753418297
2023-06-27,41.74787139892578,41.811674756586335,40.32424305595563,40.6741670319384,462175000,40.5275463104248,33.70231792449951,0.03061652108582069,0.46604458121963005,62.78532719135531,2.471762333260635,2.8057870665806197,102.48999786376952,-0.0004876443467073388,4378.41015625,-0.002346886620254063
2023-06-28,40.99118423461914,41.71695722321169,40.39401812376897,40.53558190580412,582639000,40.57789897918701,33.98380977630615,-0.018125167558270094,0.4618599545098058,64.9262178546864,2.267667012116327,2.6981630556877616,102.91000366210938,0.008229685214035998,4376.85986328125,0.002558569670525479
2023-06-29,40.69709014892578,41.4727094781301,40.47576930987673,41.430838173608656,380514000,40.72703685760498,34.24616184234619,-0.007174569146625953,0.4092186140772356,60.0872527277329,2.0584604145021785,2.570222527450645,103.33999633789062,0.009278220079159682,4396.43994140625,0.003320440319938056
2023-06-30,42.17256546020508,42.41980774252162,41.37401761190044,41.55247077216965,501148000,40.853454780578616,34.532760009765624,0.036255056709951106,0.3894215824063146,63.92745887899062,1.988795607419327,2.4539371434443815,102.91000366210938,9.720248865052739e-05,4450.3798828125,0.02346873463007748
2023-07-03,42.2832145690918,42.76673107922371,42.07286168873616,42.38689642071777,198209000,41.00748500823975,34.838058891296384,0.0026237225001435327,0.38566217562425925,62.13258843125168,1.9203772902437422,2.3472251728042535,102.98999786376952,0.002921369317665068,4455.58984375,0.029285122661377727
2023-07-05,42.18751907348633,43.04488443654503,41.95622669958026,42.00607294813804,323618000,41.16450595855713,35.141144828796385,-0.0022632029418931943,0.3852386066308912,56.088418693896855,1.8372547253969813,2.2452310833227993,103.37000274658205,0.008586251352861174,4446.81982421875,0.015624316938671834
2023-07-06,41.97417449951172,42.04994216880029,41.21949078738844,41.71596810959315,303582000,41.33662738800049,35.44149898529053,-0.005057054281930706,0.38144036790195707,44.96286346908019,1.7341738926171075,2.143019645181661,103.16999816894533,0.002526425979826108,4411.58984375,0.007934908028495391
2023-07-07,42.3729362487793,43.08176288245658,42.05092659818121,42.19249036464313,355881000,41.58725776672363,35.76579769134521,0.009500168949652998,0.3585427226032746,49.160074351545006,1.665459945023251,2.0475077051499793,102.2699966430664,-0.01035416811246681,4398.9501953125,0.000570974229082033
2023-07-10,42.05093765258789,42.68000743169608,41.521560371587725,42.52647931127871,353908000,41.77019634246826,36.06940166473389,-0.007599157025628189,0.352850235319775,47.22160967942209,1.5669581328814814,1.9513977906962798,101.97000122070312,-0.009134218326263155,4409.52978515625,-0.009179013641962164
2023-07-11,42.27523422241211,42.62715463752813,41.938271099975246,42.35100186595314,298244000,41.951389694213866,36.37210865020752,0.005333925528065331,0.35278183152417375,41.57145044197215,1.4898198795611535,1.8590822084692546,101.7300033569336,-0.012234144411796044,4439.259765625,-0.0036650766111038235
2023-07-12,43.76766204833984,43.80056201279962,42.64610450369037,42.90132167106193,481277000,42.17171306610108,36.69423728942871,0.035302650674292835,0.36633158280913425,54.73114304605262,1.5314599933635478,1.7935577654481134,100.5199966430664,-0.02757092026496899,4472.16015625,0.005698529068625335
2023-07-13,45.83631896972656,46.01377191487625,44.35586222212897,44.381783639889846,478204000,42.41870517730713,37.03459259033203,0.04726450590625486,0.3773377104023084,63.2829607183134,1.7116525435659184,1.7771767210716747,99.7699966430664,-0.03295533184280253,4510.0400390625,0.02231626211851423
2023-07-14,45.32986831665039,47.94085375690044,44.92211944591565,46.44045793604773,772075000,42.54192714691162,37.37877452850342,-0.011049112678761741,0.3468882395467358,65.08700270193408,1.792922409221923,1.7803258587017246,99.91000366210938,-0.023076103045096108,4505.419921875,0.024203439874348476
2023-07-17,46.3188362121582,46.35372896631426,45.12350743190866,46.14736542203415,510488000,42.731744575500485,37.7508699798584,0.021817135858401615,0.35044888486795966,78.52048585979351,1.9150552425345424,1.8072717354682881,99.83999633789062,-0.020888544251385643,4522.7900390625,0.02568533594840816
2023-07-18,47.348670959472656,47.749441291791726,45.594058117307526,46.55809821761458,569164000,42.971109580993655,38.14834693908691,0.022233605840125348,0.3556757804992853,78.06759701777864,2.071071428049187,1.860031673984468,99.94000244140624,-0.017595604604935478,4554.97998046875,0.026067457403555983
2023-07-19,46.93294906616211,47.67168281088611,46.59897504315981,47.31876592185892,427502000,43.134059524536134,38.515220108032224,-0.00878001187544164,0.3504642961070563,80.82987413889612,2.1365413775980002,1.9153336147071744,100.27999877929688,-0.0023875633882254332,4565.72021484375,0.020920551886541183
2023-07-20,45.38071441650391,46.94292091280352,44.9241156620399,46.36469382160293,537865000,43.25743083953857,38.841658477783206,-0.03307345224503122,0.36706920141498794,71.4953297207357,2.039662461430197,1.940199384051779,100.87999725341795,0.011125595346290762,4534.8701171875,0.005505511682810216
2023-07-21,44.17341613769531,45.72565485492813,43.965056025974754,45.6478906079313,963769000,43.321434020996094,39.15551418304443,-0.026603774187599294,0.3818205471839088,59.414581471846056,1.8442074654230538,1.9210010003260343,101.06999969482422,0.011610409270305766,4536.33984375,0.006862827974119634
2023-07-24,44.475494384765625,44.970975292246095,43.90524600694248,44.594129747804274,382516000,43.44121627807617,39.46915134429932,0.006838462439234583,0.3741665861402194,60.13277321177384,1.6941540100222383,1.8756316022652753,101.3499984741211,0.015124220669241017,4554.64013671875,0.007042134916979803
2023-07-25,45.53922653198242,46.04168213917605,44.7855393181674,44.803485791149136,348081000,43.692794227600096,39.81018375396729,0.02391726414582962,0.34878350548844816,64.2192558336446,1.6421402887879282,1.8289333395698057,101.3499984741211,0.014108425037727246,4567.4599609375,0.0027398540766947477
2023-07-26,45.31291961669922,45.91208233149028,44.49343628066657,45.88017875854229,364237000,43.87104663848877,40.15143493652344,-0.004969494049800516,0.33832278323240644,64.14870338470134,1.564621975048567,1.7760710666655581,100.88999938964844,0.006082973850987994,4566.75,0.00022554714432621026
2023-07-27,45.759552001953125,47.24997638304764,45.61000946610031,46.37665740516835,455976000,44.10946502685547,40.489397583007815,0.009856623431726774,0.32812827592773874,64.29357355036589,1.521686597865063,1.7251941729054592,101.7699966430664,0.008822357393732938,4537.41015625,0.0005601128581109727
2023-07-28,46.60695266723633,46.88310551860452,46.23908226392985,46.525202843607126,331194000,44.404958152770995,40.83912475585937,0.018518552481611605,0.32741194393158274,68.41254591065275,1.538305525246848,1.687816443373737,101.62000274658205,0.00544180323952248,4582.22998046875,0.010116115260186298
2023-07-31,46.58601379394531,46.985787745643954,46.36369657868276,46.610938817532,251055000,44.62563056945801,41.16919414520264,-0.0004492650150400568,0.30934287117702414,67.71259835978466,1.532125167631051,1.6566781882252,101.86000061035156,0.0050320882477437046,4588.9599609375,0.0075351341024880725
2023-08-01,46.36469268798828,46.75649169459333,45.88616190163857,46.31783562150429,237858000,44.829704475402835,41.464931907653806,-0.004750805830607385,0.31124905756254145,61.91563512738675,1.4921676463157638,1.623776079843313,102.3000030517578,0.009373503620518253,4576.72998046875,0.00202957871782794
2023-08-02,44.133544921875,45.69973706046443,43.25424373168055,45.69076572472491,530142000,44.927005767822266,41.7243004989624,-0.048121698576281235,0.36327004027192855,42.30215256628255,1.265873838913656,1.5521956316573817,102.58999633789062,0.01685000454481722,4513.39013671875,-0.011684428374938438
2023-08-03,44.378787994384766,44.97994351428875,43.665975669938696,43.665975669938696,324176000,45.04723644256592,41.99032848358154,0.005556840560709375,0.36229143694382177,45.596384980373436,1.0937157581131984,1.460499656948545,102.54000091552734,0.007566122608429815,4501.89013671875,-0.007828258479635863
2023-08-04,44.54328918457031,45.502343664999096,44.257168589781394,44.84735625489334,362666000,45.15575408935547,42.26937561035156,0.003706752654136558,0.36150347649522635,41.09947233497034,0.9594926756990034,1.3602982606986367,102.0199966430664,0.003936172856458864,4478.02978515625,-0.022740062318268972
2023-08-07,45.27803039550781,45.40065512864805,44.42664342016852,44.97296695444659,322154000,45.317108726501466,42.566108016967775,0.0164949922735389,0.36247287133308476,39.3037672865999,0.9020095860680968,1.2686405257725286,102.0500030517578,0.001865329278104566,4518.43994140625,-0.015367320728778666
2023-08-08,44.52733612060547,45.10356664242382,43.92119480836412,44.715756986658505,353843000,45.429713821411134,42.69945739746094,-0.01657965835406172,0.3696403387827943,37.98907580086859,0.7868092222788192,1.1722742650737867,102.52999877929688,0.00224824751395869,4499.3798828125,-0.016900734364129533
2023-08-09,42.423789978027344,44.17641010034291,42.00507315736143,44.13852436844698,586449000,45.36252021789551,42.77147697448731,-0.047241679513019164,0.389154129515344,36.00680794770846,0.51978178944875,1.0417757699487793,102.48999786376952,-0.0009747390358778585,4467.7099609375,-0.01012103416667176
2023-08-10,42.25830078125,43.44067265463397,41.70699146291927,42.03099778159967,492705000,45.18361930847168,42.816960372924804,-0.0039008583830689725,0.3443152951418,39.9456060241929,0.291447405699941,0.8917100970990117,102.5199966430664,-0.0001950875003152719,4468.830078125,-0.0073435951544224
2023-08-11,40.72998809814453,41.889431464332574,40.51464942799337,41.623246353337215,533085000,44.95362529754639,42.87727348327637,-0.03616597579294012,0.3623703753932123,32.57905289118362,-0.012685073732178864,0.7108310629327736,102.83999633789062,0.008037636951637284,4464.0498046875,-0.003121904306016665
2023-08-14,43.61911392211914,43.66597098414688,40.18764892653742,40.362112664912736,690286000,44.81863918304443,42.9567716217041,0.07093362799451008,0.4435751529203597,42.36560105273184,-0.020349371389201565,0.5645949760683786,103.19000244140624,0.011170988295514883,4489.72021484375,-0.006356115591869882
2023-08-15,43.80554962158203,45.12948908567366,43.576253839259216,44.42365526404346,676512000,44.6414831161499,43.04883041381836,0.004274174385930252,0.434716518853108,43.98760968122226,-0.011249897842667167,0.44942600128616944,103.20999908447266,0.006632208263647188,4437.85986328125,-0.01367299964296298
2023-08-16,43.35293197631836,44.53829278958651,43.27317495256757,44.38376830984962,527451000,44.46248226165771,43.134947052001955,-0.010332427036611747,0.43500015771171585,40.40538579905666,-0.04009872761678679,0.3515210555055782,103.41999816894533,0.009074059172212712,4404.330078125,-0.014186212481707372
2023-08-17,43.21138000488281,43.9271816143304,42.86942718654306,43.83546405438668,452395000,44.35401554107666,43.22853973388672,-0.0032651072253399027,0.4208556940286371,35.655338389872654,-0.07353601672678423,0.26650964105910574,103.44000244140624,0.008973915611243388,4370.35986328125,-0.022034897976041523
2023-08-18,43.16651153564453,43.44465716941068,41.53252668330837,42.504541812711565,583768000,44.30367031097412,43.34466339111328,-0.0010383484450904312,0.4107882397095012,35.58339514468359,-0.1024745568322345,0.1927128014808377,103.37999725341795,0.005250884235284303,4369.7099609375,-0.021133241759744292
2023-08-21,46.82328796386719,46.92098767446869,44.08668826541733,44.35785535241688,692573000,44.4210599899292,43.51328582763672,0.0847132718890915,0.510893998918156,51.499162240934425,0.167729259944295,0.18771609317352916,103.33000183105467,0.0013567146655311113,4399.77001953125,-0.020034699493101993
2023-08-22,45.52825546264648,48.03954834169377,45.194281473370985,47.98770551423466,755293000,44.420511436462405,43.65082359313965,-0.027657871916642596,0.5157430231344114,54.85659421658617,0.27420852643884785,0.2050145798265929,103.55999755859376,0.00339112951483167,4387.5498046875,-0.011336558643956773
2023-08-23,46.97183609008789,47.05557870269102,45.06967322504148,45.72566082679112,779046000,44.50345726013184,43.80303642272949,0.03170735651458889,0.5269149341774879,58.3338768676534,0.46966499865710176,0.2579446635926947,103.36000061035156,-0.0005801349802361244,4436.009765625,0.007192850430839393
2023-08-24,47.01868438720703,50.11219017259599,47.0146988173284,50.0623439279402,1156044000,44.56641387939453,43.92548057556152,0.0009973699352372467,0.5261705822826774,58.01637296400359,0.6211852897816854,0.33059278883049287,103.9800033569336,0.005220426361003172,4376.31005859375,0.0013614886413571003
2023-08-25,45.87719345092773,47.65872425455991,44.88623165435981,46.8681514444708,925341000,44.5299259185791,43.98571586608887,-0.024277389960104534,0.5301249840579181,51.89053716739232,0.6417596279136291,0.3928261566471202,104.08000183105467,0.006771180075781702,4405.7099609375,0.008238533065539233
2023-08-28,46.691688537597656,46.83624530804831,44.75064756794707,46.33976804439328,685192000,44.53520965576172,44.0690998840332,0.017753812415337578,0.5339671287536251,56.80178845274093,0.7155395905956468,0.4573688434368255,104.05999755859376,0.00706470255108127,4433.31005859375,0.007623134598765624
2023-08-29,48.63473129272461,48.93082341552477,46.249051833640735,46.52321191086775,701397000,44.648711585998534,44.190567092895506,0.04161431757950562,0.5527901077365617,69.71768949938246,0.9201906689965682,0.549933208548774,103.5500030517578,-9.650933827332064e-05,4497.6298828125,0.025089191695874202
2023-08-30,49.113258361816406,49.7742278710723,48.276824895402335,48.89393031688107,735206000,44.8976972579956,44.29935325622559,0.009839204543181657,0.5190094492749339,71.33811570502297,1.1082164291642087,0.661589852671861,103.16000366210938,-0.001934954983177084,4514.8701171875,0.017777316942265475
2023-08-31,49.20398712158203,49.59179683011506,48.80820246885937,49.22891214982183,528570000,45.13895721435547,44.42516723632812,0.0018473374154333033,0.5192048611103394,78.97069502291141,1.2501384337308323,0.7792995688836553,103.62000274658205,-0.003462210028170265,4507.66015625,0.03001389204549576
2023-09-01,48.36056518554688,49.64761519313272,47.99468759835016,49.60973326514342,463830000,45.329821014404295,44.534511489868166,-0.017141333159670036,0.5254869547280486,68.84606742015981,1.2798027736508004,0.8794002098370843,104.23999786376952,0.0015372408714457997,4515.77001953125,0.02498123107730188
2023-09-05,48.399444580078125,48.70151880661507,47.71355011794706,48.07543831193929,382653000,45.48589172363281,44.66090339660644,0.0008039483075119591,0.5237363208032363,68.47629503844502,1.2915609087797577,0.9618323496256191,104.80999755859376,0.007207380526582208,4496.830078125,0.014327899175046399
2023-09-06,46.920860290527344,48.404428217365016,46.44129363976494,48.29675192445169,468670000,45.605567932128906,44.78916725158692,-0.030549612756494038,0.533223441917751,63.255958449939875,1.1681047361812489,1.0030868269367452,104.86000061035156,0.012650869338352244,4465.47998046875,-0.0071481876413640455
2023-09-07,46.10331344604492,46.20600739114076,45.01755536389115,45.38944581059575,433330000,45.789544105529785,44.876276092529295,-0.017423952575044144,0.505643891337311,60.230541872452996,0.9928506676489803,1.0010395950791924,105.05999755859376,0.018417931650212438,4451.14013671875,-0.014115573386294877
2023-09-08,45.436302185058594,46.46722371434069,45.13619975911865,45.80520320149125,473069000,45.94844417572021,44.96517845153809,-0.014467751038478749,0.5093875739148545,57.69109464172889,0.7910199359550063,0.9590356632543552,105.08999633789062,0.014186388268138339,4457.490234375,-0.011129925534745122
2023-09-11,45.04347229003906,46.02553600450633,44.18004990188668,46.01058127939669,473966000,46.16411838531494,45.052106094360354,-0.008645727669905123,0.4895077944516462,42.25629729360108,0.5925391153846107,0.8857363536804064,104.56999969482422,0.0031657889276435203,4487.4599609375,-0.006269154202119598
2023-09-12,44.73638916015625,45.536999459957386,44.39839790348207,44.60478224808882,349256000,46.2199821472168,45.10338256835937,-0.006817483516933898,0.42520786792689985,46.23066924900288,0.4057849565381204,0.7897460742519492,104.70999908447266,-0.0009540928961973005,4461.89990234375,-0.007767733086284312
2023-09-13,45.34956741333008,45.79324210583409,44.37048910146306,44.46720040224135,398355000,46.2971830368042,45.16470962524414,0.013706476197232975,0.42730861187656194,41.61502807293996,0.30375777015616023,0.6925484134327914,104.7699966430664,-0.0008583250692473232,4467.43994140625,0.00043891383369154546
2023-09-14,45.44527053833008,45.85005979000756,44.99660978408658,45.81317121580837,370097000,46.40179996490478,45.22986465454102,0.0021103426219644117,0.42479455936954025,41.90840745932928,0.22799475068134,0.5996376808825011,105.41000366210938,0.0033314878321828445,4505.10009765625,0.012122727948367329
2023-09-15,43.7692756652832,45.46321387121769,43.67754676368698,45.20598272428771,506831000,46.429694747924806,45.26576667785645,-0.03687941238314962,0.44721110950707804,39.72451835713688,0.032340432152523135,0.48617823113650555,105.31999969482422,0.002188632267091206,4450.31982421875,-0.0016086204970128248
2023-09-18,43.8350830078125,44.11026214230338,41.87493751856223,42.62071131068282,500271000,46.4631233215332,45.29500961303711,0.0015035054048539997,0.4471477291815777,34.978419725309834,-0.1160689517027933,0.3657287945686458,105.1999969482422,0.006024646220297969,4453.52978515625,-0.007561109419717549
2023-09-19,43.39041519165039,43.83508632894706,42.87395603803026,43.7024829281991,373064000,46.291479682922365,45.32179916381836,-0.01014410799867449,0.3209648624921483,17.263797264835418,-0.2664934634006215,0.23928434297479237,105.1999969482422,0.0046795708915463585,4443.9501953125,-0.004022884292366413
2023-09-20,42.11322021484375,43.772266659114486,42.097269015445136,43.470167525058194,367108000,46.120727920532225,45.318558883666995,-0.029434956341519714,0.32278789492371346,10.266030929397587,-0.4831949625854861,0.09478848186273667,105.16000366210938,0.003722506743716547,4402.2001953125,-0.014603385148858616
2023-09-21,40.89485931396485,41.97463457715853,40.85797073876032,41.45917578549763,450736000,45.81687908172607,45.26110282897949,-0.028930604087346934,0.3059038339469972,8.187867312260877,-0.7446600271156925,-0.07310121993294916,105.36000061035156,-0.00047436723290605887,4330.0,-0.03886708260874039
2023-09-22,41.48609924316406,41.98959657847822,41.10822617218465,41.44821038693328,479236000,45.540249824523926,45.17409843444824,0.014457561148701892,0.314034858386207,14.506362501890678,-0.8938609804483661,-0.23725317203603258,105.58000183105467,0.00246868721025284,4320.06005859375,-0.029269753808731536
2023-09-25,42.09627914428711,42.409343350786685,41.05438877711909,41.46715750384496,419091000,45.3512041091919,45.10942665100097,0.014708056728750973,0.3145193709593751,19.268989174549603,-0.9518945445886615,-0.3801814465465584,106.0,0.007604591967349528,4337.43994140625,-0.02606692878465322
2023-09-26,41.78620147705078,42.69249515547765,41.53096324756663,41.87593363739022,402282000,45.10592975616455,45.01877395629883,-0.007365916264796768,0.30382247806628837,21.74684203234996,-1.0112501760497707,-0.5063951924472009,106.2300033569336,0.009790935727860717,4273.52978515625,-0.03834885691023504
2023-09-27,42.3415412902832,42.744341431006085,41.50504268914909,42.20395553022343,444935000,44.79127025604248,44.918631362915036,0.013290028612373828,0.2590803416584837,28.68604360632746,-1.0019290455001837,-0.6055019630577975,106.66999816894533,0.014359019154161823,4274.509765625,-0.029006047890204
2023-09-28,42.960693359375,43.31662875856255,41.98959464052307,42.33356473794384,424663000,44.48364200592041,44.8391862487793,0.0146228042301777,0.26366524777923384,35.89687533140817,-0.9338171223728082,-0.6711649949207996,106.22000122070312,0.008162496254456864,4299.7001953125,-0.006997645424364873
2023-09-29,43.36947250366211,44.01255232767132,43.178042888017536,43.69649492760647,397830000,44.19191627502441,44.79896141052246,0.009515189637829824,0.2682641886204973,40.48080473099636,-0.8372021269609604,-0.7043724213288318,106.16999816894533,0.005588144796916605,4288.0498046875,-0.007409677984122731
2023-10-02,44.64865112304688,45.04047860898654,43.73039221652358,43.89888769595612,433298000,44.006320571899415,44.80846611022949,0.029494908412288412,0.2928784635522639,49.5507458010359,-0.6499231138872403,-0.6934825598405135,106.9000015258789,0.008490580432819916,4288.39013671875,-0.011308468901035096
2023-10-03,43.38742065429688,44.99562050159697,43.117227684036216,44.67457689561349,470850000,43.755719375610354,44.78670463562012,-0.02824789634235947,0.30470826150664193,40.57829467985456,-0.5963989887424503,-0.6740658456209009,107.0,0.007248391402937315,4229.4501953125,-0.010314562448320075
2023-10-04,43.90985870361328,44.011556163058,43.16308846642664,43.61174925416727,361821000,43.60516929626465,44.754117279052736,0.01204123318320982,0.295209223016941,42.91760790864975,-0.5059915934414647,-0.6404509951850137,106.8000030517578,0.001218757711109797,4263.75,-0.0025171928981256864
2023-10-05,44.554931640625,44.7663021604217,43.75731457253386,43.918830935362585,393483000,43.527750205993655,44.73895751953125,0.014690845200980629,0.2966140497422104,54.004885472195554,-0.37793449282077063,-0.5879476947121651,106.33000183105467,0.0010355922527527373,4258.18994140625,-0.009654220531818525
2023-10-06,45.625736236572266,45.65265626506475,43.89490543600504,44.061407980133865,434436000,43.537221908569336,44.73628120422363,0.024033357397655886,0.3057023742505887,58.27954554033142,-0.18787760014698307,-0.5079336757991287,106.04000091552734,-0.0012244255030608997,4308.5,0.004769113290182592
2023-10-09,45.13818359375,45.46919568500271,44.23587974540924,44.70846728115123,409675000,43.541957473754884,44.7069058227539,-0.010685912886846949,0.30658626815110485,58.0493346259109,-0.0757246602983912,-0.42149187269898125,106.08000183105467,-0.007670717335076183,4335.66015625,0.011022788977734788
2023-10-10,45.66162490844727,46.12125070086953,44.95374003044169,45.17507908955567,368582000,43.588219261169435,44.688418045043946,0.011596419550425896,0.3078944566806228,67.56140780795661,0.054763413522344706,-0.3262408154547161,105.83000183105467,-0.010934562326591846,4358.240234375,0.03045077565997545
2023-10-11,46.666622161865234,46.71946573957931,45.91287284021887,46.05843799423147,378137000,43.654071998596194,44.69445663452149,0.022009669069662063,0.3137217980637191,79.18131325774772,0.23654429597908688,-0.21368379316795552,105.81999969482422,-0.009176061132307733,4376.9501953125,0.02654944481090582
2023-10-12,46.805213928222656,47.46723822927066,46.19204731268838,46.63771490362162,481325000,43.72206916809082,44.74789001464844,0.0029698263970490135,0.31375447505230597,78.18272219774357,0.3873253072317908,-0.09348197308800626,106.56999969482422,0.00225710391833589,4349.60986328125,0.021469197741989188
2023-10-13,45.325626373291016,46.97570075879303,45.14516559213605,46.82016325151491,474115000,43.79988670349121,44.76682678222656,-0.0316115968874886,0.3056237462901713,65.6669455013843,0.3830148380793048,0.0018173891454559554,106.6500015258789,0.005752551915173099,4327.77978515625,0.0044748253815132255
2023-10-16,45.957740783691406,46.0873509348349,44.778261024252274,44.92881235422657,375099000,43.906019592285155,44.795115814208984,0.013946071151768491,0.30857292918049206,69.62471376169181,0.4256979295948611,0.08659349723533699,106.23999786376952,0.001508258200915824,4373.6298828125,0.008757542149092412
2023-10-17,43.80716323852539,44.62073527897283,42.3535046190534,43.86897889171314,812333000,43.926856994628906,44.765698471069335,-0.04679467503174506,0.35281930290280566,55.99509038105409,0.2827317962152307,0.12582115703131574,106.25,0.003968611562681579,4373.2001953125,0.003432569140981556
2023-10-18,42.070350646972656,43.090307040885016,41.700456999229225,42.464174898094846,627294000,43.92471351623535,44.71655876159668,-0.03964677151305074,0.3660089322262676,46.66317827129994,0.028950125480946554,0.10644695072124191,106.56999969482422,0.007087507107946811,4314.60009765625,-0.014245101011892691
2023-10-19,41.97563934326172,43.16807721201632,41.757289685675055,42.68352429308483,501233000,43.978752517700194,44.70759574890137,-0.0022512601453145153,0.34973120754891124,44.65025992839195,-0.17776690146424556,0.049604180284144414,106.25,-0.003002718361082679,4278.0,-0.016463514092555642
2023-10-20,41.263763427734375,42.34353877331354,40.95568161669413,41.76526400722088,477266000,43.96763572692871,44.687705001831056,-0.01695926319801533,0.3521108052132713,36.41677463915956,-0.39448667479426547,-0.03921399073153756,106.16000366210938,-0.004594447789582401,4224.16015625,-0.023942906998561386
2023-10-23,42.8470344543457,43.119224175669935,40.82308027803106,41.10623502417962,478530000,44.00517349243164,44.73004592895508,0.03836952558590845,0.3745505211074027,47.8861188085421,-0.4334849717214908,-0.11806818692952822,105.54000091552734,-0.006588826829042049,4217.0400390625,-0.03580317675379141
2023-10-24,43.53297805786133,43.566877207845934,42.56387617145644,42.94872451539136,401463000,44.09251232147217,44.728323211669924,0.016009126705058385,0.3766852795580053,48.544340184473654,-0.4043800454242401,-0.17533055862847063,106.2699966430664,0.00018820369944849702,4247.68017578125,-0.0287020977603063
2023-10-25,41.65459442138672,43.52002535417708,41.43126239759443,43.26877302407248,398379000,44.05816497802734,44.68530410766601,-0.04314852142616976,0.4069432072317397,39.77217817658599,-0.5268112901759494,-0.2456267049379664,106.52999877929688,-0.00037534874394196116,4186.77001953125,-0.029627329354217302
2023-10-26,40.20591735839844,42.13017050427248,39.76124631016128,41.72837068029658,541001000,43.92042617797851,44.622363815307615,-0.03477832597127595,0.4201574306363374,31.3835576267673,-0.7322936403460005,-0.3429600920195732,106.5999984741211,0.003294103285845562,4137.22998046875,-0.03290556791286814
2023-10-27,40.37939834594727,41.08329728392404,39.89584197944323,41.00752338515214,416784000,43.77092247009277,44.5657241821289,0.004314812319848649,0.4185097321990379,33.293675207448544,-0.8710999197876248,-0.44858805757318354,106.55999755859376,0.003767839889658564,4117.3701171875,-0.025280774192355193
2023-10-30,41.03843688964844,41.64163496442114,40.36046137678986,40.96465972958588,388028000,43.59041175842285,44.52316268920899,0.016321158083013154,0.4073088469340487,33.922771955173616,-0.9173513384305494,-0.5423407137446568,106.12000274658205,0.005495564013865417,4166.81982421875,-0.011908877880826285
2023-10-31,40.65856552124024,40.757273552176585,39.11318181784756,40.32955016146639,517969000,43.45396900177002,44.39986824035645,-0.009256477517154527,0.3977118460160649,28.157187434990647,-0.973437187685569,-0.6285600085328392,106.66000366210938,0.0036699635961494614,4193.7998046875,-0.012684658181413178
2023-11-01,42.19896697998047,42.25479998188949,40.747301323669774,40.762256048704266,437593000,43.36842441558838,44.333282470703125,0.037886271662376236,0.42055068350550934,34.80262671022365,-0.8834047630407298,-0.6795289594344174,106.87999725341795,0.0032854452091581887,4237.85986328125,0.01220268691895332
2023-11-02,43.37644958496094,43.75332234424489,42.76627246802236,43.19897822868172,409172000,43.30950031280518,44.26137474060059,0.02790311444209226,0.42987109291246794,43.43828262828779,-0.7088690115622498,-0.6853969698599839,106.12000274658205,-0.004502774243993812,4317.77978515625,0.043640263060030327
2023-11-03,44.87099075317383,45.17408258825645,43.59280664299351,43.88892315557369,424610000,43.27176303863526,44.218420867919924,0.03445512905074333,0.43940306642114385,46.54233130263997,-0.4448235403007317,-0.6372822839481335,105.0199966430664,-0.01445196087472278,4358.33984375,0.058525155549315144
2023-11-06,45.61476516723633,45.79821918115584,44.7653010095317,45.15015318659169,400733000,43.29559211730957,44.21317230224609,0.01657584112982602,0.4416446435531595,56.316635322459646,-0.17354866180536987,-0.5445355595195808,105.22000122070312,-0.008480979104647735,4365.97998046875,0.047796680598576335
2023-11-07,45.81816101074219,46.08037455563248,45.02353336587058,45.58286369022839,343165000,43.303418922424314,44.19570175170898,0.004458991354228337,0.440074846549622,64.66870716813236,0.05719170814222707,-0.42419010598721923,105.54000091552734,-0.010500681681299362,4378.3798828125,0.04401261069226314
2023-11-08,46.43531036376953,46.72743711996402,45.83111214888231,45.962719040672205,346719000,43.29185333251953,44.151713333129884,0.013469535647287367,0.4355695418373176,66.76910118870713,0.28655073032965817,-0.28204193872384375,105.58999633789062,-0.012069619654542785,4382.77978515625,0.03419648750791704
2023-11-09,46.81019592285156,48.08638320008785,46.61079070994887,47.32565472798377,540496000,43.29210243225098,44.10565208435059,0.00807328638799265,0.436389652000003,71.39778375870947,0.4928878352713113,-0.12705598392481274,105.91000366210938,-0.0019788831420797237,4347.35009765625,0.006848499453737222
2023-11-10,48.19107437133789,48.32766746778713,47.14220871523475,47.35856162194285,421245000,43.43537483215332,44.085393829345705,0.029499522940732215,0.43087449195009686,70.94403553633411,0.7590865505860904,0.050172522977367906,105.86000061035156,0.007998514512813193,4415.240234375,0.013055519455784648
2023-11-13,48.475223541259766,48.96974879666119,47.95577501016581,48.1761176095815,384136000,43.56124897003174,44.08768699645996,0.005896302865803671,0.42921108535233204,69.99919730293789,0.981663408896722,0.23647070016123872,105.66000366210938,0.004181737657304563,4411.5498046875,0.010437478967518565
2023-11-14,49.50813293457031,49.68560428700353,48.89396993275051,49.53206353654858,416954000,43.84629745483399,44.109860763549804,0.021307986180432614,0.39073009564598754,84.11427022340767,1.2272572704708864,0.43462801422316827,104.11000061035156,-0.013549367943632373,4495.7001953125,0.02679537080840011
2023-11-15,48.7424201965332,49.81122656013526,48.0564692193451,49.78630328795808,475497000,44.17990093231201,44.146291961669924,-0.015466403046325183,0.36122836179224493,89.41984752725917,1.3446057781232312,0.6166235670031809,104.38999938964844,-0.01136468405967328,4502.8798828125,0.027402722368805588
2023-11-16,49.33266067504883,49.37752865421783,48.18608736486964,48.53404715788599,339756000,44.54775199890137,44.21087890625,0.012109379799684294,0.359609169644511,89.81198645705412,1.4683070598620915,0.786960265574963,104.37000274658205,-0.014540655861371543,4508.240234375,0.03700878307580724
2023-11-17,49.15121078491211,49.568961894077866,48.86107690035848,49.37653577909823,325205000,44.942124366760254,44.285177078247074,-0.0036780884641904876,0.35017720127304935,87.67480742883083,1.5340165393917502,0.9363715203383205,103.81999969482422,-0.019270743470294893,4514.02001953125,0.022372459914456355
2023-11-20,50.25889587402344,50.39748190834169,49.0345518906684,49.16516232495467,414120000,45.31271743774414,44.38948554992676,0.022536272686314973,0.3368299535425244,91.7599738488777,1.6563789986743842,1.0803730160055331,103.47000122070312,-0.020726882126652857,4547.3798828125,0.030789650834424087
2023-11-21,49.7952880859375,50.36657998641292,49.07543777557332,49.97674537564033,565747000,45.62583293914795,44.49066352844238,-0.009224392617935617,0.34097877902795415,86.458157877392,1.6963879509297186,1.2035760029903702,103.58999633789062,-0.004994758134784116,4538.18994140625,0.009451196531755413
2023-11-22,48.57093048095703,50.18510881847485,47.54798478525453,49.703549221280575,899420000,45.971649742126466,44.555090789794924,-0.02458782049553465,0.3097338831133515,74.81897503269823,1.6107323871891097,1.2850072798301182,103.91999816894533,-0.004502358688103558,4556.6201171875,0.011934636449026037
2023-11-24,47.63373565673828,48.77532658141017,47.60282592861512,48.325669336815935,294645000,46.34304065704346,44.598860092163086,-0.019295385427837153,0.2853613979376438,63.9428484080514,1.4505054223584892,1.3181069083357924,103.4000015258789,-0.009293869839769653,4559.33984375,0.01133471304066025
2023-11-27,48.09835433959961,48.38549499049383,47.51011098197541,47.65766910789753,395662000,46.72898845672607,44.685441665649414,0.00975398373559222,0.2849144607671519,62.89742724201104,1.3455050978635086,1.3235865462413356,103.1999969482422,-0.005971900870781144,4550.43017578125,0.008066015678366734
2023-11-28,47.67860412597656,48.17911204503058,47.33164078012809,48.09236930689928,401491000,47.06099681854248,44.76231208801269,-0.008726914244495565,0.2901296714336906,59.44906420738559,1.2144221474104597,1.3017536664751606,102.75,-0.006958550422429655,4554.89013671875,0.0016515563027044156
2023-11-29,47.99665069580078,48.61680018078916,47.71748568176772,48.2349412356402,382005000,47.427901077270505,44.854436798095705,0.006670635092081767,0.2832210247577463,58.1784220226896,1.1232534978117314,1.2660536327424747,102.7699966430664,-0.007915819324382789,4550.580078125,0.0027301935085843887
2023-11-30,46.63072967529297,47.96673960192544,46.283766368785,47.88099334816859,526247000,47.64948921203613,44.94478698730469,-0.028458673692981606,0.28969771249725523,49.148361057548534,0.9300620983669603,1.198855325867372,103.5,-0.004041552890161948,4567.7998046875,0.0024535043985409732
2023-12-01,46.6257438659668,47.05944990418179,46.049465900778685,46.38646066120802,369317000,47.811953926086424,45.05940467834473,-0.00010692110891019624,0.27733504953589344,41.45620645255859,0.7677045886749028,1.1126251784288783,103.2699966430664,-0.001257300588916932,4594.6298828125,0.007740164206200939
2023-12-04,45.37448501586914,45.93979802137365,44.87597384591377,45.93979802137365,437543000,47.83712863922119,45.13717239379883,-0.026836222789165642,0.27266857220399643,34.69185205162027,0.5319371205189256,0.9964875668468878,103.63999938964844,0.0042635896745899515,4569.77978515625,0.004252259374945444
2023-12-05,46.43141555786133,46.465313882039936,45.14015642442524,45.33459252578994,371718000,47.87796115875244,45.22387512207031,0.02329349945509107,0.2788296969862192,34.846384538236734,0.42547060470926823,0.8822841744193639,104.0500030517578,0.01265209782732657,4567.18017578125,0.0026982075733121835
2023-12-06,45.37149429321289,47.25005219470193,45.280757679582,47.07854839373765,380590000,47.855627822875974,45.29558097839355,-0.022827675010846815,0.29094455532696406,33.864943389225914,0.2526558762857647,0.756358514792644,104.1500015258789,0.013428091153933064,4549.33984375,-0.00027254423693412466
2023-12-07,46.46133804321289,46.49424361639184,45.47220434901942,45.56792757808214,350823000,47.85692920684814,45.37797691345215,0.024020450879508104,0.29985585503175516,36.88363359072337,0.2013195548566884,0.6453507228054529,103.54000091552734,0.0003864822756265429,4585.58984375,0.0038946625997584583
2023-12-08,47.36870193481445,47.603023362522045,46.41546362240292,46.46033554439932,359224000,47.88485450744629,45.466137084960934,0.019529439525775905,0.30652981482127567,42.3638306843029,0.23118685500603675,0.5625179492455697,104.01000213623048,0.0071657356174976705,4604.3701171875,0.0021199170822086
2023-12-11,46.49224472045898,47.39363144924944,45.69755100849952,47.35374994188855,509728000,47.799913024902345,45.52859252929687,-0.018502875919242934,0.293959741029298,33.53773514127231,0.18203573853621435,0.4864215071036987,104.0999984741211,0.004438431948877497,4622.43994140625,0.011523565407036251
2023-12-12,47.519264221191406,47.52823708369172,45.91292023901418,45.91292023901418,372387000,47.75211505889892,45.58600479125977,0.022090125071558164,0.30487608559819834,40.51946648700699,0.22338002924037426,0.4338132115310338,103.87000274658205,-0.0017299404122671502,4643.7001953125,0.0167543246787194
2023-12-13,47.94902420043945,48.45356234904266,47.47041188410191,47.49135110162281,447792000,47.674159622192384,45.67723686218262,0.009043910639011887,0.2960504624751722,47.22587974166815,0.28750948578063173,0.40455246638095343,102.87000274658205,-0.012289954493940214,4707.08984375,0.03467536069364452
2023-12-14,48.210262298583984,48.52933716331639,47.28494671232897,48.25014760759364,391232000,47.647551727294925,45.76324493408203,0.005448246392929512,0.2921847542266041,52.736733723430405,0.355316407015664,0.3947052545078956,101.95999908447266,-0.015259820524279544,4719.5498046875,0.029213245297130763
2023-12-15,48.74870300292969,49.2612174369844,47.98092791403106,48.05471535600333,479948000,47.618353843688965,45.84712036132812,0.01116859105662904,0.29166970359347844,53.06567597359509,0.4473448327514191,0.4052331701566003,102.5500030517578,-0.014037102725566797,4719.18994140625,0.024937140433203497
2023-12-18,49.932273864746094,50.28724399732617,49.0079548114807,49.25723229515319,412587000,47.65740699768067,45.9332511138916,0.0242790225976941,0.30416102218463087,59.90993620453196,0.6087648380995248,0.4459395037451852,102.51000213623048,-0.015273740261253499,4740.56005859375,0.02555362940022654
2023-12-19,49.460636138916016,49.556359352120325,48.75368563402241,49.281156065075976,464444000,47.61749401092529,46.01970016479492,-0.009445548726813913,0.2951272310471835,56.3517054894028,0.6906724899373842,0.494886100983625,102.16999816894533,-0.016366655749343928,4768.3701171875,0.026847108260960928
2023-12-20,47.97195053100586,49.85449435490147,47.95898761649741,49.51148681248871,397894000,47.52632713317871,46.06590667724609,-0.030098391855070572,0.31200294216339597,55.75773912206157,0.62821869299772,0.521552619386444,102.41000366210938,-0.0044716542450753405,4698.35009765625,-0.00185671962589673
2023-12-21,48.848419189453125,48.953115280045736,48.27906644393615,48.66993565248791,300425000,47.540201568603514,46.10954261779785,0.0182704403040852,0.30732066958931836,58.877493962686735,0.6420461958641752,0.5456513346819903,101.83999633789062,-0.0011769590786541162,4746.75,0.00576330295010008
2023-12-22,48.68887710571289,49.24027646361489,48.32692345139222,49.05282008065704,252507000,47.59295864105225,46.147215881347655,-0.003266064416976744,0.2988008996770122,64.5026119283402,0.6328359399100236,0.563088255727597,101.6999969482422,-0.008288698958756613,4754.6298828125,0.007509751005209564
2023-12-26,49.13658142089844,49.45665286845571,48.81850309781851,48.82647939940057,244200000,47.64486999511719,46.22343498229981,0.009195207238267056,0.2985968602520395,62.503477875422746,0.6541224261725915,0.581295089816596,101.47000122070312,-0.010145360392688763,4774.75,0.007212215641962061
2023-12-27,49.2741813659668,49.53642176515991,48.943140137976336,49.36791146455285,233648000,47.7246488571167,46.28976379394531,0.002800356497935752,0.2962897517895867,69.71983830390259,0.6743221198461811,0.599900495822513,100.98999786376952,-0.011549381680761028,4781.580078125,0.0027703304510455773
2023-12-28,49.37887573242188,49.73982902864742,49.26919303504833,49.49952822100173,246587000,47.79376010894775,46.40119804382324,0.002124730711962508,0.2957402262196245,66.371929199645,0.6908151954632658,0.6180834357506636,101.2300033569336,-0.01152231484210331,4783.35009765625,0.018091457263349042
2023-12-29,49.37887573242188,49.85250521620105,48.610104092310245,49.66903507790819,389293000,47.931167411804196,46.54736854553223,0.0,0.27383585030124274,62.55916060462627,0.6958645829642478,0.6336396651933804,101.33000183105467,-0.005007801700462222,4769.830078125,0.004862290646231671
2024-01-02,48.0287971496582,49.15253910375024,47.4574550266933,49.10168779861392,411254000,48.00132007598877,46.668431701660154,-0.027341217529528006,0.2942492352749195,59.06366559138238,0.5841919986723099,0.6237501318891664,102.1999969482422,0.004916420993153592,4742.830078125,-0.002481750415559203
2024-01-03,47.431522369384766,48.04474284454288,47.1832414497885,47.34776550065434,320896000,48.104171943664554,46.79178688049316,-0.012435763869170446,0.279848283431219,49.4547957635206,0.4423959231092667,0.5874792901331864,102.45999908447266,0.009756557128803411,4704.81005859375,-0.01464787505235876
2024-01-04,47.859283447265625,48.35983153595327,47.3706979086473,47.62894825426151,306535000,48.17556533813477,46.892031860351565,0.009018497752392607,0.2701086127077014,49.44223657325325,0.3603839735605163,0.5420602268186525,102.41999816894533,0.014159821125105942,4688.68017578125,-0.019428703655670843
2024-01-05,48.9551010131836,49.40380119345811,48.16638677946172,48.3219379503372,415039000,48.3547456741333,47.00047431945801,0.02289665634307747,0.26383404962801854,54.19425351502742,0.37943830354785035,0.5095358421644921,102.41000366210938,0.011656626158700556,4697.240234375,-0.01800199891775478
2024-01-08,52.10198211669922,52.123921699220006,49.33600098033536,49.36890655044413,642510000,48.63677787780762,47.20942207336426,0.0642809643609592,0.3338821087057904,64.5950636174901,0.6410760768548798,0.5358438891025696,102.20999908447266,0.00868446893828323,4763.5400390625,-0.0013187134467005368
2024-01-09,52.986419677734375,54.16799628302355,51.54060955653382,52.249557041176296,773100000,48.917663764953616,47.46503211975098,0.01697512311631777,0.3326252632349294,63.64849199800886,0.9093106496782326,0.6105372412177023,102.56999969482422,0.003620379233175486,4756.5,0.0028822288907310867
2024-01-10,54.19292831420898,54.44220582035285,53.33441652219072,53.4610522035269,533796000,49.30269794464111,47.74130271911621,0.022770148347682984,0.32475899909207984,69.84446814786752,1.2053491304446027,0.7294996190630824,102.36000061035156,-0.0009759757467755481,4783.4501953125,0.016714837738264654
2024-01-11,54.66355895996094,55.18604663034972,53.40520900250216,54.84004936433209,596759000,49.65991268157959,48.01380516052246,0.008684355328120619,0.3204414504720399,80.68025402399967,1.4610951240914147,0.8758187200687488,102.29000091552734,-0.0012692565489363927,4780.240234375,0.019527895945364637
2024-01-12,54.551883697509766,54.81113441098262,54.17298466039183,54.4621436511034,352994000,49.99005565643311,48.29167152404785,-0.0020429563053692146,0.3220165292757439,78.12191179397047,1.6359066922050118,1.0278363144960014,102.4000015258789,-9.766757028417672e-05,4783.830078125,0.018434195278394405
2024-01-16,56.21905517578125,56.670745116790805,54.74133972907017,54.8589987377964,449580000,50.39049530029297,48.57207328796387,0.030561208252971594,0.3329129202468785,82.32325696778955,1.88721824734467,1.1997127010657351,103.36000061035156,0.011251360299186386,4765.97998046875,0.0005122117975795426
2024-01-17,55.89101028442383,56.30780154944078,54.5818050801591,56.18415935716655,474394000,50.74761066436768,48.822364501953125,-0.005835119255058974,0.33616756857320884,79.29428978802153,2.0364391810085465,1.3670579970542975,103.4499969482422,0.008579479926257516,4739.2099609375,-0.0036350339666771925
2024-01-18,56.94195175170898,57.433526947681614,55.9448418824529,57.09450943998765,491650000,51.09809455871582,49.063783721923826,0.01880340795303237,0.33299666227955604,80.81426329741403,2.213978671371841,1.5364421319178063,103.54000091552734,0.01152794351445574,4780.93994140625,-0.0005247789364901667
2024-01-19,59.319068908691406,59.3280417723161,57.05961512425851,57.8214070619552,543501000,51.59101619720459,49.337869796752926,0.04174632382373655,0.3490727570239057,83.77723035634469,2.517473615987015,1.7326484287316481,103.29000091552734,0.00977612661110272,4839.81005859375,0.012461680019840715
2024-01-22,59.48159408569336,60.15663944433183,58.8992822616046,59.87545295780241,452955000,52.16649837493897,49.61113845825195,0.0027398470675952247,0.3179177452439801,83.95445912323987,2.7395303688681523,1.9340248167589489,103.33000183105467,0.00908203409489916,4850.43017578125,0.013921919585060616
2024-01-23,59.69996643066406,59.73685825201208,58.41568677878363,59.39784070948938,294654000,52.70907573699951,49.87643157958984,0.0036712591235550374,0.317711497879523,92.45556255240118,2.8997067541274717,2.1271612042326535,103.62000274658205,0.002515500529171266,4864.60009765625,0.02069251603902056
2024-01-24,61.18466567993164,62.66736781993211,59.764781198476165,60.12972459836109,560271000,53.33386516571045,50.16392097473145,0.024869348142631198,0.3175128310620591,96.9949247153951,3.1105935287978213,2.323847669145687,103.23999786376952,-0.002029957377164049,4868.5498046875,0.02729143566460901
2024-01-25,61.438926696777344,62.53774309008504,60.67414123650308,62.16980621821151,482777000,53.9489824295044,50.42887802124024,0.0041556330171972355,0.3185369494953626,96.95886567035022,3.260652780623573,2.5112086914412646,103.56999969482422,0.0002897313022176551,4894.16015625,0.023681580658059476
2024-01-26,60.8546142578125,61.60444363196895,60.39794153183259,60.78382030493906,390309000,54.52800407409668,50.67646583557129,-0.009510459742381738,0.3258695001124295,92.65799007404806,3.2944503157761957,2.667857016308251,103.47000122070312,0.0017426692185140702,4890.97021484375,0.010570695054273438
2024-01-29,62.28446960449219,62.308398507444245,60.73097373043756,61.055031402652325,348733000,55.1732837677002,50.931992568969726,0.023496251913159183,0.3271453208114842,91.62725822680423,3.397448807545125,2.8137753745556258,103.61000061035156,0.002709752969468626,4927.93017578125,0.015977964261183697
2024-01-30,62.59257888793945,63.309502714007664,62.08006442941247,62.71821799882993,410735000,55.83396892547607,51.20899574279785,0.004946807533302788,0.32522934514113905,91.21320683385241,3.46400678459014,2.9438216565625286,103.4000015258789,-0.002123153974828429,4924.97021484375,0.012410088388680851
2024-01-31,61.34918212890625,62.08903826354452,60.52457256442592,61.26243177102061,453795000,56.49998817443848,51.449326171875,-0.019864922984868194,0.3140891805269287,80.60552964266313,3.377489141559053,3.0305551535618336,103.2699966430664,0.0002905732266333949,4845.64990234375,-0.004703639330484344
2024-02-01,62.8448486328125,63.0083761236307,61.47182934048774,61.92052577068121,369146000,57.27065448760986,51.72319892883301,0.024379567127130963,0.30229388877821856,82.16889828052638,3.3905271863157225,3.102549560112611,103.0500030517578,-0.0050207265095937315,4906.18994140625,0.0024579876367323283
2024-02-02,65.96880340576172,66.40752664709339,63.5059366044878,63.78911624931711,476578000,58.17613048553467,52.03739707946777,0.049709003059291934,0.32634782052617645,86.2938997791232,3.6113080615447757,3.204301260399044,103.91999816894533,0.004349057146354474,4958.60986328125,0.013829495062599007
2024-02-05,69.13163757324219,69.2961616511714,67.010785504722,68.02783445051155,680078000,59.184957313537595,52.42412406921387,0.04794439195791478,0.34459163116222685,87.48407598170797,3.995435882431565,3.362528184805549,104.4499969482422,0.008107290154834024,4942.81005859375,0.0030194995224623877
2024-02-06,68.02583312988281,69.55240673067756,66.10839412447636,69.42876454653677,683111000,59.98114986419678,52.813222122192386,-0.01599563502582768,0.31715718596819975,83.70437693642211,4.162646374739495,3.5225518227923382,104.18000030517578,0.007543508392518383,4954.22998046875,0.005941105092739818
2024-02-07,69.89640808105469,70.01706057362387,67.40462981569888,68.12155362100862,495575000,60.826649284362794,53.25847557067871,0.02749800869914165,0.3208163975646796,84.41401484696102,4.395433834906257,3.6971282252151223,104.04000091552734,0.0074562244358573615,4995.06005859375,0.03083387352803446
2024-02-08,69.43973541259766,70.5894031052992,69.25427593719057,69.87148269785355,414422000,61.588989639282225,53.68530319213867,-0.006533564184406426,0.32715689742858967,79.940959339633,4.491297030032854,3.855961986178669,104.1500015258789,0.010674414765117657,4997.91015625,0.01869479493031223
2024-02-09,71.92451477050781,71.97635881328195,70.0090618680723,70.32913321886888,436637000,62.45203742980957,54.170221405029295,0.035783249218132474,0.3367767986701639,82.3641752944027,4.713436666959254,4.027456922334786,104.08000183105467,0.0015396811482735195,5026.60986328125,0.013713520900997533
2024-02-12,72.0391845703125,74.39535381795112,71.04406796843402,72.39016457689355,613710000,63.326402473449704,54.65107208251953,0.0015943075899860215,0.3347161689336391,82.26852053216965,4.842910763487616,4.190547690565353,104.16999816894533,-0.0026806968643151574,5021.83984375,0.015988837163355196
2024-02-13,71.91954040527344,73.23771827831571,69.41879318637284,70.19653768234375,602580000,64.11142673492432,55.15684829711914,-0.001660820645773442,0.3333756542230304,80.23135868438382,4.879616452576663,4.328361442967616,104.95999908447266,0.007487029919485577,4953.169921875,-0.00021397040467019401
2024-02-14,73.68643188476562,74.02145939035373,71.7301040369102,72.99045103936953,504917000,65.0011978149414,55.698062057495115,0.024567613607311634,0.32851326454812335,81.78335905877358,4.9937149144426485,4.461432137262623,104.72000122070312,0.006535950588157924,5000.6201171875,0.0011131114598279535
2024-02-15,72.44801330566406,73.76120847442633,72.19076331535655,73.65551962549853,420122000,65.77650089263916,56.23953262329101,-0.016806602619031108,0.3456470348795184,79.09803873508734,4.9274086384897515,4.554627437508049,104.3000030517578,0.001440245066550716,5029.72998046875,0.006366625894416833
2024-02-16,72.40313720703125,74.18696820662582,72.29146138961607,73.88583908151942,495327000,66.43070430755616,56.758967056274415,-0.0006194248342390463,0.33020610526390326,77.29420490461555,4.815726612271163,4.606847272460673,104.27999877929688,0.00192156941510091,5005.56982421875,-0.004185731464101616
2024-02-20,69.25128173828125,71.74804279084927,67.53824458047887,71.73906612377016,704833000,66.91918869018555,57.23656280517578,-0.04353202900224484,0.3810417971952251,65.57224190132156,4.421916308042697,4.569861079577078,104.08000183105467,-0.0008639372129458645,4975.509765625,-0.009225717977179415
2024-02-21,67.2770004272461,68.68890843457064,66.05653886283757,67.80945371472042,673755000,67.29804039001465,57.65287605285644,-0.02850894974762319,0.4023116386419382,63.40472781866056,3.9054907365213722,4.436987010965937,104.01000213623048,-0.009051038076682949,4981.7998046875,0.0057801131929797744
2024-02-22,78.31104278564453,78.3479308117141,74.00552015694443,74.80819417110781,865100000,68.1543592453003,58.271722869873045,0.1640091307330318,0.6887251883971778,74.4337068082945,4.336585297549021,4.416906668282554,103.95999908447266,-0.007257468748770535,5087.02978515625,0.017279790494733493
2024-02-23,78.58921813964844,82.15587637734276,77.3458203592003,80.55651569183838,829388000,69.01187381744384,58.913662338256835,0.003552185542533781,0.6888342256092881,71.9077644765299,4.6471082975619,4.462946994138424,103.94000244140624,-0.0034515877259649885,5088.7998046875,0.011744134267272388
2024-02-26,78.86344146728516,80.41295154394714,78.27813219075965,79.4696785553485,503973000,69.91231517791748,59.54054588317871,0.003489325051553971,0.6846771506085827,68.77645751679782,4.859312414334312,4.542220078177602,103.83000183105467,-0.0043152757336965,5069.52978515625,0.01277775821406757
2024-02-27,78.47354888916016,79.25030450092336,76.93900277777333,79.1515839793688,391705000,70.72176914215088,60.15103637695312,-0.004943895052902825,0.6868142782248353,70.73041945476119,4.939089879484101,4.621594038438902,103.83000183105467,-0.0024019984204631806,5078.18017578125,0.020635153982730303
2024-02-28,77.43856048583984,78.70488691297152,76.9021132659983,77.39568548362723,393110000,71.4640682220459,60.73560234069824,-0.01318900977426396,0.6924361972033898,65.4784410531725,4.862744489470671,4.669824128645256,103.9800033569336,-0.00028842206211665555,5069.759765625,0.017656261669675377
2024-02-29,78.88334655761719,79.75880728050764,78.12354788867853,78.8654008337766,507289000,72.34077644348145,61.338295211791994,0.018657191749342106,0.6826938628732007,68.62533197908438,4.862767423368652,4.7084127875899355,104.16000366210938,0.0019238609022516062,5096.27001953125,0.0018164301695191565
2024-03-01,82.04120635986328,82.06214938054762,79.20542398518815,79.76879352380037,479135000,73.30059432983398,61.980473861694335,0.0400320212066505,0.6882497358608757,69.43678236063062,5.059278282603302,4.778585886592609,103.86000061035156,-0.0007696924107710723,5137.080078125,0.009487556062438784
2024-03-04,84.99066162109375,87.44155809825308,83.47705094561937,83.88685863778845,615616000,74.25168724060059,62.69107437133789,0.0359509006765828,0.6805385494654377,72.43893050865292,5.390868369422577,4.901042383158603,103.83000183105467,0.0,5130.9501953125,0.01211560297684633
2024-03-05,85.71958923339844,85.85221432148215,83.1798336316164,85.02756212891575,520639000,75.08108482360839,63.44602714538574,0.008576561217447543,0.6683996469809208,73.41477761398134,5.647374846750637,5.050308875877009,103.8000030517578,-0.0002889220723090169,5078.64990234375,9.249899496288627e-05
2024-03-06,88.44780731201172,89.46889796984821,86.78255724053227,87.7717411927185,582520000,76.10218353271485,64.23801490783691,0.031827241626005254,0.6637566001151599,74.25464225962456,6.001619542133497,5.240571009128307,103.37000274658205,-0.0058665184714179475,5104.759765625,0.0069036801777697665
2024-03-07,92.40552520751952,92.50324615104638,89.34724386412462,89.90166281939615,608119000,77.22763938903809,65.11234786987305,0.044746365294805024,0.6711952642630332,80.10246389770181,6.526482545369873,5.49775331637662,102.81999969482422,-0.012864860984760251,5157.35986328125,0.011987167774838436
2024-03-08,87.27912902832031,97.12306133342042,86.26003174516178,94.86749190765931,1142269000,78.11960906982422,65.87519882202149,-0.05547716078326059,0.7130551742863122,69.45549681799406,6.454380843634681,5.689078821828232,102.73999786376952,-0.010783773733873958,5123.68994140625,-0.002606565697850116
2024-03-11,85.53012084960938,88.54452056286361,83.92669117198699,86.18325727083518,678364000,78.7998893737793,66.60031761169434,-0.02003924876637364,0.7163027673479679,72.10118837003297,6.184814688775347,5.788225995217656,102.87000274658205,-0.009245873712250052,5117.93994140625,-0.0025356422126521228
2024-03-12,91.65166473388672,91.69852817689656,85.90505025020566,87.79865287127926,668075000,79.780513381958,67.44577339172363,0.07157179042271045,0.7482703172246681,79.74316598227497,6.39146220278775,5.908873236731675,102.95999908447266,-0.008092523531683216,5175.27001953125,0.019024764267155048
2024-03-13,90.62958526611328,91.24383116033476,88.18355678072699,90.79611026460988,635713000,80.716015625,68.27078758239746,-0.011151782902591889,0.7515066206045308,69.89218459015312,6.398994944795163,6.006897578344373,102.79000091552734,-0.005610929821455168,5165.31005859375,0.011861536242408599
2024-03-14,87.6939468383789,90.3882676423802,86.35376650266996,89.32230691373881,602318000,81.41639137268066,69.06409057617188,-0.03239161272905022,0.7665590467532006,63.5403474271326,6.097791663588012,6.025076395393102,103.36000061035156,0.005251905437950732,5150.47998046875,-0.0013339931660543147
2024-03-15,87.58726501464844,89.29140572149215,86.01176295929899,86.68284605628648,642086000,82.17335395812988,69.86720542907715,-0.0012165243734221232,0.7613653699893976,63.03885009431495,5.783805452617173,5.976822206837916,103.43000030517578,0.006716005993315122,5117.08984375,-0.0012881532121825634
2024-03-18,88.2034912109375,92.14225684199752,86.8373838940454,90.13099363074502,668976000,82.9633716583252,70.67408958435058,0.007035568426368766,0.7603578369138184,64.44489146195795,5.521050192413881,5.885667803953109,103.58000183105467,0.006901905954272092,5149.419921875,0.0061509085353002035
2024-03-19,89.14381408691406,90.28655172899164,84.7682901573293,86.4534797466604,672171000,83.95799827575684,71.4778638458252,0.010660835110571698,0.7326859921745311,67.42638347945895,5.327281369626931,5.773990517087874,103.80999755859376,0.008255618508929308,5178.509765625,0.0006260052290070206
2024-03-20,90.11502838134766,90.15292233657874,87.97213700496532,89.54165883228097,479063000,85.09989967346192,72.23812477111817,0.010894915192732002,0.7157626452646894,66.96050173699639,5.192234214354073,5.657639256541114,103.41000366210938,0.006031741813987912,5224.6201171875,0.011482381100254235
2024-03-21,91.17501831054688,92.38457441104312,90.14794815065484,92.03756431354115,480372000,85.74309844970703,73.00189674377441,0.011762632140707607,0.45291898397584396,64.72557995823362,5.111814879482637,5.548474381129419,104.0,0.006191944522728088,5241.52978515625,0.017677926141402844
2024-03-22,94.02091217041016,94.50852022791372,90.57573384993216,90.88186017417289,586719000,86.51468315124512,73.79845642089843,0.031213526606268527,0.45989141742205253,64.60739538783592,5.2175768494786325,5.482294874799262,104.43000030517578,0.009668374717678008,5234.18017578125,0.022882211492585736
2024-03-25,94.73188018798828,96.49086455465545,93.24412560987103,93.67389990625728,552136000,87.30810508728027,74.59982284545899,0.007561807274210519,0.4594241156673444,64.58681922212622,5.297694623960581,5.445374824631526,104.2300033569336,0.006275357350727928,5218.18994140625,0.013354906100998098
2024-03-26,92.29781341552734,96.1009718491892,92.23898306006764,95.57845969689596,513648000,87.99931831359864,75.35474143981934,-0.025694272800568463,0.4738179766336294,56.291322695279504,5.105921803042605,5.377484220313741,104.29000091552734,0.0046238644467999634,5203.580078125,0.004841221439113141
2024-03-27,89.99340057373047,92.97489725482532,88.8696059634602,92.8472628285773,586067000,88.62706031799317,76.03022834777832,-0.0249671444698516,0.4827509871911803,45.83318177049645,4.71365749382629,5.244718875016251,104.3499984741211,0.009089979486734512,5248.490234375,0.004568775652984636
2024-03-28,90.0990982055664,91.04041442208826,88.93940289555813,89.74410760252643,435212000,89.18784790039062,76.71439010620117,0.0011745042543351847,0.4816087597700171,55.893661864705955,4.361042732235447,5.067983646460091,104.5500030517578,0.005288490882286556,5254.35009765625,0.0024459104546741273
2024-04-01,90.10606384277344,91.96276900754944,88.95036271273993,90.04225044370871,452441000,89.59109077453613,77.37767234802246,7.731084268058908e-05,0.4660065293913921,60.31467978262365,4.035634776324827,4.861513872433038,105.0199966430664,0.005649682430015179,5243.77001953125,0.0018321577454234461
2024-04-02,89.19766235351562,89.83783523468522,87.37087059473389,88.19651163521841,433064000,89.80144081115722,77.97524421691895,-0.010081468999055265,0.4540894547362684,42.76897248014143,3.662230307151219,4.621657159376674,104.81999969482422,0.00566052306330822,5205.81005859375,-0.002372447716834869
2024-04-03,88.71104431152344,90.11703889051456,88.14865256608842,88.23241336254476,370067000,89.95101356506348,78.55983322143555,-0.005455502186409111,0.4544552482839326,44.162570644485704,3.2891235965326047,4.355150446807861,104.25,-0.0003835546569775916,5211.490234375,0.0015201373153173048
2024-04-04,85.6607437133789,90.3763015666953,85.63581327474101,90.1489453998678,434965000,89.81166038513183,79.07904876708984,-0.03438467692289693,0.45777839860777886,43.8565608765171,2.715991811477636,4.027318719741816,104.12000274658205,-0.002204079836149564,5147.2099609375,-0.01929702998667404
2024-04-05,87.75778198242188,88.22943673946416,85.68170072109015,86.61902297298796,399678000,89.57927322387695,79.61051109313965,0.02448073852895405,0.4359266271495405,50.45990909644633,2.403290567594965,3.7025130893124456,104.3000030517578,-0.0023912003127942727,5204.33984375,-0.00951787623145961
2024-04-08,86.88526153564453,88.57743512523471,86.4854007087341,88.44779987998065,283220000,89.55957984924316,80.11943778991699,-0.009942371229848423,0.3896548440507928,46.493027379404495,2.0613060181707965,3.374271675084116,104.13999938964844,-0.008379330427983445,5202.39013671875,-0.007891246690524989
2024-04-09,85.11129760742188,87.38581757145292,82.78593537872872,87.19336556349879,501700000,89.53863868713378,80.60457145690918,-0.020417317009454927,0.38991566184958326,39.72767004782547,1.6283659465053688,3.0250905293683665,104.1500015258789,-0.006391892490898332,5209.91015625,0.0007876003177413882
2024-04-10,86.79153442382812,87.15150809881327,83.4710003679758,83.68738625967652,431929000,89.29563217163086,81.0947127532959,0.01974164257436639,0.2958568296022328,41.82897718767972,1.4046469931303278,2.701001822120759,105.25,0.00959232613908867,5160.64013671875,-0.009757304603747019
2024-04-11,90.3583526611328,90.48100403591604,86.67884945614712,87.17144056555283,431637000,89.28207054138184,81.65002822875977,0.04109638412298211,0.33168186358558843,48.21250846637959,1.497893746674137,2.4603802070314345,105.27999877929688,0.01114095276714644,5199.06005859375,0.010073437464129809
2024-04-12,87.93525695800781,89.91860764142923,87.28112393379013,89.44395551817271,426805000,89.29413604736328,82.1817497253418,-0.02681651039181976,0.32497030166238716,36.42873451865552,1.360584922031265,2.2404211500314006,106.04000091552734,0.01668262524312758,5123.41015625,-0.01555042328705536
2024-04-15,85.75646209716797,90.35534773623158,85.68466822355283,88.84465613304712,443077000,89.20259590148926,82.63998199462891,-0.024777261546870766,0.337002203823327,31.214274536355404,1.06369454434342,2.005075828893805,106.20999908447266,0.01987708572072422,5061.81982421875,-0.027020332732804353
2024-04-16,87.16645812988281,87.86745463811035,85.81930143123056,86.18724795044986,370453000,89.15074424743652,83.06393508911133,0.01644186336788489,0.341541853554794,38.778949082448335,0.9314445639288493,1.790349575900814,106.26000213623048,0.020259247042135664,5051.41015625,-0.03042278950047872
2024-04-17,83.79606628417969,88.5225868752461,83.71130127056159,88.08881854088399,495400000,88.8833568572998,83.35722366333007,-0.03866615574400256,0.3645176584824314,37.05157359907645,0.5483519868649864,1.5419500580936485,105.9499969482422,0.006650802358595831,5022.2099609375,-0.02682422569950149
2024-04-18,84.43024444580078,85.94493013538192,82.167698910902,84.7283978612392,447260000,88.59911766052247,83.68531188964843,0.00756811375214661,0.36304364408894435,38.41166936790923,0.2925489153133327,1.2920698295375854,106.1500015258789,0.008263703995721405,5011.1201171875,-0.03614883061325591
2024-04-19,75.98334503173828,84.08424741361141,75.3910397359179,82.91358934859076,875198000,87.83953399658203,83.80705062866211,-0.10004589551419463,0.49549837030491695,28.536414720102684,-0.5850272212442462,0.916650419381219,106.1500015258789,0.0010373501452456413,4967.22998046875,-0.030483637073390857
2024-04-22,79.29190826416016,79.8453305652036,76.18277728835372,77.88192715774476,596341000,87.10308380126953,84.00409408569335,0.04354326900243577,0.5103468245040095,35.96895455031755,-1.0019889254053425,0.5329225504239068,106.08000183105467,-0.0012239643587096394,5010.60009765625,-0.010118836375296203
2024-04-23,82.18864440917969,82.53366130187051,80.03578647084935,80.53934787289336,438559000,86.47592201232911,84.2093766784668,0.03653255683252166,0.5319505359576118,41.351789237544764,-1.0861709792005882,0.20910384449900782,105.69000244140624,-0.005364198036562073,5070.5498046875,0.003788971365514371
2024-04-24,79.45044708251953,83.84292061734187,78.9578484435489,83.71129217484813,512208000,85.83355369567872,84.35760192871093,-0.03331600546941649,0.5362629589804985,41.69689392944079,-1.3581792584694625,-0.10435277609468627,105.86000061035156,-0.0008494227511360863,5071.6298828125,0.009840273954969225
2024-04-25,82.39705657958984,83.08608614140688,78.00058847000186,78.64375119701494,424641000,85.45373649597168,84.56715225219726,0.03708738723659888,0.5535117659328005,42.99196646553407,-1.3207561640167285,-0.3476334536790947,105.5999984741211,-0.005181375825262902,5048.419921875,0.007443406626707283
2024-04-26,87.48555755615234,88.0798637130723,83.14991996305922,83.5796943254643,551011000,85.32305946350098,84.843134765625,0.06175585861671351,0.6005209219058131,50.70684628083256,-0.8704644176511636,-0.4521996464735085,105.94000244140624,-0.0019783238949975246,5099.9599609375,0.026721126460954592
2024-04-29,87.50748443603516,87.74180926182623,85.0235621625501,87.34594249418755,388971000,85.19313049316406,85.14432418823242,0.00025063428176408387,0.6005245146663251,52.94292704455437,-0.5060027636401827,-0.46296026990684336,105.58000183105467,-0.004713423749712176,5116.169921875,0.02106929752149478
2024-04-30,86.15634155273438,88.56646933597486,86.05463417701857,86.99195638809022,363709000,85.041064453125,85.41938827514649,-0.015440312243102161,0.6019261787537044,49.213516898957664,-0.322472948326336,-0.4348628055907419,106.22000122070312,0.005014653865588858,5035.68994140625,-0.00687496713847946
2024-05-01,82.80489349365234,85.75547993219622,81.02396844600167,84.83510772715242,559863000,84.74575691223144,85.6904605102539,-0.038899609694205584,0.6167067002527675,40.5973102746006,-0.4423588590092038,-0.4363620162744343,105.76000213623048,-0.0009446294496932017,5018.39013671875,-0.010497561400167776
2024-05-02,85.572998046875,85.99180203592717,82.96343457532701,84.20888384405981,377898000,84.74136962890626,86.05638046264649,0.03342923873738024,0.617489844059922,47.08445811445065,-0.3104279829736214,-0.41117520961427173,105.3000030517578,-0.002840865783126034,5064.2001953125,0.0031257846379069143
2024-05-03,88.53654479980469,89.0271426544853,86.79251724081982,87.53938813243457,398341000,84.78030776977539,86.26089050292968,0.03463179765311386,0.6236992924745589,53.36602386093211,0.032882592307601044,-0.32236364922989724,105.02999877929688,-0.008589802162905058,5127.7900390625,0.005456920904901352
2024-05-06,91.87801361083984,91.9577879691123,88.80178624215971,89.13583280876144,376203000,85.02994537353516,86.52666641235352,0.037741125075422266,0.6352726599167764,55.44969301667877,0.5680393004047204,-0.1442830593029737,105.0500030517578,-0.005019878481769324,5180.740234375,0.012620830325419607
2024-05-07,90.2965316772461,91.52004037192768,88.75791956813879,90.83898366205491,437342000,85.28920707702636,86.75532821655274,-0.01721284419896474,0.6337677598784536,57.84345187036946,0.8546901362578865,0.05551157980919835,105.41000366210938,-0.0076256594735932826,5187.7001953125,0.03018657933172908
2024-05-08,90.15494537353516,90.93471969755814,89.16576142158716,89.22858583150523,325721000,85.45737762451172,86.98895614624024,-0.001568014862597611,0.6311368184677836,56.990513335253745,1.0582394320148296,0.2560571502503246,105.5500030517578,-0.0019856191398538448,5187.669921875,0.033731890216676774
2024-05-09,88.49465942382812,90.81304550195526,87.9801277687823,90.27159019237384,378013000,85.36419296264648,87.210078125,-0.018415916540440946,0.6182982212753765,68.31302861704211,1.0732112041325053,0.4194879610267608,105.2300033569336,-0.0006647644140124198,5214.080078125,0.029595963238426393
2024-05-10,89.62245178222656,91.14112411341108,88.973301771079,90.04823965753017,335325000,85.44855270385742,87.42486022949218,0.012744185533243302,0.6117149343981508,66.15216070317061,1.1626772398902858,0.5681258167994658,105.30999755859376,0.0026658933880905344,5222.68017578125,0.018505074504980845
2024-05-13,90.1419677734375,90.73926364427145,88.2772820639822,90.22073791617512,289680000,85.6678279876709,87.58687545776367,0.005796717015433828,0.6037588607913363,63.43393792999998,1.2609647003681772,0.7066935935132082,105.22000122070312,0.0016182595336200478,5221.419921875,0.007852099441327809
2024-05-14,91.09624481201172,91.39040419499096,88.6811267433613,89.34423682194762,296507000,85.86431732177735,87.70898712158203,0.010586379043473926,0.6024115398086227,70.93236097550273,1.3997252414223738,0.8452999230950413,105.01000213623048,-0.003794720728414802,5246.68017578125,0.01136919603065012
2024-05-15,94.36095428466795,94.59229693630976,91.33857349932174,92.20909256462352,417735000,86.39256172180175,87.88181442260742,0.03583802471104458,0.5921844717110685,71.26099635176827,1.7529221447232004,1.0268243674206732,104.3499984741211,-0.011369062462729285,5308.14990234375,0.023224295740312817
2024-05-16,94.09070587158205,95.54655367350442,93.8354294469824,94.64014168326462,323952000,86.87558479309082,87.99467239379882,-0.002863985587413853,0.5931224013507269,64.16347869106067,1.9881087665534949,1.2190812472472377,104.45999908447266,-0.007317345318797797,5297.10009765625,0.015922275509260064
2024-05-17,92.21605682373048,94.47062985340762,91.54497378951852,94.10069011001252,359691000,87.68722038269043,87.99088302612304,-0.01992384933757585,0.4550444578297383,59.3534449834441,2.0001706258049694,1.375299122958784,104.4499969482422,-0.008166371952226692,5303.27001953125,0.015430744567456633
2024-05-20,94.51051330566406,94.9293173048801,93.17432694405991,93.48344309476197,318764000,88.44815063476562,88.13551071166992,0.024881312007510648,0.4414809906211316,65.99584311832743,2.169860398696926,1.5342113781064124,104.56999969482422,-0.006177547218570223,5308.1298828125,0.016606586375907284
2024-05-21,95.11478424072266,95.1287443727323,92.91505542877422,93.33286278018406,328946000,89.09445762634277,88.32720397949218,0.006393690118942308,0.429516523824323,76.34101505870682,2.3262844218654237,1.6926259868582147,104.66000366210938,-0.0033330013046476425,5321.41015625,0.014243288701625945
2024-05-22,94.68002319335938,95.74698053068366,92.98386328100148,95.18757861855156,548648000,89.85593643188477,88.38777114868164,-0.0045709092527924655,0.4045244563335634,71.64932074502589,2.387646699237777,1.8316301293341275,104.94000244140624,0.005654086975683592,5307.009765625,-0.00021478984951928126
2024-05-23,103.5038833618164,106.0177117858919,101.23135605250832,101.73791493789795,835065000,90.9112777709961,88.64525711059571,0.09319664139114736,0.4949198675945211,77.8271966801392,3.1124105858396263,2.0877862206352273,105.11000061035156,0.006222492165190108,5267.83984375,-0.005523824992319182
2024-05-24,106.16627502441406,106.1722546778935,102.707136778978,104.15201429523188,429494000,91.84531364440917,89.01470367431641,0.02572262581965923,0.4622429033706731,77.25281355219903,3.857160993317933,2.4416611751717685,104.72000122070312,0.0025850098645261443,5304.72021484375,0.00027345304070114373
2024-05-28,113.5771484375,114.61219912037284,109.57057499198292,109.93054862844438,652728000,93.14879684448242,89.53450134277344,0.06980440268231813,0.5063817631618899,86.32638012737537,4.987879436764288,2.9509048274902727,104.61000061035156,0.00038252764314883336,5306.0400390625,-0.0003937062197303387
2024-05-29,114.49851989746094,115.16362326202471,110.58568085733936,112.7285727659483,557442000,94.56590576171875,90.0604019165039,0.008112296114459738,0.4952501683457302,87.08258052729319,5.890427741834344,3.538809410359087,105.0999984741211,0.004204039715421937,5266.9501953125,-0.010234122035028048
2024-05-30,110.1858139038086,115.48969056494155,109.35119576529628,114.32401567603496,484553000,95.93495178222656,90.4812419128418,-0.037666041425815644,0.4934933498016418,80.57169032849134,6.18639157404138,4.068325843095546,104.72000122070312,-0.002096447642317756,5235.47998046875,-0.013478359436903342
2024-05-31,109.32128143310548,112.39651226649592,106.6359377048998,112.20006619281486,613263000,97.12236595153809,90.86536697387696,-0.007846132274866524,0.4946118362399604,77.9712609273022,6.278806327263823,4.510421939929201,104.66999816894533,-0.004186113964905647,5277.509765625,0.0018356522145359655
2024-06-03,114.67302703857422,114.67302703857422,111.6845465950096,113.29795006188644,438392000,98.42919006347657,91.3353271484375,0.048954289003129814,0.50550143763346,80.62947832049448,6.706577577349989,4.949653067413359,104.13999938964844,-0.005538596488671721,5283.39990234375,-0.004019121016098248
2024-06-04,116.1059341430664,116.26847269779265,113.7207369592616,115.38699108204422,403324000,99.6405860900879,91.77702758789063,0.012495589778145355,0.4973114311320233,80.85826699606558,7.079603738005488,5.375643201531785,104.11000061035156,-0.004779657748616106,5291.33984375,-0.0027704644526386213
2024-06-05,122.09188842773438,122.1008579096868,117.134024395863,118.03445691912442,528402000,101.2303539276123,92.32422775268554,0.05155597195654127,0.5031994779077679,82.06279166144019,7.768693479313001,5.854253257088029,104.2699966430664,-0.0078972582597997,5354.02978515625,0.016533209279489647
2024-06-06,120.65396881103516,125.22991785379394,117.98358173920542,123.69529221491229,664696000,102.7553050994873,92.89135086059571,-0.011777355852353066,0.5091060946244275,79.90523295624185,8.1053406464775,6.304470734965923,104.0999984741211,-0.0059205761970470006,5352.9599609375,0.02243919963537544
2024-06-07,120.5442886352539,121.3460035339654,117.68643999762348,119.42946352714928,412386000,104.3577865600586,93.50236862182618,-0.0009090473928216047,0.4974561398701874,83.21212032306933,8.267977579418954,6.69717210385653,104.88999938964844,0.0021018555894880553,5346.990234375,0.013165388949644363
2024-06-10,121.4437255859375,122.74999853797117,116.67731737762593,120.02776477909312,313434100,105.94885025024413,94.12926116943359,0.007461464668850004,0.4982711702055741,82.64440998728325,8.372927667340235,7.032323216553271,105.1500015258789,0.009698503381505352,5360.7900390625,0.014647790844758646
2024-06-11,120.57613372802734,122.53072064853248,118.41211998717576,121.43375200225071,222551200,107.47055854797364,94.73866256713868,-0.007143982562493267,0.5037906170823228,80.66470031516758,8.29052593368641,7.283963759979899,105.2300033569336,0.010757878590106129,5375.31982421875,0.01587121276437098
2024-06-12,124.8542709350586,126.5296321042774,122.23153612962204,122.72018091821552,299595000,109.15845985412598,95.45179473876954,0.03548079603117027,0.5085499543191033,83.26150919994237,8.472763145388186,7.521723637061557,104.6500015258789,0.0036444317161850037,5421.02978515625,0.012513938601117491
2024-06-13,129.25209045410156,129.44156821528892,126.8088590238474,129.03269675342705,260704500,110.90301666259765,96.2626156616211,0.035223620995155525,0.5082424212501339,81.45159742107396,8.869809091740436,7.791340727997333,105.1999969482422,0.010566748225213196,5433.740234375,0.015090767356188639
2024-06-14,131.5158233642578,132.47316384016574,127.9656566008486,129.60112719578945,309320400,112.77427253723144,97.17971725463867,0.01751409127854786,0.5031578307964486,81.26917258023171,9.260387212436399,8.085150024885147,105.5500030517578,0.006292341175992977,5431.60009765625,0.015823829775731824
2024-06-17,130.6183319091797,133.36073857025062,129.22220369566065,132.6227916073861,288504400,114.6943862915039,98.03692825317383,-0.006824208921175634,0.49231957422858386,75.04507530940502,9.389269473403516,8.345973914588821,105.31999969482422,0.0016167205561425924,5473.22998046875,0.020974509463518087
2024-06-18,135.20562744140625,135.95355648117285,130.32913071079423,130.77788509132313,294335100,116.72914199829101,99.00333557128906,0.03511984470461749,0.49554766360282915,77.4725165718432,9.74918348700659,8.626615829072376,105.26000213623048,0.0002850781938601443,5487.02978515625,0.020782011971489656
2024-06-20,130.41885375976562,140.37129003031137,129.16233868973217,139.41394956266274,517768400,118.49434547424316,99.90948669433594,-0.035403657171851455,0.5301122916364636,76.51008898523565,9.538214702695726,8.808935603797046,105.58999633789062,0.008982272320170681,5473.169921875,0.009618124006903539
2024-06-21,126.22049713134766,130.269291272292,123.9567687165166,126.76898143871918,649445800,120.07136917114258,100.69806594848633,-0.03219133206117142,0.5531857468303636,70.36303148555236,8.929316525795514,8.83301178819674,105.8000030517578,0.005703480236893821,5464.6201171875,0.005682988416918944
2024-06-24,117.78384399414062,124.11630717061917,117.7140376010138,122.89967494041524,476060900,120.78536720275879,101.24657577514648,-0.06684059506141604,0.5449322352202624,53.48904710244821,7.6774915896344424,8.601907748484281,105.47000122070312,-0.0007579519539705482,5447.8701171875,0.002995437668224188
2024-06-25,125.74181365966795,126.15068514494097,118.9905115651875,120.8653174275534,414192600,121.76414413452149,102.0027069091797,0.06756418703674849,0.5828753655877348,59.42756564617572,7.244048076335105,8.330335814054447,105.61000061035156,0.0027535218037186837,5469.2998046875,-0.0007180724718812703
2024-06-26,126.05097198486328,127.76621614131052,122.2614619181134,125.78171327779911,362975900,122.38783531188965,102.80859710693359,0.002458675568590918,0.5371285015405868,54.35753511597673,6.846564528308917,8.033581556905341,106.0500030517578,0.007505233702207903,5477.89990234375,-0.0016639025429019405
2024-06-27,123.64761352539062,126.06093675176166,122.58056851355607,123.75731038151326,252571700,122.84528999328613,103.53822021484375,-0.019066560309913827,0.5441724141864632,53.2263653156951,6.265401363962283,7.67994551831673,105.91000366210938,0.0030306594878053428,5482.8701171875,0.0017723175876067643
2024-06-28,123.19886779785156,127.35735127952528,122.4110483253652,124.23599694106169,315516700,123.49594268798828,104.32627624511719,-0.0036292308015060115,0.5222387866631863,52.84018399023725,5.702876133129607,7.284531641279306,105.87000274658205,0.000661622805341544,5460.47998046875,-0.00075762571413307
2024-07-01,123.95677185058594,124.49527404629498,118.50187501478464,123.12906191428952,284885500,124.2277172088623,105.11680679321289,0.006151875145297359,0.519634664475477,52.69692312176609,5.257620778329212,6.879149468689288,105.9000015258789,0.004076991563468191,5475.08984375,0.00499639785402084
2024-07-02,122.33126831054688,123.0692304193492,120.69579746715524,120.79551981451768,218374000,124.61062927246094,106.04376525878907,-0.013113471057461856,0.49917178696884706,51.85340587468972,4.719188286008631,6.447157232153157,105.72000122070312,0.0010415738066076319,5509.009765625,0.00726052005842992
2024-07-03,127.92578125,127.92578125,121.02489116241942,121.324065820501,215749000,125.20162162780761,107.01644271850586,0.04573248537938013,0.5204235303307445,53.15575148679463,4.689845476243661,6.0956948809712586,105.4000015258789,-0.006129198558925575,5537.02001953125,0.010792478548613982
2024-07-05,125.48253631591795,128.49420118342798,125.3329490025218,127.02825159880692,214176700,125.3711540222168,107.88232055664062,-0.019098925253442922,0.49716745600226725,45.96499939158492,4.418507833096555,5.760257471396318,104.87999725341795,-0.009725298584423725,5567.18994140625,0.015378774695834485
2024-07-08,127.84600067138672,130.4089114819867,126.68920771422978,127.13796209423433,237677300,125.73075561523437,108.85023162841797,0.01883500624755019,0.4979248066084504,46.08012306013312,4.344106462028989,5.477027269522853,105.01000213623048,-0.008123175479744948,5572.85009765625,0.02057879849196942
2024-07-09,131.0172119140625,133.4504765285805,128.29473958471138,129.99005737514514,285366600,126.2544017791748,109.82263473510743,0.024804931136070518,0.5033331994935887,50.40632259785332,4.489283419018221,5.279478499421927,105.12000274658205,-0.007365427460416574,5576.97998046875,0.018609765250712895
2024-07-10,134.53746032714844,134.72693809179796,132.0543307877707,133.65988550841513,248978600,126.90908851623536,110.76367279052734,0.026868595062112588,0.5094471239063169,49.30424052758808,4.832683661361173,5.190119531809776,105.0500030517578,-0.00633747787749861,5633.91015625,0.022672022003727532
2024-07-11,127.0482177734375,135.7740491933907,126.69918573397185,135.37515978161727,374782700,127.23269271850586,111.55448745727539,-0.05566659676420005,0.5528416917242774,46.67718424841709,4.449223662771303,5.041940358002082,104.44000244140624,-0.009108150574712814,5584.5400390625,0.008582237261853587
2024-07-12,128.8831329345703,131.5557253023775,126.86870653322082,127.90582806874107,252680500,127.43413581848145,112.40902328491211,0.014442667463505643,0.5414736699178693,52.75315214964654,4.244463634989032,4.8824450133994715,104.08999633789062,-0.007532426928067881,5615.35009765625,0.008650711895386687
2024-07-15,128.0853271484375,131.02717795052595,126.828804392605,130.19946809344353,208326200,127.37579765319825,113.31463195800781,-0.006190148919935301,0.5276971689529708,62.650012291789075,3.972026529029492,4.700361316525476,104.19000244140624,-0.007808777051165561,5631.22021484375,0.010474015300007578
2024-07-16,126.01107788085938,128.68367018979245,124.23599428065054,128.0853361228611,214769500,127.10056037902832,114.1233935546875,-0.01619427700078624,0.526484889902797,50.38650109895408,3.54784621635946,4.469858296492273,104.2699966430664,-0.008086054806950349,5667.2001953125,0.016177252771161443
2024-07-17,117.6641845703125,121.51352631521466,116.39769484983655,121.01490699704938,390086200,126.45285301208496,114.70594635009766,-0.06623936126027485,0.5743527504918242,40.218645731877366,2.5092308786244075,4.0777328129187,103.75,-0.012375088186501904,5588.27001953125,-0.008100969921949974
2024-07-18,120.75562286376952,122.0620106514847,116.23813305693452,121.51352635797906,320979500,125.73035278320313,115.28349853515626,0.026273400905690858,0.5670541330840995,46.68040420953809,1.9135161516305317,3.644889480661066,104.16999816894533,-0.0025852572400348883,5544.58984375,-0.007153712755761155
2024-07-19,117.6043701171875,121.2642346289584,117.04591883273778,120.01768614879164,217223800,125.08962860107422,115.82965530395508,-0.026096116038729744,0.561374766935344,43.95344840836474,1.1735996518181935,3.150631514892492,104.4000015258789,0.0029782418954262813,5505.0,-0.01965150805152971
2024-07-22,123.19886779785156,123.72740308245356,119.52902914046476,120.01767396475168,258068900,124.93854713439941,116.49053375244141,0.04757049142892722,0.5803788476764361,49.258388850898385,1.0268033526812417,2.7258658824502424,104.30999755859376,0.0011516951183008217,5564.41015625,-0.011864224101490572
2024-07-23,122.25148010253906,124.34568731396224,121.76283530375956,122.44095787706308,173911000,125.16192893981933,117.16567016601563,-0.007689905859094459,0.5262558845582594,49.9208770017937,0.8245154576894009,2.345595797498074,104.4499969482422,0.0017262905051389499,5555.740234375,-0.019667553129619764
2024-07-24,113.93451690673828,119.61877422549412,113.12675602679064,118.8409292880146,327776900,124.57156410217286,117.65191146850586,-0.068031595108909,0.52361682705199,36.83616549195431,-0.0068298483958812994,1.875110668319283,104.38999938964844,0.006168668815888623,5427.1298828125,-0.028835424228886297
2024-07-25,111.96995544433594,116.30794209044976,106.00647252262672,112.72785895570485,460067000,123.86751327514648,118.08847122192383,-0.01724289983175553,0.5248657639482915,37.170982818114354,-0.8148080840857261,1.3371269178382812,104.36000061035156,0.0018239651026785708,5399.22021484375,-0.026218283588661517
2024-07-26,112.74779510498048,115.87912373985304,111.2718862190074,115.86915683172242,293399100,123.32252235412598,118.5215022277832,0.006946860499835061,0.5239899675657904,35.22058825725972,-1.3765040156535946,0.7944007311399062,104.31999969482422,-0.0007663010525421621,5459.10009765625,-0.008337856919845565
2024-07-29,111.28186798095705,115.9589201329672,110.99267544003176,113.37607543359478,248152100,122.72667236328125,118.85992050170898,-0.013001825203397543,0.524938748144646,30.014122034840128,-1.9178325757424943,0.2519540697634261,104.55999755859376,0.002396702193953937,5463.5400390625,-0.018127728610048965
2024-07-30,103.44356536865234,111.68075088933978,102.2568489765504,111.21204752075072,486833300,121.70101203918458,119.0469776916504,-0.07043647590141122,0.5724802830150628,21.043811065499398,-2.9453724528536327,-0.3875112347599857,104.5500030517578,0.0009574543459791585,5436.43994140625,-0.02147333891361658
2024-07-31,116.69686889648438,118.0132236713025,110.57382390970471,112.588250336948,473174200,121.41929206848144,119.53659393310546,0.12812110140055477,0.7492137041952245,41.29485315536005,-2.659615978821847,-0.841932183572358,104.0999984741211,-0.002778052660436181,5522.2998046875,0.017535958034908816
2024-08-01,108.90841674804688,119.82818299593283,106.51504280273448,117.2054408456908,523462300,120.46842384338379,119.82455200195312,-0.06674088364227004,0.7618065204962615,34.730882211599024,-3.026724713529049,-1.2788906895636964,104.41999816894533,0.0005749095270493054,5446.68017578125,0.008790150993845502
2024-08-02,106.9737777709961,108.4197782586363,101.09007631034588,103.47347587762454,482027500,119.5429859161377,120.0617318725586,-0.017763906912047545,0.7615385647408254,34.13755739755629,-3.434183102554087,-1.7099491721617746,103.20999908447266,-0.010640343305202582,5346.56005859375,-0.020615126495082348
2024-08-05,100.17261505126952,103.12444802394918,90.43957172286063,91.80578374541406,552842400,118.15931663513183,120.1715837097168,-0.06357784927710186,0.7805903660748522,31.873500363150953,-4.256823788377488,-2.219324095404917,102.69000244140624,-0.01788442196681972,5186.330078125,-0.050738158585009074
2024-08-06,103.9621353149414,107.41258033181929,100.27235513846156,103.55326379264082,409012100,116.80656280517579,120.1807487487793,0.03782990253106977,0.7898271802009866,39.73094633987692,-4.550534119047327,-2.6855661001333995,102.97000122070312,-0.015112403490533555,5240.02978515625,-0.03612845140696874
2024-08-07,98.63687896728516,108.4995686514933,98.41748524596572,107.51229690555586,411440400,115.01153373718262,120.03016082763672,-0.051223037421499584,0.7896750345836386,33.96008450318969,-5.153597885977206,-3.179172457302161,103.1999969482422,-0.00864554792575356,5199.5,-0.05845387177521533
2024-08-08,104.68013763427734,105.208672877848,97.2507054584759,101.71833775867768,391910000,113.89312973022462,119.85222061157226,0.06126774012179115,0.8169412998446435,41.004983564231296,-5.085269970552787,-3.5603919599522866,103.20999908447266,-0.011587809861047571,5319.31005859375,-0.023384908435390317
2024-08-09,104.46074676513672,106.30563671378638,103.14439207443418,105.348288539487,290844200,112.67201042175293,119.65146514892578,-0.0020958213668682557,0.812907612886341,35.90397284059935,-4.991286174860505,-3.8465708029339307,103.13999938964844,-0.0006782259029662896,5344.16015625,-0.00044886849066483325
2024-08-12,108.71895599365234,110.76329830179426,105.96658275414626,106.02641463942724,325559900,111.70369186401368,119.62212799072266,0.04076372570923237,0.8320928073598384,40.30298991349348,-4.5210851865036545,-3.9814736796478756,103.13999938964844,0.004382091124196519,5344.39013671875,0.030476282113323094
2024-08-13,115.8192901611328,115.9090455912812,111.27188458899278,112.1295103919247,312646700,111.19410247802735,119.7520881652832,0.06530907239299655,0.8694458639849167,51.374539758613004,-3.534763336835269,-3.8921316110853543,102.55999755859376,-0.003981777772640527,5434.43017578125,0.03709910030963748
2024-08-14,117.75394439697266,118.27250515954668,113.75501518576698,118.20269875673236,339246400,111.19859046936035,119.81370651245118,0.016704076092577402,0.8384791596915725,54.220026124429815,-2.5673904576054554,-3.6271833803893747,102.56999969482422,-0.006104624729145525,5455.2099609375,0.049179721307337276
2024-08-15,122.52074432373048,122.89969228155606,117.1456284695593,118.43206727440648,318086700,111.2868465423584,119.94200271606445,0.04048102126148723,0.8455683693583251,56.738179517440805,-1.3999616782099054,-3.181739039953481,102.9800033569336,-0.002228424857855349,5543.22021484375,0.04209383431000724
2024-08-16,124.2359848022461,124.6548231821397,120.84537209002656,121.60327554530542,302589900,111.61842727661133,119.9848846435547,0.013999592379095649,0.839822307130628,58.90090665508061,-0.33252722110148625,-2.611896676183082,102.45999908447266,-0.006592983412835207,5554.25,0.03931204110795594
2024-08-19,129.64102172851562,129.64102172851562,123.07918972579692,123.93681555512865,318333600,111.94053497314454,120.1646257019043,0.043506210659279176,0.8371491495638029,68.62327438937677,0.9387423473451264,-1.9017688714774408,101.88999938964844,-0.01211944936394338,5608.25,0.04937137007801784
2024-08-20,126.89862060546876,129.521363173756,125.5423754072274,128.04543898793298,300087400,112.17289199829102,120.2917123413086,-0.021153806769509953,0.8409675789338814,58.52641998811932,1.7052863088497787,-1.1803578354119968,101.44000244140624,-0.01092038946810292,5597.1201171875,0.029936890555938067
2024-08-21,128.14517211914062,128.99283109530663,126.31025657503493,126.9684301564372,257883600,112.88342475891113,120.42574127197265,0.009823207752174268,0.7978265172899144,68.05167874741653,2.385861484237779,-0.4671139714820417,101.04000091552734,-0.014916630436278333,5620.85009765625,0.030363659310059576
2024-08-22,123.39830780029295,130.38895283197962,122.7600756761678,129.66097288180268,376189100,113.45484237670898,120.48218475341797,-0.0370428650595932,0.8088507335422259,64.64000668077352,2.5132191092150293,0.12895264465737255,101.51000213623048,-0.014274627818839924,5570.64013671875,0.004946569108254861
2024-08-23,129.0127716064453,129.24214747384983,124.8742369002308,125.51246908853835,323230300,114.26809120178223,120.5653547668457,0.04549870987889704,0.8208816899715187,76.26226239940286,3.0322375052382426,0.7096096167735466,100.72000122070312,-0.016982216272859785,5634.60986328125,0.014468175411846751
2024-08-26,126.11078643798828,130.8975269250622,124.02656151522956,129.21220655330094,331964700,115.0095371246338,120.50252868652343,-0.022493782067635637,0.824786836624911,70.5002480027026,3.1728230441802197,1.2022523022548812,100.8499984741211,-0.010207095119808218,5616.83984375,0.0015316442294832644
2024-08-27,127.94571685791016,128.843225521312,123.5379164141598,124.70469137157046,303134600,116.23464469909668,120.43112655639648,0.014550146516009166,0.7716823334994853,79.00135344803115,3.39318709771338,1.640439261346581,100.5500030517578,-0.008773653077961185,5625.7998046875,0.00512400786467504
2024-08-28,125.26314544677734,127.97563574905244,122.30134548595971,127.76620894054898,448101100,116.66295852661133,120.32402282714844,-0.02096648076239971,0.6445835951655144,71.81816299700837,3.3131738977676406,1.9749861886307931,101.08999633789062,0.0004948082136804199,5592.18017578125,-0.005100638048852191
2024-08-29,117.2652816772461,124.08639756190335,116.38771446055244,121.02487540717718,453023300,117.08080177307129,119.96521591186523,-0.06384849862268094,0.6404219458052475,61.65152207707384,2.5747222991265346,2.0949334107299413,101.33999633789062,-0.0016747689366778395,5591.9599609375,0.003827176714974012
2024-08-30,119.04037475585938,121.41379989153825,116.89631023816276,119.19992897597832,333751600,117.68413162231445,119.7376463317871,0.01513741367627408,0.6358991791389716,59.83651959198245,2.108424656329845,2.097631659849922,101.6999969482422,0.00972990186320244,5648.39990234375,0.0024473813444236825
2024-09-03,107.70177459716795,115.88910303086084,106.9937360660562,115.6896583434562,477155100,118.06058959960937,119.36727188110352,-0.09525003749312633,0.6896132679672495,42.84208287121025,0.8145603975327873,1.8410174073864953,101.83000183105467,0.009717435515728345,5528.93017578125,-0.01565109036651091
2024-09-04,105.91671752929688,112.9572200584078,103.83249237473711,105.11893116355375,372470300,118.15831871032715,119.12992935180664,-0.01657407293935176,0.6817754035970852,39.53448025820987,-0.3508313707284998,1.4026476517634965,101.36000061035156,0.00805566915971978,5520.06982421875,-0.018793768733230465
2024-09-05,106.9139633178711,109.34722825345308,104.47073147298624,104.70009212019605,306850700,118.57217292785644,118.7533723449707,0.009415376645319329,0.6525551831336027,35.21634483352729,-1.1803371505258156,0.8860506913056341,101.11000061035156,0.00019788577688806264,5503.41015625,-0.01587395554880322
2024-09-06,102.54605865478516,107.85136830211154,100.67124500554576,107.74167143504636,413638100,118.46546897888183,118.28327407836915,-0.04085438915120476,0.6359289294760723,30.437167689991796,-2.1652205448522324,0.27579644407406084,101.18000030517578,-0.0015788044059266149,5408.419921875,-0.03282213040590676
2024-09-09,106.17599487304688,106.25577578698044,103.4036727846321,104.59038154400557,273912000,118.55123138427734,117.93384170532227,0.03539810565008317,0.6482957203327468,28.136055992479427,-2.622610394279647,-0.30388492359668073,101.5500030517578,-0.0014748662830417203,5471.0498046875,-0.03139828990908744
2024-09-10,107.8014907836914,109.09790400275718,104.66018768236026,107.5122906776436,268283700,118.5053581237793,117.62589416503906,0.015309448360602662,0.634051309789323,31.827682423468374,-2.8214077775200224,-0.8073894943813491,101.62999725341795,-0.0019641026616943336,5495.52001953125,-0.006042788602458549
2024-09-11,116.58717346191406,116.86639906475774,107.12337325723898,109.0879346022382,441422400,118.54375228881835,117.47850219726563,0.08149871225669347,0.6581956072244475,40.38175102123223,-2.244155738462439,-1.0947427431975671,101.68000030517578,0.0031570609007232076,5554.1298828125,0.006170222420795346
2024-09-12,118.82117462158205,120.46676065848584,115.07123444451854,116.52732649632485,366052700,118.59711380004883,117.40830032348633,0.019161637539808485,0.6590228200515829,46.024781060609705,-1.5881074018089265,-1.193415674919839,101.37000274658205,0.002571477941459621,5595.759765625,0.016780433722556998
2024-09-13,118.7812728881836,119.63897203588232,117.28528706438031,118.76132975848292,238358300,118.41014022827149,117.22541015625,-0.00033581332220899984,0.642540954931722,40.16131458030551,-1.0591943714619276,-1.1665714142282568,101.11000061035156,-0.0006918333130370158,5626.02001953125,0.04023358038012925
2024-09-16,116.4674835205078,117.86373849865818,114.05396151496328,116.47745888999548,248772300,118.02171516418457,117.04510910034179,-0.019479412127986873,0.6433295807445288,40.620828330112126,-0.8173090195065242,-1.0967189352839104,100.76000213623048,-0.007779427787162785,5633.08984375,0.029617723261021522
2024-09-17,115.28067016601562,118.48208669803358,114.52270945275087,117.85376774830212,231925900,117.30369758605957,116.79380249023437,-0.010190083262880845,0.620294582707552,37.52456897115363,-0.7131582105607066,-1.0200067903392698,100.88999938964844,-0.0072812937495639884,5634.580078125,0.025304258395843604
2024-09-18,113.06661224365234,117.38501890816246,112.917012138231,115.57986510061662,310318900,116.61209716796876,116.43479049682617,-0.019205803706508817,0.6196649524152141,37.874146667071216,-0.8000514200303002,-0.9760157162774759,100.5999984741211,-0.010621575804614869,5618.259765625,0.011546341941147675
2024-09-19,117.55457305908205,119.3397837869768,116.93622949013678,117.03596036023048,293506400,116.08256721496582,116.09513275146485,0.03969306877045531,0.637957075629014,50.30919394952503,-0.5009987821157154,-0.8810123294451238,100.61000061035156,-0.0074973080362880085,5713.64013671875,0.021066017132810977
2024-09-20,115.68958282470705,118.30257441739376,115.0812145821692,116.74674381909426,382462400,115.69713096618652,115.86796005249023,-0.01586488884135262,0.6275453515212669,46.425550249343516,-0.409763044245409,-0.7867624724051809,100.72000122070312,-0.0038571791839996372,5702.5498046875,0.013602828445432147
2024-09-23,115.94888305664062,116.67692526968904,114.55262802291854,116.23810791147416,206228500,115.04393653869629,115.60927505493164,0.0022413446881079935,0.601953604143399,61.520838258180454,-0.3129274699278852,-0.6919954719097218,100.91999816894533,0.0015878923116587895,5718.56982421875,0.015174616922467798
2024-09-24,120.54654693603516,121.47405850127808,115.07123304654732,116.20818172536411,354966800,114.76572456359864,115.45849945068359,0.03965250684776822,0.6177114971634894,68.94822748058743,0.13327219229456944,-0.5269419390688636,100.37000274658205,-0.005154095016475346,5732.93017578125,0.017454734211351797
2024-09-25,123.17948150634766,124.60565503965536,121.28456450552947,121.69346336275538,284692900,114.52741279602051,115.40186752319336,0.021841642396522642,0.6207629954267031,70.21041659003858,0.691374717396414,-0.28327860777580804,100.91999816894533,0.0031809115276135724,5722.259765625,0.018511070035657218
2024-09-26,123.70806121826172,127.32834434574868,121.47405774507013,126.46067739619816,302582900,114.44965858459473,115.52274505615235,0.004291134411755326,0.6165349417900408,79.06780019810668,1.1629215192967308,0.005961417638699729,100.55999755859376,-0.000496998821731931,5745.3701171875,0.005553373980422327
2024-09-27,121.07512664794922,123.6980858451405,118.94085404604166,123.63824884420144,271009200,114.64015083312988,115.52913513183594,-0.021283451897828543,0.5750981081563835,71.04153077036956,1.3090796858968758,0.266585071290335,100.41999816894533,-0.0029785846715829623,5738.169921875,0.006246349160899944
2024-09-30,121.11502838134766,121.1748653861715,117.83383152489164,117.9933994074146,226553700,114.7438835144043,115.59934829711914,0.00032956177295151434,0.5730887470497265,69.68380159994223,1.4118558272262334,0.4956392224775147,100.77999877929688,-0.0013872313930692881,5762.47998046875,0.007678520609127881
2024-10-01,116.68690490722656,122.1123497582988,115.480143812289,121.4441369131862,302094500,115.19314002990723,115.46910903930664,-0.03656130484631959,0.4703463324249465,50.16926038700963,1.1230483009620684,0.6211210381744254,101.19000244140624,0.008169768580106096,5708.75,-0.004217769105822944
2024-10-02,118.53194427490234,119.06052472572212,114.8318735101862,116.12839762685849,221845900,115.8239013671875,115.3947183227539,0.0158118802546241,0.46519029917565374,49.50256185238563,1.03115895443338,0.7031286214262163,101.68000030517578,0.007530738704118578,5709.5400390625,-0.0022228502520823534
2024-10-03,122.52124786376952,124.0272091849403,120.01796257527629,120.59641230247804,277118000,116.60426559448243,115.56645294189452,0.03365593649265608,0.4753672446048598,55.66295764039386,1.2656498215990695,0.8156328614607871,101.98999786376952,0.014220369330682603,5699.93994140625,-0.007907267043657296
2024-10-04,124.58570098876952,124.70538259718006,121.50397375972976,124.6056517279934,243678100,117.70624771118165,115.8187678527832,0.016849755948416867,0.44078151557841533,62.385883456147944,1.5996300970525539,0.9724323085791405,102.5199966430664,0.02091215407700031,5751.06982421875,0.002248086501337898
2024-10-07,127.37821197509766,130.29039598837593,124.61562046227938,124.65551433206126,346250200,118.76635856628418,116.11137619018555,0.022414377927526985,0.4332591624920128,67.59501469275921,2.065830561379272,1.191111959139167,102.54000091552734,0.017463803905026776,5695.93994140625,-0.011547118478160368
2024-10-08,132.5343780517578,133.1227955252644,129.07366275536995,129.9114112143918,285722500,120.0030029296875,116.53642639160157,0.04047918397275185,0.4467440021551159,76.0823119031464,2.8188631983901473,1.5166622069893632,102.5500030517578,0.013440068954826412,5751.1298828125,0.00742367117363707
2024-10-09,132.29502868652344,134.16003500176663,131.02843810434518,133.75112849037495,246191600,120.78839569091797,117.11345565795898,-0.0018059417394399313,0.3614995407016343,72.28590576312398,3.357628839865555,1.8848555335646016,102.93000030517578,0.01229346967199385,5792.0400390625,0.014449500211149546
2024-10-10,134.4492645263672,134.63875854734422,130.64946199779328,131.5570306151262,242311300,121.56980018615722,117.46850357055663,0.016283573625039738,0.3603139087338603,78.1166104495078,3.9133229696715404,2.2905490207859893,102.98999786376952,0.00980488303701832,5780.0498046875,0.014054510065852677
2024-10-11,134.4392852783203,135.41665858843493,133.3023364675461,133.65139075503694,170209500,122.35270080566406,117.97912094116211,-7.422315088168041e-05,0.36024984596663373,77.92169399264692,4.303303524864262,2.693099921601644,102.88999938964844,0.003609078801184884,5815.02978515625,0.011121402259480995
2024-10-14,137.70053100585938,139.22643549757692,135.93526327737888,136.104806530019,232347700,123.41435317993164,118.59365600585937,0.024258130506923825,0.3518460393622287,76.9930999973348,4.81995970420796,3.1184718781229077,103.3000030517578,0.0074117625262803966,5859.85009765625,0.02877666512219812
2024-10-15,131.24783325195312,138.1991821543322,128.3954862474048,137.50104323972985,377831000,124.21271133422852,119.21516036987305,-0.046860369431920956,0.39881865449836085,61.333699143382894,4.655073873419667,3.4257922771822598,103.26000213623048,0.006923442840994776,5815.259765625,0.011150831944198414
2024-10-16,135.35678100585938,136.25436629658557,131.22786127620384,133.62143219677557,264879700,125.32721977233886,119.8430532836914,0.03130678543102805,0.39541142052983613,64.86758507894572,4.80061985105192,3.700757791956192,103.58999633789062,0.006412086182435051,5842.47021484375,0.008706807176942943
2024-10-17,136.56356811523438,140.512977854023,136.50373111006368,138.96712260930138,306435900,126.27766952514648,120.6015870666504,0.008915601423195474,0.37881284389399245,70.51517612968827,4.9562115989355675,3.9518485533520673,103.83000183105467,0.008156170353516012,5841.47021484375,0.010626276975405968
2024-10-18,137.6306915283203,138.52827690762766,136.9126171376927,138.2988966827743,176090200,127.37472496032714,121.26059814453124,0.007814114904975744,0.3683793530085511,71.29626441457386,5.106759575683881,4.18283075781843,103.48999786376952,0.0058314557068746,5864.669921875,0.008536523208438895
2024-10-21,143.325439453125,143.325439453125,137.63071268872676,137.76036967912168,264554500,128.74355278015136,122.03789199829102,0.04137702035474322,0.38471810071209517,83.2627539267694,5.6207954651357,4.470423699281884,104.01000213623048,0.006873175832501577,5853.97998046875,-0.0010017521079332958
2024-10-22,143.2057342529297,144.03351491090646,141.40058044009385,142.52756130979012,226311600,129.8765121459961,122.72762756347656,-0.0008351985568790798,0.3712412912291213,82.1967103244537,5.949926354404198,4.766324230306347,104.08000183105467,0.007941116384467817,5851.2001953125,0.0061803653037049155
2024-10-23,139.1865234375,142.04883820987033,137.09215234233463,141.649914730207,285930000,130.6768642425537,123.19497222900391,-0.028065990767736748,0.38998026620053977,71.72947804511486,5.819366201410418,4.976932624527161,104.43000030517578,0.008108929404198717,5797.419921875,-0.007710829719643653
2024-10-24,140.0342559814453,140.9717429059513,138.08947737101022,140.44316244306268,172354900,131.4931739807129,123.64057846069336,0.006090622303142501,0.3899025869140607,70.80308648811808,5.718383307825064,5.125222761186742,104.05999755859376,0.0022151182074843234,5809.85986328125,-0.005411369124535659
2024-10-25,141.16122436523438,143.74430494634163,140.4232143860229,140.55285615055817,205122100,132.49747886657715,124.01338806152344,0.008047804988076557,0.37582346898713404,69.43190802105215,5.663999506625146,5.232978110274423,104.26000213623048,0.0074403738366539685,5808.1201171875,-0.009642453103212434
2024-10-28,140.1439666748047,142.7569505719539,139.67522319765803,142.6173258267159,173586700,133.44892578125,124.3315476989746,-0.007206353550729183,0.3787960813971797,62.145807557794036,5.475695350817375,5.281521558383014,104.31999969482422,0.002980459111881384,5823.52001953125,-0.005203290930123949
2024-10-29,140.87200927734375,141.8793009979601,138.52829188537018,139.91457158033694,157593600,134.65818099975587,124.55616744995118,0.005194962150803395,0.3413892514941476,63.47959503253467,5.323839990762366,5.289985244858885,104.27999877929688,0.00192156941510091,5832.919921875,-0.0031241921020143115
2024-10-30,138.96710205078125,139.95445814390004,136.44387391965424,139.1665637778278,179418100,135.6799388885498,124.79753707885742,-0.013522254962745506,0.35017059481903046,57.15632337152378,4.992236041127256,5.230435404112559,103.98999786376952,-0.004213372020687944,5813.669921875,0.002802971014517208
2024-10-31,132.40472412109375,137.24175143875112,131.756469630996,137.2317836775648,270039600,136.17411270141602,124.88272811889648,-0.04722252844626118,0.3878928388475729,47.331215711234805,4.152046262365388,5.0147575757631255,103.9800033569336,-0.0007687315350466406,5705.4501953125,-0.017971116416873878
2024-11-01,135.0376434326172,136.94253564166783,134.2098780275083,134.33951978002003,207127800,136.6967098236084,125.11551483154297,0.019885387995034476,0.38935566422553014,46.44848176996525,3.6564946000112,4.743104980612741,104.27999877929688,0.00019179592035944992,5728.7998046875,-0.013656796157722972
2024-11-04,135.6859130859375,138.58812914709054,135.2072018980832,136.8428124063768,187528200,137.1120948791504,125.24897766113281,0.004800658815138359,0.38347680277405655,57.00344039127227,3.2782862374628507,4.450141231982763,103.88999938964844,-0.004121935452776948,5712.68994140625,-0.0190314582509018
2024-11-05,139.5355987548828,139.99435925396384,136.9625011145287,137.08217511986183,160537400,137.46215591430663,125.5174739074707,0.028372036428771175,0.370144502446346,56.648719092874686,3.2517071892572176,4.210454423437654,103.41999816894533,-0.00824703318391573,5782.759765625,-0.008599493379274126
2024-11-06,145.2203369140625,146.09798683530676,141.58011068537002,142.57743460752744,242043900,138.1084213256836,125.86296630859376,0.040740414703532846,0.3931597403844851,62.05554308911577,3.647310042372453,4.097825547224614,105.08999633789062,0.010577925730531845,5929.0400390625,0.019844628046975732
2024-11-07,148.48159790039062,148.53145192465237,145.77884323892675,145.9982557303204,207323300,138.81003799438477,126.32733535766602,0.022457329707601836,0.3961167013379357,64.24084790844523,4.175848082413438,4.113430054262379,104.51000213623048,0.005097122159897882,5973.10009765625,0.04691126785466415
2024-11-08,147.23492431640625,149.3691967390222,145.868580298605,148.3718728926044,175665800,139.44981994628907,126.92672821044921,-0.008396148759260424,0.39869988805107476,55.80908460188549,4.442907080504767,4.179325459510856,105.0,0.006904499703984213,5995.5400390625,0.04656127696358747
2024-11-11,144.8712615966797,148.4516658981078,143.18579701946294,148.2821074463959,182325600,139.80835647583007,127.44334594726563,-0.016053682444574613,0.39836124816195856,52.32008264146612,4.4129556275154584,4.226051493111777,105.54000091552734,0.015882197859010683,6001.35009765625,0.05052963826336132
2024-11-12,147.89315795898438,149.2495191040209,145.6192606302401,146.38720431256547,198634700,140.64062271118163,128.24717361450195,0.020859184416558874,0.3566393397559986,62.47497780906615,4.580262254473894,4.296893645384201,106.0199966430664,0.025140190680275953,5983.990234375,0.03479834489168865
2024-11-13,145.87855529785156,148.9303636661012,145.5095351466514,148.67106495867824,191903300,141.16671142578124,129.04641036987306,-0.013622013952068857,0.3503386118690787,58.10284322610836,4.4984371800692315,4.337202352321207,106.4800033569336,0.013226825268636944,5985.3798828125,0.009502355082579017
2024-11-14,146.36724853515625,148.60125952595652,145.16049515099348,147.24489842760545,194463300,141.65689544677736,129.83547607421875,0.0033500005282263157,0.34985568611209533,57.34795478314206,4.4220490503340955,4.354171691923785,106.66999816894533,0.02066784028861912,5949.169921875,-0.004006324252064708
2024-11-15,141.6000518798828,144.85133773586546,139.70514243904907,144.4823175216733,250132900,141.85536346435546,130.6165559387207,-0.0325701050131334,0.37221557294592916,51.858440239186585,3.931517887296593,4.269640930998347,106.69000244140624,0.01609526134672601,5870.6201171875,-0.02083547454626511
2024-11-18,139.77493286132812,141.1711953957962,136.7829612819808,139.1266784396513,221205300,141.67783813476564,131.28853469848633,-0.012889253883204166,0.3442555357161811,48.63791675412785,3.356801437427549,4.087073032284187,106.27999877929688,0.007011539296477798,5893.6201171875,-0.01795095748718656
2024-11-19,146.6165771484375,146.7362663614533,140.61269838756368,140.94181709193657,227834900,141.848380279541,132.06483642578124,0.04894757698719143,0.38729191756888914,58.46017280950453,3.4140430629984166,3.9524670384270335,106.20999908447266,0.0017921377798748583,5916.97998046875,-0.011198255893084541
2024-11-20,145.49957275390625,147.1651017216073,142.34802580304432,147.01550923449048,309871700,142.16403274536134,132.6430844116211,-0.007618540933474249,0.3731599733868431,66.46597071604324,3.330878253121284,3.828149281365884,106.68000030517578,0.0018782582826539773,5917.10986328125,-0.011406129747469018
2024-11-21,146.2775115966797,152.48086819347145,140.3234860038813,148.95034787282623,400946600,142.47619552612304,133.19221115112305,0.0053466744131902555,0.37307389493482296,64.82504174106532,3.2898197114373886,3.7204833673801856,106.97000122070312,0.0028124407697340814,5948.7099609375,-7.731514539677242e-05
2024-11-22,141.57012939453125,146.7661937868221,140.72241318136372,145.539474391015,236406200,142.49664077758788,133.64798828125,-0.03218117501976492,0.39191422849339747,57.010444367364244,2.844642846853418,3.545315263274832,107.48999786376952,0.0074983166562643255,5969.33984375,0.016815894163118683
2024-11-25,135.65599060058594,141.66985203296244,135.4565288796721,141.61001503848368,344941900,142.27224197387696,134.03175842285157,-0.041775329437353514,0.4191177522881799,45.59455351567292,1.9916568201340965,3.2345835746466856,106.81999969482422,0.005080927001596125,5987.3701171875,0.015907031355244294
2024-11-26,136.55360412597656,138.9272401830298,135.30694909062626,137.33151565059862,190287700,142.0563217163086,134.45721710205078,0.006616836613087651,0.41944003208332775,38.95812086476054,1.3722704784890425,2.8621209554151568,107.01000213623048,0.007532276232500079,6021.6298828125,0.017686370866419443
2024-11-27,134.9778289794922,136.85280300357402,131.44730865073987,134.64871022731035,226370900,141.85685806274415,134.89544143676758,-0.011539608614289376,0.4187274325921183,32.023421595627696,0.7456550084950209,2.4388277660311295,106.08000183105467,-0.005624282643463707,5998.740234375,0.013795649055007297
2024-11-29,137.88003540039062,138.97709782710584,135.68592576491588,136.41396798376013,141863200,142.130623626709,135.30195068359376,0.021501356503069724,0.3883374950801612,38.07226965438722,0.47773451135208234,2.04660911509532,105.73999786376952,-0.011498582246398548,6032.3798828125,0.014065221270564976
2024-12-02,138.25901794433594,140.07413953973298,137.45118801543163,138.45847968192444,171682800,142.29169235229492,135.75333938598632,0.0027486397348592817,0.3827761989151238,41.11978353370892,0.2926132477359431,1.695809941623445,106.4499969482422,-0.009675327343902196,6047.14990234375,0.0130349520433517
2024-12-03,139.8846435546875,140.1638930268938,137.58082780000817,137.8899957715255,164414000,142.50162887573242,136.23205459594726,0.011757826972313978,0.38437607667942336,38.82551272945293,0.27392013264895354,1.4114319798285468,106.37000274658205,-0.0042126656948865415,6049.8798828125,0.010440270837033694
2024-12-04,144.75157165527344,145.3998260198739,139.91454527402882,141.61997562000002,231224300,142.76242752075194,136.71615509033202,0.03479244023439376,0.39088283639383337,48.54343122150778,0.6443979093922394,1.2580251657412853,106.33999633789062,-0.0062611511537669085,6086.490234375,0.010771228525291887
2024-12-05,144.68177795410156,146.1579148411047,143.57467148409813,144.73165063129176,172621200,142.7354995727539,137.1462010192871,-0.0004821619577166647,0.36328194504554745,47.79776935901071,0.9217471211700854,1.1907695568270453,105.70999908447266,-0.003487959466396795,6075.10986328125,0.012730944485414453
2024-12-06,142.06861877441406,145.3201135010368,140.94156015213164,144.2229906612707,188505600,142.41485061645508,137.51341217041016,-0.0180614256794418,0.3585941977593558,50.64874539553019,0.9200821289278167,1.1366320712471998,105.97000122070312,0.0021751783769650146,6090.27001953125,0.009596566834872311
2024-12-09,138.44805908203125,139.58508599383495,136.77244688316378,138.6076455444956,189308600,141.97550735473632,137.8608708190918,-0.025484584305924596,0.3676752424366846,48.24991104449064,0.6194728047995,1.0332002179576598,106.1500015258789,-0.0028181815966529244,6052.85009765625,0.0009426251051409817
2024-12-10,134.7178497314453,141.45025097804097,133.4411729750498,138.6475644899376,210020900,141.46783676147462,138.13292724609374,-0.026943023797652232,0.37483647528249386,32.902809368390905,0.07932660203340447,0.8424254947728088,106.4000015258789,0.00028202292490608905,6034.91015625,-0.0024743840956295005
2024-12-11,138.94676208496094,139.8045203384501,134.85746151474785,137.00184953896903,184905200,141.02051696777343,138.57812438964845,0.03139088370209131,0.38557312004522615,41.35723483035671,-0.007419740617194748,0.6724564476948081,106.70999908447266,0.003479431628024221,6084.18994140625,-0.000377934224844112
2024-12-12,136.98191833496094,138.0790564611993,135.445940177233,136.72260169557995,159211400,140.5756851196289,138.94712387084962,-0.01414098263620256,0.3857700243516771,38.11187555713753,-0.23203851630509575,0.4915574548948273,106.95999908447266,0.011824803810670081,6051.25,-0.0039274784848686295
2024-12-13,133.89996337890625,139.2360201486468,132.19441524956173,138.57773734651352,231514900,139.95232086181642,139.17469818115234,-0.022498991060399653,0.39112431558069044,39.76511597602293,-0.6512315306028142,0.262999657795299,107.0,0.009719720368330576,6051.08984375,-0.006433241162641545
2024-12-16,131.6558074951172,134.0495433619733,130.07992554881972,133.83011579862796,237951100,139.45510864257812,139.31610031127929,-0.016759943969802404,0.37975058345983853,44.08269545731151,-1.151258646145692,-0.019852002992899187,106.86000061035156,0.006688639418432452,6074.080078125,0.0035074353612309928
2024-12-17,130.05003356933594,131.24690176576593,126.5292385551769,128.75342001528475,259410300,138.9688636779785,139.36953674316408,-0.012196757259195001,0.37952808633180096,40.57696100149718,-1.6579939513069064,-0.34748039265570063,106.95999908447266,0.005263134873710884,6050.60986328125,0.002601481484358237
2024-12-18,128.57386779785156,136.34354849340636,127.94550566757768,133.51095751271384,277444500,138.0667282104492,139.29032653808594,-0.011350752713934265,0.32594132358226185,40.694424858739026,-2.1538710872489446,-0.7087585315743494,108.02999877929688,0.012369971944047098,5872.16015625,-0.03484930404839448
2024-12-19,130.33926391601562,133.68053537391728,129.212220572867,131.41644980197495,209719200,137.3087127685547,139.2512112426758,0.013730598203203215,0.33355481901129463,38.66814886560418,-2.3770039554155176,-1.042407616342583,108.41000366210938,0.013556512621990313,5867.080078125,-0.030435021173311316
2024-12-20,134.34878540039062,134.92727495716574,127.88568536239204,129.4715360054975,306528600,136.71227645874023,139.24920166015625,0.030762192173791503,0.3557522785023467,44.70201263192714,-2.2048869222578276,-1.274903477525632,107.62000274658205,0.005794418192355488,5930.85009765625,-0.019870758689518042
2024-12-23,139.30581665039062,139.42549888718457,134.76767747092137,135.9246564899382,176053500,136.59906082153321,139.34653228759765,0.03689673289733797,0.3674990863217839,49.280681674240235,-1.6494777860544332,-1.3498183392313923,108.04000091552734,0.011042488287815733,5974.06982421875,-0.016465086501974757
2024-12-24,139.85440063476562,141.53001300601622,138.28848684636677,139.63497303105362,105157000,136.8089813232422,139.3896096801758,0.0039379833345492,0.33376338898755353,43.1824776584197,-1.151769024907253,-1.3102084763665645,108.26000213623048,0.012154104926002551,6040.0400390625,-0.0017469022887913743
2024-12-26,139.5651397705078,140.482754358897,137.37087908554133,139.3357437329122,116205600,136.95955810546874,139.55595581054686,-0.002068300053090444,0.3335018375557176,42.92021123412176,-0.7717756311298274,-1.202521907319217,108.12999725341795,0.0009256546815794575,6037.58984375,0.02817186232972979
2024-12-27,136.6527557373047,138.65752461945982,134.35876491420703,138.1887488761999,170582600,137.04330444335938,139.58187530517577,-0.020867560753294656,0.3398480497369648,42.567723767771675,-0.697591776760504,-1.1015358812074745,108.0,-0.0037819725879474353,5970.83984375,0.01768507745647807
2024-12-30,137.1315155029297,139.9042657427297,133.6705619268118,134.47844750631418,167734700,137.00587844848633,139.59323425292968,0.0035034768456871923,0.33122620801136987,48.022789447849505,-0.5933290972844532,-0.9998945244228703,108.12999725341795,0.004738844952799415,5906.93994140625,-0.004031488885454904
2024-12-31,133.93984985351562,137.71000800391965,133.48105776544256,137.67010377599792,155659200,136.7899200439453,139.51941741943358,-0.023274486814417794,0.34102807460255696,48.812373840779316,-0.7594860344312622,-0.9518128264245487,108.48999786376952,0.004165095746287539,5881.6298828125,-0.015473528787946278
2025-01-02,137.9493865966797,138.51790776015002,134.2789886408903,135.64541181631114,198247200,136.69315719604492,139.41189636230467,0.029935353425803557,0.35607926447768845,48.4672284609064,-0.561161774514062,-0.8736826160424513,109.38999938964844,0.010437809265845033,5868.5498046875,-0.028392234698102703
2025-01-03,144.09332275390625,144.52219430432945,139.36567593719187,139.6449446721197,229322500,136.66024475097657,139.42964813232422,0.04453761128485101,0.37027240666490746,59.68483398632724,0.09073005163301673,-0.6808000825073578,108.9499969482422,0.007583461718790874,5942.47021484375,-0.01575456951662857
2025-01-06,149.04039001464844,151.76328315584956,147.43460231153736,148.20258376458906,265377400,136.8781753540039,139.6267254638672,0.03433238380650838,0.38974621464315395,69.62250561536888,0.9950753943244877,-0.34562498714098866,108.26000213623048,0.0024074271873193442,5975.3798828125,0.0007603685882233702
2025-01-07,139.77459716796875,152.73073241075815,139.6449312609891,152.63098706400407,351782200,136.76347427368165,139.62153228759766,-0.062169676594170165,0.44678640623444643,58.9020106749241,0.953116613571865,-0.08587666699841795,108.54000091552734,0.0037917661382020906,5909.02978515625,0.00035379465014551137
2025-01-08,139.7446746826172,143.57465852876186,137.20132056545756,142.20823556727345,227349900,136.82830505371095,139.5932012939453,-0.00021407670605266826,0.43689105414289947,61.010375624214966,0.9069942182695456,0.11269751005517477,109.08999633789062,0.005530449681403038,5918.25,0.006226185244078808
2025-01-10,135.55564880371094,139.55518814906236,133.87005266470834,137.09162690267476,207602500,136.8701950073242,139.50143493652342,-0.02997628273435249,0.43957268025238216,57.46908110769327,0.5263550154473648,0.19542901113361277,109.6500015258789,0.0023768364355167826,5827.0400390625,-0.007073257790509713
2025-01-13,132.8826141357422,133.1419459563911,129.17231238202828,129.6510717959939,204808900,136.56698760986328,139.3416470336914,-0.019719094641636015,0.4295294244315487,52.669033789303874,0.00890153527353732,0.1581235159615977,109.95999908447266,0.009270327347602025,5836.22021484375,-0.017879769886704255
2025-01-14,131.41644287109375,136.02440701006375,129.71091005586072,135.69526562735138,195590500,136.28871383666993,139.19063385009767,-0.011033582340205239,0.4284933450999399,46.74922254971216,-0.5135717085984197,0.023784471049594233,109.2699966430664,0.009329341279385783,5842.91015625,-0.022169256040696972
2025-01-15,135.88478088378906,136.094224818832,130.9476750631476,133.30152233922777,185217300,136.38795471191406,139.26023498535156,0.03400136174038959,0.4389691872946022,46.16591689755998,-0.5606155572449438,-0.09309553460931339,109.08999633789062,0.005067214093643857,5949.91015625,0.006918288209757151
2025-01-16,133.22174072265625,138.38822723428095,133.14194748607855,138.2785134363621,209235600,136.46625137329102,139.22391693115233,-0.01959778088327857,0.44061309061907084,42.90289652235758,-0.8035207443119532,-0.23518057654984137,108.95999908447266,-0.0011916514600964767,5937.33984375,0.003225589278925467
2025-01-17,137.35093688964844,138.13887032002236,135.1068036173015,136.33359221153037,201188800,136.83129653930663,139.25721740722656,0.030994912276280928,0.45008143968216896,47.81066235045335,-0.6552795784726584,-0.3192003769344048,109.3499984741211,-0.002736005905909722,5996.66015625,0.029109138782370536
2025-01-21,140.46279907226562,141.46019165371834,136.7325453387914,138.79715528751996,197749000,137.42574310302734,139.27576141357423,0.022656286539329162,0.4517664163734261,53.7524544729642,-0.28342892310803336,-0.3120460861691305,108.05999755859376,-0.017279024569828216,6049.240234375,0.036499654175052854
2025-01-22,146.68653869628906,147.4046473751733,143.29539468537405,144.2828188497205,237651400,138.24310684204102,139.30508544921875,0.04430881105267903,0.47233797423407287,58.45392797046759,0.5076176734456794,-0.14811333424616852,108.16999816894533,-0.010066793336822921,6086.3701171875,0.041667585916425054
2025-01-23,146.83616638183594,146.84613483080005,143.34529164963172,144.67182587415004,155915500,138.8674758911133,139.27217681884767,0.0010200505573090268,0.4636668563019528,62.05932888518416,1.1335348203226374,0.10821629666759269,108.0500030517578,-0.009533351554175451,6118.7099609375,0.028370143456735386
2025-01-24,142.24815368652344,148.58160393928114,141.5100927680708,147.98316218253018,234657600,139.01459274291992,139.17244140625,-0.031245794604727872,0.46431193554162864,53.97674851925672,1.2450126569070221,0.3355755687154786,107.44000244140624,-0.01395004272979139,6101.240234375,0.027605020924906576
2025-01-27,118.1112289428711,128.06520275177593,116.39571246675482,124.47459855123267,818830900,137.92743415832518,138.63724075317384,-0.16968181391544535,0.7641686164135035,31.96733715944569,-0.6072880222644415,0.14700285051949463,107.33999633789062,-0.018381364099480657,6012.27978515625,0.0026047213781108525
2025-01-28,128.65370178222656,128.66367023130925,115.94691212705192,121.4924136182596,579666400,137.38186225891113,138.25245162963867,0.08925885314811799,0.8375830598618146,36.8705347394836,-1.2106051025526199,-0.12451874009492826,107.87000274658205,-0.0017582344651516646,6067.7001953125,0.0030516164381437783
2025-01-29,123.3774642944336,126.55914919357254,119.73698731182846,126.17016667976266,467120600,136.71809768676758,137.8024298095703,-0.04101115952904422,0.8463959662146975,38.86784392102921,-2.0903897929436255,-0.5176929506646677,108.0,-0.001571583357890205,6039.31005859375,-0.007732040228847659
2025-01-30,124.32498931884766,124.6740752075284,117.79206473417253,122.77902774247364,392925500,136.07777137756347,137.36158462524415,0.007679887326528689,0.8469949690338648,39.66026804766524,-2.6802716448016213,-0.9502086894920584,107.8000030517578,-0.002313743571855764,6071.169921875,-0.007769618002160694
2025-01-31,119.7569351196289,127.51664871512423,118.8792323275003,123.45726093608867,388161100,135.36862564086914,136.92472229003906,-0.03674284811320905,0.852505220348994,39.45968738353336,-3.476288568618884,-1.4554246653174236,108.37000274658205,0.008655996686923073,6040.52978515625,-0.00995050954996024
2025-02-03,116.35584259033205,118.260858797724,112.71535750831777,114.4508187734372,371235700,134.28894844055176,136.45634048461915,-0.02839996302426584,0.8467139239333815,39.08003805810122,-4.331644952082087,-2.0306687226703564,108.98999786376952,0.01537173078229781,5994.56982421875,-0.00294563153584837
2025-02-04,118.34063720703124,120.88398385074508,116.39571701060105,116.6550412253588,256550000,133.001314163208,135.89082168579102,0.017057971241610126,0.829960903443355,41.41905228820999,-4.794101295035006,-2.5833552371432864,107.95999908447266,0.0008343036580988894,6037.8798828125,-0.004914598866146536
2025-02-05,124.50453186035156,124.67408679210826,120.4451438987806,121.44253659311748,262230800,131.77452125549317,135.47092086791992,0.052086035691500276,0.8443590507873149,42.69433551812879,-4.610084311670178,-2.9887010520486648,107.58000183105467,-0.003888871934678906,6061.47998046875,0.003670936193026275
2025-02-06,128.34445190429688,128.43422879035867,124.8835065286624,127.08774290844131,251483600,131.20301399230956,135.11225967407228,0.030841608627164563,0.8289464830176877,46.91558190916292,-4.107056480039205,-3.2123721376467733,107.69000244140624,-0.001020413796266273,6083.56982421875,0.0020424238661269634
2025-02-07,129.50144958496094,130.03006643749526,124.67407312607986,128.88307105233656,228186300,130.69085273742675,134.87088607788087,0.009014785317925655,0.8299876526794251,44.84205016935013,-3.5738461818133516,-3.284666946480089,108.04000091552734,-0.0030451400082216473,6025.990234375,-0.002406999269663257
2025-02-10,133.22174072265625,134.64800487659767,129.621152724233,129.7508034170435,216989100,130.57415733337402,134.82220108032226,0.02872779532289771,0.8302995478828931,45.27959743635041,-2.818585872426354,-3.191450731669342,108.31999969482422,-0.006147336288443217,6066.43994140625,0.011989203444947139
2025-02-11,132.45376586914062,134.12937845518158,130.67840791626125,132.23433823730105,178902400,130.55271492004394,134.74020431518554,-0.005764636082292385,0.8272621029615203,40.01122287581909,-2.2560000243560125,-3.0043605902066766,107.95999908447266,0.0,6068.5,0.0050713359294647375
2025-02-12,130.79806518554688,131.89520313508,128.74343886096966,129.68099034166102,160278600,130.5217960357666,134.65660903930663,-0.012500216001631204,0.8275662885904789,38.9772338532935,-1.921596921290103,-2.787807856423362,107.94000244140624,0.003346352521139684,6051.97021484375,-0.0015688850999495685
2025-02-13,134.937255859375,136.14410776005724,130.8280026783839,131.2169852346524,197430000,130.4744197845459,134.59775344848632,0.03164565674542952,0.8263668300314679,44.94412896714723,-1.3075097990807762,-2.491748244954845,107.30999755859376,-0.00352869230381192,6115.06982421875,0.0051778809005524895
2025-02-14,138.4879608154297,138.88691174540978,135.14668970558725,136.1241301373402,195479600,130.73773078918458,134.6023323059082,0.026313748070844634,0.8272452919667316,69.70104460232248,-0.5282398943132023,-2.0990465748265166,106.56999969482422,-0.013606083008574466,6114.6298828125,0.014709557266100237
2025-02-18,139.03652954101562,143.06600437599374,137.57036112568994,140.90166414837108,219176600,130.82201042175294,134.58537002563477,0.003961129345510628,0.8207876025969849,62.4431831481254,0.13207950085700304,-1.6528213596898127,107.0500030517578,-0.011724488983054338,6129.580078125,0.010408103818483339
2025-02-19,138.86697387695312,140.99142508356047,136.86222013681927,139.1462426003846,167536000,130.7422191619873,134.46767807006836,-0.001219504432556251,0.8171707724464893,71.15228777032385,0.6343927688758981,-1.1953785339766707,107.16999816894533,-0.007317533551562949,6144.14990234375,0.012465996925723033
2025-02-20,139.7446746826172,140.2932436442011,136.43332401924008,139.6648814501138,143903600,130.3951259613037,134.36893600463867,0.006320443091399008,0.8012959175916453,71.09716942942866,1.0907295215490649,-0.7381569228715237,106.33999633789062,-0.014823106052681001,6117.52001953125,0.010831151238438919
2025-02-21,134.07949829101562,141.09118323158302,133.68054728393315,139.67487215272783,228217600,129.7572925567627,134.2091535949707,-0.040539479622161645,0.8133052591047691,69.02493131499234,0.9839054472872135,-0.3937444488397763,106.61000061035156,-0.006523128917787835,6013.1298828125,-0.01667028248843805
2025-02-24,129.9403076171875,138.22863774598196,129.74083213959625,136.20393197137406,251381100,129.1419002532959,134.03899856567384,-0.030871167677284483,0.8131350482350751,67.69747891809538,0.558806925696473,-0.20323417393252644,106.5999984741211,0.0002814936603432461,5983.25,-0.021486154571970673
2025-02-25,126.29981994628906,129.8605111604116,124.11553536570229,129.64108357480436,271428700,129.55132980346679,133.87063796997072,-0.028016615765013797,0.5370385799701838,59.94019263216831,-0.07102491454682536,-0.17679232205538623,106.30999755859376,-0.006912708753555541,5955.25,-0.028440786465477874
2025-02-26,130.93772888183594,133.3813382599071,128.15500959573998,129.65109883362112,322553800,129.66553115844727,133.7104573059082,0.036721421594418935,0.4519065720302667,58.352768697374934,-0.19369786672177725,-0.18017343098866445,106.41999816894533,-0.006998227235365695,5956.06005859375,-0.030612834442442782
2025-02-27,119.83672332763672,134.65797047615226,119.69708897132982,134.64800202891726,443175800,129.4884941101074,133.36755340576173,-0.08478080114110775,0.5267288709135928,40.706091203447116,-1.173152071561674,-0.37876915910326636,107.23999786376952,0.008463433861885639,5861.56982421875,-0.04183888152312287
2025-02-28,124.59429168701172,124.76384661623275,116.09650940652436,117.7122806771052,389091100,129.50195922851563,133.18143997192382,0.03970042093330339,0.5455910992609064,45.030326097689766,-1.5476403450152816,-0.6125433962856695,107.61000061035156,0.009379983062329122,5954.5,-0.009750310396601236
2025-03-03,113.76260375976562,123.37746834229016,111.98724605192426,123.18796891235904,411381400,129.20224266052247,132.82357589721678,-0.08693566760230031,0.6158214428418631,32.77416555724611,-2.6874721848516714,-1.0275291539988698,106.75,0.0014071437901128636,5849.72021484375,-0.022317266561860172
2025-03-04,115.68757629394533,118.9989197292815,109.82291000037466,110.3615029675652,398163300,129.16882934570313,132.536326751709,0.01692096058424175,0.6108814675475825,35.455969452465,-3.3963173023974633,-1.5012867836785886,105.73999786376952,-0.0053616753636936965,5778.14990234375,-0.029738482457705384
2025-03-05,116.99415588378906,117.971596377653,114.2114295961939,117.27342459632162,284337900,129.10150527954102,132.30473251342772,0.011294035467766195,0.6091412545340338,37.95266417495233,-3.8087472442774555,-1.962778875798362,105.73999786376952,-0.006389779335424173,5842.6298828125,-0.019044498320258896
2025-03-06,110.2817153930664,115.0492514915792,109.93262945458795,113.23399700198848,321181900,128.39036445617677,131.90358154296874,-0.05737415206781915,0.6092688714259621,29.406883508242913,-4.623936927411705,-2.4950104861210307,104.05999755859376,-0.029653117945931062,5738.52001953125,-0.020992636508241236
2025-03-07,112.39617919921876,113.18412029909872,107.27955007853645,110.95993136050063,341755500,127.59295082092285,131.46452941894532,0.01917329449053251,0.6014392947401708,27.6715863708681,-5.041248689747903,-3.0042581268464055,103.83999633789062,-0.035033958285270006,5770.2001953125,-0.03095134850743131
2025-03-10,106.70105743408205,111.55835424093472,105.18501650973492,109.61344182887888,366487400,126.4529312133789,130.81243423461913,-0.05067006552813769,0.6188570817912464,24.568578955838504,-5.765063929939615,-3.5564192874650473,103.91000366210938,-0.026604181151200224,5614.56005859375,-0.04020023994537003
2025-03-11,108.4764175415039,111.9473394077092,104.4968157267925,106.71102843945869,354865700,125.21566505432129,130.1848745727539,0.016638636486978164,0.6105413544589353,26.687087516909585,-6.124832739982779,-4.070101977968594,103.44000244140624,-0.02175142300765398,5572.06982421875,-0.035665408756773376
2025-03-12,115.4488525390625,116.4662909787898,112.59604629385464,113.83293253862912,323857500,124.36541938781738,129.702548828125,0.0642760440986252,0.6644628791887388,32.956136739599046,-5.780698585767112,-4.412221299528298,103.61000061035156,-0.02014372324994884,5599.2998046875,-0.04164735453135815
2025-03-13,115.28924560546876,117.46376184203,113.5037476653848,116.73559490158163,299033100,123.58997840881348,129.27527862548828,-0.0013824904283022965,0.6641915953227154,35.714925389063126,-5.457933079750717,-4.621363655572782,103.83000183105467,-0.0022102223038165114,5521.52001953125,-0.037814628033261743
2025-03-14,121.36392211914062,121.57339292473428,117.85278046649132,118.31162236591584,277593500,122.91131172180175,128.9599267578125,0.05269074736129342,0.6836919316752625,43.666293297153295,-4.658265875031844,-4.628744099464595,103.72000122070312,-0.0011555770552711397,5638.93994140625,-0.022747954917210822
2025-03-17,119.22930908203124,122.58085727393843,117.73308248243704,122.4312330919386,255501500,121.94837913513183,128.6657159423828,-0.017588530428456983,0.6752515911381706,44.65960919522742,-4.148942855776141,-4.532783850726904,103.37000274658205,-0.005196813554961266,5675.1201171875,0.010786251809891345
2025-03-18,115.13961791992188,118.72058305537904,114.25185746421572,117.70315237486469,299686900,120.75353355407715,128.20952056884767,-0.034301055617923626,0.6809611942460295,37.96796850540842,-4.028862373783667,-4.431999555338257,103.23999786376952,-0.00193353222076742,5614.66015625,0.007643538823963292
2025-03-19,117.22435760498048,120.14698705841565,115.3889900516623,116.97498651717952,273426200,119.67140274047851,127.67214126586914,0.018106189014006624,0.6871279708612522,47.69364011873166,-3.7225652420893454,-4.290112692688475,103.43000030517578,-0.0017372869811352887,5675.2900390625,0.013571381605854471
2025-03-20,118.23181915283205,119.89761619602572,116.17700382075364,116.25680439544836,248829700,118.59575996398925,127.05596984863281,0.008594302143642096,0.6877830095373131,43.98448437242124,-3.35979915797499,-4.104049985745778,103.8499984741211,0.00019259022164863637,5662.89013671875,0.025603478152290027
2025-03-21,117.4039077758789,117.6931791575635,115.1296446207881,116.64582513098318,266498500,117.76198043823243,126.60855606079102,-0.007002441329968412,0.6765730234949862,54.24591624369682,-3.1033366189189735,-3.9039073123804178,104.08999633789062,0.003567249448832799,5667.56005859375,0.005075442811040665
2025-03-24,121.10458374023438,121.91254366285412,119.03978374206928,119.57842622721644,228452500,117.32019424438477,126.23575424194335,0.0315208925704582,0.6820613225884445,56.065293017982526,-2.5718281524858213,-3.637491480401499,104.26000213623048,0.008609841985109723,5767.56982421875,0.016290352472233982
2025-03-25,120.38639831542967,120.9848874515059,118.6208466122723,120.24675110401866,167447200,117.0245231628418,125.93236923217773,-0.005930291014790923,0.6756295955744142,53.848926592797774,-2.183386702387452,-3.3466705247986894,104.18000030517578,0.009105021899038057,5776.64990234375,0.028851211219512507
2025-03-26,113.47382354736328,118.5410383402261,112.42646191953315,118.4313220614094,293463300,116.15132789611816,125.54419342041015,-0.057419898466888664,0.6874994896435833,53.60547458288466,-2.4056007990235315,-3.1584565796436577,104.5500030517578,0.010828606238783678,5712.2001953125,0.0065036599003664985
2025-03-27,111.14969635009766,114.1620961431142,110.38163664595127,111.06989576493363,236902100,115.71697654724122,125.13885848999024,-0.0204816152713454,0.6251078691314287,48.5987389087593,-2.7376863685456385,-3.074302537424054,104.06999969482422,0.0021184518433858823,5693.31005859375,0.005371801525470898
2025-03-28,109.39411926269533,112.5860741113486,108.79563010676112,111.20954068147716,229872500,114.95696792602538,124.60904525756835,-0.01579470880309597,0.6055519226415061,53.32168092101611,-3.106714700715628,-3.0807849700823686,104.04000091552734,-0.0004803095794237988,5580.93994140625,-0.015283493477260546
2025-03-31,108.10736083984376,110.68087252083328,103.38926370156524,104.86553641067388,299212700,114.6742057800293,124.1067576599121,-0.01176259228123211,0.5254260441877767,49.53924394210514,-3.463082701808858,-3.1572445164276663,104.20999908447266,-0.0004795995658286589,5611.85009765625,-0.026999192260943827
2025-04-01,109.87290954589844,109.92277920039626,106.20216660392524,108.2470050831867,222614000,114.38347244262695,123.5571971130371,0.016331438417687805,0.5251482061618107,41.998278893674595,-3.561981578515045,-3.238191928845142,104.26000213623048,0.0007679192822072078,5633.06982421875,-0.02485525011075118
2025-04-02,110.14222717285156,111.6983080337056,106.52136148952614,107.02010369655068,220601200,114.04087600708007,122.95078567504883,0.0024511740707169327,0.5231011899198237,42.63698891777498,-3.577390043544824,-3.3060315517850785,103.80999755859376,-0.007078005466893078,5670.97021484375,-0.007217880861840942
2025-04-03,101.54391479492188,105.36427425680412,101.344413349133,103.24961220285616,338769400,113.60398597717285,122.04793319702148,-0.07806553942690786,0.5560125569331439,23.556042889355595,-4.234599485969426,-3.491745138621948,102.06999969482422,-0.01921783420644585,5396.52001953125,-0.05212961107124514
2025-04-04,94.07276153564452,99.87812106911886,91.87829866162578,98.66119636165205,532273800,112.68781509399415,120.99266510009765,-0.07357558820108623,0.6013992081078746,20.61977107914359,-5.297239058569602,-3.852843922611479,103.0199966430664,-0.009803962547915601,5074.080078125,-0.09081980250687571
2025-04-07,97.39437103271484,101.49403230771996,86.40209687721266,87.23998007579976,611041300,112.22248077392578,120.09558944702148,0.03530894004649543,0.5982399203306913,28.896790566135337,-5.804452335814048,-4.243165605251993,103.26000213623048,-0.009116178453011048,5062.25,-0.09793563407650296
2025-04-08,96.05775451660156,105.58372634261488,94.2223791915971,103.54885717389794,476243400,111.60154762268067,119.6545199584961,-0.013723755304752783,0.5941291681927908,24.37198476849099,-6.242318729973988,-4.642996230196392,102.95999908447266,-0.012468856945343165,4982.77001953125,-0.11544323521281574
2025-04-09,114.04238891601562,114.81044852614636,97.28464859296416,98.64122793388744,612918300,111.53122444152832,119.36229370117188,0.18722730392688702,0.8778766247830233,46.40534205538416,-5.0795672208301,-4.730310428323134,102.9000015258789,-0.008765976824161137,5456.89990234375,-0.03774844592547344
2025-04-10,107.29939270019533,110.58111717003516,98.9005761841806,109.09486759895934,437812400,111.13173179626465,119.0407322692871,-0.059127104227762683,0.903306853389594,42.12897947656682,-4.648595597311797,-4.713967462120866,100.87000274658205,-0.011756607738120928,5268.0498046875,-0.02380612216368816
2025-04-11,110.65093994140624,111.26938298194372,107.20962195648086,108.22705265135043,313417300,110.59608268737793,118.76725128173828,0.031235472604914438,0.8891372011363304,41.81248879593664,-3.9906044246317975,-4.5692948546230525,99.77999877929688,-0.03145018413265099,5363.35986328125,0.05701127705953479
2025-04-14,110.4314956665039,114.00249160148302,108.7956218792334,113.82294410726054,264705000,110.15619201660157,118.58074249267578,-0.0019832120271054965,0.8875117918457696,42.141720515303966,-3.447112827799117,-4.344858449258266,99.63999938964844,-0.03505716319670604,5405.97021484375,0.06789870410267174
2025-04-15,111.9177474975586,113.33418114021704,110.22202704858428,110.69084593782598,228966900,109.9950984954834,118.49198059082032,0.013458586448408472,0.880924153683852,48.65656069314665,-2.8634555864609155,-4.048577876698796,100.22000122070312,-0.02661225610075546,5396.6298828125,0.08305819085749899
2025-04-16,104.22714233398438,106.52135948725392,100.1973044637503,104.2869965726397,397016900,109.3452377319336,118.20971069335937,-0.06871658280776227,0.9106237558764566,44.530251854138115,-2.9870378681310825,-3.8362698749852537,99.37999725341795,-0.03420800991509887,5275.7001953125,-0.033205613127230804
2025-04-17,101.23468780517578,104.20719461222582,99.79831546993584,104.1872406628714,292517500,108.49538116455078,117.74431381225585,-0.028710894895492833,0.9132025814630145,43.676550496339736,-3.2885355968872574,-3.7267230193656546,99.37999725341795,-0.014771542109575098,5282.7001953125,0.002780989392310529
2025-04-21,96.66622161865234,99.18985605733366,94.80092295909544,98.52153569265882,288501100,107.45849685668945,117.11074920654296,-0.0451274783927359,0.923594260797703,41.56245199906149,-3.8517116260697293,-3.7517207407064697,98.27999877929688,-0.015033072943985926,5158.2001953125,-0.03825207951704279
2025-04-22,98.64122772216795,99.55891150664588,97.03527729423074,98.53150383378456,241004800,106.33532905578613,116.49354476928711,0.020431191686657524,0.9181000308903267,41.74243232470632,-4.091501912743439,-3.8196769751138637,98.91999816894533,-0.007226025944535586,5287.759765625,-0.021866648264943667
2025-04-23,102.4516143798828,104.53636058197964,101.76334775853866,104.25705857766792,247526000,105.43858985900879,115.87814224243164,0.03862874323145227,0.93337953336307,44.625668603157074,-3.9287825246188675,-3.8414980850148646,99.83999633789062,-0.00379170702638143,5375.85986328125,-0.003848701871773663
2025-04-24,106.1622543334961,106.2719782152916,102.85060676252527,103.21967869312851,220815000,105.07301139831543,115.35231201171875,0.036218462501279136,0.9247294098492167,53.46400691181926,-3.460517907713154,-3.765302049554523,99.29000091552734,-0.0009055779872998437,5484.77001953125,0.03962882962995318
2025-04-25,110.7307586669922,111.6384656226484,105.46404162040706,106.58121941198394,251064700,105.05206451416015,114.95096588134766,0.043033226471856034,0.9351260884237417,63.0632181893089,-2.6897687264658288,-3.550195384936784,99.47000122070312,0.0009056547572210416,5525.2099609375,0.04590640328977713
2025-04-28,108.45647430419922,110.09234799288484,105.75328507903306,109.4140583456102,207708500,105.00518226623535,114.42135025024415,-0.02053886734066901,0.936432915143511,58.819788787174716,-2.2366771663784135,-3.2874917412251103,99.01000213623048,0.00742779167684926,5528.75,0.07183703436408617
2025-04-29,108.74574279785156,109.92277466025524,107.16972327513623,107.39914041879526,170444300,105.03710136413574,113.82650588989257,0.0026671390113697235,0.9351939659413954,60.28792124405258,-1.8331261535242476,-2.9966186236849377,99.23999786376952,0.0032349342978925666,5560.830078125,0.05164196646662966
2025-04-30,108.64599609375,108.64599609375,103.81817538074748,104.20719367744805,235044600,104.97575569152832,113.21869522094727,-0.0009172469793781168,0.9336595968674984,43.836864008030275,-1.5040203830565844,-2.698098975559267,99.47000122070312,-0.003705880716735166,5569.06005859375,0.03593847314215082
2025-05-01,111.32923126220705,114.6508560442669,111.02001354244472,112.7955345052894,236121500,105.0351058959961,112.66794036865234,0.024697046047989613,0.9374470237066131,55.072828163719166,-1.0149868983624515,-2.361476560119904,100.25,0.00966863808662266,5604.14013671875,0.02176392387692161
2025-05-02,114.21196746826172,115.10970497913569,113.08481279973248,113.8927727544179,190194800,105.66850852966309,112.15728622436524,0.025893794229703504,0.8909853676708925,54.53622176250524,-0.39031234094404965,-1.9672437162847332,100.0,0.005328227332790814,5686.669921875,0.02922241183212959
2025-05-05,113.53367614746094,114.38153638068395,112.3765981799359,112.62596928442515,133163200,106.64155426025391,111.74636978149414,-0.005938881325980749,0.8404518331011568,53.90605652071249,0.04944434188050195,-1.5639061046516862,99.83000183105467,0.008281988457044198,5650.3798828125,0.02199952662220217
2025-05-06,113.25439453125,114.4513729240336,110.54123539005728,111.19957883323038,158525600,107.43455543518067,111.4126515197754,-0.002459901112055962,0.8364680987965427,51.735774185385836,0.37114070984438285,-1.1768967417524725,99.23999786376952,0.0,5606.91015625,0.008286546698534902
2025-05-07,116.76553344726562,117.38397657859392,111.99755874213628,112.76562607090564,206758800,108.46994438171387,111.22196578979492,0.031002231132380542,0.8355518563772358,68.26505576323862,0.8990433537165359,-0.7617087226586708,99.61000061035156,0.0014074533822294732,5631.27978515625,0.011172392810971266
2025-05-08,117.07474517822266,118.38144728921776,115.55856464909375,117.95252869863282,198428100,108.62156219482422,110.94470611572265,0.002648142151439492,0.5146021429789295,75.03153977773617,1.3270632457871017,-0.3439543289695164,100.63999938964844,0.0038902682259196464,5663.93994140625,0.010670647633467922
2025-05-09,116.35655975341795,117.9325869721132,114.92017974547274,117.05479580716788,132972200,109.07442054748535,110.87510284423828,-0.00613441800544956,0.4631695587915185,85.42712657310396,1.5899920931994416,0.04283495546427518,100.33999633789062,0.0033999633789063566,5659.91015625,-0.004705700522912859
2025-05-12,122.69058990478516,122.69058990478516,119.97743092665668,121.66318211752385,225023300,109.6764030456543,110.83702880859374,0.05443638214115509,0.48762814633245055,87.40303942308006,2.2831496684241586,0.4908978980562519,101.79000091552734,0.019633367209485053,5844.18994140625,0.034300359022459315
2025-05-13,129.60316467285156,130.88992830943613,124.15690736849974,124.66562663711636,330430100,110.63498649597167,111.15384002685546,0.056341523611802335,0.5185227417775006,88.51160366684005,3.3516335089340146,1.0630450202318045,101.0,0.017734806268804082,5886.5498046875,0.04987410902701672
2025-05-14,134.99954223632812,135.099296769805,131.34874548490453,132.8649261154048,281180800,111.78907623291016,111.54007934570312,0.04163769902608694,0.5315481267133182,89.03591510618125,4.5810497308195295,1.7666459623493496,101.04000091552734,0.01435599133032417,5892.580078125,0.04640158240006542
2025-05-15,134.49081420898438,135.9571173935552,132.32627503661865,133.9521641466833,226632600,113.30225982666016,111.89001251220704,-0.003768368536044231,0.44738804975158736,86.13466887400307,5.4514795807614576,2.5036126860317713,100.87999725341795,0.0023847164668624465,5916.93017578125,0.04466682856672155
2025-05-16,135.05938720703125,136.0070096021913,133.1242801768634,135.87733175434735,226542500,114.99349479675293,112.38556594848633,0.0042275972629874925,0.42095788986458665,92.67201785742691,6.116671416534373,3.226224432132292,101.08999633789062,0.007474586679018902,5958.3798828125,0.052734004307985805
2025-05-19,135.22897338867188,135.5282065455698,132.05696494191162,132.05696494191162,193154600,116.9216323852539,112.84222183227538,0.0012556415747737582,0.3612752029294452,92.6437736731721,6.581655696469838,3.897310684999801,100.43000030517578,-0.013360846823060601,5963.60009765625,0.020432285303387587
2025-05-20,134.04193115234375,134.2414249474983,132.2863492260215,133.95214600718342,161514200,118.6916675567627,113.38903930664063,-0.00877801706677428,0.3724801943496677,89.5095384665053,6.77626216820542,4.4731009816409255,100.12000274658205,-0.00871284409324713,5940.4599609375,0.009158192496234507
2025-05-21,131.46844482421875,137.0543482410567,130.26148202288624,132.72526966841644,270608700,120.14250907897949,113.84887985229493,-0.019199114083190416,0.3817283619474444,81.43879058734859,6.646216908567155,4.9077241670261715,99.55999755859376,-0.014647697382454639,5844.60986328125,-0.008140782850254324
2025-05-22,132.49586486816406,133.91229099864714,131.21908595560456,131.8973680939745,187344000,121.4591896057129,114.18982009887695,0.007814955484710007,0.3718191779536214,80.29751018784778,6.550548666959372,5.236289067012812,99.95999908447266,-0.009119728330624355,5842.009765625,-0.01266204060729137
2025-05-23,130.959716796875,132.3462194682512,128.8350854296202,129.67296865108418,198821300,122.47063751220703,114.50322952270508,-0.011593932179072564,0.3605625918221046,78.07772930015697,6.278403062668588,5.444711866143968,99.11000061035156,-0.019586465518516616,5802.81982421875,-0.026107777894873285
2025-05-27,135.1591339111328,135.31873506532702,132.9746406768617,133.81252390577552,192953600,123.8057704925537,114.77913375854492,0.032066479807461024,0.352309905629545,81.33553129320629,6.328631056311252,5.621495704177425,99.5199966430664,-0.0090610739753475,5921.5400390625,-0.007052796616976331
2025-05-28,134.47088623046875,136.9047509040275,134.45093227827726,135.68781856724814,304021100,125.09202766418457,115.08396530151367,-0.005092128521011263,0.35588858213174895,77.55351423436838,6.240959372459088,5.745388437833758,99.87999725341795,-0.0023971782518981133,5888.5498046875,-0.00873840688959171
2025-05-29,138.83987426757812,143.1290607937985,137.5630952858762,141.89217449634705,369241900,126.60172157287597,115.5579704284668,0.032490215239761255,0.3608887207756772,80.07163308378337,6.449671949353359,5.886245140137678,99.27999877929688,-0.002812362255554479,5912.169921875,0.011559378670969345
2025-05-30,134.79006958007812,139.26876471984465,132.58562239610197,138.37103486307464,333170900,127.77476348876954,115.90928466796875,-0.029168887604255844,0.3866298582751547,73.32149811747868,6.216631321428878,5.952322376395918,99.33000183105467,-0.00630249358931656,5911.68994140625,0.011927432266761295
2025-06-02,137.03440856933594,137.7725372671851,135.05937854437917,135.14916370580715,197663100,128.91588554382324,116.28533645629882,0.016650625645121986,0.3829278765724979,70.24205761570309,6.142240420386926,5.990305985194119,98.6999969482422,-0.004136854601800244,5935.93994140625,0.02294059116430036
2025-06-03,140.86474609375,141.6427826965636,137.60296789247522,138.43088175862894,225578800,130.2824390411377,116.75455322265626,0.027951647797100687,0.3837922871830058,67.40665408485225,6.319513899633378,6.056147568081972,99.25,-0.0027129888683051773,5970.3701171875,0.008246178832344908
2025-06-04,141.56297302246094,142.03179187100486,139.1889554677409,141.83229805086768,167120800,131.69786796569824,117.16372100830078,0.004956718753791334,0.3812068375876043,61.86862374061375,6.44208513951412,6.133335082368402,98.79000091552734,-0.010913059349862086,5970.81005859375,0.013969526731482773
2025-06-05,139.63783264160156,143.63773920540723,138.4807472006614,141.8123411098902,231397900,132.84148292541505,117.54874969482422,-0.013599180207623407,0.3837906508561799,58.85378853379067,6.311130210012948,6.168894107897311,98.73999786376952,-0.005439171254703612,5939.2998046875,0.0045888198700310134
2025-06-06,141.36351013183594,142.90961421188257,141.1540316815974,142.1515162209299,153986200,134.0559211730957,118.10654342651367,0.012358237431710606,0.38312002926770167,60.42904938581376,6.274269364638883,6.189969159245626,99.19000244140624,-0.0014094370992416838,6000.35986328125,0.014999081946761805
2025-06-09,142.27120971679688,144.63524295526028,141.58294302195193,142.8297985646697,185114500,135.35165367126464,118.72897369384765,0.006421031736651317,0.3787866764234095,61.37239518136891,6.246297223449318,6.201234772086365,98.94000244140624,0.002431666672592536,6005.8798828125,0.011782454353755023
2025-06-10,143.59786987304688,143.92702635161132,141.17397471532814,142.33106034435926,155881900,136.39701766967772,119.41304870605468,0.009324867335357867,0.34115950887205315,65.36245862921277,6.259029293688883,6.21279367640687,99.0500030517578,-0.002015082601936502,6038.81005859375,0.011463266106271242
2025-06-11,142.48060607910156,144.6353258646159,141.52294776727436,144.25625056305435,167694000,137.04088973999023,120.10051361083984,-0.007780503951298701,0.2935416273983587,68.57315505813915,6.108550136739154,6.191944968473328,98.62999725341795,-0.001619634179841789,6022.240234375,0.008613601048525599
2025-06-12,144.64529418945312,144.64529418945312,141.5030059559913,141.62270753548705,162365000,137.52317733764647,120.79596130371094,0.015192861470211483,0.26308455712931117,69.7342234026364,6.093721927000445,6.172300360178752,97.91999816894533,-0.008304635533368465,6045.259765625,0.017840480262315328
2025-06-13,141.62271118164062,143.2287733742275,140.50545582034982,142.13145812905782,180820600,137.8797721862793,121.42557098388671,-0.020896518097945127,0.27613704505374376,66.52200269909108,5.7715425264167095,6.092148793426343,98.18000030517578,-0.010182499358512342,5976.97021484375,-0.003898040945949144
2025-06-16,144.33604431152344,145.82238955213242,142.84968384945327,142.9993260342438,183133700,138.3436050415039,122.28141357421875,0.01915888424422807,0.2822301517692139,64.9058141344725,5.669798430606221,6.0076787208623195,98.0,-0.009500731940682128,6033.10986328125,0.0045338869574591545
2025-06-17,143.76742553710938,144.8647406282524,143.42826095310537,144.13653073401778,139108000,138.7705276489258,123.27530685424804,-0.003939547998050963,0.2833725711478383,65.15903528842719,5.480111405666349,5.902165257823126,98.81999969482422,-0.002322093385634605,5982.72021484375,-0.009288227847169872
2025-06-18,145.12411499023438,145.29369730081095,142.76988753620614,143.65770976302605,161494100,139.32463684082032,124.22990173339844,0.009436695747012669,0.28050810527153636,61.3634708135133,5.377270742436622,5.797186354745825,98.91000366210938,0.0028389578879535193,5980.8701171875,-0.006869556108266672
2025-06-20,143.4980926513672,145.84233449814036,142.30101614416546,145.09416929186932,242956200,139.92611923217774,125.17870849609375,-0.011204356622444234,0.27302599749035317,67.2591400808688,5.105706950851982,5.658890473967056,98.70999908447266,0.008067819958128553,5967.83984375,-0.012806715488924203
2025-06-23,143.81732177734375,144.4258301714446,141.6825573691225,142.15140884759998,154308900,140.49219207763673,125.77420715332032,0.0022246227812388053,0.27285427392481143,64.55425238568269,4.8602241731829565,5.4991572138102365,98.41999816894533,0.0024444679468684782,6025.169921875,0.008064237447853895
2025-06-24,147.53817749023438,147.59804349475166,145.1440548392029,145.20390562225958,187566100,141.32111511230468,126.57898284912109,0.02587209709447391,0.2763909306756312,64.38692962164694,4.909327590303235,5.381191289108836,97.86000061035156,-0.0014285652004942806,6092.18017578125,0.009791022182359832
2025-06-25,153.93251037597656,154.07216728635598,148.8948611020321,148.90484638085596,269146500,142.25978393554686,127.4446142578125,0.0433401916338938,0.2928349406646454,71.40888501079621,5.4019414083876995,5.385341312964609,97.68000030517578,-0.011536120149453377,6092.16015625,0.018292672476095007
2025-06-26,154.64077758789062,156.33661581991106,153.6232685600938,155.59842060814296,198145700,143.26827850341797,128.32879989624024,0.004601154169344257,0.2896687895063157,77.1086077969371,5.782831768140596,5.464839403999807,97.1500015258789,-0.01779397503859048,6141.02001953125,0.026777023945649736
2025-06-27,157.3640899658203,158.32174817747665,154.880175871103,155.65826650868465,263234500,144.1944892883301,129.23772674560547,0.01761057090120932,0.2769540972603331,77.90517582740429,6.2325932166919245,5.618390166538231,97.4000015258789,-0.013271173850105122,6173.06982421875,0.034389324419234146
2025-06-30,157.60350036621094,158.27185945851633,155.57846775508057,158.01248577811177,194580300,145.3351608276367,130.30525390625,0.00152137886377135,0.2441187975520259,77.37785210651678,6.533041982206953,5.801320529671975,96.87999725341795,-0.01564723576690019,6204.9501953125,0.029838208012157308
2025-07-01,152.9249725341797,156.81542555199195,151.1194029227986,155.90764810734902,213143600,146.12968902587892,131.33905960083007,-0.02968543097811993,0.27561711463922595,64.87427479329693,6.32076979785063,5.905210383307706,96.81999969482422,-0.010627436225637332,6198.009765625,0.017371382130893398
2025-07-02,156.86532592773438,157.2144758260153,152.5957971297394,152.60576718743292,171224100,146.92971801757812,132.5430416870117,0.025766579050220173,0.2733713933603936,71.04492285602157,6.396758302494959,6.003519967145157,96.77999877929688,-0.009213774806174135,6227.419921875,0.02220226687347271
2025-07-03,158.9501953125,160.58618269349765,157.3840439934681,157.98256705200242,143716100,147.79907913208007,133.74922103881835,0.013290823656759487,0.2747352461648142,70.97713983447167,6.54971029206942,6.112758032130009,97.18000030517578,0.00030878825348112926,6279.35009765625,0.022525586577644585
2025-07-07,157.85287475585938,158.92024910893554,156.95506745344088,157.81296409097388,140139000,148.70983123779297,134.8572462463379,-0.006903549596043335,0.26939202967087067,75.22472357766766,6.507368355826571,6.191680096869322,97.4800033569336,0.0008213740226012956,6229.97998046875,0.009219101333784563
2025-07-08,159.6085968017578,159.8280598400772,158.00253468758166,158.9402376292259,138133000,149.62208557128906,135.92617309570312,0.011122521833155652,0.26905807506191,74.46463402114773,6.540094029316805,6.261362883358819,97.51000213623048,0.006502940758395859,6225.52001953125,0.003315066772701769
2025-07-09,162.48153686523438,164.01776272716893,160.76574343834326,160.82559421950873,183656400,150.63260192871093,136.96118865966798,0.01799990803155116,0.27229054006081105,77.91663214402452,6.720383219829301,6.353166950652916,97.47000122070312,0.006713504729680908,6263.259765625,0.010527572957675035
2025-07-10,163.6985626220703,164.0975779997467,161.214648514871,163.91802564623063,167704100,151.63763656616212,138.06603042602538,0.0074902403086287705,0.2721429819734627,77.82422914477115,6.882134546618545,6.458960469846042,97.6500015258789,0.008989489125392991,6280.4599609375,0.00851717721430445
2025-07-11,164.5165557861328,167.4792915182188,163.07010595303956,163.319494380175,193633300,152.73943405151368,139.181446685791,0.004996947749327463,0.2668467939195627,82.26644141675077,6.995686926317461,6.566305761140326,97.8499984741211,0.006894403857185649,6259.75,-0.0031213576805608767
2025-07-14,163.66864013671875,165.08516454052796,161.62365204151925,164.96544774793,136975800,153.69060134887695,140.2818995666504,-0.005153983715270205,0.2686827653819595,79.98793084531106,6.937289543207328,6.640502517553727,98.08000183105467,0.006155092875039347,6268.56005859375,0.0061926488120267464
2025-07-15,170.28240966796875,171.97824787505814,168.78607915204378,170.77121644956358,230627400,155.12358627319335,141.46096313476562,0.040409509883660544,0.2743469341247486,81.59644320989538,7.3400733276713765,6.780416679577257,98.62000274658205,0.011383453861489867,6243.759765625,0.002929834943350418
2025-07-16,170.95077514648438,171.32985042878116,168.4868162544787,170.64153593048928,158831500,156.4543228149414,142.59573928833007,0.003925041228972859,0.2724809624941857,78.1146852103278,7.625314013755059,6.949396146412818,98.38999938964844,0.009438782778530497,6263.7001953125,7.03195626527986e-05
2025-07-17,172.57679748535156,173.73396348002274,170.41210769028996,171.59919907952485,160841100,157.89479141235353,143.77660171508788,0.00951164063148524,0.2683999567862422,78.75878638413228,7.891606202092021,7.137838157548659,98.7300033569336,0.011059926412479104,6297.35986328125,0.0026908701669721147
2025-07-18,171.9882354736328,173.8237306114437,170.841039596405,173.21522225123385,146456400,159.23799743652344,144.95127853393555,-0.0034104353557070644,0.2721663246922162,75.1716881804362,7.9633560330212845,7.302941732643184,98.4800033569336,0.006438476163892037,6296.7900390625,0.005917175456288115
2025-07-21,170.96075439453125,172.9558617527255,170.58167912560677,172.32739806402674,123126100,160.61113052368165,146.03518295288086,-0.005974135825465132,0.26769826808848185,72.38380700719908,7.8468554893136115,7.41172448397727,97.8499984741211,-0.0023450586525249895,6305.60009765625,0.005908859246186893
2025-07-22,166.6213836669922,170.97071815657463,164.17738028748298,170.9208374301641,193114300,161.75133361816407,147.02611572265624,-0.025382262396461908,0.29355427700449777,73.2160574230199,7.319996652139963,7.39337891760981,97.38999938964844,-0.012472148881340739,6309.6201171875,0.010548187956412658
2025-07-23,170.3622283935547,170.84104993206878,167.55910478842375,169.1152862046913,154082200,162.89253616333008,148.10622909545899,0.022451168296855117,0.29096168804797956,73.03366982850257,7.122211710579933,7.339145476203834,97.20999908447266,-0.011993091904622277,6358.91015625,0.015200274273783343
2025-07-24,173.3149871826172,173.40476336343244,170.88095369299285,172.01816431437092,128984600,163.8616600036621,149.11871704101563,0.017332238588951387,0.2614770831392395,73.80950092692586,7.121634902381686,7.295643361439405,97.37999725341795,-0.013673716779235123,6363.35009765625,0.010479031817726803
2025-07-25,173.0755615234375,174.29257821699642,172.53688923976992,173.18529303585547,122316800,164.78339920043945,149.98816497802736,-0.001381448096738569,0.26278373315387477,75.97001575432827,7.020925271837342,7.240699743518993,97.6500015258789,-0.008428125535763886,6388.64013671875,0.01458681281834906
2025-07-28,176.31761169433594,176.56700011257405,173.54441370124516,173.594294429185,140023500,165.73107528686523,150.8145263671875,0.018731992791827023,0.2634827422906378,77.12984664172633,7.120636255592615,7.216687045933718,98.66000366210938,0.008278029643531415,6389.77001953125,0.013348439572989257
2025-07-29,175.08062744140625,178.94117023690123,174.59183591750704,177.52464594674228,154077500,166.604931640625,151.62632263183593,-0.007015659077064473,0.26705399317474204,71.60443887184081,7.018933738294351,7.177136384405845,98.91000366210938,0.015607395851596095,6370.85986328125,0.009705773874869594
2025-07-30,178.83145141601562,179.4499298230835,175.60934208925488,176.07819353379378,174312200,167.9002555847168,152.50176391601562,0.021423409485236578,0.23802493876098985,73.87465809914438,7.158475459316776,7.173404199388032,99.94000244140624,0.028083565298270274,6362.89990234375,0.0006274260833563083
2025-07-31,177.43487548828125,182.85160010862035,175.49961883405416,182.45256948733228,221685400,168.92873306274413,153.34588195800782,-0.007809453631763663,0.23452598896070936,70.0154001897954,7.074817184294943,7.153686796369415,100.02999877929688,0.02721299651490705,6339.39013671875,-0.0037653060997421273
2025-08-01,173.29502868652344,176.1081221843386,170.47194991004753,173.6641186818972,204529000,169.6459747314453,154.1309439086914,-0.02333164092101625,0.2551343590510738,63.53432026873201,6.598404065157041,7.042630250126941,98.69000244140624,0.010650290827201925,6238.009765625,-0.023577845655760266
2025-08-04,179.55966186523438,179.75916955634796,174.09307197712414,174.7315057215643,148174600,170.73131408691407,155.09276824951172,0.03615010324412227,0.274737892889208,63.17277126643579,6.64969325313524,6.964042850728601,98.77999877929688,0.0012162488620865997,6329.93994140625,-0.009363416514541312
2025-08-05,177.82391357421875,179.81902093485988,175.46968627980374,179.18058718831315,156407600,171.6420799255371,155.9993292236328,-0.009666693916578928,0.28006229646179615,59.47205726494288,6.475632858642456,6.866360852311373,98.77999877929688,-0.0013143754726429036,6299.18994140625,-0.011249646580373418
2025-08-06,178.9810791015625,179.4599006050506,175.81883576850015,175.898641889325,137192300,172.46705703735353,156.95975646972656,0.006507367339324555,0.27623936070260413,58.9414625437741,6.35777386959839,6.764643455768776,98.18000030517578,-0.017610587284729418,6345.06005859375,-0.00280372849232291
2025-08-07,180.32778930664065,183.43018196887525,178.3626072705472,181.1258353228625,151878400,173.29851837158202,157.86312957763673,0.00752431604412207,0.2762434774435316,61.40204841783154,6.300410816255578,6.671796927866136,98.4000015258789,-0.01629508420783199,6340.0,9.620220054262774e-05
2025-08-08,182.2530517578125,182.85159004607544,179.95867528141935,181.10587113034643,123396700,174.18534317016602,158.8187728881836,0.010676460120619513,0.27697952195779363,65.06917486996623,6.33725088947071,6.604887720187052,98.18000030517578,-0.005167718346478445,6389.4501953125,0.024277042739179855
2025-08-11,181.6146240234375,183.39026839012567,179.80905426349312,181.6046539661726,138323200,175.08264236450196,159.6742678833008,-0.003502974179128593,0.2762158996970969,72.20085577262422,6.242966103185182,6.532503396786678,98.5199966430664,-0.002632133422185934,6373.4501953125,0.006873723022494227
2025-08-12,182.71192932128903,184.0286922178894,179.0209838780724,182.51242163652668,145485700,175.70411834716796,160.632705078125,0.00604194350400955,0.24335840858940974,69.83969399781536,6.185485669278023,6.463099851284948,98.0999984741211,-0.006883987786789669,6445.759765625,0.02326804328526566
2025-08-13,181.1457672119141,183.51994981646104,178.9112567337155,182.1732462738988,179871700,176.21386795043946,161.51493225097656,-0.008571756180303591,0.24717723013406515,63.16667453454658,5.9450252673860575,6.35948493450517,97.83999633789062,-0.003463067490612315,6466.580078125,0.01915191005428918
2025-08-14,181.57472229003903,182.57227595462552,179.02098734413144,179.3102712094187,129554000,176.66376419067382,162.32913177490235,0.0023680104963377246,0.24598484373584775,64.19998643738023,5.723099428632992,6.232207833330735,98.25,-0.0015244057271630584,6468.5400390625,0.02027445411080442
2025-08-15,180.00856018066406,181.45500998578265,177.6044521364236,181.43506987144983,156602200,177.06478042602538,163.09804351806642,-0.00862544130384657,0.24837611949704233,56.532475767536916,5.359069393208131,6.057580145306215,97.8499984741211,-0.0033611919945908397,6449.7998046875,0.009445195991867106
2025-08-18,181.5647430419922,182.4924758960302,180.14821861780752,180.15820389652,132008000,177.59497985839843,163.93658172607422,0.008645049211916778,0.24725937708999446,61.34778496240849,5.136928603471716,5.873449836939315,98.16999816894533,-0.0035525627897563528,6449.14990234375,0.011877351310743078
2025-08-19,175.2103271484375,182.0535459787435,175.06070018553257,181.98370991508045,185229200,178.0244270324707,164.61351806640624,-0.03499807169107183,0.2637697349705569,44.19199310814049,4.397441205719758,5.578248110695403,98.2699966430664,0.0017329069479052883,6411.3701171875,-0.005335235827574336
2025-08-20,174.97091674804688,175.5694550698242,168.38707131580557,174.74148365399904,215142700,178.2548614501953,165.26751220703125,-0.0013664171757855614,0.253397551323226,45.89564416410711,3.7488591817436827,5.21237032490506,98.22000122070312,0.0038839421201546376,6395.77978515625,-0.01094864551484509
2025-08-21,174.5519256591797,176.46722675550242,173.38478976711397,174.42225404103465,140040900,178.31670837402345,165.8865933227539,-0.0023946327575714577,0.2465890532982115,52.38994396809851,3.164565039838635,4.802809267891775,98.62000274658205,0.0037659312629216846,6370.169921875,-0.015207468237571131
2025-08-22,177.55458068847656,178.15310374912357,170.78118284108405,172.1877371490149,172789400,178.5406593322754,166.5880728149414,0.017202073354147362,0.25346548302801336,45.64747765359609,2.9102493464969257,4.424297283612805,97.72000122070312,-0.0013285360801753576,6466.91015625,0.0026528500233549135
2025-08-25,179.3701171875,181.4649859155824,176.13805314258047,177.91369740024777,163012800,178.6932846069336,167.28256927490236,0.010225230416380127,0.24747807438591657,53.34482913419722,2.8226630471171745,4.10397043631368,98.43000030517578,0.0026484887550166647,6439.31982421875,-0.0015242440125988743
2025-08-26,181.3253326416016,181.94381103857447,178.37256711704984,179.61950918930867,168688200,179.00551986694336,168.07662170410157,0.010900452565673291,0.2479772816041532,54.90195953306111,2.8778458055130045,3.8587455101535446,98.2300033569336,-0.0004069735168311661,6465.93994140625,0.008511413819716873
2025-08-27,181.1557464599609,182.04356858750407,178.6618623689453,181.53480649120212,235518900,179.12173461914062,168.81301574707032,-0.0009352591784617115,0.23705384955330416,51.820945249823204,2.874755954375871,3.6619475989980104,98.2300033569336,0.00010183400637497897,6481.39990234375,0.013386970793805686
2025-08-28,179.72923278808594,184.01871637210732,175.9784366795831,180.3776517699909,281787800,179.23645248413087,169.53225189208985,-0.00787451516030302,0.23708512507228732,44.32480320499137,2.7257784167897796,3.474713762556364,97.80999755859376,-0.008213396526358885,6501.85986328125,0.020672908732627393
2025-08-29,173.75387573242188,177.71416467354967,172.72639675993378,177.674269227683,243257900,179.25939483642577,170.1048471069336,-0.03324643945211436,0.25254935313913296,35.7452844180481,2.101328462197415,3.200036702484575,97.7699966430664,0.000511619133634289,6460.259765625,-0.0010283722000641315
2025-09-02,170.3622283935547,171.95832048388473,166.8109394751057,169.5841376854209,231164900,178.7995231628418,170.64212982177733,-0.019519837037133336,0.22320476357708094,29.325363373949457,1.317581519604886,2.8235456659086373,98.4000015258789,-0.0003047727238023601,6415.5400390625,-0.0036929032577032173
2025-09-03,170.20260620117188,171.9882358353705,168.46687251736884,170.64153226145447,164424900,178.41845779418946,171.1698355102539,-0.0009369576454122397,0.22164857734958957,30.77465819487857,0.6757862014337093,2.393993773013652,98.13999938964844,-0.000916257398038689,6448.259765625,-0.0027343550885819967
2025-09-04,171.2400665283203,171.43957421789176,168.99557077235426,170.15273668191406,141670100,178.03140716552736,171.64387329101564,0.0060954432502766664,0.22144128656995649,32.22377365423486,0.2480142124232998,1.9647978608955814,98.3499984741211,0.0012215729724804891,6502.080078125,0.0031906958516434436
2025-09-05,166.61141967773438,168.61649709218636,163.66863936987482,167.61894341349085,224441400,177.34558868408203,171.8974514770508,-0.02703016265075109,0.23504398407775587,29.15246944917095,-0.4591979404085009,1.479998700634765,97.7699966430664,-0.0004089655099254186,6481.5,-0.0031313906650358714
2025-09-08,167.8982696533203,170.54179623040895,166.94062657490792,167.140134281122,163769100,176.62784957885742,172.16260131835938,0.007723660107302521,0.2328482716148383,28.553585983826494,-0.9053938120629255,1.002920198095227,97.4499969482422,-0.0032729846150291175,6495.14990234375,0.005400732785452389
2025-09-09,170.34225463867188,170.5617176578999,166.3320999523285,168.6763418810487,157548400,176.06423110961913,172.4221646118164,0.014556344090966178,0.24199378390708284,41.2919226040873,-1.0496978287776528,0.5923965927206509,97.79000091552734,-0.006199193098499478,6512.60986328125,0.015130421387399728
2025-09-10,176.89620971679688,178.851406558282,175.04075911822534,176.20789518840485,226852000,175.77344512939453,172.80801879882813,0.038475216217063624,0.2822572494207214,52.80933249853717,-0.6279715355979647,0.3483229670569278,97.77999877929688,-0.003668235302531797,6532.0400390625,0.012992695158486667
2025-09-11,176.7465362548828,179.84910351407555,176.05818301908454,179.25053151190707,151159300,175.55348358154296,173.2844500732422,-0.0008461089254183651,0.2810068811287732,53.22768140868435,-0.3023425902042334,0.21818985560469556,97.54000091552734,-0.008235867525782314,6587.47021484375,0.013132741475459397
2025-09-12,177.39500427246094,178.1731387966239,176.02826832324598,177.3451207317183,124911000,175.34449768066406,173.69504364013673,0.003668914997253303,0.2812563689965353,49.747844939828056,0.007954944941843678,0.1761428734721252,97.5500030517578,-0.002250113520119612,6584.2900390625,0.015858989286816394
2025-09-15,177.3251495361328,178.4225264520066,174.0928881658194,175.25011923668302,147061600,175.2103271484375,174.0625427246094,-0.00039378074154128306,0.27981590189604133,46.579959669660745,0.24540243715898669,0.1899947862094975,97.3000030517578,-0.001539188313818718,6615.27978515625,0.018495321065515657
2025-09-16,174.46202087402344,177.0757538913052,173.96321593348455,176.5769489507663,140737800,174.85519104003907,174.39472564697266,-0.01614620751539797,0.28277129721126115,38.85997761068344,0.20024246015623248,0.1920443209988445,96.62999725341795,-0.01186219093209151,6606.759765625,0.01445655494805198
2025-09-17,169.8829803466797,172.78602876073558,168.00748411706098,172.22736966160153,211843800,174.58882369995118,174.6002133178711,-0.026246632386828783,0.27060609571599226,33.99400640783989,-0.20270083979252718,0.11309528884057019,96.87000274658205,-0.009306566210629863,6600.35009765625,0.010457691346845266
2025-09-18,175.81878662109375,176.67673180432445,172.54662713675344,173.56417834624654,191763300,174.6312171936035,174.8669583129883,0.034940558861758175,0.2997892488761344,45.07791784256943,-0.042575564701792246,0.08196111813209771,97.3499984741211,-0.001947943814054276,6631.9599609375,0.006753692182698501
2025-09-19,176.2477264404297,177.65435995090164,174.76128231706025,175.34988368438945,237182100,174.71600723266602,175.11794158935547,0.0024396700010240746,0.29968032126581157,53.648425839651146,0.1175813237602199,0.08908515925772215,97.63999938964844,0.0009225662232208443,6664.35986328125,0.012160737717160197
2025-09-22,183.17117309570312,184.1089289332547,174.29245016588175,174.8810364137678,269637000,174.99683685302733,175.49103393554688,0.03928247356775705,0.3250301213764355,66.98399094561583,0.794018148203719,0.2300717570469215,97.33000183105467,0.00030831221331939496,6693.75,0.011861964632218003
2025-09-23,178.0035400390625,181.98400930831284,175.78885990523673,181.53508786527135,192559600,174.92850799560546,175.77773193359374,-0.02821204324514892,0.34003752177699337,59.130971525568555,0.9027085429137287,0.364599114220283,97.26000213623048,0.00651976509075447,6656.919921875,0.007592247641723393
2025-09-24,176.54701232910156,179.35029350783142,174.9807575937583,179.34032288959435,143564100,174.68959197998046,175.9030239868164,-0.008182577209651543,0.3385446298472606,56.15141788452464,0.8613873135538768,0.4639567540870018,97.87000274658205,0.010323113158322794,6637.97021484375,0.0056997154137110595
2025-09-25,177.26531982421875,179.82916955782613,172.71622074990066,174.06298508983102,191586700,174.49507064819335,176.0293148803711,0.004068647130534231,0.33904631298302473,63.580283892651394,0.876497634166725,0.5464649301029465,98.5500030517578,0.012326703610126,6604.72021484375,-0.0041073447750277214
2025-09-26,177.7641143798828,179.3403398828169,174.51189629291883,177.74415791919978,148573700,174.3968147277832,176.13306121826173,0.002813830455718369,0.33823908159345584,62.8335987779491,0.9181375065041948,0.6207994453831962,98.1500015258789,0.005223291063278568,6643.7001953125,-0.0031000228667991125
2025-09-29,181.4153594970703,183.5602146114836,179.8890176259668,179.99874009736317,193063500,174.77988891601564,176.32160369873046,0.020539832406133218,0.3223356549695127,63.965386313329844,1.2315656493761082,0.7429526861817787,97.91000366210938,0.005959126889378608,6661.2099609375,-0.004861257002801156
2025-09-30,186.1340484619141,186.9022123120565,181.04623211551163,181.64480411708308,236981000,175.5684799194336,176.62506958007813,0.026010415975390444,0.3218716813696688,62.21627539916068,1.8395137055239559,0.9622648900502142,97.7699966430664,0.005243620148409844,6688.4599609375,0.004737932772611142
2025-10-01,186.79249572753903,187.69033860903804,183.4604668683245,184.7972757932568,173844900,176.39797439575196,177.02849182128907,0.003537489626781909,0.32123631860217383,63.108556364809246,2.347388873774861,1.2392896867951437,97.70999908447266,-0.0016348590744774683,6711.2001953125,0.01103198388944171
2025-10-02,188.43853759765625,190.59337868299,187.6105195355423,189.146847340247,136805800,177.25789794921874,177.3900180053711,0.008812141321341782,0.32152010108822565,64.04461371097727,2.849854082142855,1.561402565864686,97.8499984741211,-0.007103039634296815,6715.35009765625,0.01675012403460574
2025-10-03,187.1715545654297,189.90501102540352,184.93691825112063,188.7378093314507,137596900,178.28590469360353,177.66714935302736,-0.006723587692724298,0.3021963305163656,62.15214559961312,3.1099765638246026,1.8711173654566693,97.72000122070312,-0.004381052455331935,6715.7900390625,0.010850857448513995
2025-10-06,185.0965576171875,186.78252099752743,182.8918479831437,185.05665991394912,157678100,179.14581909179688,177.90756927490236,-0.011086069958973543,0.30809657936411583,63.38522807194101,3.112808078515201,2.1194555080683757,98.11000061035156,0.0020426610229979936,6740.27978515625,0.011870189452431124
2025-10-07,184.5977325439453,188.6081286768816,183.56022492696124,185.7848907820332,140088000,179.85859298706055,178.07317169189454,-0.0026949451662621193,0.30713218887751664,70.64087910582575,3.0397605918344937,2.3035165248215996,98.58000183105467,0.008284803270939944,6714.58984375,0.003906711405182284
2025-10-08,188.6580047607422,189.14683908131636,186.094140065894,186.12408236678675,130168900,180.44668273925782,178.34471923828124,0.021995244258107505,0.2876976683423174,69.01027746210623,3.2717848678053656,2.497170193418353,98.8499984741211,0.011667172247774582,6753.72021484375,0.006335680399006449
2025-10-09,192.1097412109375,194.8332119113436,190.60334055524348,191.77054228398893,182997200,181.21484298706054,178.6102850341797,0.018296262883585657,0.29196169160798685,71.5563680611746,3.6916371670254478,2.736063588139772,99.54000091552734,0.01727135889381959,6735.10986328125,0.0029424773597279685
2025-10-10,182.7222442626953,195.15245586263572,181.61489659616785,193.0474982342752,268774400,181.48120498657227,178.71603240966797,-0.04886528340035956,0.3477717960408193,49.4282034966636,3.229651181460298,2.8347811068038773,98.9800033569336,0.01289400450768241,6552.509765625,-0.024312891333376663
2025-10-13,187.8699188232422,189.6556339904095,185.51555866051007,187.52074924116,153482800,182.00844345092773,179.00753021240234,0.028172128584115885,0.36004635570895277,62.573107829941435,3.241531913480401,2.916131268139182,99.2699966430664,0.011823422948714635,6654.72021484375,-0.012693771332893844
2025-10-14,179.59971618652344,184.35831986008523,179.2705030798172,184.32839277968645,205641400,182.26532821655275,179.00833129882812,-0.044020898547892484,0.3920232508677572,53.31457423902736,2.55416838021398,2.843738690554142,99.0500030517578,0.004767713653613059,6644.31005859375,-0.01046672794491943
2025-10-15,179.4001922607422,184.4281395182556,176.86625456034105,184.35831474003743,214450500,182.74118881225587,179.0398568725586,-0.0011109367543433724,0.3781270945558604,52.344419998558934,1.9706119269632723,2.6691133378359684,98.79000091552734,-0.0006069555844196994,6671.06005859375,-0.012239203523463194
2025-10-16,181.3754425048828,182.84193018690272,179.34032512988762,181.79443681084305,179723300,183.0190216064453,179.087744140625,0.011010301712886639,0.36044513425017977,53.84123484585851,1.6485222816189378,2.4649951265925623,98.38999938964844,-0.01155315968757964,6629.06982421875,-0.015744366642126084
2025-10-17,182.78208923339844,183.65999082680747,179.3203816221287,179.74934657743225,173135200,183.34573974609376,179.13683013916017,0.007755442021748715,0.36106281743101826,51.526636110082784,1.4895974007137056,2.269915581416791,98.43000030517578,-0.005556708760399154,6664.009765625,0.017016380591287072
2025-10-20,182.20347595214844,184.7573549226016,181.2956472677441,182.69231029505525,128544700,183.297354888916,179.13583862304688,-0.0031655906969700887,0.33341940198139763,45.16209972767392,1.3019509513496246,2.0763226554033576,98.58999633789062,-0.006850008342609071,6735.1298828125,0.01208310272600066
2025-10-21,180.72702026367188,182.35311411361403,179.37027013728058,182.35311411361403,124240200,183.43352890014648,179.11808654785156,-0.008103334367036585,0.3181868321321306,42.68174452355594,1.0223175135779172,1.8655216270382695,98.93000030517578,-0.0012115370306380324,6735.35009765625,0.013701955245864594
2025-10-22,179.84910583496094,183.00155667206863,176.33751483638122,180.7070509305708,162249600,183.59863357543946,179.060830078125,-0.00485768219622118,0.3171378664110316,39.44076181786736,0.7215480849584708,1.63672691862231,98.9000015258789,0.0011134791915390352,6699.39990234375,0.004248176976535012
2025-10-23,181.72462463378903,182.59254038327157,179.3602787988416,179.988777912505,111363700,183.82159881591798,179.0724072265625,0.010428290928224948,0.31872182977652885,43.40263916611218,0.6272937862604522,1.4348402921499384,98.94000244140624,0.005590030035264482,6738.43994140625,0.016498561651579813
2025-10-24,185.8148193359375,187.0219340442129,183.06142142022415,183.40060514170608,131296700,184.2241340637207,179.15720916748046,0.02250765250109077,0.32739831254099017,50.829471909462946,0.8725825166683308,1.322388737053617,98.9499969482422,0.005282908071260861,6791.68994140625,0.01915966216614251
2025-10-27,191.03233337402344,191.54110896467577,187.9796341631504,189.5359184602369,153452700,184.70498275756836,179.37768463134765,0.028079106159197842,0.3339599504598879,56.70061321150458,1.471028282656647,1.352116646174223,98.77999877929688,0.0019271979761015245,6875.16015625,0.020791027919869087
2025-10-28,200.5495147705078,202.66444286407344,191.45131745385083,192.58859211843296,297986200,185.42575607299804,179.75738006591797,0.04981974113173093,0.365146309695828,61.11939608530689,2.682337546524792,1.6181608262443368,98.69000244140624,-0.002425936147065655,6890.89013671875,0.023093088971963605
2025-10-29,206.545166015625,211.6828666070652,204.2905729140704,207.482921843539,308829600,186.41338958740235,180.3840768432617,0.029896114443249244,0.3765237480805056,62.885127813429065,4.079086641228287,2.110345989241127,99.22000122070312,0.003235588370951392,6890.58984375,0.028538368240917045
2025-10-30,202.4050750732422,205.66726375798945,200.9286166610889,204.65966800141675,178864400,187.11171646118163,180.93276000976562,-0.020044482387303164,0.3867548630974553,69.38491085490328,4.796656749752032,2.6476081413433077,99.52999877929688,0.005963172865697475,6822.33984375,0.012450938655430122
2025-10-31,202.00604248046875,207.4729406961805,201.5870481318289,205.9565693232556,179802200,187.8534408569336,181.4818423461914,-0.001971455471800998,0.3853948428908657,65.35874398573188,5.272361137921138,3.1725587406588738,99.8000030517578,0.008590259016988178,6840.2001953125,0.007142589594749005
2025-11-03,206.3855438232422,210.83487551397135,205.06869143040765,207.58267267525224,180267300,188.91789016723632,182.05846160888672,0.021680051195482886,0.3858184375392927,81.79018113910608,5.934342049010837,3.724915402329267,99.87000274658205,0.011034662692399388,6851.97021484375,-0.0033730038107067095
2025-11-04,198.2151031494141,203.48248192945988,197.4569099225941,202.51479915904247,188919300,189.59875869750977,182.435361328125,-0.03958824112615966,0.417445806633402,68.77735388873698,5.733587187148828,4.12664975929318,100.22000122070312,0.01550307773277515,6771.5498046875,-0.017318565477532966
2025-11-05,194.74343872070312,202.43500266122365,194.18476438007545,198.29492759193727,171350300,189.9030303955078,182.70372344970704,-0.017514631193840113,0.41828297503724826,62.954383406039405,5.234018697791129,4.3481235469927695,100.1999969482422,0.009876997737171989,6796.2900390625,-0.013685302249274556
2025-11-06,187.6304931640625,197.14768599494536,185.934559185592,195.9505570232203,223029800,189.67906799316407,182.83321838378907,-0.036524699385851234,0.43475712679383166,54.230518207025575,4.215557487105997,4.321610335015415,99.7300033569336,0.0020094904058043372,6720.31982421875,-0.014953816706259726
2025-11-07,187.7002868652344,187.86989393508227,178.48238160939712,184.45805485831957,264942300,189.927970123291,182.99263946533202,0.0003719741924403941,0.39599255840986447,54.839261749925136,3.3751448396586454,4.132317235944061,99.5999984741211,-0.0020040538228538463,6728.7998046875,-0.016286130148842948
2025-11-10,198.5742645263672,199.46213677715232,193.3268264223904,194.6436788693004,198897100,190.46318740844725,183.48904724121093,0.05793266405042896,0.4346429605700916,63.48153873710471,3.545678506624654,4.01498949008018,99.62000274658205,-0.0025032541616561987,6832.43017578125,-0.0028517402221289734
2025-11-11,192.6983337402344,194.9529266552934,190.84277869998112,194.6935535589016,176483300,191.1181182861328,183.93576934814453,-0.029590595740832115,0.4165214160636993,59.024672964423125,3.1701456928851712,3.8460207306411784,99.45999908447266,-0.00758333792629684,6846.60986328125,0.011084620324551153
2025-11-12,193.3367919921875,195.42179292552223,190.67317551912151,195.2522010776849,154935300,191.81494827270507,184.39845306396484,0.0033132525827326287,0.4161183194926225,58.30005198064132,2.890728953582567,3.654962375229456,99.4800033569336,-0.007185565002367333,6850.919921875,0.008038191792655747
2025-11-13,186.41339111328125,190.9824463944715,183.4105907203728,190.5933791327836,207423100,192.066845703125,184.70191955566406,-0.035810053573176126,0.4383582301164303,50.41118841712376,2.0865758375371968,3.3412850676910044,99.18000030517578,-0.00551492061811476,6737.490234375,0.0025549989591822087
2025-11-14,189.7154693603516,190.55345800755305,180.14839424900484,182.4229435613052,186591900,192.41351470947265,185.1640005493164,0.017713739487007718,0.44158683689684225,49.070931798285585,1.6961763522247963,3.012263324597763,99.2699966430664,-0.003313271446890975,6734.10986328125,0.0007891538978541668
2025-11-17,186.15402221679688,188.54828000089623,183.87947275520656,185.5255230789849,173628900,192.61104202270508,185.52911560058592,-0.01877257113277353,0.4475502019622987,38.91194436785403,1.086874118921827,2.627185483462576,99.58999633789062,-0.00030120867159333375,6672.41015625,-0.023420659328282523
2025-11-18,180.92654418945312,184.3583249108488,179.22062444838815,182.94172058465784,213598900,192.62101821899415,185.74080139160156,-0.028081466976070946,0.4586850665316206,30.031080751913464,0.18010775026192505,2.137769936822446,99.5500030517578,0.0009049262830647109,6617.31982421875,-0.03348957274346753
2025-11-19,186.0742034912109,187.41099710874653,182.39302051116812,184.3483273978252,247246400,192.93227310180663,185.92436126708984,0.028451653265247456,0.46870320760496526,37.46744669689359,-0.12173476236856118,1.6858689969842444,100.2300033569336,0.007539203605663403,6642.16015625,-0.030471785979927946
2025-11-20,180.208251953125,195.53154064523628,179.42014682895694,195.4816571057099,343504800,192.85645446777343,185.99359558105468,-0.03152479724769042,0.48229422218747103,34.56700229030723,-0.8247729247341624,1.183740612640563,100.16000366210938,0.00988105821655716,6538.759765625,-0.029496216222484106
2025-11-21,178.4524688720703,184.1188859589464,172.51667761994415,180.80682891210236,346926200,192.48833694458008,186.01474487304688,-0.009743078144453632,0.47589140273061104,29.460070929561425,-1.5062496461619048,0.6457425608800695,100.18000030517578,0.009166955705472324,6602.990234375,-0.019470966700617653
2025-11-24,182.1136932373047,183.0614196131816,176.0581937395723,179.0610093294625,256618300,192.04240493774415,186.1105157470703,0.020516524026680916,0.4703619138961367,37.3192867800312,-1.7309414341431477,0.1704057618754261,100.13999938964844,0.005522673681920276,6705.1201171875,0.004902270719503221
2025-11-25,177.39500427246094,177.73418799379976,169.1447659257062,174.49195573568102,320600300,190.8846794128418,186.16917541503906,-0.025910676352574047,0.43526739632219186,36.600383598104955,-2.2636758129861505,-0.31641055309688926,99.66000366210938,0.0011049784729226797,6765.8798828125,0.022450185655230825
2025-11-26,179.8291473388672,182.4728225932506,177.81398638784032,181.1958831941039,183852000,189.54887847900392,186.36809875488282,0.013721598736048168,0.4212549953833216,43.504942158339624,-2.46108676760295,-0.7453457959981015,99.5999984741211,-0.006285591756082898,6812.60986328125,0.025661788186613244
2025-11-28,176.5769500732422,178.86147001761242,176.07814512953246,178.5821404669205,121332800,188.2574722290039,186.3832620239258,-0.01808492846544285,0.42048030735519754,41.205238016761406,-2.8471414367958516,-1.1657049241576516,99.45999908447266,-0.006988863339084883,6849.08984375,0.04746008253070255
2025-12-01,179.48997497558594,179.8690716163194,173.2648835948944,174.3423041351479,188131000,187.13166885375978,186.44810699462892,0.016497197970264388,0.4281421305299727,32.73773112825256,-2.884781810058655,-1.5095203013378524,99.41000366210938,-0.007686131370740479,6812.6298828125,0.03174919862006176
2025-12-02,181.02630615234372,185.2162648499111,179.56978894419797,181.32557695606167,182632200,185.86370697021485,186.40520965576172,0.008559426101467427,0.41952176064677865,38.542877375785665,-2.7588407914199706,-1.7593843993542762,99.36000061035156,-0.007789083124135732,6829.3701171875,0.018530615086447932
2025-12-03,179.16078186035156,182.0139471586436,178.68193330759738,180.64722628696225,165138000,184.9109909057617,186.4283544921875,-0.010305266298823001,0.40108674751678836,36.412318084079786,-2.7775460247090393,-1.9630167244252288,98.8499984741211,-0.008127685713664512,6849.72021484375,0.012391637670694067
2025-12-04,182.95188903808597,184.089227004522,179.53987513877786,181.1959881613664,167364900,184.32141342163087,186.5564520263672,0.02116036298998414,0.40817980323142294,46.47020619573707,-2.4581236716580293,-2.062038113871789,98.98999786376952,-0.0061245042138236006,6857.1201171875,0.006533509888207778
2025-12-05,181.98416137695312,184.22890867632069,180.4876631773748,183.46070200471704,143971100,184.0390968322754,186.65082885742189,-0.005289519918164842,0.38854288651489305,41.72206485451826,-2.257048836148215,-2.101040258327074,98.98999786376952,-0.004725530112904552,6870.39990234375,0.003111370865312324
2025-12-08,185.1168365478516,187.5611139779305,181.9741810893209,182.213626289633,204378100,183.90992431640626,186.79788330078125,0.017213998994173974,0.394032281159612,48.87919114050998,-1.8238902039688867,-2.045610247455437,99.08999633789062,-0.0032190656114090554,6846.509765625,0.004973098993382052
2025-12-09,184.5381774902344,185.2864265695677,182.89203560496765,185.12679644575,144719700,183.2081199645996,186.86033966064454,-0.0031259126312241925,0.3282597472888632,54.338746776534016,-1.5098966682084551,-1.9384675316060407,99.22000122070312,-0.0014090115618804466,6840.509765625,0.001631138486617445
2025-12-10,183.35096740722656,185.0469957406681,181.61502392815052,184.53819180758595,162785400,182.74075164794922,186.8046780395508,-0.006433411769608877,0.3137778938413932,46.38446871320557,-1.3413897545824227,-1.819051976201317,98.79000091552734,-0.0006069555844196994,6886.68017578125,0.00539583512585029
2025-12-11,180.50759887695312,180.89670300875093,176.20766331092784,179.85912243695617,182136600,182.0992919921875,186.67898010253907,-0.01550779126219859,0.3164160273648287,50.432111872437794,-1.42090359669686,-1.7394223003004257,98.3499984741211,-0.006465293498937097,6901.0,0.006399170798031317
2025-12-12,174.6114044189453,182.3931976659576,174.21232912082112,180.68718311570447,204274900,181.5091926574707,186.40243743896485,-0.03266452212921567,0.3122914650095566,45.04737620801461,-1.9373598275199697,-1.7790098057443346,98.4000015258789,-0.005960161133679032,6827.41015625,-0.006257240729041769
2025-12-15,175.87841796875,178.00345003705766,174.62136510726435,177.52457493122958,164775600,180.8173400878906,186.17657470703125,0.007256190132717499,0.3051812244732695,41.4312632708634,-2.218840296955136,-1.866975903986495,98.1500015258789,-0.009486273556882585,6816.509765625,-0.00438179467012878
2025-12-16,177.3050994873047,178.0733061224419,174.4916756985292,175.84850127733236,148588100,180.37489395141603,186.0207455444336,0.008111748644499261,0.30236506275423664,49.864158752584494,-2.3002781470614195,-1.9536363526014802,98.1500015258789,-0.010784112897198384,6800.259765625,-0.005884064401496025
2025-12-17,170.54092407226562,175.71880987812392,169.91239000563186,175.68888113429998,222775500,179.85561294555663,185.739609375,-0.03814992030459552,0.31559236800492285,37.5898528877492,-2.877461075300971,-2.138401297141378,98.37000274658205,-0.004251423879471639,6721.43017578125,-0.023995596685489118
2025-12-18,173.73345947265625,175.7387615308714,171.41888356310693,174.1225483861358,176096000,179.23857574462892,185.4411184692383,0.01872005454267267,0.3045226908799888,46.19469886721684,-3.0422031543714354,-2.3191616685873897,98.43000030517578,0.0008134400843506917,6774.759765625,-0.018293034976815004
2025-12-19,180.56748962402344,181.02640724251643,175.9283357789888,176.25756723043006,324925900,179.25653762817382,185.2102734375,0.03933629234179148,0.3207071503134589,51.30502694842947,-2.591440803626739,-2.3736174955952594,98.5999984741211,0.00203248927988664,6834.5,0.0010384382346664278
2025-12-22,183.26116943359372,183.73007341419412,181.9243013805983,183.4906282252173,129064400,179.49697265625,185.22105194091796,0.014917856005967955,0.32241289413327867,52.632931926744426,-1.9938668881359547,-2.2976673741033986,98.29000091552734,0.0014263819406210576,6878.490234375,0.009092698592256365
2025-12-23,188.76829528808597,188.88801027625053,182.4730132178061,182.54285710968043,174873600,179.82970275878907,185.23901947021486,0.030050696890744133,0.33150867638372433,60.424325224616084,-1.0636451837533514,-2.0508629360333894,97.94000244140624,-0.0021395729109316974,6909.7900390625,0.016106777860335653
2025-12-24,188.169677734375,188.4689804086018,186.154389299292,187.50124372172945,65528500,180.36843643188476,185.41041870117186,-0.003171176350336813,0.3155558127532807,56.082800066457445,-0.37047065971825077,-1.7147844807703618,97.9800033569336,-0.003964617045433605,6932.0498046875,0.03133553773498354
2025-12-26,190.085205078125,192.240166195598,187.5611125998212,189.47662851874145,139740300,180.88123931884766,185.62411895751953,0.010179787555644415,0.31422832107252713,59.23985723305858,0.3296422815168967,-1.3058991283129102,98.0199966430664,-0.004165433920940598,6929.93994140625,0.022905635203277708
2025-12-29,187.7805938720703,188.31932652162573,185.47598909796272,187.2717899684254,120006100,181.44142150878906,185.75222198486327,-0.012124095639676424,0.3096109990816048,53.09671312599644,0.6905635805028112,-0.9066065865497661,98.04000091552734,-0.005679488511764363,6905.740234375,0.010423620509912856
2025-12-30,187.1021728515625,188.5487999407664,186.49359631469855,187.8005508490403,97687300,181.8220314025879,185.83862365722655,-0.0036128388270515455,0.30642146746041343,52.97383834937225,0.911347951798831,-0.5430156788800468,98.23999786376952,-0.000508729792370266,6896.240234375,0.002580508134080839
2025-12-31,186.06460571289065,190.1151249886817,186.0546345387688,189.1274459397885,120100500,182.07394638061524,185.9158462524414,-0.005545457451715419,0.3066634364677632,53.15836452194844,0.9911725398797273,-0.23617803512809196,98.27999877929688,0.0034714756934384194,6845.5,-0.00930419574242558
2026-01-02,188.4091339111328,192.4795957147097,187.8204997023152,189.39681300359115,148240500,182.5363639831543,186.06948852539062,0.012600613583971576,0.3056951787428456,59.30452563243319,1.22944564846523,0.05694670159057244,98.41999816894533,0.00449065928696557,6858.47021484375,-0.010614405827551132
2026-01-05,187.6808319091797,193.1779786425506,185.7154296257417,191.31233377676455,183529700,182.77281112670897,186.226123046875,-0.00386553447189375,0.2984685775907584,67.52271460731532,1.344017916876794,0.3143609446478168,98.2699966430664,0.0025504999853280808,6902.0498046875,-0.004024585631991817
2026-01-06,186.80288696289065,191.7213703933745,186.3838692947835,190.0752284670132,176862600,183.01374740600585,186.32768829345704,-0.004677861544826745,0.2982933795889475,64.80130029720613,1.3484305768471074,0.5211748710876749,98.58000183105467,0.0055079652232215,6944.81982421875,0.0056590008481960385
2026-01-07,188.66851806640625,190.9232365533545,186.12446806753155,188.12978540958392,153543200,183.1913314819336,186.3847622680664,0.00998716419134471,0.2943125876197401,65.21504798571158,1.485346332069014,0.7140091632839427,98.68000030517578,0.0044788523104044575,6920.93017578125,0.0035802032074203627
2026-01-08,184.6080017089844,189.1074824738404,183.2811201033086,188.6685072554968,172457000,183.19482269287113,186.25627563476561,-0.021521960309205612,0.30488187649806286,70.30523711688988,1.251773652154327,0.8215620610580197,98.93000030517578,0.006613772221737424,6921.4599609375,0.011096334955445153
2026-01-09,184.42843627929688,185.9049768874807,183.2412119543349,184.64792389684447,131327500,183.24869613647462,185.9338540649414,-0.0009726849758689982,0.3039220990615237,66.90848316596276,1.0401855791730839,0.8652867646810326,99.12999725341795,0.007213971730154478,6966.27978515625,0.015719186193907886
2026-01-12,184.5082550048828,186.6831584288149,182.59273912358012,182.79226917353867,137968500,183.44872894287113,185.49311584472656,0.00043278968903170956,0.298019012071378,57.92213751884969,0.8689247869504868,0.8660143691349235,98.86000061035156,0.006003907473693726,6977.27001953125,0.010898242836883787
2026-01-13,185.376220703125,187.6708543554723,182.97184323887345,184.5681140987238,160128900,183.9869697570801,185.1525387573242,0.004704210650191332,0.2697741398929252,54.58873163342062,0.7940832557304418,0.8516281464540272,99.12999725341795,0.005579178455543676,6963.740234375,0.002724391796352865
2026-01-14,182.7124481201172,184.02937380837903,180.37791464347092,183.88970125566945,159586100,184.32867126464845,184.76666687011718,-0.014369548439946755,0.27623426605300644,35.0123488493288,0.5139026676032472,0.7840830506838712,99.12999725341795,0.00456016362840006,6926.60009765625,0.0008192427507562883
2026-01-15,186.61331176757807,189.25711892672567,185.8949914784577,186.06459276572707,206188600,184.7940818786621,184.3712222290039,0.021349742108958125,0.283974533166007,46.68929244248005,0.5997115272143674,0.7472087459899706,99.31999969482422,0.003942175158651473,6944.47021484375,0.00332447981150108
2026-01-16,185.79522705078125,189.99540517049,185.6455833269296,188.63857958929228,187967200,185.5567970275879,184.12282470703124,-0.0043838497320904946,0.24167445778573735,40.427400946813805,0.5948460520402818,0.7167362072000328,99.38999938964844,0.0026228401435925974,6940.009765625,-0.0037710256178952184
2026-01-20,177.654296875,181.95423259865512,177.1953640623503,181.4753422141945,223345300,185.7528388977051,183.78104187011718,-0.043816680896523685,0.28970831572273587,32.073487041820115,-0.06516373372301132,0.560356219015424,98.63999938964844,-0.0022253815430391954,6796.85986328125,-0.025856840246254453
2026-01-21,182.8920440673828,184.94723253133864,177.9835164834521,178.6320081827799,200381000,185.86906661987305,183.6862728881836,0.029482806126936323,0.27423692232970276,43.582754246571604,-0.16369682421671428,0.4155456103689964,98.76000213623048,-0.0037324233575999344,6875.6201171875,-0.012654136171322716
2026-01-22,184.40847778320312,185.7353746560278,183.5005985718231,184.31869154642928,139636600,185.92643203735352,183.62043670654296,0.008291414334357983,0.27069254854639585,47.51198436073011,-0.11806055226784906,0.3088243778416273,98.36000061035156,-0.007767544279235206,6913.35009765625,-0.0019129154005127491
2026-01-23,187.23187255859372,189.15737478680413,186.38386606278428,187.06227125943187,142748100,185.8496109008789,183.3935888671875,0.015310547591580237,0.25384739214614943,48.25647587250775,0.1442678543018019,0.27591307313366226,97.5999984741211,-0.01731777311707705,6915.60986328125,-0.0041558752028069135
2026-01-26,186.03468322753903,188.6784906596197,185.55580805974404,186.7230748442759,124799600,185.74286117553712,183.2603158569336,-0.00639415348837058,0.2545899355578419,47.595449179953654,0.25264944723605254,0.27126034795414034,97.04000091552734,-0.023644214594550572,6950.22998046875,0.0014726513634566452
2026-01-27,188.07989501953125,189.55643562401056,185.2664711415707,186.80288446054917,143711600,185.64259567260743,183.15517791748047,0.010993712336375028,0.2550565140441207,51.803830180887346,0.49783540291628015,0.3165753589465683,96.22000122070312,-0.02453363933413888,6978.60009765625,0.026738852651180478
2026-01-28,191.0728759765625,191.9009400606663,189.39679023846315,190.82345963399504,148552700,185.80720977783204,183.2483676147461,0.015913348721937837,0.2573790921441909,53.29143389977225,0.9230156393757625,0.4378634150324071,96.4499969482422,-0.02339008847733559,6978.02978515625,0.01489460822780897
2026-01-29,192.06057739257807,193.0283141326731,185.62563804704837,190.8933105997472,171764400,186.0551300048828,183.29526977539064,0.005169239280915727,0.25718141248551224,61.139321111094816,1.3244063576586314,0.615172003557652,96.27999877929688,-0.021146826130009067,6969.009765625,0.008051041417332483
2026-01-30,190.68380737304688,194.0359639826301,189.0276790286862,190.76362243793776,179489500,186.2860900878906,183.38586547851563,-0.007168415497976088,0.25782931845532986,59.02680526416852,1.5139655073745075,0.7949307043210232,96.98999786376952,-0.006250006351314896,6939.02978515625,0.0033865302320406077
2026-02-02,185.1766815185547,189.8557348322644,184.44839001538196,186.7629659025267,165794100,186.1244674682617,183.47086822509766,-0.028880930847569264,0.27528338163394034,50.83394506311224,1.2059124595585615,0.8771270553685309,97.61000061035156,0.005873863246563582,6976.43994140625,0.003771092612928406
2026-02-03,179.91897583007812,185.8351396091497,175.81857039871747,185.8052108647954,204019600,185.73637466430665,183.347763671875,-0.02839291451472381,0.29224478348876426,43.86356352076337,0.5313996468378548,0.8079815736623956,97.44000244140624,0.012679289183386677,6917.81005859375,-0.008710921705187835
2026-02-04,173.78335571289062,179.16077214377114,171.50867959294058,179.04105715530034,207014100,185.08539810180665,183.21926574707032,-0.0341021289659974,0.313763069902641,40.686785824896376,-0.4925718214436188,0.5478708946411929,97.62000274658205,0.012130698137478468,6882.72021484375,-0.013658521566537796
2026-02-05,171.47874450683594,176.40721432559468,170.63072277473634,174.52161198787914,206312900,184.2259094238281,183.0797912597656,-0.013261403525100302,0.31143266905795175,33.670613825251394,-1.4730589446947988,0.14368492677399453,97.81999969482422,0.015995024252726697,6798.39990234375,-0.024481220290835548
2026-02-06,184.97715759277344,186.56344202919425,174.19239634754115,176.27751351666032,231346200,184.24436721801754,183.137060546875,0.07871770419569057,0.4225502824459214,49.306977279278605,-1.1476633797633156,-0.11458473453346751,97.62999725341795,0.006598612266672799,6932.2998046875,-0.0009698734084044869
2026-02-09,189.59634399414065,193.20790343822367,183.52056478242864,183.82983865020864,196387400,184.50276260375975,183.3810873413086,0.024971658454912227,0.431351122097331,60.758583260888614,-0.51116294354253,-0.19390037633528,96.81999969482422,-0.008093442378726556,6964.81982421875,-0.0016656227653495392
2026-02-10,188.09983825683597,192.0306425866914,187.6808205923615,190.93321971968695,136764800,184.6823417663574,183.54650115966797,-0.007893114950312197,0.43269315288351407,55.03082485374706,-0.1260344219175522,-0.18032718545173448,96.8000030517578,-0.006568138070740415,6941.81005859375,0.003469306008219375
2026-02-11,189.60633850097656,192.80883635229745,188.32932783046317,192.0007297023972,144192700,184.89384765625,183.80708892822267,0.008009045930616798,0.4331955147517543,55.022192788442126,0.2973173956621338,-0.08479826922896083,96.83000183105467,-0.008092613125387671,6941.47021484375,0.008535869273502694
2026-02-12,186.5035858154297,193.1580126884611,186.07458174632157,192.5793648877844,189932500,185.0834045410156,183.94736114501953,-0.01636418228460701,0.43421992747858235,49.30010484716512,0.3781020254525629,0.007781789707343917,96.93000030517578,-0.009098337685800706,6832.759765625,0.005054110345789509
2026-02-13,182.3832092285156,187.0622623874058,181.16605622339492,187.04230481693136,161888000,184.8718994140625,183.97449920654296,-0.02209274727292243,0.43509881713805354,46.677546074347056,0.10839496179721664,0.027904424125318465,96.87999725341795,-0.00768206515517178,6836.169921875,-0.013866954044240654
2026-02-17,184.5381774902344,186.71308084037668,178.76168607280786,181.3256935584433,162276900,184.80904693603514,184.0820471191406,0.011815606660472655,0.4371214235546996,46.78383657217477,0.06775703865110927,0.035874947030476625,97.16000366210938,0.003511712129279587,6843.22021484375,-0.017459117743744312
2026-02-18,187.5411376953125,189.92555739322245,186.3239846890322,188.3093443160685,164749100,185.3033889770508,184.17383209228515,0.016272839831405594,0.40829432914451624,46.79347967635557,0.27469843102261393,0.0836396438289041,97.6999969482422,0.009297457315194269,6881.31005859375,-0.008715306165011372
2026-02-19,187.4613342285156,187.9900957055448,185.22657333636724,186.62329889396,126554500,185.53185348510743,184.28337554931642,-0.00042552512892690686,0.3962076561512592,45.7542808494143,0.4273354455746414,0.15237880417805155,97.93000030517578,0.011360099693484838,6861.89013671875,-0.011464441344835707
2026-02-20,189.3768768310547,189.8856807673048,185.5059297314624,186.13446388219373,178422300,185.7802734375,184.36857635498046,0.010218334412386287,0.39670288195199904,48.805410388693865,0.6948597478270813,0.2608749929078575,97.8000030517578,0.00897557767298962,6909.509765625,0.01123265014908359
2026-02-23,191.10281372070312,193.4972046328596,189.13741163084848,190.9531547742145,171584800,185.97382049560548,184.49986907958984,0.009113767839714404,0.39447019165744607,55.818960544488384,1.0342215057708586,0.41554429548045774,97.6999969482422,0.00846407636324864,6837.75,0.00023113499855287323
2026-02-24,192.39979553222656,193.31764595479845,186.96250644177093,191.04296985904048,175123600,186.29207611083984,184.68084564208985,0.006786827395534711,0.3938296417958943,63.28873228681874,1.3917801614235827,0.6107914686690827,97.87999725341795,0.007410390738687989,6890.06982421875,0.0068461349926132176
2026-02-25,195.10345458984372,197.16862939564908,193.3375824661624,193.9960453222018,250637100,186.64325408935548,184.97276275634766,0.014052296937936637,0.3949073014652346,74.48998550127172,1.8717344727400587,0.8629800694832779,97.6999969482422,0.0,6946.1298828125,0.009419692422927506
2026-02-26,184.45835876464844,193.8364076167612,183.88969739169636,193.81646526905493,360807900,186.31252822875976,185.16970184326172,-0.054561288253833995,0.43903494661645714,62.51199523661872,1.3772553121007718,0.9658351180067767,97.79000091552734,-0.0014295863291347022,6908.85986328125,0.006845012908492931
2026-02-27,176.77635192871094,182.16373952566903,175.96824531148394,180.82687141264745,311636500,185.5483169555664,185.18766052246093,-0.04164629289442512,0.46066051472888797,41.09619950683912,0.36133798494847724,0.8449356913951168,97.61000061035156,-0.0019427651889303288,6878.8798828125,-0.0044330037660391675
2026-03-02,182.0540008544922,183.0317240302905,174.23230678711255,174.60143816018197,209095300,185.11682662963867,185.2826385498047,0.02985494874285899,0.4755142401748934,41.926542718869975,-0.01771741956662254,0.672405069202769,98.37999725341795,0.006960085224321899,6881.6201171875,0.006415870306387239
2026-03-03,179.62965393066406,180.4776603660684,176.50695643346228,178.0732983803544,178099400,184.83947525024413,185.46441314697265,-0.01331663634113589,0.46692900496457485,41.109953037146816,-0.5078914378873378,0.43634576778474765,99.0500030517578,0.011953471916336778,6816.6298828125,-0.010658809457649743
2026-03-04,182.61268615722656,184.2688145383873,179.63964723402094,180.01876499488523,177731200,184.97416076660156,185.64199768066408,0.01660656891157819,0.4593178398623501,42.88034576775006,-0.6481802895765156,0.21944055631249498,98.7699966430664,0.010951890770181327,6869.5,-0.011032025617907504
2026-03-05,182.91197204589844,183.63029235671348,177.46472744924466,180.74703993972412,198779700,185.43059158325195,185.68888732910156,0.0016389107184711094,0.4400661039378096,46.12234273890639,-0.7268318798141422,0.03018606908716756,99.31999969482422,0.015645758921901676,6830.7099609375,-0.01131154834375725
2026-03-06,177.40489196777344,182.3333469017365,176.40722643712078,179.4201653790109,189021900,185.72689895629884,185.57176177978516,-0.030107816435017698,0.45218059169422553,44.78145746633276,-1.2194817430152511,-0.21974749333331617,98.98999786376952,0.014137867480677135,6740.02001953125,-0.02018640616595213
2026-03-09,182.2235870361328,182.4829897940845,175.1501427003192,176.4171820751478,177213600,185.5892204284668,185.44086761474608,0.027162131860685834,0.364901540393845,47.70205018650037,-1.2071664253348615,-0.4172312797336253,99.18000030517578,0.008131765339422614,6795.990234375,-0.012443273728323212
2026-03-10,184.3386383056641,186.00473767957752,181.58507208744064,181.97416098047236,179118500,185.32633514404296,185.36424682617186,0.011606901740507825,0.3554929528664538,46.763463043192,-1.0150387512313728,-0.5367927740331748,98.83000183105467,-0.002221112709993256,6781.47998046875,-0.0051564927167861985
2026-03-11,185.60574340820312,187.1921136401388,184.02934488988055,185.4860219488843,145280400,185.20163040161134,185.27465759277345,0.006873790075621278,0.3556497360923042,48.16863695917356,-0.7518643687399731,-0.5798070929745345,99.2300033569336,0.004657352733639986,6775.7998046875,-0.01364003134325642
2026-03-12,182.72235107421875,184.51824924312825,181.33552155955925,183.63027948516628,155762700,184.85743103027343,185.1734927368164,-0.015535038307747384,0.3580555218620693,43.55547779437099,-0.7671195615931765,-0.6172695866982629,99.73999786376952,0.004228737114738257,6672.6201171875,-0.02314398424966979
2026-03-13,179.83892822265625,185.6656060713691,179.5296376335348,184.49827615888316,160988400,184.52419815063476,185.02822784423827,-0.015780351087926303,0.35774213669386706,39.33077530557003,-1.0003461702313814,-0.6938849034048866,100.36000061035156,0.013839809840863415,6632.18994140625,-0.015998480392124925
2026-03-16,182.8021697998047,188.4492658789173,180.9962999229416,182.55273992235968,217307400,184.5451461791992,184.96297912597657,0.01647719771483347,0.35458386382177315,41.18724913384272,-0.9352896703294675,-0.7421658567898028,99.70999908447266,0.005343806994011713,6699.3798828125,-0.014215787284954096
2026-03-17,181.5150909423828,184.97717862722425,181.26566108165355,184.6379576703901,182497800,184.39399185180665,184.82509826660157,-0.007040829213523114,0.35281371280170737,37.18960733920462,-0.9763338636441858,-0.7889994581606795,99.58000183105467,0.007588788688702941,6716.08984375,-0.009642458122279929
2026-03-18,179.98858642578125,182.9618014097589,179.91875397930713,182.0638447517288,156683100,184.01636428833007,184.6712533569336,-0.008409793966310586,0.34801543176769806,44.91121717265946,-1.1191371233929317,-0.85502699120713,100.08999633789062,0.008666662822368387,6624.7001953125,-0.022299892814198752
2026-03-19,178.1527862548828,179.56954607641802,175.38909905828712,177.60403750119184,170968500,183.55093688964843,184.49825134277344,-0.01019953657814543,0.3492226771359835,51.80768765235067,-1.3647119174740965,-0.9569639764605233,99.2300033569336,-0.0051132396005512115,6606.490234375,-0.009910632053241164
2026-03-20,172.30613708496094,177.85345450506617,171.32837633709812,177.59405294207926,241323500,182.69739990234376,184.17100372314454,-0.03281817417975763,0.3619264729079937,37.38652859234642,-2.0079609130873166,-1.167163363785882,99.6500015258789,-0.007074522520473359,6506.47998046875,-0.018954517594959808
2026-03-23,175.23944091796875,177.96321071223454,174.36144294367455,176.85574153065542,182836300,181.90423126220702,183.98363250732422,0.017023791970691482,0.3669164471241233,44.39303569264036,-2.2550524310846356,-1.3847411772456328,98.9499969482422,-0.007622125596316476,6581.0,-0.017670274694559063
2026-03-24,174.80044555664062,175.81812366395545,173.58322660302642,174.4312942297872,147667800,181.02426376342774,183.7910726928711,-0.0025051173356209766,0.3647470315743122,39.329174630103985,-2.4579636215179903,-1.5993856661001042,99.43000030517578,-0.0015063418670485662,6556.3701171875,-0.02378165424799006
2026-03-25,178.2725067138672,180.8067226806179,176.44669348987364,176.69612335614488,162602100,180.1827163696289,183.66635772705078,0.019862999468737152,0.3692292310949815,44.16835832071306,-2.31195510436919,-1.7418995537539215,99.5999984741211,-0.00489557280145525,6591.89990234375,-0.0049512116777690185
2026-03-26,170.8494873046875,176.10745794358192,170.74970926821888,175.66847416549638,186152200,179.50227279663085,183.37582305908202,-0.04163861015929882,0.34811624022235205,42.138731898763,-2.7633635967442274,-1.946192362351983,99.9000015258789,0.006751971644456178,6477.16015625,-0.019576215741918035
2026-03-27,167.13795471191406,170.58008352629554,166.62910808502988,169.61229451028825,196212700,179.020352935791,183.06433319091798,-0.021723990228629808,0.3256943455489618,31.415756864868115,-3.3816165700029615,-2.233277203882179,100.1500015258789,0.005017561388297231,6368.85009765625,-0.02115274053338201
2026-03-30,164.79331970214844,169.0635577295173,163.89537828689438,168.3950875250076,185627000,178.15731887817384,182.62793334960938,-0.014028142284060685,0.30424229366309563,26.05722839094024,-4.014502272679806,-2.5895222176417043,100.51000213623048,0.01576559106721631,6343.72021484375,-0.03605527809698372
2026-03-31,174.0022735595703,174.22177306603788,166.57925331681818,166.58922503111532,226181300,177.87594985961914,182.39207427978516,0.055881839591958915,0.37047402078195657,38.1011021007103,-3.729986179054748,-2.817615009924313,99.95999908447266,0.005330370890779257,6528.52001953125,-0.004247792171348186
2026-04-01,175.3491973876953,176.96549806235143,174.3514779146501,175.5986272559566,168132000,177.51277542114258,182.34597229003907,0.007740840395765725,0.3660908541041225,42.19311485357941,-3.357120829622801,-2.9255161738640107,99.6500015258789,0.0005020386799585719,6575.31982421875,-0.0025152199473030823
2026-04-02,176.98544311523438,177.0852211444685,170.9791680862979,171.7873183615289,143143200,177.21644897460936,182.2278402709961,0.009331355671513775,0.3680555828709927,46.89669546839146,-2.896205345909493,-2.919654008273107,100.02999877929688,0.0013012737881119563,6582.68994140625,0.016292600863732076
2026-04-06,177.23487854003906,177.3845303646084,175.35916114415525,176.75597747742694,107564300,177.20794830322265,182.08436828613281,0.0014093555967893412,0.35209788801560793,43.56548232517225,-2.4821860544583956,-2.8321604175101647,99.9800033569336,-0.0016974355102868932,6611.830078125,0.03815131094986324
2026-04-07,177.69383239746094,177.8235255680002,173.26395579650787,175.32922705160684,132534900,176.98146057128906,181.89360748291017,0.0025895233556876285,0.33763353956838354,45.49730481968004,-2.0929132414250944,-2.684310982293151,99.63999938964844,-0.00865588228127634,6616.85009765625,0.04305515904900714
2026-04-08,181.66476440429688,184.837505037226,179.8888249511496,184.079243714486,147732700,176.8477668762207,181.80620910644532,0.02234704465123949,0.34504209952185405,51.867506174585735,-1.44730705127904,-2.436910196090329,99.12999725341795,-0.008303339722455338,6782.81005859375,0.03895064092654166
2026-04-09,183.49058532714844,183.6601958045732,180.20807985372045,181.42529878487736,116428500,176.74200897216798,181.71442291259766,0.010050495641456214,0.3461259343407628,55.948407616018585,-0.7793471756803569,-2.1053975920083348,98.81999969482422,-0.008329170279431808,6824.66015625,0.0379206394056848
2026-04-10,188.1998291015625,189.56669990817065,183.87970195572368,183.88967366981893,160459500,177.01588287353516,181.65696197509766,0.025664770571296014,0.35297789087716247,68.17250330001853,0.1285308305189119,-1.6586119075028856,98.6500015258789,-0.013795833952400138,6816.89013671875,0.03557819028347975
2026-04-13,188.87826538085935,189.2274732756209,185.3164148846483,185.605746824658,133648200,177.4678497314453,181.59331573486327,0.0036048719201053903,0.3468912678496604,66.44214857485949,0.8924867969093384,-1.1483921666204409,98.37000274658205,-0.016103226208182497,6886.240234375,0.041502905097013265
2026-04-14,196.0618438720703,196.0618438720703,190.33494396561244,190.4047764107204,161307000,178.1308334350586,181.70087646484376,0.03803284870668322,0.366164786765501,72.0463487114933,2.0539060029595646,-0.5079325327044398,98.12000274658205,-0.015254884106555955,6967.3798828125,0.05297532511434877
2026-04-15,198.41647338867188,199.94298301571828,195.2936216855987,196.09178511161636,185338400,178.97590255737305,181.9656723022461,0.012009626504063453,0.36495477182736263,71.3831907036803,3.1282771827795557,0.2193094103923593,98.05999755859376,-0.010793904211344074,7022.9501953125,0.035404225482400964
2026-04-16,197.8976593017578,199.39423847906176,195.36344336942167,196.97974400923292,134012900,179.87135620117186,182.3252459716797,-0.0026147732496876186,0.3627645796520931,83.64356548392914,3.8929842234798,0.9540443730098476,98.22000122070312,-0.006071629993665284,7041.27978515625,0.03174072026251307
2026-04-17,201.2200469970703,201.2400056483541,198.8155547450397,199.44410763257105,160324400,181.02471923828125,182.8739797973633,0.01678841329925218,0.3604072434660893,92.80702911010755,4.7127829550108515,1.7057920894100485,98.0999984741211,-0.005575296941212171,7126.06005859375,0.04535351394467635
2026-04-20,201.59918212890625,201.70893187328167,197.3888049886708,199.52392392325544,119381400,182.4893714904785,183.47638854980468,0.00188418170800575,0.3301685227450566,98.62905329640488,5.331612878208574,2.430956247169754,98.0500030517578,-0.0032530211028724,7109.14013671875,0.03236888269321048
2026-04-21,199.42417907714844,202.28762917830335,198.54618104306965,201.66904795828867,107945300,183.6986083984375,183.76532897949218,-0.010788749382758311,0.33490822915372354,91.25654859954813,5.582187499055664,3.0612024975469363,98.41000366210938,0.002955573862715166,7064.009765625,0.013868898271338859
2026-04-22,202.03819274902344,202.03819274902344,198.54617460274403,200.53164182940824,107501000,185.06049575805665,184.01416595458986,0.013107807107300529,0.3338033950436362,91.60193209505968,5.923417281247197,3.633645454286989,98.58999633789062,0.005404841856947451,7137.89990234375,0.01636772351140614
2026-04-23,199.1847076416016,203.3651545152774,196.7702284327844,201.99828375930824,113561800,186.10610580444336,184.23586334228514,-0.014123493526625008,0.33883776476050875,83.33836706391133,5.89563077973682,4.086042519376955,98.8000030517578,0.005905129544352183,7108.39990234375,0.009532374686913592
2026-04-24,207.79502868652344,210.46890943516505,199.3543156614425,199.5039827094276,214134400,187.95338287353516,184.5996371459961,0.04322782178848095,0.31435662960077376,86.68266733482649,6.493537270402101,4.567541469581984,98.51000213623048,0.004179446161944211,7165.080078125,0.0054756792968919665
2026-04-27,216.1160125732422,216.33551207209095,206.90706623150768,209.17187844164343,187172400,190.40228576660155,185.19188568115234,0.040044191332756496,0.30802872108273255,88.79712751284082,7.55176429228095,5.164386034121778,98.4800033569336,0.00438552056901842,7173.91015625,0.00911080922384877
2026-04-28,212.6838531494141,214.2402930542568,207.72518626919629,209.0122528840405,180275400,192.79681243896485,185.7978985595703,-0.015881097300298075,0.31025594519357474,81.6663411035438,8.021009050059803,5.735710637309383,98.62000274658205,0.002133920096108355,7138.7998046875,0.010587476736859003
2026-04-29,208.77279663085935,212.23488436877423,207.10660696252424,212.2149257168926,123711800,194.53533859252929,186.28259094238283,-0.018389061795900274,0.2851486253471067,74.75578077389352,7.985250331169226,6.185618576081352,98.91999816894533,0.0033472141526784682,7135.9501953125,-0.00027314855320537124
2026-04-30,199.1148834228516,209.82040915320692,198.24685712515333,209.4512425942353,225239200,195.7236228942871,186.5140658569336,-0.04626040060709802,0.34682708683765134,59.743510741672765,7.095802414235294,6.3676553437121415,98.08000183105467,-0.007287461522910488,7209.009765625,0.01415365830052373
2026-05-01,197.99742126464844,202.5370477944956,196.67045257290908,200.8209691272831,128647000,196.77422180175782,186.72478759765625,-0.005612147816344004,0.34931461802494984,58.077062490252274,6.22893538505167,6.339911351980048,98.20999908447266,-0.003045407017075785,7230.1201171875,0.009077363874978595
2026-05-04,198.02734375,201.2699318245734,194.2958829090753,199.04502180842945,125368100,197.81384506225587,186.89779693603515,0.00015112563163932613,0.3495554520615902,51.9935172887261,5.481168020448081,6.168162685673654,98.47000122070312,-0.00010156514916248582,7200.75,0.003741313058767126
2026-05-05,196.05186462402344,199.7833407086998,195.58293528206715,198.8454820247872,113406600,198.73174667358398,186.99677795410156,-0.009975789648880573,0.35390068790035506,47.5830960364004,4.675258866957705,5.869581921930465,98.4800033569336,-0.0014195841183274327,7259.22021484375,0.01686843915656233
2026-05-06,207.3560333251953,207.7950323152332,198.15705885791613,199.43413852494055,188362800,200.0163101196289,187.29590270996093,0.05765907262779835,0.3962991707310635,57.921123062988286,4.892326305576319,5.674130798659635,98.0199966430664,-0.009098276814985429,7365.1201171875,0.032114843237770696
2026-05-07,211.0176696777344,213.7115092245668,206.02907228582572,207.86487247229027,168307900,201.3926643371582,187.61418701171874,0.017658692123978748,0.3980104954075115,58.158873747414546,5.2987367279948785,5.599051984526684,98.25,0.0017332602546047404,7337.10986328125,0.017769444323279204
2026-05-08,214.709228515625,217.30330524675068,212.40449895841252,212.5441790763045,136421400,202.71813430786133,188.21920440673827,0.017494074517685254,0.39404976603544123,60.34647031678856,5.85124831407478,5.649491250436304,97.83999633789062,-0.0037674651260690695,7398.93017578125,0.023348167922197183
2026-05-11,218.93955993652344,221.79303819063415,213.402213909002,213.55186573785767,160685800,204.22119903564453,189.06246856689452,0.019702606404692125,0.3963999407382422,64.91762275406359,6.554909204960353,5.830574841341114,97.94000244140624,-0.0053823374908769095,7412.83984375,0.02945385463319794
2026-05-12,220.2765045166016,223.23973257586303,214.42986778297356,218.0515943496244,159176600,205.4319320678711,189.8269186401367,0.00610645504387497,0.3798582873203697,64.21903818371814,7.138161502441449,6.092092173561181,98.29000091552734,-0.0019293504765388603,7400.9599609375,0.019525478205485225
2026-05-13,225.3149871826172,227.32039781394545,221.0647077692387,224.41703053540263,150405400,206.77685775756837,190.74062530517577,0.02287344570440042,0.3840308645937128,69.7006196614824,7.9157092245097544,6.456815583750895,98.4800033569336,0.004692988467876358,7444.25,0.01074386860681864
2026-05-14,235.202392578125,236.0005559723521,228.7770767762568,229.32582552778115,180782900,208.64209442138673,191.79241943359375,0.043882590852662995,0.40409222981455173,70.27306696548192,9.223430414666325,7.0101385499339814,98.87999725341795,0.006412185785424462,7501.240234375,0.022369894161615944
2026-05-15,224.80616760253903,230.9720668751014,223.7286287034134,229.23602944473367,180977600,209.82140045166017,192.63030334472657,-0.04420118716323329,0.4444349210084652,56.23658820020051,9.313559492495386,7.470822738446262,99.2699966430664,0.014615702766762828,7408.5,0.0012934064778817866
2026-05-18,221.81300354003903,229.4754818886306,217.8719993892805,229.34577348371204,146280900,210.83209152221679,193.51846557617188,-0.013314421461033787,0.449514503068237,56.59318183220733,9.039265089882889,7.784511208733589,98.97000122070312,0.01051663011661752,7403.0498046875,-0.0013206867096628994
2026-05-19,220.1068878173828,223.96805720569677,217.4130483552105,219.1191400841904,140948200,211.86622695922853,194.27613159179688,-0.007691684867105919,0.44818883606263243,58.45489382423308,8.585250100389004,7.944658987064672,99.3000030517578,0.010275736359983023,7353.60986328125,-0.006397831890209593
2026-05-20,222.9603729248047,225.61431038954527,219.9971448577806,222.6710257508039,184201600,212.91233596801757,195.04856628417969,0.012964088201498525,0.4481560157813528,69.79786324591419,8.359331184421592,8.027593426536056,99.11000061035156,0.006397209910062651,7432.97021484375,-0.0015152345980118387
2026-05-21,219.0093994140625,226.8814055684356,217.43300079554024,221.78305837384477,203381800,213.90357055664063,195.71663940429687,-0.017720518937572316,0.4504016560350715,66.66139132147639,7.771888777215054,7.976452496671856,99.19000244140624,0.0031351658232126045,7445.72021484375,-0.007401445333909629
2026-05-22,214.83892822265625,220.50596731800164,214.3101381389001,220.39621757095847,169275700,214.25576553344726,196.35897094726562,-0.019042430153974776,0.4345100128203328,62.50928178617217,6.8903861833403255,7.75923923400555,99.31999969482422,0.0005037075999669849,7473.47021484375,0.00876968547529855
2026-05-26,214.37001037597656,217.6824311685512,211.5165320236786,216.04617181279932,187202600,214.168465423584,197.04959259033203,-0.0021826484173934624,0.41070305708616833,63.942897786135916,6.083820776628215,7.424155542530084,99.16999816894533,0.0020207835280936504,7519.1201171875,0.015678715605358384
2026-05-27,212.1151580810547,213.66161102691768,208.30386252985457,213.63168066177133,167601200,214.14003067016603,197.63585235595704,-0.010518506254522997,0.40840288475156356,54.20116293228764,5.2026907646334735,6.9798625869507624,99.20999908447266,-0.0009063843355395784,7520.35986328125,0.022675937818326775
2026-05-28,213.76138305664065,215.02849096688144,210.7382944698381,210.79815519844968,143996000,214.38945999145508,198.2807781982422,0.007760996387428776,0.4031488468902743,52.511401111870285,4.584379604973407,6.5007659905552915,99.0199966430664,-0.000908121952687746,7563.6298828125,0.01757839251229898
2026-05-29,210.6584930419922,217.3631692496548,210.64852132770383,214.0906505321041,289410600,214.9666404724121,198.8941763305664,-0.014515671494445215,0.3674506133434167,46.25185134984406,3.80018015273248,5.96064882299073,98.91000366210938,-0.0028228528319904633,7580.06005859375,0.018042558661038655
2026-06-01,223.8483428955078,224.3571743491113,215.20808855445492,215.23801892090276,212850700,216.2591865539551,199.8080874633789,0.06261247606516585,0.42183922854705314,53.89610672722772,4.19465373085572,5.6074498045637275,99.1999969482422,-0.0012082435254806567,7599.9599609375,0.01692516895866092
2026-06-02,222.3118438720703,231.75026086454596,220.84519513709748,226.6618858382332,193362900,217.4734115600586,200.8082015991211,-0.006864017859425142,0.42396589421306236,51.610350049642825,4.333342182149778,5.352628280080938,99.22000122070312,0.0005042155155898786,7609.77978515625,0.012057217673849374
2026-06-03,214.26025390625,222.31185725112732,214.02079575535723,221.2143597561905,160907000,218.38383102416992,201.58861785888672,-0.0362175484022057,0.4468087517451969,41.651596166995965,3.750326331250335,5.032167890314819,99.52999877929688,0.0032254782559946182,7553.68017578125,0.0044306805931839666
2026-06-04,218.4156036376953,221.35231998810903,210.73419644349,213.67091279390368,169022200,218.93680953979492,202.4609210205078,0.019393936372648524,0.40553194870447606,36.12125463144603,3.582289659336112,4.742192244119078,99.41000366210938,0.003938669281607909,7584.31005859375,0.0027341601984312014
2026-06-05,204.87075805664065,214.6298267834636,204.101614447126,214.2902104723603,219655500,218.62946395874025,202.99288604736327,-0.06201409311178452,0.4618068291416862,34.333722725837106,2.329312680181488,4.259616331331561,100.06999969482422,0.011727792839615558,7383.740234375,-0.025899507748118222
2026-06-08,208.40679931640625,210.2347557268212,205.76975069388217,209.9450713288228,138372800,218.3143424987793,203.74403228759766,0.017259863209897475,0.4616826570490023,39.55384143089198,1.6031680513643494,3.728326675338119,100.0500030517578,0.008568610178073754,7405.72998046875,-0.02555671101782886
2026-06-09,207.95730590820312,211.16370951624515,199.11719156565087,210.3845825512031,180962500,217.76522979736328,204.56041931152345,-0.0021568077897530236,0.455101235569553,40.34390767619532,0.9801245739858473,3.1786862550676647,99.91000366210938,0.0069542676165808,7386.64990234375,-0.029321463841534556
2026-06-10,200.19598388671875,206.98838641050185,199.696542748819,204.20149632565037,161746600,216.76120376586914,205.26847259521483,-0.03732170883628583,0.47046330446233975,33.216885092427745,-0.1383212128420439,2.515284761485723,99.9499969482422,0.004219814870857652,7266.990234375,-0.037953677510128236
2026-06-11,204.64100646972656,205.43013200106668,199.31696212361035,201.26479475008583,158643200,215.7275047302246,205.88124725341797,0.022203355415576276,0.4699547517910589,39.483469343765954,-0.6584313957539791,1.8805415300377828,99.86000061035156,0.004526676709234456,7394.2998046875,-0.025053070409608358
2026-06-12,204.96066284179688,206.8385664547524,203.21261880599852,204.6310298517525,112001800,214.2154182434082,206.4734765625,0.001562034792462752,0.4350169386874182,42.337981800958104,-1.0329219835027175,1.2978488273296827,99.75,-0.0031977585270320796,7431.4599609375,0.0064628122127510235
2026-06-15,212.2125396728516,212.47225882321928,208.1071328472061,208.68648640498935,149936700,213.58573684692382,207.17801849365233,0.035381798294886524,0.43526182774569794,48.48589013922463,-0.736057802384039,0.8910675013869382,99.62999725341795,-0.0041979588758489506,7554.2900390625,0.020060150584148895
2026-06-16,207.1781768798828,211.2536184019877,207.05830064217733,210.9439520928381,125694100,212.853995513916,207.77688446044922,-0.02372321070531358,0.44022505120737104,46.665329569122036,-0.8966853727144155,0.5335169265666675,99.54000091552734,-0.003703360354518237,7511.35009765625,0.016881833708259686
2026-06-17,204.42124938964844,208.9761653200819,202.8530121596522,208.29691745433288,128363500,212.0697135925293,208.31143280029298,-0.013307036154839746,0.44146128389068057,43.78449237880258,-1.2322403871775691,0.1803654638178202,100.08999633789062,0.0014006942863731275,7420.10009765625,0.02106922650824483
2026-06-18,210.4545135498047,211.1537281092123,206.26919428756835,207.09826842291383,241272000,211.4444206237793,208.88722778320312,0.02951387968799768,0.4533088878354769,49.869354630639506,-0.9998109596683946,-0.055669820879422766,100.8499984741211,0.009913857978355534,7500.580078125,0.014373270795718263
2026-06-22,208.41677856445312,213.7508214450341,207.48782537372824,211.2036686200953,122041400,210.91478958129883,209.3857516479492,-0.009682543514892727,0.4506180476457781,38.46910399005763,-0.9688686325633853,-0.2383095832162153,101.0199966430664,0.012731795920465139,7472.7900390625,0.005561501823631687
2026-06-23,199.81640625,203.5422481594977,199.77645766483005,201.94403040148532,153496200,210.163663482666,209.61808319091796,-0.041265258841880814,0.4682635634272504,34.79583095874706,-1.619654416952443,-0.5145785499634609,101.41000366210938,0.01786616940441954,7365.4599609375,-0.024996402990695055
2026-06-24,198.77757263183597,201.44458647582783,196.36027935647692,199.89631590195677,151810700,209.384041595459,209.8160693359375,-0.0051989405557835155,0.4682987054615093,38.439739098236934,-2.193941637316442,-0.8504511674340571,101.61000061035156,0.02079565677903572,7358.22021484375,-0.020386465924452257
2026-06-25,195.52122497558597,200.5755669254449,191.9152592982058,199.8563704571445,149550000,208.55434494018556,209.80525695800782,-0.016381866490950747,0.4699479122707835,32.67312714852828,-2.8786452083302265,-1.256089975613291,101.43000030517578,0.0133879909712602,7357.490234375,-0.008437873136108553
2026-06-26,192.31480407714844,195.33143282930595,191.0062707295152,192.90414096411192,179304100,207.48201599121094,209.68322357177735,-0.01639934947644639,0.46999369729221646,38.73454377385054,-3.638071665172731,-1.7324863135251793,101.36000061035156,0.00505703662812973,7354.02001953125,-0.01953982986211744
2026-06-29,194.7520751953125,195.96071419295149,189.58785574691487,193.6333319429392,148835700,206.68669509887695,209.62031188964843,0.012673341139074923,0.47248467199013117,37.502290400429054,-3.9971782112194774,-2.1854246930640393,101.11000061035156,0.0008909519924373832,7440.43017578125,-0.004330358957242875
2026-06-30,199.8663482666016,200.4057532237791,194.8919188665145,197.0195429632178,166476700,205.48759536743165,209.59323791503905,0.02626042914387483,0.4196954492480843,43.17721818351667,-3.8250014058687043,-2.5133400356249727,101.19000244140624,-0.0021694232596239926,7499.35986328125,0.018179435236072683
2026-07-01,197.35916137695312,199.62662840490705,193.23377271109229,195.9806989625188,146147600,204.2399612426758,209.5084375,-0.012544317296997565,0.4204573030682032,47.37523492631446,-3.8465188013536533,-2.779975788770709,101.38999938964844,-0.0021651532268637252,7483.22998046875,0.01698913079182085
2026-07-02,194.61224365234372,199.8363939026278,192.1350197738411,196.9196593659626,142068700,203.2575607299805,209.4121987915039,-0.01391836946126268,0.406125512376481,40.41986456376782,-4.038669527399293,-3.031714536496426,100.86000061035156,-0.005619636134370887,7483.240234375,0.017091426015420685
2026-07-06,195.33143615722656,197.3292007505161,193.77318221313823,194.20269428466304,108999000,202.10335235595704,209.27806365966796,0.003695515201847188,0.3976180523631153,40.87121029107178,-4.085818762203388,-3.2425353816378184,100.8499984741211,-0.00503159168468259,7537.43017578125,0.024940121969057483
2026-07-07,196.7098846435547,198.18824142626733,190.92636281467173,192.15498377986225,124154600,201.69530868530276,209.22856719970704,0.007056972054506172,0.3379976422621814,33.46120737929725,-3.9662353060926137,-3.387275366528778,101.13999938964844,0.0002966944824032147,7503.85009765625,0.0085236902136967
2026-07-08,203.891845703125,204.9306918075912,194.84197470333905,194.9618356993413,147419100,201.4695610046387,209.15050354003907,0.03651042281166639,0.3586810242742889,46.64763747109899,-3.254425330813973,-3.360705359385817,101.0500030517578,-0.0013835298574036425,7482.7099609375,-0.0022201764746978547
2026-07-09,202.5533447265625,204.36131918975943,198.7376223952696,204.23147485952867,132037400,201.19936294555666,208.87925018310546,-0.006564759723208469,0.35923453741925065,48.037780283326484,-2.7664269912665986,-3.2418496857619736,100.94000244140624,-0.004438277452915584,7543.64013671875,0.008072738163556359
2026-07-10,210.7242126464844,210.7641612313501,201.69430829342892,201.7742207048944,148421000,201.72577438354494,208.84005737304688,0.040339338414540515,0.36106428349931746,50.27113977497012,-1.7007587488209879,-2.9336314983737766,100.97000122070312,0.0010906267071773001,7575.39013671875,0.012314171329212531
2026-07-13,203.3025054931641,210.33464515051216,202.7730991138312,208.3069001369788,121411000,201.65884933471682,208.73065155029298,-0.035220001821865354,0.3773267993353264,45.36063980368933,-1.4384966366419007,-2.6346045260274016,101.27999877929688,0.004263761147067502,7515.33984375,-0.002930751133486953
2026-07-14,211.5632781982422,212.31243993744155,203.5722196467825,207.96729575339148,124379600,201.98898010253907,208.97961944580078,0.040632911458909016,0.40409347862699474,60.722116046983004,-0.5576484795535919,-2.2192133167326396,100.94000244140624,-0.0019774268286447683,7543.58984375,0.005295914174266558
2026-07-15,212.26248168945312,213.57101502024952,205.80969553973085,211.7230919717581,124797200,201.99147720336913,209.26492065429687,0.00330493787563535,0.3843968910473541,62.38532238665651,0.19460660555014897,-1.736449332276082,100.5,-0.005442880110316128,7572.39990234375,0.011986291313503372
2026-07-16,207.16818237304688,210.8440771529852,205.61992700554663,209.93509060438328,122986100,201.99097747802733,209.4477374267578,-0.023999998849817294,0.3846274010639029,60.347879748525706,0.3753796571796215,-1.3140835343849413,100.7300033569336,-0.002080434707682377,7533.77001953125,-0.0013084024434645292
2026-07-17,202.58331298828125,206.4190172896336,197.74872640584337,202.4135048295048,144281900,201.899080657959,209.57836639404297,-0.0221311464542836,0.38999815436093377,58.90506017055932,0.14698856827919826,-1.0218691138521134,100.75,-0.0021788770728271567,7457.68994140625,-0.015537179364795262
2026-07-20,203.05279541015625,207.50781723343968,202.05391309694545,205.639896943356,88701500,201.52899475097655,209.4923016357422,0.002317478251045113,0.3741743609618065,57.4529229373062,0.0038261867742619415,-0.8167300537268385,100.98999786376952,-0.002863358205200117,7443.27978515625,-0.009588396545191169
2026-07-21,207.0583038330078,208.4167843613107,203.78197113093623,207.308024406286,108685600,201.4610710144043,209.41311431884765,0.019726438214064723,0.380185270437751,56.588583806463916,0.21114606192776364,-0.611154830595918,101.18000030517578,0.0023776288682859636,7509.2001953125,-0.004558790860825002
2026-07-22,211.82298278808597,214.15038042761168,204.7209288682105,205.57996827489495,137645600,202.0613998413086,209.3553894042969,0.023011291345846452,0.3554344326976367,62.724080636141615,0.7512582903086695,-0.3386722064150005,101.13999938964844,0.0063681531308301675,7498.9599609375,-0.00969837070854107
2026-07-23,208.5266571044922,210.63429930291463,205.72979894313585,209.22588688656515,110505300,202.5488540649414,209.14713134765626,-0.015561699869421242,0.36053301625597384,62.12356451502684,0.9029070381801318,-0.09035635749597404,101.43000030517578,0.006949239798610618,7408.2998046875,-0.016654372846326537
2026-07-24,206.6088104248047,211.6731509810223,204.5810805834776,207.21812923496967,114836800,203.10323333740234,208.87377746582033,-0.009197129548412897,0.3563833981524635,59.62488331485818,0.858440002512566,0.09940291450573398,101.47000122070312,0.007146414101271814,7411.97998046875,-0.006129238584150709
2026-07-27,196.2903594970703,208.51668459839084,195.22156333884288,207.96729627325772,154353700,203.30201110839843,208.29328491210939,-0.049941969592287916,0.39805268927858917,49.689353270886116,-0.009305925678830818,0.07766114646882102,101.51000213623048,0.005149067070606694,7413.18017578125,-0.0040438637594983895
2026-07-28,196.789794921875,198.4779084345641,192.52457850774027,194.78204700134697,134111500,203.40389709472657,207.52503295898438,0.002544370625660486,0.3958394331882284,44.163524637239185,-0.6492167936429212,-0.06771444155352742,101.37999725341795,0.001976645064626803,7428.77978515625,-0.010709583985582305
2026-07-29,189.7976226806641,196.84974460884013,189.7976226806641,195.63110696844683,147680800,202.90046081542968,206.82486206054688,-0.03553117296548214,0.403846762370849,40.40859991505001,-1.7009531021029147,-0.39436217366340487,100.8000030517578,-0.0033616406954956046,7316.14990234375,-0.024378055029766532
2026-07-30,194.82199096679688,197.02952748682716,191.3059363552755,193.23377181769484,129010200,202.7736022949219,206.28504180908203,0.02647224035353868,0.41429842861433136,37.448743246055514,-2.1047746417222015,-0.7364446672751642,100.01000213623048,-0.013999784725159281,7437.6298828125,0.00395908358169339
2026-07-31,200.52561950683597,201.77422236802423,194.73209918257555,198.2182038580375,139961200,203.06927108764648,205.8934164428711,0.029276102311320384,0.4237617588663341,47.7471693852914,-1.9421826921704337,-0.9775922722542182,99.8000030517578,-0.016458048180298945,7489.72021484375,0.010488457143685403
2026-08-03,206.40904235839844,208.50670133078404,196.62999113475112,197.46904862701152,128406900,203.62315139770507,205.56238983154296,0.029340005860756913,0.43488452306596564,45.650704950750026,-1.3233298239676685,-1.0467397825969083,99.95999908447266,-0.015269461325374212,7600.5,0.02526848394036363
2026-08-04,211.7031097412109,212.8218530009649,208.8163406042335,211.06382570110384,134922000,204.3728126525879,205.41626403808593,0.02564842761888375,0.4420651395406961,49.56195411553301,-0.4010741408611409,-0.9176066542497547,99.88999938964844,-0.014697158257412357,7736.52001953125,0.04142540811209772
2026-08-05,218.9749755859375,221.9716224388697,216.15812022814887,216.6176127852948,158187400,205.12696914672853,205.49898498535157,0.034349357709557715,0.4400222344062845,58.94100143098546,0.9061533607630281,-0.5528546512471981,99.69000244140624,-0.01101191048359007,7723.5498046875,0.055685012989309834
2026-08-06,218.7452392578125,223.3800524967045,216.75745800384053,221.2823935806188,113940600,205.93656387329102,205.58648956298828,-0.00104914421161717,0.4387092816540639,63.10334589414772,1.9016813730595743,-0.06194744638584365,99.97000122070312,-0.00039996914981432763,7709.9599609375,0.03661516940421072
2026-08-07,223.70968627929688,224.50877992471257,220.41337164588717,221.29237770419127,105669400,206.58583755493163,205.81838012695312,0.022695108877927694,0.42365276185710216,65.60990920269393,3.0560061436888475,0.5616432716290946,99.5999984741211,-0.0020040538228538463,7757.64013671875,0.035771686283289306
2026-08-10,217.3068389892578,223.88946943306016,216.5277120448001,223.15029107269072,115846600,207.28605422973632,205.88928924560548,-0.028621234049048927,0.4162712176953265,57.47377688520227,3.414796922113908,1.1322740017260573,99.80999755859376,-0.0015006155187349268,7753.10986328125,0.020078924186731184
2026-08-11,217.25689697265625,221.9516406634887,215.95834695389817,221.92167541427943,101273100,207.57073516845702,206.02125732421874,-0.00022982257177850407,0.39274549174481926,54.255314826883485,3.6530017651725757,1.6364195544153612,99.81999969482422,-0.0007007677970961579,7728.2001953125,-0.0010753961985163762
2026-08-12,223.8395233154297,224.848404158734,219.95387191061064,220.7929293559802,108783600,208.14958724975585,206.0210809326172,0.030298814143524755,0.40575355608183117,61.404557077106666,4.323109635195635,2.173757570571416,100.01000213623048,0.0032099477077687233,7748.5,0.00323040518200024
2026-08-13,225.04818725585935,226.9760227961096,223.45996804263757,224.80845001468583,98867200,209.0435874938965,206.07580780029298,0.0053996895745995754,0.39305603635200725,63.87970614294118,4.8952743532799445,2.7180609271131217,99.95999908447266,-0.0001000513764962685,7798.990234375,0.011547436548123624
2026-08-14,224.9083404541016,227.23573802273876,224.24907448357243,226.51654155338588,75680900,210.1598388671875,206.28876953125,-0.0006214082568848367,0.38100053839498943,75.43953027067391,5.276609081515971,3.2297705579936915,99.66999816894533,0.0007028081917332951,7785.759765625,0.0036247658322217102
2026-08-17,224.7584991455078,227.6652502746616,224.6086728983284,225.72741618855903,93678700,211.24512405395507,206.41562744140626,-0.0006662327786121081,0.38147969518811,75.01785959478585,5.503290156439647,3.6844744776828833,99.63999938964844,-0.0017032178449410962,7745.06005859375,-0.0010382678472833362
2026-08-18,219.4944000244141,221.39227027986857,218.44557057093272,220.203597915372,103128200,211.8669288635254,206.70810028076173,-0.023421134867455007,0.3905757532826919,77.41102509657628,5.198245596860261,3.987228701518359,99.6500015258789,-0.0017030471795735913,7691.759765625,-0.004715254362794963
2026-08-19,217.31683349609372,222.62089613745684,216.51772459764652,221.4222404106533,96797300,212.1416213989258,206.88630096435546,-0.00992082954315987,0.3858968975921206,71.91514259941643,4.7263022946814885,4.135043420150986,98.83000183105467,-0.011798822917416296,7707.97998046875,-0.005229401759211494
2026-08-20,216.60763549804688,219.6142657707553,215.41896310784705,218.1159423024499,92457000,212.54567031860353,207.05930755615233,-0.0032634287304742493,0.3810978116027435,67.35662742744708,4.246110952165282,4.157256926553845,98.9000015258789,-0.01060421736996997,7641.16015625,-0.020237245256359615
2026-08-21,214.48001098632807,218.49552214328023,214.2602556586216,218.1758724878036,98869300,212.9392303466797,207.34498809814454,-0.009822481589011112,0.3813517586617786,59.479115405141755,3.651778902795627,4.056161321802201,98.8000030517578,-0.008728756227253553,7674.3701171875,-0.014306843749443354
2026-08-24,208.2469787597656,215.3490325607492,207.01835779182304,215.2891020611033,135187300,213.53706130981445,207.41710754394532,-0.029061133472991996,0.3493871306966195,46.02847074179422,2.6472964767797293,3.774388352797707,99.0,-0.006423117157454805,7652.85986328125,-0.011904387392089544
2026-08-25,212.81187438964844,214.48998931653267,209.87515802586688,210.79412790131315,122309000,214.33816528320312,207.57413177490236,0.021920585148795357,0.3556256853244671,42.44798824301508,2.194291418589472,3.45836896595606,98.91999816894533,-0.007325673314154457,7677.27978515625,-0.0018825315545425436
2026-08-26,209.4256591796875,213.3612577394914,208.99613188036045,212.40232405945304,179900000,215.3195671081543,207.51839416503907,-0.01591177757196449,0.33266099943499045,39.400135646497176,1.5442413258385272,3.0755434379325535,99.16999816894533,0.0034402138175799735,7675.7001953125,-0.004187839776185642
2026-08-27,227.7251739501953,230.21239627098788,220.6530857022795,222.61090164325523,298909800,216.96472625732423,207.9293341064453,0.08737952570943941,0.4380295980654386,53.50416583997902,2.4771349804378247,2.955861746433608,99.16000366210938,0.002628939658432916,7730.990234375,0.011756078434179251
2026-08-28,217.3068389892578,229.003741733446,216.56766062888835,227.10587153371227,195116400,217.8037872314453,208.1870458984375,-0.04574959711400217,0.4699157664345542,50.0,2.3487128613118955,2.8344319694092652,99.6999969482422,0.00910924968304827,7711.759765625,0.00487201527507275
2026-08-31,220.53323364257807,221.0526567078369,215.9683494434545,218.62536478578363,124702700,218.5099967956543,208.38862030029296,0.014847184139840763,0.4624853692648389,52.540274227239266,2.4787074940415152,2.7632870743357154,99.43000030517578,0.00434343742601806,7686.14013671875,0.0043487368163084295
2026-09-01,217.1969757080078,220.1636574397174,214.8595947199138,216.50774446342592,109756200,218.78469009399413,208.56422424316406,-0.015128141366563264,0.45947075519733727,44.576758268672734,2.2861675278207656,2.667863165032726,99.66999816894533,0.0075818844913349,7631.47021484375,-0.005966901245551992
2026-09-02,224.1591796875,227.6952163087265,218.2357997469377,218.5454508199983,157104700,219.04390029907228,209.05107971191407,0.03205479246106968,0.45737371301776336,49.336512255995004,2.664653426976855,2.667221217421552,99.55999755859376,0.00393263483764561,7666.60009765625,-0.0011855723158399334
2026-09-03,228.1946563720703,230.14247379152744,224.49879494304557,225.76737972053164,134681600,219.51637115478516,209.63942138671874,0.01800272774996836,0.46092013452681274,52.317876660876586,3.252739910532398,2.7843249560437213,99.0,-0.0016135907240846237,7747.7099609375,0.0021626888736914207
2026-09-04,230.1025238037109,234.49759976142684,229.37334400327853,230.8317036041433,135352400,219.83601303100585,210.33104736328124,0.008360701613143062,0.4553689000423309,53.67799149104913,3.828617720850275,2.9931835090050325,99.16000366210938,-0.005416181571331058,7718.60009765625,0.0008870001451213305
2026-09-08,225.47769165039065,233.44878317831424,224.59868561283855,232.84944771666764,122965600,220.2445556640625,210.99430511474608,-0.020099006637864902,0.44877673702992754,54.154520386785165,3.867240588830498,3.1679949249701256,98.83999633789062,-0.005933862671973045,7673.52001953125,-0.0016419317060341054
2026-09-09,223.4199981689453,225.9271872095504,223.21024142511232,225.0281992525124,82955500,220.55271072387694,211.56766357421876,-0.009125929338658745,0.4505279998841537,54.244820967564976,3.689283064211594,3.2722525528184194,98.7699966430664,-0.009029813809702025,7636.35986328125,0.0006407216826960216
2026-09-10,218.3600006103516,220.9900054931641,217.1999969482422,220.52999877929688,105768000,220.27873458862305,211.93753662109376,-0.02264791692804269,0.4452355461032977,51.14923745423536,3.1041680124518507,3.238635644745106,99.08999633789062,-0.004720783770876813,7591.7001953125,-0.009769637308544077
2026-09-11,218.2899932861328,222.0,218.1499938964844,221.2400054931641,89060100,219.94082489013672,212.35615325927733,-0.00032060507429521046,0.4446291415554065,52.56797141869239,2.6047847749536572,3.1118654707868165,99.12000274658205,0.0012121489553742482,7656.97998046875,-0.011710554593059586
2026-09-14,210.9600067138672,212.7700042724609,208.92999267578125,211.2400054931641,132267200,219.243408203125,212.6831085205078,-0.03357912317427003,0.4592501794368346,51.80196569230668,1.5991176711495143,2.809315910859356,99.45999908447266,0.0030253671972979568,7619.97998046875,-0.012776943479355318
2026-09-15,212.1699981689453,213.94000244140625,211.16000366210935,213.3800048828125,88059700,218.61398315429688,213.01987976074219,0.005735643802473378,0.46020730939662735,49.55378641913654,0.8895018207547878,2.4253530928384426,99.6500015258789,0.008195115520029272,7585.72998046875,-0.01144064768698716
2026-09-16,213.8999938964844,216.75999450683597,212.5,214.13999938964844,96563600,218.3342628479004,213.36368194580078,0.008153818836165172,0.4547739642419974,53.18373896879997,0.461403570696433,2.0325631884100406,100.30999755859376,0.015591788679436558,7551.81005859375,-0.011072003703498812
2026-09-17,219.33999633789065,219.91000366210935,217.1499938964844,218.3800048828125,94191300,218.43542098999023,213.6726449584961,0.025432457207263504,0.4627267763292681,42.69698877751964,0.554701107193722,1.736990772166777,100.22000122070312,0.01140382404455087,7637.759765625,0.006067095529001421
2026-09-18,222.2700042724609,222.72999572753903,218.02999877929688,219.3500061035156,190287400,218.71853942871093,214.06697814941407,0.013358292985728992,0.46452085324351644,54.971047840753336,0.8552089142476689,1.5606344005829555,100.22000122070312,0.011097643700973547,7650.5,-0.0008462841074782235
2026-09-21,227.3800048828125,228.5,221.55999755859372,222.94000244140625,109806100,219.36353912353516,214.40009399414063,0.022990059441793553,0.46832163982070146,56.60830126702192,1.488538909611492,1.546215302388663,100.43000030517578,0.009752676750773848,7764.7001953125,0.018992204075954477
2026-09-22,228.8699951171875,229.97999572753903,226.5,226.8500061035156,95746700,220.39468994140626,214.9114437866211,0.006552863938686704,0.4524441329410778,61.68282045698128,2.086633837386671,1.6542990093882646,100.5999984741211,0.009533336013000104,7764.64013671875,0.023585094211189483
2026-09-23,225.50999450683597,228.9499969482422,224.0200042724609,228.02999877929688,89547300,221.02959594726562,215.19037811279296,-0.014680826154739646,0.4530621736237769,51.457005764033134,2.2634131898049077,1.7761218454715935,101.0999984741211,0.007875595003039138,7706.02978515625,0.020421557926632694
2026-09-24,224.5800018310547,224.94000244140625,221.08999633789065,222.0800018310547,77469900,221.78731307983398,215.436728515625,-0.004123953254555612,0.4483466465152666,45.82124400590448,2.301934199018376,1.88128431618095,101.29000091552734,0.010676508499215531,7704.1298828125,0.00868973615617108
2026-09-25,225.07000732421875,226.94000244140625,223.1300048828125,225.1300048828125,89947700,221.65455474853516,215.79476501464845,0.0021818750074313886,0.32209501829663917,43.984920856381585,2.344970365816721,1.9740215261081042,100.97000122070312,0.007483536129164081,7743.41015625,0.012144324717338728
2026-09-28,228.8600006103516,233.2100067138672,228.0399932861328,229.75,142344300,222.23221282958986,216.32029876708984,0.0168391752023771,0.27891637580906586,54.12500190745723,2.6543004980617013,2.1100773204988235,101.1999969482422,0.007666998314513895,7683.68994140625,-0.01043314640211801
2026-09-29,227.2100067138672,232.82000732421875,227.02999877929688,230.97000122070312,101494900,222.5660514831543,216.80344299316405,-0.007209621131189392,0.2772014728657089,54.66865205270169,2.734781282316874,2.2350181128624333,101.37000274658205,0.007654118132606413,7670.83984375,-0.012080443049146794
2026-09-30,228.3800048828125,232.3699951171875,228.1699981689453,229.2700042724609,121732200,223.12520294189454,217.22987701416017,0.00514941302923666,0.2701916666756224,63.651244465565554,2.86000361642337,2.360015213574621,101.4499969482422,0.003461903851667225,7651.5400390625,-0.007071053137986949
2026-10-01,230.8600006103516,232.2899932861328,228.16000366210935,229.97999572753903,98591400,223.46024398803712,217.61061737060547,0.010859075551783226,0.24926334407609477,66.07008673057341,3.123354065952384,2.5126829840501737,102.0999984741211,0.007996816578857091,7666.4501953125,-0.004890842713342836
2026-10-02,233.9499969482422,237.8800048828125,233.6000061035156,236.05999755859372,135167800,223.7480110168457,218.11908416748048,0.013384719439145876,0.24574491267090978,82.96531914837749,3.5405844215580657,2.718263271551752,101.93000030517578,0.009507765404243917,7722.72021484375,-0.002671941817462775
2026-10-05,238.8999938964844,240.1000061035156,235.1499938964844,236.08999633789065,127171500,224.18788452148436,218.76490783691406,0.021158354403985502,0.2546184609174833,84.61540589556432,4.221997312316262,3.019010079704654,102.16999816894533,0.009584992588480334,7773.9501953125,0.011746993253833882
2026-10-06,239.2400054931641,243.3699951171875,238.92999267578125,242.1000061035156,101701900,224.87600021362306,219.62390075683595,0.001423238197431731,0.24093622892725364,84.0408666765877,4.7348773135021816,3.3621835264641597,101.83000183105467,0.004537822551140547,7818.93017578125,0.019305621685206997
2026-10-07,237.47000122070312,239.0800018310547,236.3800048828125,237.69000244140625,81772400,225.57850036621093,220.4375048828125,-0.007398446045059681,0.23985142006912868,77.01939117636881,4.941550736417355,3.678056968454799,102.23999786376952,0.007787096493756973,7801.77001953125,0.019633953387396375
2026-10-08,230.47999572753903,237.07000732421875,229.8500061035156,234.9199981689453,118311700,226.18450012207032,221.25115234375,-0.029435320070881787,0.25051203348273027,60.914643250103005,4.489553114045293,3.840356197572898,102.03700256347656,-0.0006170020723408332,7765.35986328125,0.012901625321876553
