Price,Close,High,Low,Open,Volume
Ticker,NVDA,NVDA,NVDA,NVDA,NVDA
Date,,,,,
2016-10-10,1.6461539268493652,1.657439036608554,1.6306981847301998,1.6486071505456816,287876000
2016-10-11,1.6223567724227905,1.6432096968585963,1.6098449943649664,1.6407564735623443,388540000
2016-10-12,1.6297169923782349,1.638303451053119,1.6022402076368807,1.615733230837659,419920000
2016-10-13,1.6032211780548096,1.6142609756084552,1.5627419983459125,1.6105810820844753,390116000
2016-10-14,1.6189223527908325,1.6338873556532372,1.6093545353095293,1.6228475572531398,330636000
2016-10-17,1.6095999479293823,1.6338874591554564,1.6073920349021837,1.618677144673341,195328000
2016-10-18,1.6341325044631958,1.6434550103650083,1.6253007368068546,1.6319245917945362,269372000
2016-10-19,1.6306980848312378,1.6383033000891842,1.614751722346051,1.6230929865550066,199060000
2016-10-20,1.661609411239624,1.6670067134814397,1.6265275315763827,1.6498336811349834,312084000
2016-10-21,1.6569480895996094,1.6598919340602447,1.6412470398949581,1.6557214195016867,279508000
2016-10-24,1.7347173690795898,1.736679971269888,1.6679879587557522,1.668233386388538,339836000
2016-10-25,1.7631756067276,1.7737247848727256,1.7234324688816887,1.7317736169364455,397460000
2016-10-26,1.7702901363372803,1.789671083186635,1.7467385571229148,1.7484558488069257,333792000
2016-10-27,1.7339816093444824,1.7872178899028235,1.7268671313499306,1.7837833062515411,388664000
2016-10-28,1.7310376167297363,1.7688181506600613,1.727848344041881,1.7423227264727843,290856000
2016-10-31,1.7457572221755981,1.7572876420108012,1.7356986662931426,1.736680025910024,252388000
2016-11-01,1.693993330001831,1.761704001058554,1.6753483117477725,1.7521361812147729,473224000
2016-11-02,1.6868783235549927,1.7300561576966462,1.6839343617073343,1.7069953181928479,295848000
2016-11-03,1.6672520637512207,1.6962008268902302,1.6348687174576462,1.6947288459694572,309664000
2016-11-04,1.657684087753296,1.6861422268581874,1.6333965803554278,1.65621210697327,328780000
2016-11-07,1.7484556436538696,1.7594954414595827,1.7050325013416436,1.7062591715382136,487580000
2016-11-08,1.7457572221755981,1.7607222251973114,1.7295655488782125,1.7550796121182473,429884000
2016-11-09,1.7163176536560059,1.7393786094104216,1.6858970274791971,1.698408689462517,456532000
2016-11-10,1.662590742111206,1.7540982811922288,1.6378126120947283,1.7538529705457848,869280000
2016-11-11,2.158154249191284,2.1777805054864787,1.9258282121825714,1.9506064601897126,2175344000
2016-11-14,2.051927089691162,2.163551507851318,2.0514364683882085,2.1610981673731238,1348796000
2016-11-15,2.1144871711730957,2.1453984379793103,2.0590427184296054,2.067874609215768,626092000
2016-11-16,2.2479443550109863,2.2707597653456815,2.1184109782563345,2.142698486397832,987984000
2016-11-17,2.266590118408203,2.3254689029920175,2.2239027773196196,2.264627398670012,832988000
2016-11-18,2.290386915206909,2.3141835749701913,2.252115636675008,2.2665900214801447,576060000
2016-11-21,2.2810637950897217,2.314673810155233,2.266834607826805,2.308295265442337,436436000
2016-11-22,2.2975010871887207,2.299709000390384,2.2663444067656706,2.288914628091439,330368000
2016-11-23,2.3088033199310303,2.340252209169042,2.279319854468907,2.3026607848469913,443236000
2016-11-25,2.3134710788726807,2.3365664437037506,2.295043711709819,2.3198591734630005,195564000
2016-11-28,2.3122432231903076,2.327721991024473,2.2997125912460827,2.306346482782881,278736000
2016-11-29,2.2911131381988525,2.320351043332504,2.273423152352648,2.309540275130162,444568000
2016-11-30,2.2653145790100098,2.3134709639672266,2.2628575656018355,2.2997118294696683,440500000
2016-12-01,2.153277635574341,2.2645778322382206,2.082763025235029,2.2628579694083286,1035524000
2016-12-02,2.173178195953369,2.1817775066330105,2.091361495520823,2.119125084706655,478292000
2016-12-05,2.257452964782715,2.2753887471093748,2.186692547454206,2.2110164262662697,602284000
2016-12-06,2.294553279876709,2.3029070355179715,2.249836599737189,2.265561164623576,498796000
2016-12-07,2.3358302116394043,2.341481157530861,2.2628585681456537,2.281040147382192,480804000
2016-12-08,2.2967638969421387,2.3739123987062416,2.2861991590428943,2.3387779906810446,381544000
2016-12-09,2.2559778690338135,2.3161732850752816,2.228705632398306,2.314453422740202,382312000
2016-12-12,2.2011876106262207,2.2100327173808547,2.150820012603422,2.2075757042300665,601332000
2016-12-13,2.2400083541870117,2.267526396135093,2.212490546552688,2.2134732584499828,387796000
2016-12-14,2.3697357177734375,2.3859516341851212,2.2498359731941067,2.273668491907299,983980000
2016-12-15,2.425262689590454,2.455483300837601,2.3734207803954064,2.3807915868928013,746548000
2016-12-16,2.4670310020446777,2.474156013509491,2.401184395992641,2.4527805104876204,1089528000
2016-12-19,2.4970059394836426,2.517152936671192,2.432387837109991,2.4495866989845863,744656000
2016-12-20,2.583982229232788,2.607568951672785,2.558184053861836,2.569486176358615,848056000
2016-12-21,2.600198268890381,2.6031466386252524,2.5481107940972105,2.5955300363363123,576136000
2016-12-22,2.6316473484039307,2.674889713311406,2.6173968558575456,2.6245221021307383,718612000
2016-12-23,2.697248697280884,2.6987229997015723,2.611009503712163,2.613712079065027,647692000
2016-12-27,2.882502555847168,2.8834852675921416,2.7326280019937825,2.7532665888342787,1194272000
2016-12-28,2.6842257976531982,2.946628788205587,2.6704668972673207,2.9385208312905235,2295764000
2016-12-29,2.737787961959839,2.739262264091254,2.5257525266353014,2.577348649273519,2175368000
2016-12-30,2.622556447982788,2.7498269977219594,2.611745915318899,2.735822300260313,1212932000
2017-01-03,2.5063424110412598,2.6134657267218895,2.4417243084924958,2.5650635400069537,1501996000
2017-01-04,2.5648186206817627,2.592090870887968,2.494549556389633,2.5404947408476164,1199220000
2017-01-05,2.4997079372406006,2.5999517784768207,2.48275487437728,2.568257105195226,984296000
2017-01-06,2.5331227779388428,2.561377727291018,2.486440463578686,2.5269802448316225,822856000
2017-01-09,2.635824203491211,2.6535144230501206,2.5429513709050635,2.5429513709050635,916248000
2017-01-10,2.6159229278564453,2.6827520195262293,2.59528433893534,2.648846117769316,880920000
2017-01-11,2.5837361812591553,2.6092885590323287,2.55892095439082,2.6043747663987116,525664000
2017-01-12,2.5414764881134033,2.5724342481114517,2.496759827811199,2.5608865661685067,625616000
2017-01-13,2.5412309169769287,2.5798050435474065,2.5321400141870813,2.5454075586138436,457820000
2017-01-17,2.4842300415039062,2.5355803694425796,2.4709624937796257,2.530666575695765,580612000
2017-01-18,2.5294368267059326,2.536316275161859,2.435089736817509,2.462853325649057,654424000
2017-01-19,2.5837361812591553,2.615676653475622,2.5301746465528505,2.5323858649536635,644872000
2017-01-20,2.555481433868408,2.624030615664489,2.533614574554863,2.606340398414143,492024000
2017-01-23,2.582017183303833,2.601918624202742,2.5478654812505246,2.550322495546939,369904000
2017-01-24,2.637052536010742,2.643195070581905,2.577348458998703,2.5920903076557584,428052000
2017-01-25,2.6483547687530518,2.685454835570461,2.6124832089007715,2.6793123007448165,522760000
2017-01-26,2.6940536499023438,2.701424456011093,2.6215733926108196,2.651056851359519,458800000
2017-01-27,2.7461416721343994,2.7490900420365225,2.6743985512481556,2.7009336460535134,471996000
2017-01-30,2.7031445503234863,2.7274684234500004,2.651302873731205,2.725257204859176,496004000
2017-01-31,2.6825063228607178,2.7038818274253735,2.658428009391218,2.6768553785730607,362756000
2017-02-01,2.7997031211853027,2.8038797632655403,2.6992134642053696,2.71690344721416,590004000
2017-02-02,2.8350830078125,2.8436825554531358,2.7532665165065713,2.7837326886239073,483240000
2017-02-03,2.8102686405181885,2.8476145090522342,2.798475393334111,2.836558178726433,372744000
2017-02-06,2.8822569847106934,2.8827483406213594,2.800931606495099,2.800931606495099,506768000
2017-02-07,2.926974058151245,2.9709535814793773,2.896753439481351,2.9164090845113395,746224000
2017-02-08,2.9141974449157715,2.9313960732567126,2.8594071607080433,2.909037856413489,449580000
2017-02-09,2.8594069480895996,2.9252535554242383,2.840242897542536,2.920339528084371,842568000
2017-02-10,2.7915947437286377,2.9655471153610704,2.766533723446944,2.9466286283567795,1651092000
2017-02-13,2.6628501415252686,2.800439606020517,2.65842747071974,2.785943555580527,1180724000
2017-02-14,2.6726787090301514,2.7063390508858034,2.6115003259794864,2.653268626550332,850632000
2017-02-15,2.678084135055542,2.697739780374888,2.647617955104688,2.675627355125955,373020000
2017-02-16,2.63508677482605,2.6888941054821744,2.596021056624743,2.687665598725322,647176000
2017-02-17,2.6345951557159424,2.6390178268547433,2.574645526248158,2.621573406001097,563740000
2017-02-21,2.728942632675171,2.732873713849054,2.6589191509198424,2.65916494600546,551952000
2017-02-22,2.7247602939605713,2.7503449196887844,2.7058176953294444,2.7409966730104443,433772000
2017-02-23,2.4721126556396484,2.61725614007072,2.4521863363258594,2.595361682052486,1592888000
2017-02-24,2.4959747791290283,2.5092590676893565,2.354275388339651,2.3879782029756456,1029904000
2017-02-27,2.568547010421753,2.5835533349811732,2.498435382501932,2.5141797884062544,715400000
2017-02-28,2.4964675903320312,2.5879819476913615,2.479247253956923,2.5781414873518855,625360000
2017-03-01,2.528693914413452,2.567562832422277,2.4873648818777494,2.553294355853931,504804000
2017-03-02,2.4354569911956787,2.5299233968445236,2.432751006596609,2.5159010287587087,754332000
2017-03-03,2.4214351177215576,2.429799177657403,2.3670676723962356,2.424879183802683,864692000
2017-03-06,2.402738571166992,2.4133168744406275,2.34123712439807,2.3852721358852405,883568000
2017-03-07,2.429060697555542,2.448495268344045,2.3899459199707187,2.4027382303453524,603400000
2017-03-08,2.424633502960205,2.4920391432176756,2.4224194936075554,2.4772786898509334,638712000
2017-03-09,2.4241414070129395,2.446527839351342,2.396096664308392,2.408643107701738,478060000
2017-03-10,2.4384102821350098,2.4622728832371923,2.420205992868033,2.4504647526717336,499740000
2017-03-13,2.5055694580078125,2.515409681730081,2.4480040436582966,2.4487421249550625,774136000
2017-03-14,2.503847122192383,2.5277094800133795,2.471620235034422,2.5183614680247293,522016000
2017-03-15,2.522789478302002,2.5336136526725763,2.467930056024989,2.515409370077038,615036000
2017-03-16,2.553786277770996,2.554278488353498,2.519345613561585,2.5333679845366004,523100000
2017-03-17,2.6093838214874268,2.6106138787416953,2.5537863127978806,2.571252750433401,1119688000
2017-03-20,2.692533493041992,2.69646976990313,2.6108596192288154,2.62685012812746,748568000
2017-03-21,2.60544753074646,2.7050800563340553,2.597575445891804,2.6753132809216145,913484000
2017-03-22,2.6585843563079834,2.6632584790066693,2.590440653925334,2.594376695511232,616764000
2017-03-23,2.634476900100708,2.6706398417046002,2.624882779562048,2.6507132845580488,533940000
2017-03-24,2.6438238620758057,2.688596950202556,2.617993369661936,2.6807248671648183,439500000
2017-03-27,2.6630125045776367,2.6669485463568803,2.5481278041741775,2.5973289129382024,506644000
2017-03-28,2.6492364406585693,2.6787571081412884,2.638904242231029,2.664242762366579,432444000
2017-03-29,2.6406261920928955,2.6689168015461866,2.6384121831581044,2.656616465163633,349992000
2017-03-30,2.6913046836853027,2.7060651422347766,2.64210354620294,2.6477616242262676,525532000
2017-03-31,2.679741382598877,2.7033581071155948,2.6667031976639244,2.681709521178416,440808000
2017-04-03,2.6662111282348633,2.6974538314549887,2.6425944045457865,2.6802334992728953,445232000
2017-04-04,2.4792463779449463,2.5687925646744123,2.4684222038493973,2.543699915815808,1271280000
2017-04-05,2.460796356201172,2.5183617705095864,2.4477579366085203,2.460550250899279,747048000
2017-04-06,2.478754997253418,2.490809231351389,2.4209434723510097,2.465962681791643,635120000
2017-04-07,2.4681766033172607,2.502617505550727,2.453170278908304,2.485151066423069,429068000
2017-04-10,2.405198812484741,2.4755562986350217,2.401016665084627,2.4689142715372645,756332000
2017-04-11,2.4138100147247314,2.432998492264625,2.3702669581468396,2.3751869542647666,618148000
2017-04-12,2.3938827514648438,2.428077547289405,2.388716651486409,2.4138093046741247,414092000
2017-04-13,2.349108934402466,2.3914219079552717,2.349108934402466,2.3697735626273815,506892000
2017-04-17,2.441115379333496,2.4413612499726245,2.356735297453611,2.3619013961879647,497292000
2017-04-18,2.442592144012451,2.4487424312390345,2.401017234642411,2.4268477371656543,370116000
2017-04-19,2.452186346054077,2.4841668992096517,2.4455440831834943,2.4600584316841823,380828000
2017-04-20,2.4910552501678467,2.4957293742938464,2.445544066268318,2.4667006774932543,404016000
2017-04-21,2.501386880874634,2.5040928656858146,2.4689141247028688,2.4807222503775295,341896000
2017-04-24,2.5326290130615234,2.5456671928980863,2.5119646217993425,2.532874883656923,371820000
2017-04-25,2.576665163040161,2.5911795113567897,2.525742008579459,2.5471444903874434,388440000
2017-04-26,2.558952808380127,2.5926553939114743,2.556984669727375,2.590195513857343,327004000
2017-04-27,2.598806142807007,2.6071702056976216,2.5483749562809415,2.5663333742222334,319700000
2017-04-28,2.56584095954895,2.5988056985974466,2.56018264886158,2.591917565179204,348248000
2017-05-01,2.623405933380127,2.6285722676432535,2.5695306930406367,2.5766649312045447,307732000
2017-05-02,2.545667886734009,2.5978213241230095,2.523035351493277,2.596591266982714,629972000
2017-05-03,2.564610481262207,2.5742045984887425,2.5240195341318445,2.538779750574116,336904000
2017-05-04,2.5547711849212646,2.5818317479483794,2.5468988633033525,2.5707614642987653,209788000
2017-05-05,2.5550167560577393,2.5621509953665464,2.52771009087208,2.5432086269297973,228428000
2017-05-08,2.5282015800476074,2.5683003150262858,2.5168851955937694,2.5668243872850383,365240000
2017-05-09,2.532383680343628,2.5813389238364275,2.5254955478217216,2.533859842803704,847672000
2017-05-10,2.983804225921631,2.9968426438346047,2.804958188802224,2.811600215784396,2129096000
2017-05-11,3.111973762512207,3.2086542052950953,2.949856051987478,2.953300118710733,1939792000
2017-05-12,3.1461679935455322,3.1882351026019613,3.094260896713697,3.115171398607602,962620000
2017-05-15,3.3041045665740967,3.3065646814215297,3.1828236729873276,3.1872519266346004,1087540000
2017-05-16,3.365605592727661,3.3811041265648143,3.2807337530058756,3.3550272879459686,1120700000
2017-05-17,3.14198637008667,3.3176344613989373,3.137804222401024,3.298937966763882,1271368000
2017-05-18,3.273599624633789,3.282455896465316,3.1255040565459296,3.185775456842391,1156032000
2017-05-19,3.3492023944854736,3.4038729919494792,3.3299937173226932,3.374567599581658,1018372000
2017-05-22,3.4206197261810303,3.4349029953138306,3.381956001440817,3.392791811678894,836608000
2017-05-23,3.374568223953247,3.442537347676648,3.342061261948861,3.440321006604809,681248000
2017-05-24,3.4124927520751953,3.474058976107237,3.4004255899162663,3.471349906305107,815996000
2017-05-25,3.4048593044281006,3.4484482125312588,3.3600390433729443,3.447709353788748,608228000
2017-05-26,3.4930219650268555,3.577737071836149,3.376538751878215,3.3967324227739026,779140000
2017-05-30,3.5676395893096924,3.602609017813412,3.522819339707093,3.5388264542797705,989652000
2017-05-31,3.5548346042633057,3.6200946647445464,3.498193544471595,3.6124604175875703,887316000
2017-06-01,3.5550804138183594,3.5715802595612605,3.5097676640077573,3.570595036404311,503340000
2017-06-02,3.5373497009277344,3.578229536571795,3.5314393009931218,3.5521254659077153,487456000
2017-06-05,3.6449663639068604,3.65777214881115,3.509520869154588,3.5210953014884856,817376000
2017-06-06,3.628467321395874,3.6863394920807755,3.6151690403630994,3.6402878851713822,758728000
2017-06-07,3.6723034381866455,3.6910196299355573,3.6373339957979782,3.6528486224472414,612612000
2017-06-08,3.938760995864868,3.9402384781996225,3.738054966861927,3.7791811608856847,1161744000
2017-06-09,3.684123992919922,4.149564874852214,3.515432383652875,4.05696938059714,3692928000
2017-06-12,3.693234443664551,3.7358383517528133,3.4996704154833407,3.5925122421139295,1697532000
2017-06-13,3.7284512519836426,3.8114425099218288,3.5868487245161536,3.8023305456195797,1672504000
2017-06-14,3.7363317012786865,3.793957748715853,3.6570345004214713,3.731406524540149,1184640000
2017-06-15,3.752338409423828,3.7826287930745965,3.60778070405063,3.6191090078591093,963824000
2017-06-16,3.7338695526123047,3.809719305469681,3.6998850999902593,3.7619438392375577,924960000
2017-06-19,3.8742403984069824,3.8794119399690397,3.774256791827417,3.7779506158822778,778176000
2017-06-20,3.8685758113861084,3.9830890448528065,3.8643894934567418,3.916351269364421,1095444000
2017-06-21,3.9271862506866455,3.9308803087361546,3.834344419055546,3.8961570085542068,682652000
2017-06-22,3.9000978469848633,3.948612164399356,3.8762101176298605,3.935313647144778,469132000
2017-06-23,3.7882931232452393,3.9234925033955306,3.77327076113386,3.907731517545169,1088588000
2017-06-26,3.746920347213745,3.85650814835203,3.6528471665411004,3.8210459909616374,1063960000
2017-06-27,3.6097514629364014,3.73805547321653,3.6040874276011583,3.7294362379549546,999492000
2017-06-28,3.737070083618164,3.741749130094432,3.589311042592319,3.6772277025340445,994948000
2017-06-29,3.612213373184204,3.711704220986341,3.548184446975357,3.7087492565673124,1064424000
2017-06-30,3.5600059032440186,3.642997158218918,3.5339018338572425,3.6294525119362326,731060000
2017-07-03,3.431208610534668,3.586848013226471,3.41273879078834,3.572072251372009,709072000
2017-07-05,3.5228195190429688,3.551632420683165,3.4755365617586196,3.4944988766549736,820188000
2017-07-06,3.5334091186523438,3.580199586980964,3.4417986283599933,3.493760637684429,746284000
2017-07-07,3.6141841411590576,3.6324078348739786,3.567147541766869,3.59005028245495,654972000
2017-07-10,3.7850911617279053,3.792479042337465,3.661466228178521,3.6875702921983553,958492000
2017-07-11,3.8387770652770996,3.8464113104610775,3.7469202283204637,3.7887852771731554,757956000
2017-07-12,4.00205135345459,4.014118282752321,3.8555238851261895,3.898373931530037,1145208000
2017-07-13,3.955753803253174,4.095385890128301,3.9094560605371544,4.014118475847392,1369132000
2017-07-14,4.062140941619873,4.063618189508624,3.9651122941224637,3.972007683313837,941948000
2017-07-17,4.0449018478393555,4.124938149064673,3.9833356068085393,4.096125005469456,930792000
2017-07-18,4.087013244628906,4.101542880326724,3.9722534067840485,3.9840742069641557,776640000
2017-07-19,4.065833568572998,4.122474383025865,4.053766641041658,4.096123952213072,687044000
2017-07-20,4.124937534332275,4.125183663982333,4.036528609515007,4.0862740421849155,699596000
2017-07-21,4.139714241027832,4.169266245721007,4.090214926737501,4.1044984348153015,648332000
2017-07-24,4.091691970825195,4.1564597710688105,4.081102758647979,4.1468555472670205,652524000
2017-07-25,4.071990489959717,4.086273994619044,4.028401587040156,4.068788925693942,496556000
2017-07-26,4.119027614593506,4.184780406725558,4.084304071654176,4.1293706976577464,640404000
2017-07-27,3.983088731765747,4.155474362278738,3.880149941538451,4.143899693184015,782856000
2017-07-28,4.048348426818848,4.072728880769241,3.922507378594652,3.9473798569263776,513348000
2017-07-31,4.00205135345459,4.097848398858005,3.955507483306197,4.061893740624289,559672000
2017-08-01,4.050812244415283,4.052536091647077,3.9648660125120925,3.9926936979072956,431384000
2017-08-02,4.048348426818848,4.085780796267162,3.971514181257852,4.081840843512401,478444000
2017-08-03,4.099817752838135,4.103511575598426,4.030863419797252,4.047855756035336,442420000
2017-08-04,4.117794990539551,4.188226569375116,4.099817666591106,4.122473801289962,589096000
2017-08-07,4.2443766593933105,4.24486891874967,4.137251065531045,4.146855759537585,717412000
2017-08-08,4.193892478942871,4.298801029766987,4.154736252219313,4.282301416320592,755336000
2017-08-09,4.238466262817383,4.240928968740708,4.129124562329992,4.147840751576764,530784000
2017-08-10,4.056969165802002,4.252010968334462,4.046872212293063,4.239697438550463,1328088000
2017-08-11,3.840747833251953,3.9156123486089913,3.765637188238789,3.869807102919632,1497196000
2017-08-14,4.147101402282715,4.1507952258742105,3.9205376509805805,3.9321120856232357,1279020000
2017-08-15,4.112131118774414,4.17837615242877,4.077900314121639,4.152272322117374,764532000
2017-08-16,4.067065238952637,4.150549224520308,4.034804874516045,4.127154224862567,596632000
2017-08-17,3.9764404296875,4.075685185453998,3.9742243229625256,4.058693311614248,525444000
2017-08-18,3.977177619934082,4.0476096707350155,3.931372385324653,4.030617334310982,601204000
2017-08-21,3.9193062782287598,4.012886978060727,3.8754712455131295,4.001558907981509,623672000
2017-08-22,4.006558895111084,4.0124744959068295,3.9365582458633277,3.9557838309178948,450456000
2017-08-23,4.086666584014893,4.097758279365605,3.964657935157053,3.9732852272089723,579520000
2017-08-24,4.071633338928223,4.123148423931009,4.045260165374591,4.118711367137555,469700000
2017-08-25,4.037617206573486,4.105892748717175,4.0312084411115725,4.095786907874357,357200000
2017-08-28,4.066208839416504,4.069413222104093,4.001137680884426,4.056596161480304,389496000
2017-08-29,4.059554576873779,4.0812452810059865,3.999413152953871,4.007547284535115,324096000
2017-08-30,4.083709716796875,4.094801414045632,4.048955606717007,4.07927266179608,384400000
2017-08-31,4.176385402679443,4.180328823492696,4.096525489693471,4.103919638781553,612684000
2017-09-01,4.201528072357178,4.237021694936312,4.180330531382972,4.1889578257212285,445432000
2017-09-05,4.08937931060791,4.155189997921995,4.031456409212001,4.150260249254813,695364000
2017-09-06,4.086913585662842,4.135963775477058,4.052159946083931,4.122160858183123,397672000
2017-09-07,4.105893135070801,4.138181901363906,4.065716584370572,4.103674607557556,352868000
2017-09-08,4.0346598625183105,4.109097366445899,4.010504754981762,4.094308592257942,498856000
2017-09-11,4.165541172027588,4.176140176089492,4.074835887232931,4.0802587974948095,567444000
2017-09-12,4.180577278137207,4.190189957794529,4.115506107954333,4.190189957794529,411488000
2017-09-13,4.199309349060059,4.22814738394143,4.123146491575563,4.155435255594529,580960000
2017-09-14,4.175400733947754,4.253288958659627,4.135963693850091,4.160365144976967,513712000
2017-09-15,4.439382076263428,4.439382076263428,4.255506645978332,4.260682739411377,1364792000
2017-09-18,4.622765064239502,4.712731317671001,4.556461694674351,4.563363153660662,1684460000
2017-09-19,4.617835998535156,4.679456439529213,4.550546300202024,4.572483350202517,874280000
2017-09-20,4.580616474151611,4.668856886411097,4.540439925009208,4.621532532436422,724920000
2017-09-21,4.455403804779053,4.503221320582178,4.37776192818237,4.477094035298645,1075600000
2017-09-22,4.412022590637207,4.4936083539713785,4.4021635665339405,4.444065476757586,491232000
2017-09-25,4.214838027954102,4.382445693529425,4.194133651174554,4.381213021505902,874580000
2017-09-26,4.238499164581299,4.404135087542824,4.198815783307401,4.349169772947171,1125620000
2017-09-27,4.331423282623291,4.344733506207102,4.257971646840321,4.328712062666812,713720000
2017-09-28,4.330191612243652,4.342515511785984,4.282866784917443,4.338571619466589,435244000
2017-09-29,4.406352996826172,4.430014932412403,4.3688876778232135,4.41399396241563,619092000
2017-10-02,4.412022590637207,4.485474224219115,4.362726529867753,4.456389374418309,503480000
2017-10-03,4.421142578125,4.4509669370214695,4.377022140638346,4.418184541803863,390332000
2017-10-04,4.458114147186279,4.4802975361325075,4.3908244713658515,4.427303936997239,427848000
2017-10-05,4.455651760101318,4.485969294636644,4.425827388537826,4.482518564214096,437364000
2017-10-06,4.468713283538818,4.482023506757907,4.412022601951612,4.4280440450528875,318800000
2017-10-09,4.569525241851807,4.602553989519968,4.48670726138108,4.505439927804616,563492000
2017-10-10,4.656778335571289,4.755864077129769,4.6156159397736465,4.718398756124861,974876000
2017-10-11,4.706323146820068,4.7078021653975775,4.627449051211066,4.6732943959736195,529508000
2017-10-12,4.708540916442871,4.759316001536056,4.681427774145952,4.709773118307905,528292000
2017-10-13,4.796289443969727,4.806395288430248,4.723824107853949,4.770655313198682,628728000
2017-10-16,4.878613471984863,4.881571508960979,4.7630135562038705,4.826113016925464,576640000
2017-10-17,4.874176502227783,4.902521847004452,4.839669207739079,4.857908710522161,478596000
2017-10-18,4.8699846267700195,4.883787539926282,4.764983760223748,4.883048501115599,567316000
2017-10-19,4.87540864944458,4.880337926607632,4.743540965269748,4.792590681459801,570772000
2017-10-20,4.85322380065918,4.919527142343423,4.844350164174881,4.892414480638205,451620000
2017-10-23,4.846324443817139,4.9012897700471125,4.826112759314769,4.874916135675638,428696000
2017-10-24,4.897099018096924,4.898824382684523,4.829562982720472,4.8554434515344616,407244000
2017-10-25,4.773364543914795,4.910408782898703,4.711990933628069,4.857661524616627,828160000
2017-10-26,4.82340145111084,4.834985841433453,4.777062949567125,4.8009717095300655,322744000
2017-10-27,4.975481033325195,4.975727379689853,4.849528462240865,4.875409404456083,572192000
2017-10-30,5.024282932281494,5.079740936115808,4.959704474118861,4.975479569221269,504056000
2017-10-31,5.097487449645996,5.124107421596166,5.0504094535822395,5.056078708862728,411908000
2017-11-01,5.107100963592529,5.175376503929651,5.04301566130196,5.160094569907296,502576000
2017-11-02,5.076045513153076,5.122137671619957,5.019601165528071,5.077524531640426,342308000
2017-11-03,5.143826961517334,5.143826961517334,5.06125580977878,5.10710114333277,353640000
2017-11-06,5.166996479034424,5.175623302199305,5.0947775107893865,5.107101409560188,389944000
2017-11-07,5.226151943206787,5.247596297681058,5.17759538803687,5.189672940245491,427700000
2017-11-08,5.155412673950195,5.225413592819289,5.108088314347517,5.221716046667525,522988000
2017-11-09,5.060762882232666,5.085657496100263,4.938754686660239,5.059530680413185,978564000
2017-11-10,5.327455997467041,5.389815936826523,5.216292688625344,5.252032651006033,1253256000
2017-11-13,5.240941047668457,5.352843397467768,5.225659112995033,5.327456091914961,582376000
2017-11-14,5.279146671295166,5.2944286096075235,5.206434526181011,5.250061813249504,529292000
2017-11-15,5.175622940063477,5.225412634722664,5.121890293860892,5.224179962855872,501948000
2017-11-16,5.215799331665039,5.27963828684844,5.206926163044648,5.249567581938719,441768000
2017-11-17,5.20963716506958,5.307983405360865,5.194602048306643,5.272736608541888,515664000
2017-11-20,5.276681423187256,5.288758976022154,5.188440537360121,5.2251663586878525,396100000
2017-11-21,5.32523775100708,5.336822610645491,5.28456850935705,5.31636458158839,399176000
2017-11-22,5.30131196975708,5.3523693121000955,5.268753787221783,5.3523693121000955,356640000
2017-11-24,5.351383209228516,5.3523702201603385,5.293173086913779,5.317591963184642,180752000
2017-11-27,5.281827449798584,5.36124984326041,5.278620840230842,5.3600167852092,422896000
2017-11-28,5.197224140167236,5.296378732240122,5.136300925012625,5.287005893719938,512752000
2017-11-29,4.844757556915283,5.1826718533812475,4.716744420488004,5.179958749819488,1396788000
2017-11-30,4.950571537017822,4.999162296178996,4.850430868043166,4.913327168227459,823768000
2017-12-01,4.8758368492126465,4.936267046563432,4.747330647414634,4.916041318118306,811548000
2017-12-04,4.604025363922119,4.9404601624045235,4.550748409430079,4.934293460538836,1240844000
2017-12-05,4.63066291809082,4.753002863192906,4.454059488742002,4.498950133747102,981488000
2017-12-06,4.668154239654541,4.689859539097982,4.559133296120606,4.580345560606925,467032000
2017-12-07,4.7354912757873535,4.775202710101896,4.689367092409994,4.734751252731392,542600000
2017-12-08,4.723158836364746,4.8043077985927285,4.714772535626296,4.785315127936834,466876000
2017-12-11,4.8013482093811035,4.8043083019298845,4.721432767364429,4.737218359446724,372748000
2017-12-12,4.707125663757324,4.781121844490045,4.683693798607918,4.757936496844971,455016000
2017-12-13,4.592183589935303,4.749301268952263,4.584783833749114,4.748068211481096,554280000
2017-12-14,4.599337577819824,4.670127139033691,4.553213406647107,4.585771589774533,438164000
2017-12-15,4.724883556365967,4.745109277260334,4.578371749960818,4.6432415909238465,670036000
2017-12-18,4.881263256072998,4.884222877643476,4.735737943659035,4.765336041176935,477704000
2017-12-19,4.837113380432129,4.877071339687463,4.808748333780197,4.871891647788938,373100000
2017-12-20,4.854130744934082,4.885455402563136,4.798633730077489,4.8763295508767195,288820000
2017-12-21,4.831685543060303,4.882495904153464,4.823299243634855,4.857583993827212,300904000
2017-12-22,4.81639289855957,4.825765738247542,4.717238294132747,4.794934115410073,466276000
2017-12-26,4.869915962219238,4.877562237927142,4.731296929589327,4.7611420095520245,355080000
2017-12-27,4.86325740814209,4.9323204237606095,4.842045609528948,4.856598141610662,329488000
2017-12-28,4.8689284324646,4.917765697810299,4.862762203747571,4.886934083772058,240248000
2017-12-29,4.772735118865967,4.895075064911731,4.772735118865967,4.895075064911731,279964000
2018-01-02,4.917026996612549,4.9207271111997,4.7974006219009935,4.8289717966898795,355616000
2018-01-03,5.240637302398682,5.27097589860525,5.025555906245559,5.034188725380755,914704000
2018-01-04,5.268260478973389,5.378267960718536,5.2460616745547375,5.321784409323797,583268000
2018-01-05,5.312905788421631,5.3501501614380835,5.206351418828045,5.283060704235155,580124000
2018-01-08,5.475697040557861,5.549692755787042,5.391341473561443,5.436232596375194,881216000
2018-01-09,5.474216461181641,5.520587155055783,5.392820994178467,5.481122714718078,497000000
2018-01-10,5.517133712768555,5.520586839339292,5.327704315890184,5.381967800637949,582664000
2018-01-11,5.5269999504089355,5.581016916627212,5.505540698045821,5.549691790161697,406032000
2018-01-12,5.499868869781494,5.549446177211849,5.45941788550729,5.515161424063355,359916000
2018-01-16,5.429079532623291,5.611602710580234,5.344724433307752,5.526261070695698,702348000
2018-01-17,5.542785167694092,5.552651041138872,5.349902660839587,5.443630575604268,538408000
2018-01-18,5.535879135131836,5.59014261736738,5.492468067071487,5.5235462047693105,408632000
2018-01-19,5.675732612609863,5.699904503394562,5.599023789952849,5.625908784944541,609380000
2018-01-22,5.764033317565918,5.76575988088546,5.62615429903697,5.683624394010229,550944000
2018-01-23,5.892787456512451,5.915479300896999,5.798812528387248,5.817311222525093,475228000
2018-01-24,5.81607723236084,5.931757445765686,5.760580217934518,5.8959926508628095,579972000
2018-01-25,5.829643726348877,5.913505784199402,5.814844678037979,5.870341226817161,409884000
2018-01-26,6.001806259155273,6.002052776614008,5.860474130528454,5.873300095180098,516356000
2018-01-29,6.088628768920898,6.1197073798196575,5.934717642105019,5.9872545657800655,455116000
2018-01-30,5.986759185791016,6.078020968154141,5.880451843355538,5.947048240989191,570832000
2018-01-31,6.062730312347412,6.1483189276848345,6.029432103138454,6.061990289415672,478576000
2018-02-01,5.932004451751709,6.089862691392032,5.871821247817131,5.883167169125468,519224000
2018-02-02,5.75984001159668,5.869600979057125,5.701876883222296,5.845675610720848,718464000
2018-02-05,5.27097225189209,5.752685108177247,5.056384039321548,5.599020563429952,1165204000
2018-02-06,5.564000129699707,5.566959752032845,5.031722567718355,5.041588916402279,1114800000
2018-02-07,5.6434197425842285,5.795604767983694,5.59162284473863,5.662658926393454,802932000
2018-02-08,5.3651957511901855,5.801771162611393,5.364948763250677,5.768719942226253,1144000000
2018-02-09,5.7243218421936035,5.89229244484088,5.365195292931244,5.876506858908696,1674604000
2018-02-12,5.624427795410156,5.808184473054197,5.550432089372135,5.80522438135887,1093172000
2018-02-13,5.737887382507324,5.784011549380262,5.5558573008350685,5.588168963481354,625524000
2018-02-14,5.954696178436279,5.9835547195632675,5.68658442063882,5.6976838233451055,744988000
2018-02-15,6.079995632171631,6.126119805426468,5.957162652265348,6.037818090864681,698900000
2018-02-16,6.014387607574463,6.166325680394429,6.005261283731539,6.052865513692763,637656000
2018-02-20,6.143633842468262,6.212449871542913,6.033132826983067,6.0368329423039135,686240000
2018-02-21,5.956914901733398,6.214914229774236,5.953215258192458,6.208007977589469,892292000
2018-02-22,5.976414680480957,6.062303168703216,5.911011160653015,5.990729585433222,534364000
2018-02-23,6.069707870483398,6.069707870483398,5.985547014095994,6.036142290374713,415300000
2018-02-26,6.085751056671143,6.120303794151791,6.023555658460231,6.1158613665822426,469312000
2018-02-27,6.072915077209473,6.143254823898359,6.049961993267326,6.059093516110488,455436000
2018-02-28,5.972712993621826,6.123264525219196,5.961112878425158,6.0837755525957204,523116000
2018-03-01,5.7310895919799805,6.024295425679086,5.63014571148241,5.970491547462619,1040120000
2018-03-02,5.837955474853516,5.844372679038136,5.475397090045217,5.623727620192027,913428000
2018-03-05,5.815990447998047,5.855479417365354,5.664697975165996,5.78785445140607,620776000
2018-03-06,5.976661205291748,5.99591234882591,5.858194295412294,5.901138538474955,636808000
2018-03-07,5.968764305114746,6.020840550102835,5.872756657541135,5.873990482066458,581208000
2018-03-08,5.9524736404418945,5.996158361625562,5.90829510712101,5.996158361625562,411912000
2018-03-09,6.054899215698242,6.067732683902001,5.983818974651122,5.999861045278651,505524000
2018-03-12,6.164234638214111,6.244199739427747,6.087971481180662,6.096116323271911,605060000
2018-03-13,6.113637924194336,6.281219587830296,6.072421323424346,6.206930755721556,619772000
2018-03-14,6.139059543609619,6.183731420029194,6.076864161460417,6.156582578593625,505496000
2018-03-15,6.153866767883301,6.234818995861095,6.111909688417402,6.152632943816161,401952000
2018-03-16,6.182003021240234,6.201007019603322,6.13264158303472,6.170156238411266,399456000
2018-03-19,5.948030948638916,6.154113949382239,5.849308538979073,6.1252379446570435,713772000
2018-03-20,6.159790992736816,6.198539475828768,5.9509927205505395,5.9509927205505395,554696000
2018-03-21,6.134617328643799,6.219518657987136,6.104259884011307,6.153374188546132,438688000
2018-03-22,5.969010829925537,6.117835201861892,5.9317433046268295,6.071435680614497,551196000
2018-03-23,5.749845027923584,5.985051149517886,5.738738728610121,5.982583030698724,735620000
2018-03-26,6.033920764923096,6.035154589367356,5.822160996063337,5.873990096144609,611424000
2018-03-27,5.565975666046143,6.170157474667709,5.4260366338613935,6.114625963246568,1409000000
2018-03-28,5.463057518005371,5.661489523753892,5.35569690909767,5.531669639416001,945904000
2018-03-29,5.715786933898926,5.812287906499416,5.447014712459238,5.531175558931661,916628000
2018-04-02,5.455653190612793,5.791309911841081,5.368037066415771,5.645447485330812,922092000
2018-04-03,5.561779022216797,5.685182152012148,5.463056612529633,5.622246762944575,667432000
2018-04-04,5.583746910095215,5.594112731440481,5.281655712725736,5.306583112257791,789168000
2018-04-05,5.463796138763428,5.6550708623099535,5.392469251442145,5.6419902571185485,701240000
2018-04-06,5.28782320022583,5.469225926853435,5.258700058045322,5.361371538375999,662988000
2018-04-09,5.316453456878662,5.478358388800338,5.296461834531142,5.350759510146956,499524000
2018-04-10,5.624961853027344,5.6518635522267235,5.489218120557853,5.546230591759072,761676000
2018-04-11,5.583746910095215,5.651371890356528,5.551168479939881,5.6101552757468065,460244000
2018-04-12,5.790074348449707,5.807844522571264,5.632365171141594,5.676543700399584,593920000
2018-04-13,5.713565826416016,5.861896373252153,5.665438672598812,5.853504861026074,503036000
2018-04-16,5.713320255279541,5.746639169122277,5.619286907595314,5.7202308029732265,350792000
2018-04-17,5.862635612487793,5.883861059278752,5.709862671219252,5.765394171822404,447224000
2018-04-18,5.8337602615356445,5.904840501847748,5.744910314204756,5.812288139933234,391364000
2018-04-19,5.652851104736328,5.753054492445861,5.597566736756249,5.719735586781164,471996000
2018-04-20,5.644707202911377,5.7283742447176005,5.613609743341578,5.644213390693867,386200000
2018-04-23,5.52549934387207,5.713565522288762,5.4995847963876985,5.662476910211806,427508000
2018-04-24,5.459354400634766,5.646926734437676,5.394197566372865,5.551166260663302,414596000
2018-04-25,5.347304821014404,5.468733650886996,5.190336109890054,5.429738026118685,588492000
2018-04-26,5.55856990814209,5.566714747447893,5.4428178169536,5.508715131149812,375824000
2018-04-27,5.58596658706665,5.683948996221032,5.543762828458782,5.6642045119618345,400848000
2018-04-30,5.550674915313721,5.651865484076438,5.531424237883792,5.602257353570234,327844000
2018-05-01,5.605956554412842,5.608671343699218,5.484033941202847,5.542527364535116,253788000
2018-05-02,5.58547306060791,5.6469274892657895,5.559311372689677,5.602502754213488,268248000
2018-05-03,5.750339031219482,5.776500717117908,5.572144880373844,5.617310565547473,443144000
2018-05-04,5.900149822235107,5.903358423765307,5.704432660821404,5.721709021760126,400660000
2018-05-07,6.13757848739624,6.194590959421235,5.994677536654166,6.004550013665405,687616000
2018-05-08,6.180028438568115,6.182743228106615,6.088956593850457,6.137824217780074,506616000
2018-05-09,6.312811374664307,6.3150328234467255,6.172872340759179,6.2000211846200886,596760000
2018-05-10,6.420171737670898,6.429303261016274,6.347857209278967,6.36562738531591,994080000
2018-05-11,6.281960487365723,6.411780841193314,6.183485203739903,6.238769573494749,1214456000
2018-05-14,6.3024444580078125,6.3796952200504125,6.278751362181617,6.319967962252316,523140000
2018-05-15,6.060573101043701,6.241729141467472,5.960369748063553,6.239013881556124,963528000
2018-05-16,6.071679592132568,6.133627815893792,5.9852973236106655,6.022071490697835,553828000
2018-05-17,6.113637924194336,6.20717742641007,6.057365938004435,6.073408476923989,519784000
2018-05-18,6.069954872131348,6.228651256384026,6.065018632531228,6.165469178336222,483716000
2018-05-21,6.027996063232422,6.170897005032129,5.935443715399001,6.167195061757378,640624000
2018-05-22,5.989987850189209,6.066497656515398,5.929520111309346,6.041323595806813,518264000
2018-05-23,6.113220691680908,6.114455749992318,5.933187626474796,5.933928567254295,442956000
2018-05-24,6.116923809051514,6.159154128524659,6.056419151854673,6.109515344681005,437372000
2018-05-25,6.156191349029541,6.172490632698799,6.093957977403313,6.129519836755912,292112000
2018-05-29,6.139150619506836,6.207064688405136,6.092475594627293,6.138162855583409,352684000
2018-05-30,6.247812747955322,6.256456271204634,6.1480415247137365,6.172737507298921,390996000
2018-05-31,6.22805643081665,6.302391206269901,6.205336445776241,6.21595549753954,493868000
2018-06-01,6.362156391143799,6.368330741855272,6.264113844165808,6.27275736991768,421968000
2018-06-04,6.54070520401001,6.562684243665887,6.364129590978997,6.396234033786173,642024000
2018-06-05,6.546140193939209,6.5836780559166925,6.4992178664673546,6.543917371439187,391712000
2018-06-06,6.5481157302856445,6.551326316888527,6.43994778921863,6.456247074462109,371356000
2018-06-07,6.49254846572876,6.556263706551306,6.402408069951201,6.544409598715337,369448000
2018-06-08,6.477238178253174,6.51971485651706,6.40117469773452,6.4199436268639305,360456000
2018-06-11,6.436244010925293,6.506133154072825,6.42340213464301,6.46464423271628,265372000
2018-06-12,6.484647750854492,6.496748686247066,6.412535785065475,6.462668702728651,319160000
2018-06-13,6.480200290679932,6.560955753262843,6.471062651019604,6.486127344643843,338208000
2018-06-14,6.591579437255859,6.648133043170649,6.510329849227607,6.525147721117693,430016000
2018-06-15,6.550832748413086,6.605657664376299,6.503663593663274,6.534533461803396,432260000
2018-06-18,6.546631813049316,6.564165678945273,6.479705992765912,6.506871143746079,356268000
2018-06-19,6.425130367279053,6.510825143954485,6.2979466722976305,6.443652003935613,594932000
2018-06-20,6.477978706359863,6.530827609822944,6.427845800449018,6.466124597029383,369780000
2018-06-21,6.349559307098389,6.528110455913992,6.341903548586016,6.509835647386057,359516000
2018-06-22,6.197433948516846,6.383641374257668,6.182122898633195,6.370305381508679,434160000
2018-06-25,5.905281066894531,6.094945405404896,5.816869834352608,6.09124117283232,665816000
2018-06-26,5.976159572601318,6.066546828493868,5.924792065020964,6.01838990789649,478884000
2018-06-27,5.821314811706543,6.085807559707858,5.815881403608061,6.019622666902509,453892000
2018-06-28,5.9482526779174805,5.960106789022831,5.803781464255762,5.8114372247181025,338012000
2018-06-29,5.8504557609558105,6.025796332521215,5.84922070282554,6.013201754227096,392300000
2018-07-02,5.982330799102783,5.986035030741395,5.760561597423399,5.781059225091996,357572000
2018-07-03,5.848973274230957,6.022832417496514,5.840576575546182,6.016905363780003,222732000
2018-07-05,5.994433403015137,5.999372222900518,5.865273724519082,5.904046169080395,306216000
2018-07-06,6.108034133911133,6.116430834087007,5.948745537945985,5.969984111615345,296352000
2018-07-09,6.155450344085693,6.191753614859191,6.076917689609045,6.182122327117943,303880000
2018-07-10,6.254232883453369,6.276211922771398,6.127542876488733,6.167797194250448,360016000
2018-07-11,6.112974166870117,6.196199295933689,6.102354643227826,6.161625198114032,367508000
2018-07-12,6.204347610473633,6.25225769246666,6.1482881230165365,6.158166704103899,345508000
2018-07-13,6.15717887878418,6.222870128482694,6.115195848443232,6.222870128482694,246988000
2018-07-16,6.129519939422607,6.182369318371083,6.117172182602028,6.129519939422607,197036000
2018-07-17,6.265100955963135,6.280165654154368,6.054938948356211,6.080375876369563,362136000
2018-07-18,6.215956687927246,6.271522544969105,6.165083299565513,6.257692904289676,277640000
2018-07-19,6.224104881286621,6.257691683282383,6.18212232086535,6.1971865460788935,235752000
2018-07-20,6.195952892303467,6.2604090951912506,6.185086544665598,6.221636644148038,222352000
2018-07-23,6.159402370452881,6.171256481420087,6.008016338916703,6.169527776530568,301584000
2018-07-24,6.142115592956543,6.293748454452283,6.124581248990381,6.207312735120259,354620000
2018-07-25,6.220154285430908,6.232749337111001,6.093711064188622,6.151499736925843,319112000
2018-07-26,6.293501377105713,6.330298300235693,6.18335790203141,6.200151305728719,325124000
2018-07-27,6.22385835647583,6.336965582285599,6.170021212442217,6.330050762963551,295420000
2018-07-30,6.029007911682129,6.24386237118974,5.9941865206363545,6.237935315883295,340340000
2018-07-31,6.047035217285156,6.121616811170615,5.97986255945442,6.018635002297088,283988000
2018-08-01,6.086795330047607,6.13347082570906,6.02308008248585,6.078399101225965,283556000
2018-08-02,6.189284324645996,6.193235380850384,5.956895992061863,6.015671956914451,269668000
2018-08-03,6.225833892822266,6.249542113978896,6.196940028203954,6.213732958992618,214288000
2018-08-06,6.273496627807617,6.276954037180822,6.166810583699202,6.213238787007001,207508000
2018-08-07,6.345609188079834,6.364131294951758,6.295476747349991,6.322148260940575,258132000
2018-08-08,6.381913185119629,6.426859990745082,6.312024037122171,6.346845434989115,262100000
2018-08-09,6.333507537841797,6.402408900905554,6.325851778497302,6.399692432306545,204280000
2018-08-10,6.292267322540283,6.324619074206824,6.240652990683132,6.251766162650586,256396000
2018-08-13,6.3251118659973145,6.445628036180224,6.299181291923259,6.300909996861529,375208000
2018-08-14,6.456246376037598,6.4703233082922385,6.347337505917876,6.430315804827358,466220000
2018-08-15,6.398211479187012,6.510824584219622,6.319678352245854,6.47699095833535,591136000
2018-08-16,6.357709884643555,6.470323461195038,6.297698863546447,6.467853815635219,801260000
2018-08-17,6.046048164367676,6.247319809341985,6.019129356595547,6.246578868545709,1143188000
2018-08-20,6.12062931060791,6.252999104098668,5.895402637841754,6.005546564285344,854388000
2018-08-21,6.255963325500488,6.260408499235665,6.117172349441379,6.1369290435151855,673988000
2018-08-22,6.490572452545166,6.495511742638542,6.219905855733647,6.2233632645916845,749856000
2018-08-23,6.589850425720215,6.655047551682693,6.438217601904657,6.452047238195284,720684000
2018-08-24,6.722713470458984,6.737284045565843,6.593801116206409,6.598246288588118,531512000
2018-08-27,6.813595294952393,6.887682767907094,6.7209857182406845,6.75234922356993,505776000
2018-08-28,6.776058197021484,6.8303894562175875,6.656282980379223,6.807669000126902,475384000
2018-08-29,6.881319999694824,6.9062764484625845,6.7476420753376125,6.768397877723354,420108000
2018-08-30,6.864518642425537,6.961132583910305,6.827701593908492,6.850187050516337,346608000
2018-08-31,6.935433387756348,6.948282284843679,6.834618819442107,6.844502803952818,306592000
2018-09-04,7.010056018829346,7.047613935915722,6.893921553246576,6.922337302765203,391720000
2018-09-05,6.879592418670654,7.027848945350346,6.798792745949157,6.99251458234158,393156000
2018-09-06,6.738746643066406,6.865752929537149,6.705883288078337,6.863281933262914,322796000
2018-09-07,6.7174973487854,6.842773992926049,6.602104219073162,6.646828170491714,295420000
2018-09-10,6.788414001464844,6.818065491651865,6.696248130536074,6.7399837840028995,220140000
2018-09-11,6.740725040435791,6.8296785672237945,6.721451454247189,6.742207261454575,243112000
2018-09-12,6.627061367034912,6.720462968239198,6.471886262452159,6.7009424242905835,419092000
2018-09-13,6.704647064208984,6.795083252665484,6.67548997216593,6.692786472311084,305536000
2018-09-14,6.830419540405273,6.896393689207975,6.758021177420126,6.794838225891879,386936000
2018-09-17,6.768645286560059,6.853893011025709,6.749372174860046,6.804968414447565,205528000
2018-09-18,6.69674015045166,6.875142015038867,6.690068979431646,6.7725982694109215,299520000
2018-09-19,6.720463275909424,6.738254170118639,6.628297404478133,6.678210314545184,224860000
2018-09-20,6.579617977142334,6.640897078892161,6.52575139250349,6.598644128958862,430584000
2018-09-21,6.509693145751953,6.636946913088959,6.476582819168417,6.591481600150377,435128000
2018-09-24,6.5652875900268555,6.56874689099045,6.39182768271744,6.478804594642573,293912000
2018-09-25,6.63224983215332,6.657206284213501,6.54576683950899,6.63126152780852,280388000
2018-09-26,6.595433712005615,6.677469110976878,6.579619897678231,6.637192757677602,268548000
2018-09-27,6.607293128967285,6.651770121853596,6.575912464211404,6.630519929717678,214428000
2018-09-28,6.9438347816467285,6.966073277335361,6.711072394239323,6.738994228619711,709396000
2018-10-01,7.149911403656006,7.216626418157375,6.982875730926572,7.021422424633364,622060000
2018-10-02,7.0787482261657715,7.2339228320485205,7.056509731173536,7.122483870144587,383964000
2018-10-03,7.084926605224609,7.156336664507678,6.981147102560318,7.148923674569364,320552000
2018-10-04,6.901086807250977,7.07306397700173,6.824240388914814,7.048848876641652,391220000
2018-10-05,6.668079376220703,6.938400205738417,6.610753475681124,6.876379741173065,426636000
2018-10-08,6.567017078399658,6.7002006335047914,6.426420533715067,6.585054928878049,408612000
2018-10-09,6.561334133148193,6.640898052408182,6.493630337263265,6.546508154164182,273500000
2018-10-10,6.070850849151611,6.5012886200914295,6.068626811485249,6.455575903538959,684940000
2018-10-11,5.809920787811279,6.1170586080207165,5.788423638256717,5.9838745927855195,725436000
2018-10-12,6.091855525970459,6.165984011373858,5.921607957536885,6.066405156008104,608236000
2018-10-15,5.816100120544434,6.078514085088106,5.81511181592253,6.078514085088106,449760000
2018-10-16,6.074311256408691,6.085430504178921,5.879354218712057,5.928525772885388,408712000
2018-10-17,6.005865573883057,6.174383925418218,5.956940982397555,6.136331151177729,329668000
2018-10-18,5.918642520904541,6.113352624481227,5.858351711491363,6.075053355089918,524020000
2018-10-19,5.662652969360352,5.993264568527614,5.626330310891647,5.973744497573199,613608000
2018-10-22,5.713306903839111,5.814615397268397,5.61076314788748,5.714789595901414,368844000
2018-10-23,5.462259769439697,5.539600117668825,5.354773548313665,5.446692445200162,626436000
2018-10-24,4.927301406860352,5.470414002768898,4.913464203307828,5.423960399044169,884288000
2018-10-25,5.135601043701172,5.182795987035481,4.785715900332007,4.829945931009748,951720000
2018-10-26,4.899627685546875,5.06147397514723,4.771880021776073,4.900121602146084,664784000
2018-10-29,4.586559295654297,5.043930288047178,4.349101831615991,5.040470986827069,758016000
2018-10-30,5.0160064697265625,5.025890452909865,4.586557486109234,4.609537322845577,807192000
2018-10-31,5.2094831466674805,5.252971840210915,5.04096475374569,5.1803260454509195,745772000
2018-11-01,5.38936710357666,5.398756701387198,5.119540234767627,5.245805181764511,566528000
2018-11-02,5.310544013977051,5.485486598792226,5.194162582349934,5.379977456977233,452960000
2018-11-05,5.23270845413208,5.320674120491203,5.072344443286182,5.297446852435231,379332000
2018-11-06,5.215165615081787,5.3088141591849825,5.1781011421070176,5.224802170685713,299012000
2018-11-07,5.282622337341309,5.372070241015222,5.218130885168222,5.28163403301866,483812000
2018-11-08,5.0898895263671875,5.224308345403176,5.036516849202942,5.223566999308539,511352000
2018-11-09,5.081982612609863,5.172171874113618,4.967578242512255,5.001182950337626,413240000
2018-11-12,4.683419227600098,5.012795535089188,4.661674649055503,4.9908039983071895,617116000
2018-11-13,4.924829006195068,5.045904974053743,4.774842905560006,4.781020630779805,644712000
2018-11-14,4.8724470138549805,5.111881088614247,4.764714287339788,5.097549495752821,526580000
2018-11-15,5.000936031341553,5.072840482820242,4.830687981095732,4.866516727689467,840708000
2018-11-16,4.0629658699035645,4.2169051953928856,3.993285009012846,4.035538427357766,1963520000
2018-11-19,3.5754504203796387,3.9984751069736695,3.5737207698359827,3.997734232135896,1697820000
2018-11-20,3.6836774349212646,3.811672043149815,3.294010270898075,3.312542274195283,1692032000
2018-11-21,3.5756964683532715,3.837368964270196,3.548516218780087,3.8205666153169284,1025496000
2018-11-23,3.5828628540039062,3.696278904893853,3.528255151980657,3.54110405076815,411968000
2018-11-26,3.781773090362549,3.79215099132072,3.6214090706654476,3.7036914036575084,814832000
2018-11-27,3.7985756397247314,3.8796224789173923,3.7199997967894065,3.7558282999320816,738060000
2018-11-28,3.955233097076416,3.96042204772829,3.783749824743226,3.915945058544031,804524000
2018-11-29,3.8921618461608887,3.994561012134455,3.8619862784330445,3.9574599197400886,549172000
2018-11-30,4.042296886444092,4.052932375709756,3.8515966290963775,3.9018069041269503,729564000
2018-12-03,4.205790996551514,4.320557522529839,4.139008738630522,4.269110491695834,890804000
2018-12-04,3.8859777450561523,4.166215184297463,3.870889727888633,4.161268247019662,812112000
2018-12-06,3.9151647090911865,3.9201114113636026,3.730153420796152,3.745735851396304,692308000
2018-12-07,3.651003837585449,3.9295101641674255,3.6017830797258505,3.9193690831005537,681676000
2018-12-10,3.756124258041382,3.780858477839871,3.6025252673177093,3.606235471052383,629472000
2018-12-11,3.665349245071411,3.8558018433926247,3.5864473431363764,3.8476395858091017,671912000
2018-12-12,3.682910919189453,3.778879199222778,3.581995701440331,3.671038457377919,654136000
2018-12-13,3.6826634407043457,3.7937197381178542,3.6467990861594393,3.729658404997222,471384000
2018-12-14,3.622312307357788,3.7247114637579677,3.5988148252338936,3.6411100571739334,471820000
2018-12-17,3.5513248443603516,3.6643597162474855,3.4934469535251655,3.5923835734899243,662868000
2018-12-18,3.634432077407837,3.7182806917217994,3.56789727363225,3.595104723890123,564372000
2018-12-19,3.4259233474731445,3.6542193866108357,3.374476326159526,3.600793542984009,745364000
2018-12-20,3.3415801525115967,3.5072987993802207,3.281970871277016,3.4175139515360295,749588000
2018-12-21,3.2048003673553467,3.4009420238946313,3.177345474829577,3.368045546761011,863740000
2018-12-24,3.1432113647460938,3.2149402884743288,3.07939725587932,3.1286182331904175,463840000
2018-12-26,3.292112112045288,3.2931014053280694,3.078409194686885,3.189218062380206,695100000
2018-12-27,3.2443740367889404,3.2743023900891655,3.0962166815121286,3.23992198253061,637044000
2018-12-28,3.3057150840759277,3.3982208288197224,3.2231032137878097,3.264903795478063,628728000
2018-12-31,3.3020052909851074,3.381401609081078,3.271334844675895,3.3490000177104666,465140000
2019-01-02,3.3692820072174072,3.425181080966381,3.2166725681874238,3.231265703822605,508752000
2019-01-03,3.1657207012176514,3.3430643846937267,3.158300529541503,3.3091786116658763,705552000
2019-01-04,3.3685405254364014,3.4066309111298634,3.2080160158102617,3.2386862301960746,585620000
2019-01-07,3.5468733310699463,3.5837272164281666,3.374476366534186,3.425676183098107,709160000
2019-01-08,3.4585723876953125,3.6304747038239435,3.3861013522102255,3.6282484402620594,786016000
2019-01-09,3.526592254638672,3.5738344379156692,3.459315345447537,3.509772850428609,617260000
2019-01-10,3.5921361446380615,3.6007930487896354,3.4469468884540846,3.507298248069689,523156000
2019-01-11,3.6811792850494385,3.703934678034914,3.5421734584487603,3.569875552926927,874764000
2019-01-14,3.721000909805298,3.746229770556117,3.605492568196538,3.628990048105779,730168000
2019-01-15,3.7069027423858643,3.792977375770266,3.6885994045834214,3.753650026175904,617012000
2019-01-16,3.6814262866973877,3.7670062699675806,3.6759849389447896,3.7341100345948863,470104000
2019-01-17,3.7526609897613525,3.792482988633846,3.6213227673825545,3.6485304526702196,493436000
2019-01-18,3.8815252780914307,3.907496225854784,3.750929159188925,3.8023761723039584,651336000
2019-01-22,3.679694414138794,3.8629742577324717,3.6495188566750203,3.8513492401560043,661552000
2019-01-23,3.6925573348999023,3.8234009202373347,3.6613924746342406,3.734852805681426,591020000
2019-01-24,3.90403413772583,3.9215951539983154,3.772201261818545,3.7769007584765713,708972000
2019-01-25,3.9611692428588867,3.979225139482128,3.7422724559398466,3.8446716052502636,1154572000
2019-01-28,3.4135563373565674,3.5033411860036634,3.24017031254291,3.3774445392489905,2511528000
2019-01-29,3.2550110816955566,3.4157830490334176,3.2404179429634667,3.3675513408905506,1153932000
2019-01-30,3.3982205390930176,3.4125662312413483,3.25154711797746,3.3309436610046244,974228000
2019-01-31,3.555530309677124,3.591147461293076,3.3732397014718236,3.395005804093513,842852000
2019-02-01,3.5797698497772217,3.63072222905013,3.526591678512298,3.57408105945596,625048000
2019-02-04,3.689836025238037,3.7269371103711824,3.5735855968003305,3.5955989010224516,528592000
2019-02-05,3.708881378173828,3.7454878183850253,3.668070088371456,3.701708413334939,542424000
2019-02-06,3.784320831298828,3.848629607118048,3.7365840139771294,3.742025362473618,702464000
2019-02-07,3.646303653717041,3.740293332243424,3.603513781600408,3.738067304982769,637120000
2019-02-08,3.6648545265197754,3.675490016584057,3.5649286154462865,3.5792743082967,461604000
2019-02-11,3.622312307357788,3.674995825326401,3.5740806086947448,3.6208281317062947,495180000
2019-02-12,3.7390573024749756,3.754639968001304,3.6463043407032676,3.6606502717666825,591060000
2019-02-13,3.7813527584075928,3.8543184402777513,3.7548871599384235,3.7684910030988537,605372000
2019-02-14,3.8221638202667236,3.850360798091592,3.7373256814451947,3.7803632359891957,827264000
2019-02-15,3.8916661739349365,4.053179698268848,3.8689107835062084,4.030424543723051,1516748000
2019-02-19,3.87435245513916,3.954738534007125,3.8619855838206583,3.8810307732281477,551892000
2019-02-20,3.9215941429138184,3.9886235774379823,3.8924081131454122,3.903538248799551,540988000
2019-02-21,3.852834701538086,3.9586966356549835,3.838241563508994,3.9342100926018695,448548000
2019-02-22,3.937424898147583,3.9562228841737697,3.890924815563206,3.9045286584847316,401740000
2019-02-25,3.9250576496124268,4.0880553642867286,3.916400509384179,4.020778715727318,656020000
2019-02-26,3.885730504989624,3.9762574332662384,3.852339384284789,3.920358360077931,488464000
2019-02-27,3.8439300060272217,3.8978502582221117,3.787041402539747,3.8713848966539257,500256000
2019-02-28,3.819417715072632,3.8600236059193858,3.79713426228751,3.8377399170082,324944000
2019-03-01,3.8736417293548584,3.9157328559809574,3.810999841616156,3.8691848495966012,357188000
2019-03-04,3.881812572479248,3.9347980865330774,3.825360491292353,3.912019238718915,409992000
2019-03-05,3.875375270843506,3.913504913927053,3.811990524306629,3.866214050306254,362924000
2019-03-06,3.764699697494507,3.8748799161657312,3.7619762189979404,3.866461784391751,403524000
2019-03-07,3.6956193447113037,3.7508334060236237,3.649566501664992,3.741177031442759,450104000
2019-03-08,3.729788064956665,3.7404347531295925,3.5851917822764676,3.6064851586223226,422416000
2019-03-11,3.989764451980591,4.012543063609408,3.706266746069921,3.7533101469366255,859728000
2019-03-12,4.023932456970215,4.070232528479802,3.941482665201958,4.017494715873952,579576000
2019-03-13,4.174965858459473,4.204182209602508,4.053891270527523,4.061319324501092,768900000
2019-03-14,4.099202632904053,4.196012932372243,4.0915271166903695,4.184128231638006,519384000
2019-03-15,4.204430103302002,4.247016384503142,4.138816807769409,4.142283138474759,661484000
2019-03-18,4.1831374168396,4.289603845788803,4.1561491471070315,4.2358752387379175,486992000
2019-03-19,4.350511074066162,4.394830989700251,4.260633942280537,4.27747020210782,854972000
2019-03-20,4.318077087402344,4.432713945030418,4.2834133044747515,4.379480733777656,719148000
2019-03-21,4.5542826652526855,4.58052807605089,4.336150834187309,4.341102869772194,824312000
2019-03-22,4.394831657409668,4.575576733359796,4.3809663334740065,4.527048099584981,747644000
2019-03-25,4.302726745605469,4.41835393455882,4.236618512354495,4.354226799557572,525212000
2019-03-26,4.379233360290527,4.500060029751345,4.3230287371521126,4.444103339017081,703508000
2019-03-27,4.3700714111328125,4.451035259026395,4.300744799971149,4.404735188965764,474372000
2019-03-28,4.388643264770508,4.454256114503631,4.335657497839281,4.396070849418134,480264000
2019-03-29,4.445836067199707,4.470100855017658,4.404982950293312,4.4552447468224665,456896000
2019-04-01,4.513182640075684,4.543389305207008,4.465891780679068,4.537446956234204,483824000
2019-04-02,4.531009197235107,4.57532911810016,4.494365263005259,4.53719947856981,440920000
2019-04-03,4.670157432556152,4.72908551863376,4.575575731628518,4.580527766879157,783504000
2019-04-04,4.661244869232178,4.7035836910063535,4.598602983135387,4.654807127958316,457376000
2019-04-05,4.727847576141357,4.745179700627346,4.6679296458830875,4.7043261155742435,481744000
2019-04-08,4.748647212982178,4.773654384894066,4.673377764829961,4.697394623832301,424192000
2019-04-09,4.686004638671875,4.726362835470245,4.643913276469628,4.715220990409292,439972000
2019-04-10,4.756321430206299,4.782071450392167,4.680805007254649,4.685261650699868,444772000
2019-04-11,4.74245548248291,4.790241725729068,4.693184006452142,4.758796821130248,374600000
2019-04-12,4.704573631286621,4.785042557326087,4.695907805067246,4.7810808343748965,471708000
2019-04-15,4.573101043701172,4.701851164141336,4.5334856946814615,4.696899127450819,440092000
2019-04-16,4.660006523132324,4.6788238817913825,4.579538064717605,4.612220746124993,394964000
2019-04-17,4.637228488922119,4.7157163316119775,4.6149447968110735,4.6949183449089205,351004000
2019-04-18,4.612715721130371,4.67783362459838,4.5849850753044725,4.643913169936649,380988000
2019-04-22,4.666444301605225,4.682042789821907,4.557749804332199,4.58919424088744,279936000
2019-04-23,4.720916271209717,4.75211372644348,4.669911612521351,4.679567754074835,346856000
2019-04-24,4.733295440673828,4.773901097116765,4.670653554500126,4.731314342912897,318204000
2019-04-25,4.627819538116455,4.7154685960331095,4.548341387214284,4.693184905223643,499296000
2019-04-26,4.4094414710998535,4.478768588769194,4.290842848687388,4.4743114710617995,868988000
2019-04-29,4.440141201019287,4.467871844571422,4.345311561761806,4.417362120778531,391920000
2019-04-30,4.481489181518555,4.5069912644055155,4.3888881107827,4.407952925992541,362920000
2019-05-01,4.468366622924805,4.5758233241732675,4.468118690604232,4.533731972172642,354280000
2019-05-02,4.5357136726379395,4.5773096421118185,4.434942147363374,4.4780238221047926,394684000
2019-05-03,4.531256675720215,4.55403528420273,4.4698525668067814,4.5441316851131495,336824000
2019-05-06,4.45301628112793,4.4651484378754125,4.308172308225487,4.345311631039512,422176000
2019-05-07,4.286137104034424,4.404735681096283,4.23810339107594,4.404735681096283,555220000
2019-05-08,4.306191921234131,4.386165459503043,4.246768906991969,4.258653604290829,419168000
2019-05-09,4.21383810043335,4.247016172854094,4.095240009746013,4.237360033834992,660248000
2019-05-10,4.179917812347412,4.248502045374708,4.060576392127971,4.1831366828979535,569500000
2019-05-13,3.923161506652832,4.0712241514432606,3.9073153191471652,4.048197604882031,656912000
2019-05-14,4.012047290802002,4.047205985847041,3.924150553189404,3.9627753423697984,524880000
2019-05-15,3.951139211654663,3.987535685228147,3.897410847872491,3.9565861680085823,502320000
2019-05-16,3.9662420749664307,4.008828827285346,3.9033529675768066,3.9456917875289874,781088000
2019-05-17,3.875622510910034,4.053396648854302,3.8362548609050107,3.9243990771998547,1022068000
2019-05-20,3.7572708129882812,3.8320448454927067,3.732511108878801,3.77707848182545,572064000
2019-05-21,3.8392257690429688,3.8550719546521734,3.779307593697431,3.8179326268462255,361848000
2019-05-22,3.7684128284454346,3.8265978287979796,3.75751844479888,3.8006003508083475,325868000
2019-05-23,3.6475865840911865,3.706266750992323,3.5879158682421104,3.706266750992323,591844000
2019-05-24,3.593858242034912,3.701562436246453,3.5871730401264275,3.6664037334430635,357584000
2019-05-28,3.548795700073242,3.6441202754816437,3.546814838291281,3.611437590898888,428356000
2019-05-29,3.474764347076416,3.536167989916481,3.440100802270634,3.5012569849778905,559800000
2019-05-30,3.4482409954071045,3.5136809634789703,3.410067601899992,3.477986413949264,394300000
2019-05-31,3.3577661514282227,3.466584978200113,3.356031007370208,3.3994098452162267,389720000
2019-06-03,3.316122531890869,3.4075896772145886,3.2868728269741556,3.368920551759038,478644000
2019-06-04,3.544666290283203,3.5498717215125177,3.358013521019817,3.380074668095808,641836000
2019-06-05,3.502031087875366,3.6237395991365746,3.465840812619028,3.618286189030962,511616000
2019-06-06,3.564000129699707,3.588540116130443,3.5037655960610317,3.5062444398772006,408140000
2019-06-07,3.606635808944702,3.6408429606015114,3.5508629964225635,3.569949813087888,348856000
2019-06-10,3.6792640686035156,3.747678603331018,3.662656097347531,3.662656097347531,402780000
2019-06-11,3.736771821975708,3.7766803600690517,3.69735924180774,3.739002687057581,383872000
2019-06-12,3.6239874362945557,3.6995905336047556,3.6088668641116373,3.6933934227785716,358892000
2019-06-13,3.675050735473633,3.693393617134934,3.628449357911743,3.646048775351264,308080000
2019-06-14,3.5853185653686523,3.6063882708533113,3.54070054629191,3.582096256631189,394428000
2019-06-17,3.594985008239746,3.6319189777669725,3.560777625103327,3.583582468395753,276040000
2019-06-18,3.7895700931549072,3.844846944658722,3.6453047255230837,3.6562113084451453,581920000
2019-06-19,3.795520067214966,3.8361720787302276,3.769492671567909,3.824769771742642,331644000
2019-06-20,3.8198115825653076,3.899876409205698,3.805434711202738,3.885995259421755,350168000
2019-06-21,3.761807680130005,3.854018743770108,3.7553628271980513,3.8049387644565194,434428000
2019-06-24,3.784116744995117,3.8136144224712325,3.7360282095377864,3.7831253019121576,282948000
2019-06-25,3.7548670768737793,3.8639338543318824,3.752140490175782,3.7890744638641545,311868000
2019-06-26,3.94771671295166,4.008695191075361,3.8691392925448316,3.8820289983345857,584072000
2019-06-27,4.046125888824463,4.065212474381996,3.997293637417236,4.033236179088148,445440000
2019-06-28,4.070911884307861,4.099170134918949,4.024310757808632,4.089998460579333,397668000
2019-07-01,4.119001865386963,4.31185152757884,4.081571927225259,4.277644134618608,709756000
2019-07-02,4.021335601806641,4.123461777611852,4.008198156968745,4.102391844578389,400228000
2019-07-03,4.034225940704346,4.050338189355726,3.9744873640486977,4.04463680121385,246636000
2019-07-05,3.9717612266540527,3.9804369447260943,3.908551883224979,3.9759752144020695,396552000
2019-07-08,3.8969016075134277,3.931108994720168,3.8669084444589887,3.912270157498809,329788000
2019-07-09,3.8993797302246094,3.9273900019023364,3.8421197650291004,3.854761489564794,342860000
2019-07-10,3.96754789352417,4.024807642247108,3.9288787696838563,3.942759920889417,452076000
2019-07-11,4.12172794342041,4.162379948970753,4.003241741369174,4.040423459528527,682560000
2019-07-12,4.1546950340271,4.22558864483207,4.149489603741981,4.149489603741981,506392000
2019-07-15,4.146267890930176,4.191877587104491,4.118010105310479,4.175765807919174,289840000
2019-07-16,4.141556739807129,4.168575328694478,4.0860316886667505,4.131393623865391,341444000
2019-07-17,4.206750392913818,4.213690967589586,4.114043605126142,4.143293304914357,348204000
2019-07-18,4.218400001525879,4.281113382454656,4.1606443085040645,4.217160815944709,442192000
2019-07-19,4.175269603729248,4.263018703350953,4.169320472162421,4.256574086615086,344896000
2019-07-22,4.246658802032471,4.259548508575528,4.189150844164121,4.1965873769820705,315940000
2019-07-23,4.354236602783203,4.356219488364335,4.2702055618015855,4.285822322323848,428176000
2019-07-24,4.428601264953613,4.434302653600209,4.321517848638418,4.397368680660208,366236000
2019-07-25,4.2977213859558105,4.399847588394193,4.274420818683589,4.387205625277258,392700000
2019-07-26,4.339613914489746,4.386215058342815,4.324741319657999,4.324741319657999,274160000
2019-07-29,4.333416938781738,4.3495291919370125,4.245420084948997,4.3324254955214725,248160000
2019-07-30,4.349031925201416,4.361177928869398,4.272685143640128,4.287062248565768,197772000
2019-07-31,4.1822099685668945,4.3185435570114254,4.1400705645445735,4.317551641140734,359416000
2019-08-01,4.088016986846924,4.282849534099801,4.035962197152709,4.192621578676747,421212000
2019-08-02,3.995558023452759,4.064716511124463,3.9482134154985826,3.995558023452759,428348000
2019-08-05,3.7377631664276123,3.8136139907865134,3.690914058324892,3.8123745688753186,589156000
2019-08-06,3.7764322757720947,3.857736514280389,3.728839700701017,3.81237480422896,361272000
2019-08-07,3.814605951309204,3.8265042141545442,3.6983508551753905,3.7157022914951865,372560000
2019-08-08,3.922929286956787,3.9241687091173865,3.814854180345954,3.8721141603502467,309300000
2019-08-09,3.8217947483062744,3.885499581591262,3.7714753433773147,3.882029294106203,341816000
2019-08-12,3.754124402999878,3.821795254313785,3.732310995637398,3.769740698750248,279200000
2019-08-13,3.868147611618042,3.914005282382582,3.7137193575650134,3.752636217495231,351956000
2019-08-14,3.719916820526123,3.7913059351939533,3.676290244404949,3.7801513712523787,419880000
2019-08-15,3.6876912117004395,3.75858457899714,3.6534840680594263,3.738754302835139,477200000
2019-08-16,3.9551522731781006,4.004232003750195,3.8887206379765553,3.949946843626583,1007960000
2019-08-19,4.233272075653076,4.249136580460374,4.052073001732162,4.068185249067221,815112000
2019-08-20,4.161141872406006,4.228317009260872,4.140071927065026,4.227821051162303,463188000
2019-08-21,4.244426250457764,4.299455345255577,4.205509401532645,4.227074819267649,427244000
2019-08-22,4.250625133514404,4.2964825715091655,4.211460055121014,4.254095421008157,303488000
2019-08-23,4.026542663574219,4.228563996129451,4.006712380628328,4.1742785788354055,568056000
2019-08-26,4.101153373718262,4.129163884209364,4.062980217889895,4.105119618507018,318208000
2019-08-27,4.010679244995117,4.142054712480044,3.981429537678718,4.139328124982975,290968000
2019-08-28,4.000256538391113,4.052858819281227,3.945172959795155,3.9843768009846867,255612000
2019-08-29,4.143672943115234,4.1759288700905,4.0880929099579335,4.091566632451565,357976000
2019-08-30,4.156327247619629,4.239449078910096,4.138214197129242,4.189824062623916,290616000
2019-09-03,4.073452472686768,4.116626004268023,4.050625294883397,4.08362564957571,296140000
2019-09-04,4.187342643737793,4.194786537943837,4.133995918409182,4.133995918409182,227728000
2019-09-05,4.459783554077148,4.4659865629680935,4.287585339152025,4.289322200571859,695676000
2019-09-06,4.432736396789551,4.493278540364988,4.394773444856032,4.436458106348805,376976000
2019-09-09,4.478640079498291,4.5649876386334665,4.46226389171977,4.46375276513396,417524000
2019-09-10,4.54513692855835,4.571685817970687,4.436210192599637,4.445886921570617,352812000
2019-09-11,4.573670864105225,4.621806991543993,4.530745319125762,4.559775977547078,361512000
2019-09-12,4.572181701660156,4.674656956799701,4.564241834595043,4.620069838310614,327840000
2019-09-13,4.514370918273926,4.54265715133636,4.470700919514769,4.505686610745012,324592000
2019-09-16,4.471445083618164,4.505934323774935,4.429015973241978,4.4394371416410685,231832000
2019-09-17,4.492783069610596,4.497001228439258,4.431744470381749,4.47814374423788,223048000
2019-09-18,4.465735912322998,4.501466021091955,4.379388859353201,4.485834275977665,258152000
2019-09-19,4.390308380126953,4.4900543855638855,4.379638751098391,4.471692874494908,245476000
2019-09-20,4.284855365753174,4.412887601997053,4.274682658844729,4.389315980085497,350244000
2019-09-23,4.338201522827148,4.383608372625145,4.281381081944904,4.2851032652130385,249712000
2019-09-24,4.280885696411133,4.398992741117697,4.245404032758619,4.369466098255861,317268000
2019-09-25,4.4223151206970215,4.441917038852592,4.235725626464752,4.280388033094018,308432000
2019-09-26,4.400233268737793,4.421324066519282,4.349367839482623,4.412639759567855,234564000
2019-09-27,4.261780261993408,4.409165963125771,4.2012376289244715,4.358548522555069,362056000
2019-09-30,4.319095611572266,4.329268789372331,4.256320157102148,4.287584127080288,186184000
2019-10-01,4.317359447479248,4.491046514914633,4.312645312736866,4.342171953292758,366008000
2019-10-02,4.293540000915527,4.307434891111473,4.221335790853704,4.295524850012319,293372000
2019-10-03,4.4987382888793945,4.504941296869655,4.267734807064955,4.29800588359513,450588000
2019-10-04,4.515115261077881,4.544393918211177,4.435963597026066,4.500971908211548,265524000
2019-10-07,4.573670864105225,4.673168379605846,4.571189566754258,4.5798738708531,480984000
2019-10-08,4.397503852844238,4.482114082791431,4.379390802700661,4.482114082791431,444436000
2019-10-09,4.483850955963135,4.5332279835979445,4.445392018572494,4.4741742246574345,292412000
2019-10-10,4.541416168212891,4.59228159976039,4.476407857066908,4.4816184414725875,309124000
2019-10-11,4.614861011505127,4.697982369452037,4.606424692488743,4.625282179727991,446404000
2019-10-14,4.6282572746276855,4.649099601261177,4.575158560648928,4.606174062879911,200040000
2019-10-15,4.87241268157959,4.944865345798221,4.704432656393893,4.718328018520987,664124000
2019-10-16,4.818819046020508,4.943129583323917,4.807405452379285,4.838420971426894,428944000
2019-10-17,4.820803642272949,4.908143152806004,4.766464021904346,4.863232748568946,263436000
2019-10-18,4.7265167236328125,4.853804529516834,4.652327658247658,4.82130013821803,307440000
2019-10-21,4.863481521606445,4.876880437999623,4.768946089803577,4.787803578592873,261868000
2019-10-22,4.853555679321289,5.0252574148366165,4.845863798218304,4.920300838221016,328720000
2019-10-23,4.840653896331787,4.854796775015168,4.739915464414268,4.7716754177526095,279916000
2019-10-24,4.884571075439453,4.918067411363147,4.8478485319089915,4.881841316678145,232020000
2019-10-25,5.075130462646484,5.095972796196652,4.957271420404589,4.964963301585127,423092000
2019-10-28,5.130960464477539,5.183314306404782,5.089523295891848,5.118801958611247,330792000
2019-10-29,5.034934043884277,5.123514432062237,5.015580584244966,5.1170629633430345,211236000
2019-10-30,5.036919116973877,5.067438654333333,4.968933070897511,5.061731622001463,205960000
2019-10-31,4.987791538238525,5.036920109101198,4.9081438972641935,5.016077771145991,209732000
2019-11-01,5.0267462730407715,5.059002197409222,4.927496255656585,4.952556747800937,283640000
2019-11-04,5.2230143547058105,5.235420848979743,5.0845613807280365,5.107636560884755,376716000
2019-11-05,5.200930595397949,5.248818281598434,5.153042435938191,5.22276535854175,300868000
2019-11-06,5.151801586151123,5.202418554291357,5.064461594469839,5.176862082382492,269012000
2019-11-07,5.169418811798096,5.252788641825367,5.124756385952797,5.238149312165376,280340000
2019-11-08,5.155523777008057,5.187035746056105,5.1150795123406825,5.152546502888041,189100000
2019-11-11,5.1654486656188965,5.18852384014965,5.068679926912906,5.154779035818744,243436000
2019-11-12,5.200930595397949,5.256758625704611,5.168674189772201,5.203659881633516,283504000
2019-11-13,5.175124645233154,5.197207391905786,5.108875458696897,5.1696656005734,300188000
2019-11-14,5.205395221710205,5.207628531573418,5.1242587289005215,5.184056440523006,518080000
2019-11-15,5.066446304321289,5.254772221671864,4.978361886515721,5.203162361898849,1053628000
2019-11-18,5.267178535461426,5.293727427889438,5.056024968744003,5.059002242127451,574588000
2019-11-19,5.160734176635742,5.259735754780786,5.102673310673208,5.23616413074978,414564000
2019-11-20,5.239884376525879,5.32350216574159,5.1252510770289295,5.137905552880523,472588000
2019-11-21,5.215073108673096,5.29099903524504,5.193486334907724,5.235419469967482,288388000
2019-11-22,5.232690334320068,5.284051741457703,5.209118237360682,5.237652457605869,224100000
2019-11-25,5.488753795623779,5.493716391664909,5.347571109090329,5.360473574841742,506476000
2019-11-26,5.384293079376221,5.4758507421905955,5.377841610563299,5.471136134479743,385244000
2019-11-27,5.419055938720703,5.4639994792560005,5.39273562678228,5.42973343957815,215784000
2019-11-29,5.381809711456299,5.4165725647475265,5.357972055708968,5.388265940558016,141556000
2019-12-02,5.195827007293701,5.388265430503943,5.1806805399113,5.37485663201326,372036000
2019-12-03,5.15634822845459,5.160320856261252,4.975332231378648,5.012578221912661,465232000
2019-12-04,5.20004940032959,5.262126202217156,5.171494128294318,5.239778515648959,273424000
2019-12-05,5.183163166046143,5.237542393395648,5.152621116269408,5.221899112411193,184884000
2019-12-06,5.268333435058594,5.301110450292041,5.242261293676923,5.252193808646158,232236000
2019-12-09,5.268333435058594,5.322961320172626,5.236798694608872,5.245489408402762,211880000
2019-12-10,5.313276767730713,5.3649247022824476,5.245736905989348,5.298377997188875,256388000
2019-12-11,5.3967084884643555,5.402171561329519,5.3212233612455915,5.323706490073684,233796000
2019-12-12,5.56381893157959,5.581945344521159,5.358965790344056,5.367904674619111,404348000
2019-12-13,5.561832427978516,5.685737844111824,5.507949532561871,5.566798685120836,454704000
2019-12-16,5.590635776519775,5.662893253864731,5.581200077545262,5.609259003698203,320976000
2019-12-17,5.668606281280518,5.691202142334896,5.599825067505515,5.609260769450315,321196000
2019-12-18,5.698896884918213,5.759235523934462,5.694923785259594,5.703366326028998,343548000
2019-12-19,5.846641540527344,5.860050342253355,5.7284473483987375,5.733413606342329,445360000
2019-12-20,5.943727970123291,5.9690551198652795,5.8938181828481975,5.912937748924905,603044000
2019-12-23,5.930072784423828,6.00431658720451,5.919395756254453,5.972285029087965,355060000
2019-12-24,5.925105571746826,5.94223882710578,5.880410205351006,5.9146767160689135,138864000
2019-12-26,5.9392595291137695,5.967317982505401,5.909710630228528,5.928582028747246,182852000
2019-12-27,5.881652355194092,5.967814978639957,5.855331570059291,5.954406178482756,254644000
2019-12-30,5.768673419952393,5.865016742518883,5.737386846643726,5.8598023136341055,258056000
2019-12-31,5.842668056488037,5.852103755754159,5.714293196478144,5.733412765788655,231004000
2020-01-02,5.9571380615234375,5.9571380615234375,5.87792847479062,5.9283346184940875,237536000
2020-01-03,5.861788749694824,5.90549096907539,5.812872101320706,5.8377029185507645,205384000
2020-01-06,5.886370658874512,5.89158508763454,5.742601138143197,5.7686732819433395,262636000
2020-01-07,5.957634449005127,6.003322975997539,5.869733680543367,5.9146772215510675,314856000
2020-01-08,5.968807220458984,6.0100262977547665,5.913434832818649,5.953412109159959,277108000
2020-01-09,6.034361839294434,6.106619328463074,5.980727580351589,6.05497138322673,255112000
2020-01-10,6.066640377044678,6.1716743897886515,6.052487065850214,6.141380980474923,316296000
2020-01-13,6.256844997406006,6.281923983662668,6.126980149927382,6.149576480886754,319840000
2020-01-14,6.140140533447266,6.239463317637183,6.126979903415702,6.214135687983089,359088000
2020-01-15,6.097680568695068,6.175152494161595,6.071856593539559,6.152804805138233,263104000
2020-01-16,6.181112289428711,6.187071705108498,6.127726192769971,6.15106704017893,284192000
2020-01-17,6.189802646636963,6.207680892640402,6.142375968406058,6.200231505070186,253792000
2020-01-21,6.156528949737549,6.190050478993046,6.122510605265829,6.1533008348531135,217916000
2020-01-22,6.2104105949401855,6.296821384646895,6.182848483712182,6.201719881814991,239240000
2020-01-23,6.278696060180664,6.2871386039958095,6.161743668888831,6.250389431731005,244516000
2020-01-24,6.219598770141602,6.443571968511958,6.165467698754059,6.393910339538206,373512000
2020-01-27,5.9643402099609375,6.015243176850921,5.766439113572667,5.915671727926478,470536000
2020-01-28,6.157273769378662,6.189553496525558,5.977002312846959,6.030140227168706,310976000
2020-01-29,6.096935272216797,6.1788766302299125,6.057205684032846,6.142871972143197,258848000
2020-01-30,6.103638172149658,6.117046971026673,5.944473569825535,5.999349145534883,290504000
2020-01-31,5.870726585388184,6.069868955650473,5.8290111609015804,6.05795012762334,370420000
2020-02-03,5.96756649017334,5.98693422980452,5.846392374463058,5.852599959031598,255564000
2020-02-04,6.136415481567383,6.155535525631463,6.059192213756811,6.109102012462837,271544000
2020-02-05,6.226551055908203,6.2672733245790635,6.143367902231967,6.257092639009255,208220000
2020-02-06,6.3132100105285645,6.3132100105285645,6.179869362419789,6.260817558047638,218284000
2020-02-07,6.247161388397217,6.295333049251141,6.221833756661078,6.273233532588743,189752000
2020-02-10,6.529734134674072,6.5304786470167295,6.26479004009398,6.269756297361858,529608000
2020-02-11,6.651902198791504,6.766371940394232,6.575920247899234,6.637748883863904,638556000
2020-02-12,6.767363548278809,6.773819777194949,6.665805817101901,6.704541769773717,374644000
2020-02-13,6.72366189956665,6.79070495481685,6.6821946441272795,6.7095085866977415,528016000
2020-02-14,7.195694923400879,7.324317975721568,7.101586559371794,7.132873132572073,1041924000
2020-02-18,7.364044666290283,7.382419720287199,7.0732771260583,7.092644863007366,620164000
2020-02-19,7.814227104187012,7.831857176120988,7.486213518147479,7.486213518147479,694332000
2020-02-20,7.665243625640869,7.85445349985836,7.358584075955059,7.766304555761992,810052000
2020-02-21,7.301968097686768,7.578334165544032,7.217295459903373,7.55325518562131,768180000
2020-02-24,6.785737991333008,6.999034134209443,6.6546318384086485,6.709011073491668,856916000
2020-02-25,6.506890296936035,6.9225565056275835,6.4053325514422745,6.860727875099218,1055496000
2020-02-26,6.645940780639648,6.839620529958425,6.505647580569452,6.507137078696602,747732000
2020-02-27,6.275990962982178,6.63376729934586,6.1838138273651895,6.3331356595572315,906416000
2020-02-28,6.710043430328369,6.769424425321909,6.007410894172658,6.024057286664083,1133252000
2020-03-02,6.868061065673828,6.896882208415457,6.484694089276187,6.879738703863825,890744000
2020-03-03,6.606189727783203,6.983345447200676,6.520969308117952,6.92371612752799,652792000
2020-03-04,7.068813323974609,7.078254667313152,6.6387362744594425,6.7132732703781945,597408000
2020-03-05,6.790046691894531,7.03626612440936,6.745572904384784,6.869800768089446,540328000
2020-03-06,6.609914779663086,6.668302014749807,6.410156205287758,6.610908530328439,515412000
2020-03-09,6.098097324371338,6.444941485450852,5.917718514026595,5.960452643701263,614160000
2020-03-10,6.486681938171387,6.486681938171387,6.111762534362907,6.373882922902069,580648000
2020-03-11,6.123687744140625,6.375373500467724,6.02679016858534,6.347049469826052,499964000
2020-03-12,5.3743462562561035,5.86653682839324,5.361674865625537,5.601683012584579,816540000
2020-03-13,5.98380708694458,5.988279202422606,5.456335828036192,5.726903790319086,634836000
2020-03-16,4.8796706199646,5.61758447680324,4.8200412987671255,5.277448221100597,726972000
2020-03-17,5.398197650909424,5.487393549135659,4.745504698988345,4.991724142434878,833632000
2020-03-18,5.039178848266602,5.216079295688167,4.4890981795830935,4.971599051150128,874268000
2020-03-19,5.291362285614014,5.384781510391298,4.804885885483796,5.017812074847171,765512000
2020-03-20,5.111976623535156,5.72243203505823,5.096572300669886,5.441180167876771,804636000
2020-03-23,5.284404754638672,5.378569879183568,4.932343026928404,5.11098266460325,643876000
2020-03-24,6.191019058227539,6.277482011070205,5.666032412800152,5.689635534109391,1101644000
2020-03-25,6.102569580078125,6.505067588828619,6.053871996434698,6.305806086188471,793432000
2020-03-26,6.391274929046631,6.51500567196271,6.211392763360578,6.309284089634278,696108000
2020-03-27,6.279221534729004,6.53736691560444,6.178596798409605,6.211392945580001,638828000
2020-03-30,6.59873628616333,6.607929311957334,6.300589195787831,6.344565875032006,602252000
2020-03-31,6.549293518066406,6.842471369775912,6.403946662410681,6.638737263039747,949960000
2020-04-01,6.039212703704834,6.497862107975411,5.994739393513251,6.351770314533199,656912000
2020-04-02,6.3472981452941895,6.360466172613561,6.020330439771605,6.06828211430881,675764000
2020-04-03,6.060083866119385,6.3512737262282615,5.922936292466646,6.309781665017789,663212000
2020-04-06,6.668552398681641,6.705324028034606,6.2841911317723405,6.341584633964066,727884000
2020-04-07,6.43574857711792,6.913280697691347,6.39276565353662,6.889677100662203,784520000
2020-04-08,6.632524490356445,6.65737015384119,6.474755072203678,6.544571154388917,542444000
2020-04-09,6.533141613006592,6.780851842121468,6.47028226643926,6.757994156401473,525564000
2020-04-13,6.7045769691467285,6.713272880415038,6.385311444319896,6.473513100836527,398408000
2020-04-14,7.0548996925354,7.088937907231297,6.804953130241058,6.832531728016859,530948000
2020-04-15,6.977630138397217,7.060365936147796,6.841973436906401,6.8871921794394515,366148000
2020-04-16,7.321990013122559,7.4288260502279275,7.119498939335271,7.132666967595268,745620000
2020-04-17,7.2628583908081055,7.425348280462446,7.129189174090118,7.4039809765502635,539120000
2020-04-20,7.13192081451416,7.2921748539610265,7.087695825238775,7.136641723005758,449388000
2020-04-21,6.696128845214844,7.075271968072633,6.636499541014959,7.014152274839149,735160000
2020-04-22,7.109559535980225,7.152294134687176,6.842469952682461,6.88793701048303,483356000
2020-04-23,7.056391716003418,7.283231848447864,7.031297726274832,7.151550600664706,424160000
2020-04-24,7.1950297355651855,7.197017237436438,6.971667981991772,7.046204988864382,352328000
2020-04-27,7.381122589111328,7.540631210935533,7.30459808693572,7.32919543452104,479388000
2020-04-28,7.2390055656433105,7.558022799320895,7.233539699191487,7.5282079052844395,442904000
2020-04-29,7.415409088134766,7.46808167070093,7.298386285060615,7.373419918837021,379160000
2020-04-30,7.261863708496094,7.4154093460717885,7.247950249284272,7.361494217734316,375916000
2020-05-01,7.025831699371338,7.1778864977303005,6.977631222999146,7.064839149933948,342096000
2020-05-04,7.2372660636901855,7.250931203108053,6.9786235872010405,6.9786235872010405,317556000
2020-05-05,7.29813814163208,7.460379689479762,7.237266284339808,7.341121062746931,368896000
2020-05-06,7.398763179779053,7.50336340077888,7.339630972534059,7.377396350477383,323464000
2020-05-07,7.574668884277344,7.637776560709775,7.486467223583362,7.53764894288539,373732000
2020-05-08,7.764240741729736,7.77045203954479,7.612434291582904,7.646224187677115,339216000
2020-05-11,8.015680313110352,8.062389929650758,7.730701230129176,7.7592735868249,469060000
2020-05-12,7.754302978515625,8.12201733914419,7.744613315147592,8.073320229167217,493060000
2020-05-13,7.731942653656006,8.028598386935984,7.5478366741451675,7.868593117853469,625852000
2020-05-14,7.980892181396484,7.986358046046124,7.640010646522393,7.793307914777422,602312000
2020-05-15,8.438302040100098,8.447991229472853,7.825361531965535,7.841014174290787,987660000
2020-05-18,8.696197509765625,8.861420771854155,8.626878538742194,8.706384284090324,774460000
2020-05-19,8.751105308532715,9.031362884264832,8.708619034200986,8.735949308514005,717320000
2020-05-20,8.914589881896973,8.987138893483177,8.83384159798782,8.935460067603975,587536000
2020-05-21,8.72104549407959,8.996582254257541,8.683528434138534,8.995588977205747,761068000
2020-05-22,8.970495223999023,9.03683343600463,8.659428881177773,8.770736577917994,1038764000
2020-05-26,8.663899421691895,9.125033957478843,8.618432356392493,9.100187815628933,770780000
2020-05-27,8.472590446472168,8.579425553108482,7.947354407491266,8.571723864190476,1175892000
2020-05-28,8.43457317352295,8.70638315643376,8.327487897378179,8.360284036781087,734896000
2020-05-29,8.820673942565918,8.820673942565918,8.4325860729438,8.501656726855527,745256000
2020-06-01,8.751852035522461,8.786139044935808,8.635823453606509,8.778685676901018,389876000
2020-06-02,8.770736694335938,8.78266265454262,8.60452010486707,8.741916492638026,391320000
2020-06-03,8.715331077575684,8.811483716127622,8.64626040545039,8.76775582766167,365440000
2020-06-04,8.716320037841797,8.892057534794523,8.627828785970234,8.678039634844637,424280000
2020-06-05,8.868945121765137,8.945504066976902,8.658158641672431,8.74416371287131,481748000
2020-06-08,8.754607200622559,8.838871382532547,8.636039400805187,8.826443112639739,387736000
2020-06-09,8.99422550201416,9.0576108996986,8.70116321490873,8.749634122486231,468488000
2020-06-10,9.313138008117676,9.44562557035412,9.10110841167236,9.115277601014839,632180000
2020-06-11,8.745903968811035,9.208241690060559,8.73571254486415,9.097628518391415,583652000
2020-06-12,8.881373405456543,9.134665556600186,8.653435597146515,9.110057459617575,570908000
2020-06-15,9.121243476867676,9.129694925278905,8.693704301366452,8.76479584104821,400004000
2020-06-16,9.016594886779785,9.21371094455474,8.78816020790791,9.172199951355399,535716000
2020-06-17,9.183135032653809,9.245774160091079,9.018333252047503,9.061585161810198,408304000
2020-06-18,9.165241241455078,9.229371931959877,9.062333258974562,9.174189555536868,254408000
2020-06-19,9.20824146270752,9.39093989515145,9.174436620303387,9.189599539573098,524160000
2020-06-22,9.472220420837402,9.476695050618543,9.220171418793713,9.246768868541754,398468000
2020-06-23,9.395912170410156,9.587310498937892,9.353655876844556,9.496333923986104,375108000
2020-06-24,9.182637214660645,9.501799939961794,9.092157536203395,9.422008547474825,449372000
2020-06-25,9.435685157775879,9.450599648847081,9.129696769818231,9.302203828855783,376072000
2020-06-26,9.102602005004883,9.445627697411371,9.072773972513554,9.445627697411371,592084000
2020-06-29,9.147343635559082,9.151818266693523,8.849060495094076,9.117267173394785,342248000
2020-06-30,9.443388938903809,9.47172542178639,9.213462711530727,9.260690499073652,367892000
2020-07-01,9.475454330444336,9.520943092607503,9.359124357158036,9.466257584270018,326648000
2020-07-02,9.557235717773438,9.681768727246737,9.5234299184089,9.583832230349895,364056000
2020-07-06,9.782933235168457,9.85203541147055,9.656908714808086,9.685991442309067,315892000
2020-07-07,9.8152494430542,10.012364587676132,9.794369726464941,9.889323129713429,357800000
2020-07-08,10.1575288772583,10.16647813998509,9.908462873664314,9.936550928389142,365480000
2020-07-09,10.448848724365234,10.509499445424936,10.174925327215476,10.320835811494605,494548000
2020-07-10,10.419270515441895,10.594262798531828,10.319345634913779,10.528143708751548,497676000
2020-07-13,9.994711875915527,10.730475965341348,9.967617563822607,10.534355587918135,457076000
2020-07-14,10.317608833312988,10.34321161679843,9.72949390388349,10.017337234248702,542676000
2020-07-15,10.168713569641113,10.373285456655864,9.9981949595581,10.354643532436837,403984000
2020-07-16,10.076741218566895,10.148328658378837,9.838860452437093,9.95767661924684,344964000
2020-07-17,10.143109321594238,10.189840238076629,10.030010888799213,10.16697211899285,266284000
2020-07-20,10.450590133666992,10.470972981230924,10.098616209013986,10.215443985468063,284852000
2020-07-21,10.269386291503906,10.499561960626455,10.227875286408675,10.45283007760043,277036000
2020-07-22,10.37900161743164,10.54181405224988,10.23259426307041,10.308159471542753,367292000
2020-07-23,10.071773529052734,10.48663511726598,9.973837034694547,10.390190166748868,411660000
2020-07-24,10.136148452758789,10.305423911151712,9.721038604140965,9.81847724465439,473292000
2020-07-27,10.361851692199707,10.381985159654809,10.15926726913902,10.17368489136173,292132000
2020-07-28,10.15703296661377,10.322580119377093,10.15081930649934,10.314874915334691,271636000
2020-07-29,10.405598640441895,10.456057943379921,10.287777140002785,10.33127653908729,284508000
2020-07-30,10.553251266479492,10.562199580657735,10.236325247506235,10.315618860396064,308880000
2020-07-31,10.553997039794922,10.704879069341306,10.373286978905037,10.502791478278828,386080000
2020-08-03,10.947234153747559,11.035227656630138,10.653922477472294,10.671073809707988,412720000
2020-08-04,11.163488388061523,11.163488388061523,10.843580218303728,10.986756094966408,310336000
2020-08-05,11.222148895263672,11.306662426415594,11.102338977036846,11.179644171241007,249924000
2020-08-06,11.270622253417969,11.292993515023817,11.114769668219672,11.284790497851256,244316000
2020-08-07,11.135400772094727,11.438903868594657,10.974328260084071,11.247753943512881,342516000
2020-08-10,11.101095199584961,11.342952810941906,10.794360663161397,11.269376954121983,427796000
2020-08-11,10.787897109985352,11.073005649996452,10.733956913273671,11.010365574495092,354512000
2020-08-12,11.374773025512695,11.401369537124475,10.895531365569134,10.92784561988187,464412000
2020-08-13,11.377503395080566,11.654658327351312,11.290753031765972,11.479913541646958,374460000
2020-08-14,11.497811317443848,11.637755639070226,11.37501832276075,11.464005528623535,366436000
2020-08-17,12.266388893127441,12.338722598462818,11.749614046414314,11.7834188931569,621300000
2020-08-18,12.190573692321777,12.424477676202287,12.01707295308066,12.378740485765862,503448000
2020-08-19,12.069022178649902,12.244511302879308,12.028753354306133,12.226117814732458,622624000
2020-08-20,12.071508407592773,12.304169267650222,11.810759499849118,11.906459125153898,921388000
2020-08-21,12.610907554626465,12.735440562334757,12.125451276051237,12.13191431669981,999868000
2020-08-24,12.647442817687988,12.838592680399442,12.435910109440096,12.810006820500528,490564000
2020-08-25,12.677026748657227,12.688211905350567,12.501785041399724,12.558458967341078,289076000
2020-08-26,12.69989013671875,12.794843509741666,12.605185196211957,12.725989774147282,321244000
2020-08-27,12.55596923828125,12.776450255737013,12.494572269907243,12.708341816441752,317604000
2020-08-28,13.072495460510254,13.072743893029559,12.570137408216738,12.6024516518253,537160000
2020-08-31,13.297950744628906,13.497302711489002,12.963128117456806,13.107297710621298,500840000
2020-09-01,13.746006965637207,13.917819141256148,13.363592772595911,13.406856687261872,511316000
2020-09-02,14.268654823303223,14.646841525282102,13.82457680383725,14.6239656123547,874012000
2020-09-03,12.944878578186035,13.809162909123005,12.808870357194603,13.753715512229732,945128000
2020-09-04,12.554010391235352,13.103512283664935,11.641239770900325,12.714384609698111,1463684000
2020-09-08,11.848358154296875,12.481901768077714,11.64074109472669,11.670826550949025,795728000
2020-09-09,12.646007537841797,12.739745856584113,12.165379076629385,12.332716222048454,736200000
2020-09-10,12.244948387145996,12.99435997478572,12.100983190759791,12.918772128859263,698684000
2020-09-11,12.098494529724121,12.583846512984273,11.831202602456209,12.417752852588826,636928000
2020-09-14,12.80240249633789,13.242750033631548,12.562710979011644,13.010020502713123,1201744000
2020-09-15,12.920509338378906,13.22658919691016,12.758145184218588,13.20794074712078,727556000
2020-09-16,12.446595191955566,13.02170750232912,12.445849671255177,12.88694277948844,556384000
2020-09-17,12.395872116088867,12.52143733948817,11.969448508524536,12.066419314288503,792512000
2020-09-18,12.1231107711792,12.563955387993257,11.923699152816207,12.525415950128137,698460000
2020-09-21,12.449333190917969,12.454554682379033,11.839907834677202,11.860296786620351,721044000
2020-09-22,12.569177627563477,12.57937210243199,12.089545037394595,12.506768243734077,646452000
2020-09-23,12.057966232299805,12.657943496885007,12.013708288878673,12.507264838221865,647012000
2020-09-24,12.280998229980469,12.50129674587653,11.948810907879453,12.006745263131892,731240000
2020-09-25,12.80389404296875,12.813591501629551,12.179302394354629,12.379957458878538,588016000
2020-09-28,12.96426773071289,12.980927173677989,12.680814384467055,12.969489219754275,573808000
2020-09-29,13.153987884521484,13.369810463799372,12.863075426348399,12.867301941188636,621460000
2020-09-30,13.45708179473877,13.548582595898237,13.07889511363806,13.086105607065111,689184000
2020-10-01,13.540624618530273,13.688069807917765,13.38770848426377,13.683346280612378,525004000
2020-10-02,12.991372108459473,13.446140634224474,12.98018265968585,13.153239241621401,552496000
2020-10-05,13.568471908569336,13.57021240499254,13.15099937684781,13.164177827694674,479820000
2020-10-06,13.661964416503906,14.065264550133465,13.590852555868134,13.754957214450531,784420000
2020-10-07,13.888229370117188,14.042637510880455,13.788274589231673,13.923785773213117,418084000
2020-10-08,13.763656616210938,14.008073526833186,13.683345275922655,13.998624575917278,378900000
2020-10-09,13.688071250915527,13.749238090470126,13.586625429092514,13.692298713449562,346892000
2020-10-12,14.148807525634766,14.269151250700197,13.837009167737346,13.913591020870141,434744000
2020-10-13,14.170937538146973,14.27064381415561,13.94268301085505,14.218925925974037,344604000
2020-10-14,14.018768310546875,14.264924826969352,13.884252095509092,14.212958430202395,276100000
2020-10-15,13.894196510314941,13.92975196281535,13.693043477475365,13.735810371723643,267224000
2020-10-16,13.736556053161621,14.044874357852594,13.717659097272511,13.96058405122219,242392000
2020-10-19,13.424510955810547,13.907624505901477,13.334004171483173,13.82756165113079,298068000
2020-10-20,13.571457862854004,13.724871025768707,13.433709170027877,13.509794010029397,229212000
2020-10-21,13.451361656188965,13.716664549188273,13.404368249373105,13.551067921694733,219596000
2020-10-22,13.28849983215332,13.537888788294158,13.159950652383756,13.449123468777783,290480000
2020-10-23,13.516507148742676,13.519491128255543,13.21912978294742,13.37701796276027,233484000
2020-10-26,13.06994342803955,13.618451231858877,12.967751138200027,13.354143296213284,336896000
2020-10-27,13.324060440063477,13.369064855419346,13.119923378916424,13.233802153921825,250520000
2020-10-28,12.558483123779297,13.18804870574498,12.540581144576285,13.126384857490965,376520000
2020-10-29,12.953330993652344,13.121165154152697,12.68081757068752,12.768837386000987,320080000
2020-10-30,12.465988159179688,12.866303309085502,12.23325768967022,12.78027345863708,416820000
2020-11-02,12.512487411499023,12.767097924979993,12.327745281962157,12.589069276227741,299652000
2020-11-03,12.948854446411133,13.033890278158362,12.534365826303068,12.63954209787184,272900000
2020-11-04,13.719400405883789,13.752470792021674,13.264631851760678,13.316598246406535,410228000
2020-11-05,14.083166122436523,14.261194749998864,13.915083461408287,14.085653088319836,319028000
2020-11-06,14.48298454284668,14.50958900610018,13.819603973147315,14.033188045302696,383348000
2020-11-09,13.55678653717041,14.61178070378951,13.536895554377303,14.473535006204227,582976000
2020-11-10,12.70070743560791,13.532667608550586,12.559726270533163,13.532667608550586,644068000
2020-11-11,13.345191955566406,13.362099908071459,12.877990493799244,12.982918253581106,404744000
2020-11-12,13.383729934692383,13.691301738758,13.243743750727589,13.405859374670719,365812000
2020-11-13,13.22485065460205,13.594583424540698,12.98839062860737,13.553308511720411,346312000
2020-11-16,13.441914558410645,13.575435787930013,13.084613831121814,13.101023821758483,413776000
2020-11-17,13.349420547485352,13.522476209476965,13.231563772353098,13.478963787065233,312028000
2020-11-18,13.355883598327637,13.531923214939193,13.113456602294555,13.392185521013086,510924000
2020-11-19,13.367319107055664,13.414312507891353,13.028915402073212,13.141053636014096,565936000
2020-11-20,13.01673412322998,13.42127675687941,12.994106718659982,13.380996827726403,341088000
2020-11-23,13.06870174407959,13.309885276431308,12.94487701698277,13.099782179302716,361356000
2020-11-24,12.887439727783203,13.090580823661265,12.815084388554446,13.071186853481274,346500000
2020-11-25,13.16293716430664,13.197498593327106,12.949353072197923,12.961785056669386,259916000
2020-11-27,13.189292907714844,13.334750064003929,13.099035582696706,13.302426146106399,167276000
2020-11-30,13.328780174255371,13.339721115566775,12.901859617237223,13.193021446045464,286952000
2020-12-01,13.317343711853027,13.455340904435158,13.156470608275669,13.419038982985601,296948000
2020-12-02,13.471004486083984,13.599304211301206,13.162437699845077,13.278056936052282,283360000
2020-12-03,13.327250480651855,13.589895549142984,13.260594892112655,13.51776739769357,199520000
2020-12-04,13.488664627075195,13.490405637857798,13.320034212669325,13.37947715956388,202244000
2020-12-07,13.53691577911377,13.660777082523387,13.430714113847694,13.53144416609202,223244000
2020-12-08,13.28148365020752,13.528956715154852,13.213334699311595,13.515277208917487,271920000
2020-12-09,12.864384651184082,13.345154105047774,12.80220542358008,13.232236984460078,401300000
2020-12-10,12.905673027038574,13.001678158655883,12.783552731095787,12.802953380691694,207764000
2020-12-11,12.946462631225586,12.953178094559908,12.757188653902821,12.900698238186449,209264000
2020-12-14,13.240447998046875,13.32003735223366,13.01038499145133,13.020831058609097,270156000
2020-12-15,13.291930198669434,13.394898420852309,13.119072012231975,13.370772848841048,193016000
2020-12-16,13.17453384399414,13.36828413251128,13.144687134351264,13.353609357953253,223116000
2020-12-17,13.272781372070312,13.310835037690895,13.110866383535702,13.298149849964076,231384000
2020-12-18,13.203886032104492,13.33620287544526,13.003420226885908,13.310336289327381,342064000
2020-12-21,13.263823509216309,13.30138000486994,12.900945634831366,13.007645399918461,302332000
2020-12-22,13.210099220275879,13.268796418384998,12.987000341166633,13.250889152405113,185580000
2020-12-23,12.942481994628906,13.20686801104678,12.938254232061905,13.187965472083052,179144000
2020-12-24,12.9270601272583,13.065098078701942,12.87234305599769,12.970336813485524,97884000
2020-12-28,12.833792686462402,12.9954590638984,12.69774525994913,12.9954590638984,212564000
2020-12-29,12.876821517944336,13.005408696448747,12.776340043671759,12.858665667551723,170372000
2020-12-30,13.078285217285156,13.145936077548834,12.830563503464635,12.923582843339691,225396000
2020-12-31,12.987998008728027,13.083505026218697,12.848716190436818,13.069079778670659,192424000
2021-01-04,13.046196937561035,13.582431124501683,12.895971895425573,13.036994722740106,560640000
2021-01-05,13.335954666137695,13.374505491666145,13.01983542997663,13.03251966866756,322760000
2021-01-06,12.549757957458496,13.177021848439159,12.521404624259176,13.15463728846822,580424000
2021-01-07,13.27551555633545,13.309092875319838,12.820364039094777,12.900947707097602,461480000
2021-01-08,13.208609580993652,13.35211916574799,12.975064589250893,13.293920064625954,292528000
2021-01-11,13.551589965820312,13.889347964433247,13.293919414175052,13.349880341033488,518344000
2021-01-12,13.41554069519043,13.683906822949615,13.276508418363603,13.681916283179843,291476000
2021-01-13,13.462301254272461,13.555072944184918,13.316304914526613,13.420765571709692,210028000
2021-01-14,13.132505416870117,13.529955059242468,13.11285713146984,13.505332320205913,283120000
2021-01-15,12.793501853942871,13.256861253737839,12.78255862740494,13.160110379541644,277780000
2021-01-19,12.958403587341309,13.02680018641063,12.778083210638618,12.949449002009063,226188000
2021-01-20,13.297151565551758,13.36156896001884,12.98973747053328,13.044454541839137,258572000
2021-01-21,13.79632568359375,13.927399586057746,13.184979544956937,13.349629808870795,337780000
2021-01-22,13.642123222351074,13.77071039880611,13.557310847947868,13.669482236438519,246820000
2021-01-25,13.58317756652832,13.757528189213795,13.168566485898285,13.711018054558481,251112000
2021-01-26,13.366297721862793,13.574721885748612,13.318792314418362,13.510801637996689,163980000
2021-01-27,12.851451873779297,13.164834764389763,12.728087739342117,13.162098483674535,371272000
2021-01-28,12.984017372131348,13.271286051874542,12.893981971050982,12.92954887671929,228316000
2021-01-29,12.92308235168457,13.26631196684961,12.845234024057874,13.007894722708423,271552000
2021-02-01,13.169063568115234,13.202639933895902,12.836528607721643,12.986256485316742,217204000
2021-02-02,13.487174034118652,13.502345023877039,13.217315428489607,13.329984932916615,220440000
2021-02-03,13.461057662963867,13.860248208938296,13.447129576053145,13.566015475389744,245408000
2021-02-04,13.594121932983398,13.603324148408923,13.26929767552563,13.461555570894452,201340000
2021-02-05,13.521245956420898,13.666746072596897,13.476228255580894,13.654558996907936,169152000
2021-02-08,14.36464786529541,14.39946808686002,13.656799251100956,13.656799251100956,434624000
2021-02-09,14.190047264099121,14.508404628817875,14.149505903817214,14.267148904678315,287560000
2021-02-10,14.68847370147705,14.828501247250246,14.267893903608194,14.389018911932702,485352000
2021-02-11,15.172480583190918,15.193870826597166,14.848402977912496,14.90336959408005,450828000
2021-02-12,14.884464263916016,15.212770519830906,14.699169476852274,14.972758655967848,374756000
2021-02-16,15.251569747924805,15.29360353659292,14.873271342590193,14.98693515502818,321960000
2021-02-17,14.829499244689941,15.145369878254435,14.704145502301538,15.093138598804355,274756000
2021-02-18,14.752894401550293,14.796916836680797,14.500197331565527,14.653407246591904,233868000
2021-02-19,14.849892616271973,15.099106694714642,14.770551858754157,14.947389223018012,271724000
2021-02-22,14.282071113586426,15.055580850463219,14.251478660606724,14.698920325656603,325884000
2021-02-23,14.069417953491211,14.165671652932998,13.320779544823493,14.003010016724044,391780000
2021-02-24,14.424585342407227,14.432296075073527,13.685398664118521,14.050267080329668,448320000
2021-02-25,13.239201545715332,14.300974328312286,13.148420401177352,13.973413810504649,824436000
2021-02-26,13.644115447998047,13.78339633869806,13.292429301420695,13.681919583488115,500932000
2021-03-01,13.770710945129395,13.853533731594203,13.483691763689485,13.80379015389627,353184000
2021-03-02,13.337447166442871,13.849057762968405,13.32724967985745,13.828662789797564,264116000
2021-03-03,12.739031791687012,13.382461933778034,12.733062069739823,13.357342042126135,377592000
2021-03-04,12.3067626953125,12.90840960500294,12.021733103971219,12.735053297663734,573344000
2021-03-05,12.397541999816895,12.485587799757738,11.619306465428844,12.485587799757738,542840000
2021-03-08,11.533750534057617,12.40724370649822,11.507137260717878,12.386102995034543,543112000
2021-03-09,12.46029281616211,12.556330138602013,12.001500032074086,12.072160122978335,521824000
2021-03-10,12.408539772033691,12.917838270232659,12.397841436057153,12.779006670400841,384376000
2021-03-11,12.931275367736816,12.983773338654254,12.673515863827634,12.887983737424646,299916000
2021-03-12,12.79443359375,12.82702688570475,12.529707651427094,12.587678172940858,243964000
2021-03-15,13.128076553344727,13.143502391712138,12.706107314755066,12.803140232452149,221988000
2021-03-16,13.227598190307617,13.447788202434918,13.053933410810396,13.292535152594793,272128000
2021-03-17,13.277359962463379,13.388823115161827,12.92729410030536,12.977303509185077,243864000
2021-03-18,12.661574363708496,13.12086450040622,12.656100861548346,13.073592309996888,293896000
2021-03-19,12.784234046936035,12.859621644128715,12.552101370096228,12.6889427194056,299208000
2021-03-22,13.123100280761719,13.33035300913703,12.844938809314465,12.850910591400218,297804000
2021-03-23,13.008155822753906,13.280594218123273,12.958892409753085,13.190776400457926,222048000
2021-03-24,12.582450866699219,13.096229093383043,12.57623136813373,13.088267034255027,245840000
2021-03-25,12.475217819213867,12.653858762465513,12.213229135480182,12.439639589489444,295144000
2021-03-26,12.77776050567627,12.794679287523383,12.314241310915667,12.494374231611701,363968000
2021-03-29,12.88624095916748,12.999944000887075,12.63917981486877,12.75885368993943,273520000
2021-03-30,12.810107231140137,12.913111935410978,12.644155840330791,12.78049983259111,200204000
2021-03-31,13.28432559967041,13.405989749424087,12.92032686561511,12.953168820976972,314776000
2021-04-01,13.745606422424316,13.803576941304831,13.446544640826513,13.507253333989027,308276000
2021-04-05,13.920514106750488,13.946886947789313,13.667232519024436,13.801088900176397,255672000
2021-04-06,13.795120239257812,13.986947180883924,13.707542304084875,13.932708540949296,191744000
2021-04-07,14.075767517089844,14.175288050539208,13.645836193052718,13.814275196569815,251284000
2021-04-08,14.248434066772461,14.402194150043773,14.180758939599981,14.184491777521687,244416000
2021-04-09,14.331038475036621,14.339000535339244,14.107116562396575,14.145929352242257,195172000
2021-04-12,15.136163711547852,15.278976816323755,14.071536912958104,14.221316464351995,869324000
2021-04-13,15.604413032531738,15.624815043568274,15.053314813963015,15.158558477798532,676212000
2021-04-14,15.203839302062988,15.645214960249273,15.15457589300585,15.55017231465496,385500000
2021-04-15,16.059968948364258,16.13659985814199,15.556640352730028,15.587492029138685,598480000
2021-04-16,15.836297988891602,16.08833533705713,15.789273517405002,15.976124276327353,335208000
2021-04-19,15.288183212280273,15.731798779412195,15.160049939654558,15.46209667219749,404420000
2021-04-20,15.098597526550293,15.422786959373079,14.891344758656516,15.249869097697879,334132000
2021-04-21,15.286938667297363,15.28892894500283,15.02992519507416,15.046345697974633,216776000
2021-04-22,14.779131889343262,15.364564899484545,14.712701033462228,15.301368600728402,277788000
2021-04-23,15.192147254943848,15.261563065807191,14.828895411965819,14.86273203688158,227500000
2021-04-26,15.403877258300781,15.404872871832849,15.05256804757207,15.11228113181427,197796000
2021-04-27,15.308090209960938,15.595457144527792,15.280970415828268,15.503897705170875,164572000
2021-04-28,15.203588485717773,15.45786567297515,15.142632080810174,15.290918679330277,209416000
2021-04-29,15.251359939575195,15.362574421161485,14.999322628696001,15.326249241914937,173196000
2021-04-30,14.93761920928955,15.29141694360073,14.92517926148376,15.10182993711183,201912000
2021-05-03,14.765700340270996,15.173736795289228,14.716686536155654,15.052569948757702,203912000
2021-05-04,14.282524108886719,14.567403422368976,13.94315749215213,14.567154756246032,405324000
2021-05-05,14.389256477355957,14.74255683476457,14.318596405874235,14.638556530492483,292024000
2021-05-06,14.453451156616211,14.501470291554716,14.1499124041879,14.42583403228446,193380000
2021-05-07,14.741317749023438,14.899058448800085,14.601490502201287,14.737337192612971,229328000
2021-05-10,14.197431564331055,14.735094144163076,14.181757059075164,14.716433747684961,268904000
2021-05-11,14.237737655639648,14.28600545214214,13.684151890616677,13.758792529289508,285584000
2021-05-12,13.69261360168457,14.191960821269014,13.643599798612323,13.94241106998926,303408000
2021-05-13,13.599806785583496,14.013317589093692,13.394544329389682,13.966541791864056,285404000
2021-05-14,14.174792289733887,14.25938527455248,13.68266022181972,13.823483068810868,258616000
2021-05-17,14.097661972045898,14.101393861667164,13.787156796805611,14.089202579320993,216980000
2021-05-18,13.948630332946777,14.335270069717708,13.936936381971368,14.19867739521661,186256000
2021-05-19,13.998393058776855,14.012077289683873,13.478395131632485,13.501533421636797,344000000
2021-05-20,14.542524337768555,14.613433100183471,14.20216208835548,14.234008437809646,321592000
2021-05-21,14.91995620727539,15.149103926583816,14.79829204158811,15.091132453121565,672992000
2021-05-24,15.53723430633545,15.669596789817742,15.10332149837306,15.139646676419222,554816000
2021-05-25,15.572815895080566,15.742747872729003,15.408357419560648,15.690499512719473,435408000
2021-05-26,15.624812126159668,15.718113155116562,15.511607371227688,15.658898360229065,370440000
2021-05-27,15.413826942443848,15.674572292029511,15.385961157632616,15.624562889185894,581476000
2021-05-28,16.166706085205078,16.199548993346383,15.426767817068965,15.426767817068965,644536000
2021-06-01,16.18661117553711,16.30976923688421,15.827091228848875,16.192085626438377,472804000
2021-06-02,16.697895050048828,16.83772318240532,16.157744990195628,16.174415104884886,594168000
2021-06-03,16.88848114013672,17.17634723996849,16.503584018913063,16.620770279953966,580008000
2021-06-04,17.49407196044922,17.576424107008513,17.01363381979466,17.030550709204036,617120000
2021-06-07,17.534624099731445,17.727197966588108,17.110416805068787,17.487104196499413,575756000
2021-06-08,17.373401641845703,17.53711316104232,17.16838687091044,17.443314784213733,323848000
2021-06-09,17.27907943725586,17.494841943488854,17.177047922626723,17.435862301693522,381656000
2021-06-10,17.345529556274414,17.412225327997316,17.09766651507908,17.270872745755277,287772000
2021-06-11,17.74395179748535,17.857432176144524,17.364191530157925,17.39977791669959,416308000
2021-06-14,17.936573028564453,17.957228441796374,17.58219760269026,17.82433813175605,321376000
2021-06-15,17.707366943359375,17.93407895613419,17.647143687325773,17.83329105855584,243032000
2021-06-16,17.729019165039062,17.872860848959444,17.50429881095447,17.709609271497378,307124000
2021-06-17,18.572158813476562,18.749097779560163,17.675268955812072,17.693435236474446,809656000
2021-06-18,18.553743362426758,19.286635432932194,18.499242623103743,18.698331232193887,968856000
2021-06-21,18.34320640563965,18.451959152942997,17.741463607959098,18.3511693418325,672384000
2021-06-22,18.800615310668945,18.877265712837033,18.30214941599199,18.387260202893206,580144000
2021-06-23,18.9703311920166,19.065396569450836,18.821513150301545,18.92105744176349,332356000
2021-06-24,19.117908477783203,19.331430625682103,19.00119278333372,19.140058125456942,320924000
2021-06-25,18.94420051574707,19.25726689899987,18.8083236791025,19.192562829747995,278364000
2021-06-28,19.893856048583984,19.987178487793155,19.230893075901268,19.272950069531685,495436000
2021-06-29,19.935407638549805,20.007077845848332,19.567343113116312,19.79181470361867,367632000
2021-06-30,19.911273956298828,20.070544083019442,19.77315668561849,19.90803865725093,326568000
2021-07-01,20.11981773376465,20.36270439094077,19.927697171358744,20.033214626548176,480136000
2021-07-02,20.3935604095459,20.411728585764077,20.195219897428057,20.34702451247123,342764000
2021-07-06,20.604095458984375,20.746940344072726,20.257434361701367,20.642917142581126,446708000
2021-07-07,20.27883529663086,20.779790118854034,20.23926744508326,20.758388543871092,418428000
2021-07-08,19.811979293823242,20.041178597383794,19.610900891917264,19.765940834345816,503300000
2021-07-09,19.958805084228516,19.988668945478935,19.664155534759942,19.871455805781903,296624000
2021-07-12,20.418949127197266,20.43910519307565,20.09567932268978,20.147690934282892,321984000
2021-07-13,20.15764808654785,20.367934966049543,20.022268645532385,20.3074610648703,290708000
2021-07-14,19.751008987426758,20.324630982790477,19.662664809285303,20.264905154039226,380100000
2021-07-15,18.879745483398438,19.756479085995565,18.772486985762363,19.72139014783065,550564000
2021-07-16,18.078170776367188,19.06962851714903,17.990572779108614,18.94370627742423,688224000
2021-07-19,18.69409942626953,18.955152344065727,17.784017850781378,17.833542224992588,749060000
2021-07-20,18.527111053466797,18.75208011096828,18.08115440605644,18.644572891370625,434687000
2021-07-21,19.321475982666016,19.437942953866006,18.65652328269626,18.7958841722349,371017000
2021-07-22,19.504638671875,19.796301675105028,19.188088165739423,19.552420095289794,323826000
2021-07-23,19.468801498413086,19.61015406998916,19.162205646075567,19.56635412004103,195672000
2021-07-26,19.206003189086914,19.353326995509125,18.82773525659861,19.222925851749505,203943000
2021-07-27,19.120399475097656,19.532510931072274,18.65552833545474,19.177138728974995,248863000
2021-07-28,19.414051055908203,19.556398512743925,18.908368517411507,19.230890227163382,202191000
2021-07-29,19.57232666015625,19.762455536602744,19.239848425490685,19.42997730193718,190781000
2021-07-30,19.410066604614258,19.540467738094375,19.175142927792987,19.32943476558114,183497000
2021-08-02,19.65991973876953,19.869957802794385,19.272694038595603,19.61014854952345,217444000
2021-08-03,19.724628448486328,20.129771796246487,19.132340904279957,19.649969748387328,301811000
2021-08-04,20.181533813476562,20.225333759526567,19.737566897497963,19.89882869548474,231309000
2021-08-05,20.542875289916992,20.638438109278407,20.24922068734739,20.40650100265894,211435000
2021-08-06,20.273115158081055,20.476185237621273,20.117826497097322,20.430395502608686,178497000
2021-08-09,20.202438354492188,20.414466247960842,20.0511311729326,20.35274874502735,146443000
2021-08-10,19.845077514648438,20.336823982919242,19.744536419810593,20.229316742427432,179238000
2021-08-11,19.60915756225586,19.957561686039927,19.34138529513122,19.951588533994844,185925000
2021-08-12,19.814218521118164,19.937651633578177,19.53051849296908,19.77937830002264,151652000
2021-08-13,20.095928192138672,20.121810585889133,19.7604652564139,19.81421982888038,183063000
2021-08-16,19.859010696411133,20.194473564961584,19.36427582596979,20.043166397287347,210876000
2021-08-17,19.3692569732666,19.679834290499414,19.179128093035906,19.595220967543515,204585000
2021-08-18,18.953163146972656,19.54445389093999,18.913344667898965,19.41106426442262,285913000
2021-08-19,19.707704544067383,20.40152612998121,18.67642838900111,19.405090193128377,766555000
2021-08-20,20.7210636138916,20.76983992496617,19.84209132480141,19.899825465212288,675741000
2021-08-23,21.857852935791016,21.89667462197285,20.854450854471086,20.87535498538819,575807000
2021-08-24,21.693605422973633,21.858848692173698,21.43678269051183,21.653788842883614,297299000
2021-08-25,22.111690521240234,22.367518367862452,21.622930643720796,21.63786162430471,347701000
2021-08-26,21.96735191345215,22.23811072383032,21.6906199517518,22.098749850642953,237940000
2021-08-27,22.532752990722656,22.61836117041373,22.06589231711228,22.08281497464708,304722000
2021-08-30,22.58452796936035,22.93790848715854,22.448153642564538,22.72588055620961,262580000
2021-08-31,22.286832809448242,22.59547280041693,22.022995550957603,22.59547280041693,259850000
2021-09-01,22.342588424682617,22.597466292510102,22.258957158391045,22.386396092304786,201767000
2021-09-02,22.297788619995117,22.493925233851396,22.197231693882596,22.41925336542852,187834000
2021-09-03,22.742828369140625,22.885200930384197,22.102648427978476,22.227100272958122,280532000
2021-09-07,22.5626220703125,22.798582279426377,22.42323471429615,22.73287172125641,198107000
2021-09-08,22.241037368774414,22.510848859948066,21.88062343636692,22.414274113005263,254434000
2021-09-09,22.07974624633789,22.43916319750874,22.033948443162565,22.214154452621685,196856000
2021-09-10,22.379432678222656,22.526782500549718,22.172344593777844,22.250001675952277,248376000
2021-09-13,22.054853439331055,22.863292709143295,21.762142145368966,22.58451995779921,297500000
2021-09-14,22.14446258544922,22.311725124711973,21.989146556569096,22.177316913239693,199755000
2021-09-15,22.243030548095703,22.268917505986135,21.86967498640837,22.211171283679054,166538000
2021-09-16,22.14446258544922,22.179308947795626,21.830843425347233,22.08572130335323,156033000
2021-09-17,21.80396270751953,22.223116047519348,21.734269978657856,22.202208228860844,294503000
2021-09-20,21.020410537719727,21.339006884996316,20.571388169869678,21.053264860277913,349440000
2021-09-21,21.15283203125,21.33104602969822,20.858130525552628,21.323081688701794,204688000
2021-09-22,21.84478187561035,21.86369765838028,21.103048096770816,21.272302669855954,268726000
2021-09-23,22.38340950012207,22.436176576629713,21.794004654713568,22.042908323767797,248555000
2021-09-24,21.984167098999023,22.051869687132683,21.765132553304515,21.973215656561944,217655000
2021-09-27,21.565013885498047,21.70340426569089,21.231483878149266,21.614793860062722,245215000
2021-09-28,20.608226776123047,21.32507053002053,20.560436939331986,21.12096960542121,343069000
2021-09-29,20.427024841308594,20.92483213876471,20.3772429721725,20.848170149177676,218394000
2021-09-30,20.62515640258789,20.97362197253502,20.59727930891089,20.67692841927155,221009000
2021-10-01,20.651037216186523,20.767522794828754,20.11439952459909,20.659001555157612,240978000
2021-10-04,19.64547348022461,20.45192101438955,19.469249598030608,20.41408754199275,345635000
2021-10-05,20.36131477355957,20.557451354715955,19.766932724840515,19.86251239664923,279282000
2021-10-06,20.609224319458008,20.629135169524517,19.991942391773726,20.031767889875287,297202000
2021-10-07,20.982580184936523,21.22849675315436,20.880031234621082,20.99950393304236,256919000
2021-10-08,20.739654541015625,21.113010149793695,20.683900346508157,21.008471035092192,151258000
2021-10-11,20.604246139526367,20.970632383544228,20.421053017517437,20.484773437642136,163388000
2021-10-12,20.58034896850586,20.964655885876756,20.437976429822484,20.736660050850766,162134000
2021-10-13,20.847169876098633,20.897946804868873,20.622161180445953,20.82626206407274,180652000
2021-10-14,21.650638580322266,21.6595979888479,21.029374431188767,21.194646843821843,243589000
2021-10-15,21.766130447387695,21.834828112212975,21.567008625168985,21.714358431793613,226994000
2021-10-18,22.12454605102539,22.19324369618043,21.549079838891977,21.65362080703191,189494000
2021-10-19,22.1922550201416,22.28086353804833,21.94036421502088,22.178314574588498,161473000
2021-10-20,22.006074905395508,22.334627718556206,21.885605224072492,22.207188763908334,146276000
2021-10-21,22.592485427856445,22.61140310749031,21.986156894632483,22.000095437948342,187590000
2021-10-22,22.626340866088867,23.02856856064082,22.46206541817937,22.72291561933294,249384000
2021-10-25,23.06441307067871,23.25258344955109,22.67014969676888,22.872258622224397,230235000
2021-10-26,24.608610153198242,25.14823509331115,23.819088343329533,23.883803837264775,485898000
2021-10-27,24.343772888183594,24.979970559191603,24.17551339728853,24.36667273808714,245990000
2021-10-28,24.831626892089844,24.840588199418896,24.41546066539416,24.768903437739628,234204000
2021-10-29,25.454883575439453,25.596261077566012,24.890370533831586,24.89136560174538,292503000
2021-11-01,25.713741302490234,25.78044692731383,25.11637208457716,25.536522381847643,265740000
2021-11-02,26.28522491455078,26.56101063434502,25.68686059809661,25.708765384211045,294112000
2021-11-03,26.48135757446289,26.666542716501237,26.119950495850016,26.553042329347175,239910000
2021-11-04,29.670312881469727,31.227453379184272,26.999078204026905,27.109591491333024,1153631000
2021-11-05,29.621530532836914,31.26230243845938,29.28102933486203,30.054622412775466,851260000
2021-11-08,30.668914794921875,30.963616262925747,29.775847185212836,30.016786509890455,503101000
2021-11-09,30.52255630493164,32.16830901202429,29.832596497880946,32.140431924829684,646746000
2021-11-10,29.32981300354004,30.714713791904344,28.65179963773985,29.22726595064239,636206000
2021-11-11,30.256729125976562,30.45585281899345,29.646418368081974,30.334388087867172,332172000
2021-11-12,30.256729125976562,30.54545829095262,29.500061751090385,29.87839638802561,413054000
2021-11-15,29.89333152770996,30.509616521619076,29.118743398652445,30.418020909460683,384909000
2021-11-16,30.07054901123047,30.256729228063044,29.57572877826621,29.628497753453818,264484000
2021-11-17,29.132678985595703,30.37520712128107,28.673700206648128,30.28460468714921,428508000
2021-11-18,31.53609275817871,32.61633372407065,31.18364508674992,32.22505942148186,781711000
2021-11-19,32.840362548828125,32.942911535528545,31.76509838660516,32.10161561530399,533867000
2021-11-22,31.81586265563965,34.49506179185787,31.76010847564054,33.37001612006789,754335000
2021-11-23,31.606782913208008,32.21809062628642,30.744579503591616,31.39670778185482,532163000
2021-11-24,32.53071212768555,32.71091813220103,30.792368699348174,31.323032237725272,435162000
2021-11-26,31.364849090576172,32.5665548230208,31.212520168167917,32.45703660205331,283069000
2021-11-29,33.22963333129883,33.26547475913897,31.895509575688923,32.22406422648845,454964000
2021-11-30,32.53269577026367,33.206728683147546,31.724258479576022,33.02353371406536,622066000
2021-12-01,31.300981521606445,33.14707928825368,31.24621570117578,33.077378025602634,484368000
2021-12-02,31.989032745361328,32.33953320579173,30.89272694054253,31.08092223246618,472890000
2021-12-03,30.562143325805664,31.992021860446783,30.001542011299605,31.86357023241154,544325000
2021-12-06,29.908945083618164,30.112073950169314,27.91846679531978,29.752612926604016,658938000
2021-12-07,32.28874588012695,32.31065524359192,30.520318769347558,30.82501579680724,593053000
2021-12-08,31.690311431884766,32.152333886772645,31.287037448230688,31.862574188094904,475551000
2021-12-09,30.36000633239746,32.06769651903593,30.29827039453706,31.59870204936308,488507000
2021-12-10,30.069252014160156,31.17153271430594,29.733688906259296,31.017192866760514,488825000
2021-12-13,28.040935516357422,30.164842841094565,27.99612729686803,30.12003462160517,598344000
2021-12-14,28.216190338134766,28.555736152702433,27.13382466783278,27.580909846868153,667035000
2021-12-15,30.32914161682129,30.369967183258264,27.71931562363803,28.27891988260038,698297000
2021-12-16,28.265972137451172,31.02715026159255,27.973226872595866,31.019184946678816,707366000
2021-12-17,27.682470321655273,28.7986911983122,27.64164476154894,27.865685848167104,713758000
2021-12-20,27.60081672668457,28.024003930739724,27.029264634092446,27.188582303799077,461847000
2021-12-21,28.95104217529297,28.995850397906604,27.284177433595826,28.25303061151138,524385000
2021-12-22,29.274656295776367,29.428996155845503,28.327710555903725,28.767827479708327,395184000
2021-12-23,29.513633728027344,29.93084800774143,29.30552513261703,29.628143214986842,343022000
2021-12-27,30.813072204589844,30.954467015008788,29.513635493426495,29.53355068344991,403686000
2021-12-28,30.192724227905273,31.19642609485194,29.884044529382255,31.17850318637374,420591000
2021-12-29,29.873092651367188,30.41776144298987,29.240799693853926,30.143934262767104,343139000
2021-12-30,29.45986557006836,30.32715249863817,29.41406215423733,29.69983733274605,308864000
2021-12-31,29.285606384277344,29.90196867896362,29.205947537847756,29.547485577861092,266530000
2022-01-03,29.992582321166992,30.58006706522169,29.658014384020838,29.687887165643172,391547000
2022-01-04,29.16512680053711,30.33810404913154,28.22813864702251,30.147918368019972,527154000
2022-01-05,27.486312866210938,29.290587837147367,27.41561641931234,28.82557789334784,498064000
2022-01-06,28.05786895751953,28.31676073412731,26.949615014905067,27.522162492695948,454186000
2022-01-07,27.13083839416504,28.300830190157978,26.941647883892415,28.021028032592206,409939000
2022-01-10,27.28318214416504,27.351888211869046,25.534668178229204,26.467673635110437,594681000
2022-01-11,27.698406219482422,27.94535000609593,26.724577023199927,27.20651282406831,404089000
2022-01-12,27.879629135131836,28.473086907923104,27.49029538667551,27.947338113635016,383413000
2022-01-13,26.461702346801758,28.358579457679358,26.385029059468522,28.2580102227296,540171000
2022-01-14,26.82713508605957,27.081048984239747,26.098255540756934,26.187871987265602,395832000
2022-01-18,25.79256820678711,26.524435305727852,25.660135800028776,26.148046566250244,424270000
2022-01-19,24.960128784179688,26.42983583830402,24.94519334293258,25.96781525631739,488315000
2022-01-20,24.047035217285156,25.469943474688908,23.975341690509236,25.19611632702869,435181000
2022-01-21,23.27434730529785,24.717169013281726,23.163820484440176,23.406779692719766,718958000
2022-01-24,23.272354125976562,23.280319440924885,20.798945308150216,22.234796834896894,913982000
2022-01-25,22.228822708129883,22.8451850306954,21.906204650379927,22.449876349333593,664616000
2022-01-26,22.674915313720703,23.954436811095526,22.204927473512953,23.140920495841154,755959000
2022-01-27,21.850446701049805,23.89270329457415,21.582592522124454,23.467523671999473,573353000
2022-01-28,22.74262809753418,22.76055101003184,21.2052098936802,21.918157029687126,543774000
2022-01-31,24.381608963012695,24.40451162128033,22.95372251615152,23.083167451846627,564680000
2022-02-01,24.5329647064209,25.03780325301419,23.78815245747841,24.996977677997187,518925000
2022-02-02,25.134380340576172,25.706927666454995,24.448316839792206,25.68402691294979,543419000
2022-02-03,23.845905303955078,24.970091884308065,23.67862224760551,24.353731309724164,410178000
2022-02-04,24.21531867980957,24.529971431012495,23.531247360390374,23.869797957184883,354829000
2022-02-07,24.622573852539062,25.074636814466327,24.098815458966705,24.268090747101677,376868000
2022-02-08,25.000953674316406,25.12243327791411,23.877762561815906,24.255146434255927,410359000
2022-02-09,26.59114646911621,26.611061657409135,25.244911267514784,25.51276352295215,524282000
2022-02-10,25.713903427124023,26.81020934447509,25.490859383243375,25.884175827584478,513200000
2022-02-11,23.84689712524414,26.040506046365,23.671648776457072,25.805512129420663,605472000
2022-02-14,24.16353988647461,24.768947532154037,23.653721722186578,23.831959421608797,440424000
2022-02-15,26.38204574584961,26.431831823132374,24.678339744131332,24.842635318538136,699869000
2022-02-16,26.397972106933594,26.468670452357063,25.443061093040882,26.147047583163317,732676000
2022-02-17,24.40251922607422,25.675070604494053,24.061978217389743,25.52073073259493,810595000
2022-02-18,23.54120635986328,24.879476296810182,23.001517271399226,24.562831248228793,761255000
2022-02-22,23.290279388427734,23.96140567068865,22.901942706800956,22.936793337243518,633422000
2022-02-23,22.29155158996582,24.052015226751326,22.205919711751882,23.700519613094333,566511000
2022-02-24,23.646751403808594,23.698529751346676,20.800936466850946,20.925403538862675,735801000
2022-02-25,24.05400848388672,24.11375214772827,23.281317813989904,23.619868407786754,528866000
2022-02-28,24.281038284301758,24.559845228253224,23.605929341272788,23.88971413278726,477319000
2022-03-01,23.376907348632812,24.27307180434672,23.033378906753704,24.187438016478104,412056000
2022-03-02,24.120849609375,24.309076976729223,23.319146643220492,23.658750292293792,389642000
2022-03-03,23.61692237854004,24.226416539633046,23.372924502534758,24.162677458354135,365095000
2022-03-04,22.84210968017578,23.58306351436936,22.38996771003813,23.288275695324913,431415000
2022-03-07,21.264589309692383,22.93870935454276,21.242680010670902,22.723592102393823,450821000
2022-03-08,21.425928115844727,22.281410884459255,20.565464751978574,21.22176739996016,557467000
2022-03-09,22.919784545898438,23.12494059396146,22.15592431561285,22.295350571622645,492742000
2022-03-10,22.565248489379883,22.6947154875098,21.792424138907304,22.438767569291258,428066000
2022-03-11,22.009525299072266,23.05024725471571,21.955745518411543,22.92774970967302,367209000
2022-03-14,21.242677688598633,22.17086141206027,21.072378211360963,21.77947065227046,385354000
2022-03-15,22.87895965576172,22.943694110293766,21.23471894715859,21.429915770648517,491996000
2022-03-16,24.39571762084961,24.49630397600163,23.077138455679332,23.40379479526486,671422000
2022-03-17,24.664613723754883,24.74030090825493,23.80813378286248,24.02125840895199,471941000
2022-03-18,26.344707489013672,26.460233740028837,24.52319636276872,24.697479198946194,730719000
2022-03-21,26.62455940246582,27.040849423539733,25.860699040597943,26.398489377058596,591727000
2022-03-22,26.415422439575195,27.126500332939813,25.965273065436676,26.61759056442038,547007000
2022-03-23,25.529064178466797,26.50305932852309,25.47030568855705,26.019048781115384,502120000
2022-03-24,28.034759521484375,28.204063653708854,25.800941854899072,26.058882339128612,877379000
2022-03-25,27.578638076782227,28.241912070470075,27.159361974596653,27.77184415178732,579016000
2022-03-28,28.10348129272461,28.134354526494057,27.094627668908103,27.642377303838558,425494000
2022-03-29,28.538692474365234,28.827504327820737,27.865459189769126,28.577532381283703,488984000
2022-03-30,27.576642990112305,28.379343137774402,27.390408258662607,28.188129711162127,463487000
2022-03-31,27.174297332763672,28.13235904221387,27.15836398762896,27.668267123207887,523440000
2022-04-01,26.60264778137207,27.38343868051935,26.1594698017538,27.26293373491524,517235000
2022-04-04,27.24799346923828,27.445182845672498,26.504051817215565,26.618580799031673,397120000
2022-04-05,25.824846267700195,27.207164711525582,25.714300606563835,27.142430269538746,436615000
2022-04-06,24.30708122253418,25.196425073376112,23.904735802768805,24.83192419404275,703833000
2022-04-07,24.108901977539062,24.620797799219233,23.381890771561523,24.340947967952697,557992000
2022-04-08,23.02435874938965,23.825068318317854,22.967592876759955,23.81909236344926,524781000
2022-04-11,21.827280044555664,22.22863019589857,21.57133213415732,22.12306512210957,575207000
2022-04-12,21.415969848632812,22.631972169880864,21.194878517496804,22.44474204972869,662258000
2022-04-13,22.112106323242188,22.40789137072251,21.367169228856223,21.639052358381548,516943000
2022-04-14,21.170974731445312,22.683757345759695,21.07636432042871,22.41286958131203,569097000
2022-04-18,21.69382667541504,21.9975764845038,20.992708207900467,21.113213152266766,525701000
2022-04-19,22.107128143310547,22.281410987109858,21.226746193463015,21.631084290617952,512781000
2022-04-20,21.394062042236328,22.577198594461343,21.113216842382243,22.42482503392664,468974000
2022-04-21,20.10037612915039,22.30033264038632,19.918124725646763,21.620128118741523,656209000
2022-04-22,19.435110092163086,20.402135741058334,19.42017210608827,20.219884332875687,624713000
2022-04-25,19.820528030395508,19.863351272784346,19.01782777863427,19.12339284572606,641566000
2022-04-26,18.711088180541992,19.706994507674615,18.593571203547693,19.637281368701824,653143000
2022-04-27,18.339614868164062,19.088535288837406,18.21512658445252,18.52186437824128,499460000
2022-04-28,19.701017379760742,19.954974541798094,18.414306664090166,18.88935323961421,570327000
2022-04-29,18.47107696533203,20.045604367770206,18.441199089362883,19.322576485275174,500435000
2022-05-02,19.45303726196289,19.493867882415657,18.315712153889976,18.46509770793821,572049000
2022-05-03,19.521751403808594,19.743839946636715,19.054671561830528,19.320578698241782,475751000
2022-05-04,20.25075912475586,20.316488927908352,18.67423920836695,19.84144231861461,648855000
2022-05-05,18.766857147216797,19.843431175196322,18.424265535645223,19.785669950252917,626331000
2022-05-06,18.598552703857422,19.43212631898755,17.91635729877483,18.65930381957469,633297000
2022-05-09,16.88060760498047,18.180263350543278,16.758110071792043,17.96016935355247,644455000
2022-05-10,17.522968292236328,18.1235003480761,16.955302082018957,17.6165833349949,761474000
2022-05-11,16.561922073364258,17.680326019393185,16.500177504520302,17.27598789699067,670167000
2022-05-12,16.108779907226562,16.719271193750508,15.5032701645604,16.15260039731434,708728000
2022-05-13,17.63351821899414,17.854609562915,16.52507542137206,16.719276866807252,670437000
2022-05-16,17.193326950073242,17.71518203809066,17.035974706114335,17.437324838562272,521446000
2022-05-17,18.102590560913086,18.295796644400493,17.561814118646062,18.00001156413309,585830000
2022-05-18,16.868663787841797,18.04383374535337,16.794967300527965,17.632524260224322,545161000
2022-05-19,17.05389976501465,17.614594729725628,16.665495022322716,16.867665016255632,621310000
2022-05-20,16.625659942626953,17.33872845520384,15.69050380184821,17.26104864553038,739105000
2022-05-23,16.828824996948242,16.845755601223512,16.112768519957527,16.207378932516523,639889000
2022-05-24,16.087867736816406,16.529054964044875,15.715399228807048,16.44241123290059,588550000
2022-05-25,16.9055118560791,17.040954810049584,15.934502716862164,15.954421301148022,781132000
2022-05-26,17.777925491333008,18.017938165633957,15.956412162178278,15.970354791394591,996575000
2022-05-27,18.73399543762207,18.80370857918977,18.02590557198039,18.111553959995266,738379000
2022-05-31,18.595561981201172,19.121400348314285,18.27487967412374,18.902299762323565,664100000
2022-06-01,18.245004653930664,18.975003835969552,18.047815235455463,18.647352064034678,544514000
2022-06-02,19.511795043945312,19.53868493920684,18.123502575652576,18.21711762991746,648656000
2022-06-03,18.64336395263672,19.25285997901017,18.446174564570704,19.00388342136499,598779000
2022-06-06,18.709096908569336,19.257841926957315,18.48800556646816,19.060652505586596,422406000
2022-06-07,18.848522186279297,18.92221865575563,18.113542511249516,18.396380279945216,388914000
2022-06-08,18.57558822631836,19.105521994199414,18.463026152906487,18.726000947489727,363252000
2022-06-09,17.977914810180664,18.859478331118886,17.97094202357339,18.409233910241724,395574000
2022-06-10,16.90808868408203,17.628280755740548,16.803494968741788,17.531657297722646,465248000
2022-06-13,15.5862398147583,16.248657445936082,15.545398661343508,15.937868732069086,604153000
2022-06-14,15.774505615234375,16.003612016416973,15.35215136745031,15.669912860368118,469680000
2022-06-15,16.462820053100586,16.802495430465633,15.864153172658016,16.032496557191926,563936000
2022-06-16,15.540417671203613,15.880094046952882,15.341194505792407,15.79841174165895,545749000
2022-06-17,15.818334579467773,15.932887781168011,15.26847807134145,15.58723513693202,630334000
2022-06-21,16.50167465209961,16.94195781559774,16.34329164963761,16.41102839784153,483089000
2022-06-22,16.296472549438477,16.59729988882193,16.117171209417034,16.162992114105894,437135000
2022-06-23,16.1619930267334,16.520593728784007,15.791436941343258,16.45485004508153,463680000
2022-06-24,17.059494018554688,17.07343959152511,16.24666280838682,16.43592551294382,472153000
2022-06-27,16.803497314453125,17.262707696564117,16.561440850774616,17.244777939984676,427968000
2022-06-28,15.919939994812012,17.135201879170452,15.883083017438073,16.83437454206532,461149000
2022-06-29,15.481646537780762,15.758566876112974,15.111091360585093,15.752590608725741,482352000
2022-06-30,15.10013484954834,15.506550493203868,14.80428823063541,15.30135010720161,686070000
2022-07-01,14.466605186462402,15.004508262689948,14.336114308605408,14.841145535452219,577610000
2022-07-05,14.905891418457031,14.91286420559904,14.000421809691066,14.119955710684517,651397000
2022-07-06,15.071249008178711,15.25951523393793,14.731572586051486,14.951715092611343,529066000
2022-07-07,15.796420097351074,15.883082152996206,15.329241452564782,15.395981666093258,492903000
2022-07-08,15.776498794555664,15.974726402731946,15.329241976596508,15.37008313178978,467972000
2022-07-11,15.093161582946777,15.466705368190304,14.9796039530425,15.465708848641963,437321000
2022-07-12,15.023433685302734,15.371078433295626,14.819229812840817,15.208711284952944,458483000
2022-07-13,15.105114936828613,15.315296025509971,14.408829876158077,14.533344477991491,521918000
2022-07-14,15.312304496765137,15.412912108666735,14.670805337248709,15.049329768637854,456235000
2022-07-15,15.700794219970703,15.720716063425629,15.38502478396033,15.59819449374581,385935000
2022-07-18,16.03847885131836,16.83138747265714,15.939864245998463,16.238698571143832,670517000
2022-07-19,16.92601776123047,17.0435595776271,16.109202264221235,16.421982128219415,702366000
2022-07-20,17.737850189208984,17.863362252554914,16.73575812116985,16.881191075573774,760538000
2022-07-21,17.979907989501953,18.073542834559365,17.476869827222348,17.815549700814543,557049000
2022-07-22,17.251747131347656,17.897229633267205,17.07045276387724,17.823517582725398,536671000
2022-07-25,16.95789337158203,17.057505436276674,16.584349553933702,16.95291172337914,480748000
2022-07-26,16.468795776367188,16.85329644344221,16.414009062416476,16.823412263121405,397865000
2022-07-27,17.72092056274414,17.86635353894504,16.84732523587989,16.965862630194085,569776000
2022-07-28,17.914165496826172,18.069559869258693,17.372279182649145,17.90520156953599,474646000
2022-07-29,18.092470169067383,18.173155009470385,17.623298471299282,17.743828897049305,435460000
2022-08-01,18.369388580322266,18.772816539459214,17.9201397228468,18.111393572390696,476469000
2022-08-02,18.454059600830078,18.864460391381805,18.021744878238078,18.051629067336524,489527000
2022-08-03,18.81963539123535,18.89434491533446,18.066570532098716,18.113388905855146,418146000
2022-08-04,19.140380859375,19.19915175470648,18.687147876727973,18.775802954410633,409652000
2022-08-05,18.91526222229004,19.154330026144063,18.59351654169447,18.73695646403008,386068000
2022-08-08,17.723907470703125,18.16817666184887,17.175048359813875,17.434038984708703,981859000
2022-08-09,17.019651412963867,17.379249624350564,16.65905763199982,17.18500716001782,668263000
2022-08-10,18.026731491088867,18.047649859236227,17.249759460024144,17.629280596346394,597422000
2022-08-11,17.87232208251953,18.634352514115804,17.806578407240657,18.06058918441991,509327000
2022-08-12,18.636348724365234,18.645314550682862,17.883283911712684,18.089480817540075,478094000
2022-08-15,18.958097457885742,19.0895848654129,18.54072573092658,18.62838336929725,457666000
2022-08-16,18.80569076538086,19.067669997846224,18.429158316805072,18.846531923284925,451240000
2022-08-17,18.2637996673584,18.615429517874343,18.074538853147352,18.451071242381392,446799000
2022-08-18,18.70009994506836,18.79174174116326,18.112390926823224,18.229932730472253,415447000
2022-08-19,17.779691696166992,18.448085673185464,17.700997988903634,18.33452802598433,441588000
2022-08-22,16.967851638793945,17.489816937587364,16.900114915309967,17.422080214103385,409593000
2022-08-23,17.114280700683594,17.397178237368543,16.904099637165128,16.92302685754724,369986000
2022-08-24,17.155120849609375,17.33840632607673,16.8293910435938,16.945935367801415,522661000
2022-08-25,17.84343910217285,17.877307466202186,16.76763310909007,16.778590073936765,770691000
2022-08-26,16.19685935974121,17.85439727044476,16.173947959014292,17.787658007376972,769127000
2022-08-29,15.739641189575195,16.274555614443177,15.705773773179859,15.957791581811284,496132000
2022-08-30,15.407936096191406,15.9767179755962,15.123046421676525,15.898025221954772,530181000
2022-08-31,15.035385131835938,15.479653272888758,14.90090915114216,15.32425893297207,573710000
2022-09-01,13.882880210876465,14.32415979672276,13.218470483091595,14.153823343963365,1178865000
2022-09-02,13.594005584716797,14.115969978398423,13.53822233999636,14.045246540395883,743157000
2022-09-06,13.412712097167969,13.72549288368182,13.299154469269991,13.67767894562563,535751000
2022-09-07,13.66480541229248,13.788361151575964,13.298125457424504,13.51434705091727,512657000
2022-09-08,13.939817428588867,13.957753462874559,13.321045626435659,13.410721996850224,624873000
2022-09-09,14.335391998291016,14.422079811274344,14.075328559341035,14.106216544794995,486612000
2022-09-12,14.452967643737793,14.49481679850031,14.147068757337559,14.317455823482035,484159000
2022-09-13,13.08389663696289,13.872059562410795,13.052011836426038,13.752490135017588,714956000
2022-09-14,13.080906867980957,13.242325437341442,12.866677974239867,13.20645432739914,588507000
2022-09-15,12.88261890411377,13.18552824738612,12.744117608180906,12.968310831940721,523625000
2022-09-16,13.150654792785645,13.164604509794684,12.57173868615092,12.696290273876313,670751000
2022-09-19,13.33399486541748,13.41470462187878,12.963329595471533,12.96532227645463,569685000
2022-09-20,13.128732681274414,13.434631523585498,13.010160093203796,13.167593283848127,524818000
2022-09-21,13.213430404663086,13.98066875064519,13.06297204241683,13.165603203916465,807679000
2022-09-22,12.515941619873047,13.10183266935545,12.38341928920965,13.023115583255532,759162000
2022-09-23,12.471101760864258,12.565761238087397,12.21303103372741,12.375446418238019,663309000
2022-09-26,12.184135437011719,12.613590061867972,12.170185718593245,12.446192490592988,547343000
2022-09-27,12.368474006652832,12.690315342638387,12.214030266074733,12.462136686751897,553854000
2022-09-28,12.690313339233398,12.77700114543241,12.309683684312093,12.365482557221197,542414000
2022-09-29,12.176167488098145,12.455162870322383,11.90315015073606,12.403349347169673,532763000
2022-09-30,12.09545612335205,12.587684528904116,12.03168556856468,12.043642606978148,565638000
2022-10-03,12.467117309570312,12.632522202880898,12.061576751367282,12.3027092319889,547478000
2022-10-04,13.119767189025879,13.172577516081788,12.832800195456576,12.832800195456576,584182000
2022-10-05,13.161614418029785,13.273213099308617,12.575724429638687,12.864684062084223,507131000
2022-10-06,13.082900047302246,13.607013197671234,13.055996476257599,13.172577350446693,644157000
2022-10-07,12.03268051147461,12.624549544676155,11.978874322115674,12.460141479897947,672478000
2022-10-10,11.628137588500977,12.080508526082841,11.367077348214593,11.993820717893747,698699000
2022-10-11,11.544437408447266,11.803503975358765,11.242523926856697,11.519526522035383,667482000
2022-10-12,11.458746910095215,11.692903570079896,11.304303196073544,11.537463990629318,492590000
2022-10-13,11.917097091674805,12.034673832144149,10.774211301684586,10.931644516028966,850103000
2022-10-14,11.186726570129395,12.067555297007958,11.163809311742797,12.013749105457423,713432000
2022-10-17,11.845355033874512,11.905140220648137,11.47568654235639,11.476682407821523,580774000
2022-10-18,11.924071311950684,12.447187622313416,11.57632328719115,12.299718771902551,659362000
2022-10-19,12.007770538330078,12.305698708951443,11.791548948755544,11.83638760168255,523131000
2022-10-20,12.150257110595703,12.723194242073287,12.061575677964084,12.069547352328092,652398000
2022-10-21,12.421281814575195,12.453167564548195,11.844359270919771,12.054601866532238,609494000
2022-10-24,12.553804397583008,12.664406275262714,12.02072372059677,12.46313123131559,517457000
2022-10-25,13.213430404663086,13.252291014913888,12.618571815177777,12.64846488467942,505482000
2022-10-26,12.849739074707031,13.339973788252896,12.662413746395243,12.822836454280946,532953000
2022-10-27,13.128732681274414,13.788358507447875,13.074926497155785,13.58110449439647,583113000
2022-10-28,13.784374237060547,13.800317586774417,13.014147382415905,13.05699335304701,521040000
2022-10-31,13.44858169555664,13.788358974689332,13.249299349428489,13.728573795724296,486341000
2022-11-01,13.49441909790039,13.875048766316969,13.470505022876246,13.761457385078938,432817000
2022-11-02,13.171581268310547,14.159026573083835,13.163610543300285,13.800318290781895,672628000
2022-11-03,13.372857093811035,13.73156634689156,12.90952589233768,12.996213708431235,500065000
2022-11-04,14.105217933654785,14.177956013160445,13.64786393146218,13.935827703250586,612576000
2022-11-07,14.249700546264648,14.360302439141222,13.903946098084313,14.176962450071352,410061000
2022-11-08,14.549620628356934,14.837583500238217,14.165004638425565,14.747906191962752,595292000
2022-11-09,13.726583480834961,14.160023489846735,13.709644264687311,14.111198522670565,454414000
2022-11-10,15.693501472473145,15.716418731024099,14.49481681539553,14.746909510215898,700819000
2022-11-11,16.268428802490234,16.33020665970529,15.426460807751228,15.75029472497801,655487000
2022-11-14,16.236547470092773,16.480669454615672,15.86488533252821,16.15982401511625,527852000
2022-11-15,16.60621452331543,16.937022370999905,16.32323291950231,16.662013391587355,545876000
2022-11-16,15.85292911529541,16.303307412411236,15.816062134408572,16.104025972359103,649547000
2022-11-17,15.62076473236084,16.207652616827055,15.479273906047151,15.658628528149201,710894000
2022-11-18,15.35372543334961,15.944598642065296,15.065761621009438,15.90872657967121,492072000
2022-11-21,15.262055397033691,15.421481294578124,15.025905097362354,15.092665143329405,404739000
2022-11-22,15.98046875,16.000397462317586,15.067754251325974,15.273015617031902,472866000
2022-11-23,16.459749221801758,16.467721850381583,15.990439822785476,16.04025972399919,427241000
2022-11-25,16.211637496948242,16.427858142364496,16.11398946353445,16.259465648152826,167934000
2022-11-28,15.770225524902344,16.29832500895063,15.668592130839407,15.968511085101463,303741000
2022-11-29,15.582900047302246,15.874849224323373,15.46432743853725,15.770225383983295,298384000
2022-11-30,16.866607666015625,16.873584309435355,15.54502609510109,15.644692293883454,565298000
2022-12-01,17.07790184020996,17.20746780911725,16.57956797350174,16.942355347832123,470977000
2022-12-02,16.819761276245117,16.876572437618908,16.390197799139116,16.60348535757367,371389000
2022-12-05,16.55465316772461,16.9383705081479,16.41711252133541,16.62342349091921,352255000
2022-12-06,15.933728218078613,16.51777502605684,15.766287810992363,16.474919041618143,352694000
2022-12-07,16.066282272338867,16.1320623176005,15.614790838365689,15.719441428825348,372388000
2022-12-08,17.11178970336914,17.12175660926792,15.905820703517822,16.218775465562125,515456000
2022-12-09,16.94434928894043,17.5244106979877,16.918436852955416,17.102819869864998,465338000
2022-12-12,17.47657012939453,17.479560391399467,16.74103030994318,16.98023035941477,457328000
2022-12-13,18.01177978515625,18.72738762856205,17.651982672461422,18.469249909930564,656589000
2022-12-14,17.615108489990234,18.19118356291585,17.361955128916474,17.927065273167447,496888000
2022-12-15,16.8955078125,17.26228149783114,16.644348687257953,17.088861558689974,478542000
2022-12-16,16.515777587890625,16.984212566313406,16.355314807354187,16.80780235933555,478232000
2022-12-19,16.1998348236084,16.553651364106894,16.09119880078537,16.51677591008969,354039000
2022-12-20,16.03139877319336,16.255649382131462,15.799176351187127,16.010468843091985,403260000
2022-12-21,16.446008682250977,16.57159013168782,16.04833821118419,16.060299254460205,325025000
2022-12-22,15.287885665893555,16.084223899243984,14.832408745526728,16.040369896727526,565045000
2022-12-23,15.155330657958984,15.287886895394593,14.83340700919184,15.14536375199491,349326000
2022-12-27,14.073944091796875,15.049681806653775,14.009160162650081,15.023768425094323,464902000
2022-12-28,13.989228248596191,14.214474984092547,13.837734330636081,13.880591262742838,351066000
2022-12-29,14.554338455200195,14.634071797044276,14.179591938632296,14.354008980352377,354923000
2022-12-30,14.565303802490234,14.580253211433105,14.18557284700013,14.286236129267657,310490000
2023-01-03,14.26729965209961,14.94603115548883,14.049029532918041,14.801513863050983,401277000
2023-01-04,14.69985294342041,14.803506485615852,14.193546280154266,14.518460195074866,431324000
2023-01-05,14.217467308044434,14.515470784077749,14.100856590990329,14.44271407621345,389168000
2023-01-06,14.809487342834473,14.959984206467885,13.987236581425599,14.425770004011499,405044000
2023-01-09,15.575922966003418,16.002496236779955,15.090545335630782,15.233069416455065,504231000
2023-01-10,15.855988502502441,15.908811394296471,15.42044439804722,15.455327619136956,384101000
2023-01-11,15.94767951965332,15.97458997371224,15.511139335336974,15.787216717511937,353285000
2023-01-12,16.455978393554688,16.581557963434708,15.440374057820266,16.046348710283624,551409000
2023-01-13,16.842689514160156,16.865613588598475,16.11113608569389,16.22375851425544,447287000
2023-01-17,17.643014907836914,17.66892924665794,16.842691082523842,16.842691082523842,511102000
2023-01-18,17.319095611572266,17.81344118394388,17.224410962438323,17.60812825910423,439624000
2023-01-19,16.709138870239258,17.13970056823549,16.67525366289606,16.97923581440398,452932000
2023-01-20,17.779558181762695,17.796501732635843,16.76893705940326,16.954316196674295,564967000
2023-01-23,19.12904930114746,19.180876081650545,17.758630830782767,18.003809541438418,655163000
2023-01-24,19.200803756713867,19.430038785893963,18.757286908397305,18.76426355229002,496204000
2023-01-25,19.258609771728516,19.30545403532492,18.518085645970668,18.849976169985318,449537000
2023-01-26,19.736013412475586,20.0988007667648,19.213759381728458,19.635350144248754,489535000
2023-01-27,20.297138214111328,20.559262315315294,19.34033810009434,19.39714737022937,542142000
2023-01-30,19.0981502532959,20.072890161486782,19.086189204794305,19.883524636147044,488611000
2023-01-31,19.471899032592773,19.621398819093155,18.886855153366426,19.10612138016746,498017000
2023-02-01,20.873212814331055,21.1213817226709,19.545650683627567,19.62538402504865,660477000
2023-02-02,21.636659622192383,21.875859651889073,20.631022997012753,20.9300225588854,564276000
2023-02-03,21.02968978881836,21.672540940249053,20.71972529905481,20.93002263417135,429366000
2023-02-06,21.018726348876953,21.49812252080445,20.716734629117404,20.736668439852636,452197000
2023-02-07,22.099111557006836,22.184825413683594,21.07951986309014,21.310747101593492,664150000
2023-02-08,22.131006240844727,22.80176393868283,21.934662201742093,22.312398971746344,559651000
2023-02-09,22.262563705444336,22.94328822764602,22.046287782724328,22.530668289120996,523876000
2023-02-10,21.194137573242188,22.00442812205311,20.74165187678693,21.6177224771655,550737000
2023-02-13,21.715396881103516,21.974530722285284,20.89214911284721,21.466229945466377,474919000
2023-02-14,22.894458770751953,22.972197984112537,21.294805362518357,21.506098848746547,675474000
2023-02-15,22.68814468383789,22.778841054015846,22.032338260019806,22.473860964718224,420575000
2023-02-16,21.928688049316406,22.474860494775402,21.853937196052712,22.05925016093341,412026000
2023-02-17,21.316728591918945,21.667554896645086,20.905104738152975,21.5589188659097,465888000
2023-02-21,20.58617401123047,21.422377090666945,20.54929664883601,20.93002371650124,410015000
2023-02-22,20.68484115600586,21.03367523119019,20.352950629424083,20.637998793039895,513184000
2023-02-23,23.585145950317383,23.808400461151948,22.94827529850247,23.361893340475753,1117995000
2023-02-24,23.208404541015625,23.395779705379205,22.870535374988126,23.14760888799269,589716000
2023-02-27,23.422685623168945,23.800422369181604,23.375843263094975,23.59112307758857,452994000
2023-02-28,23.138639450073242,23.74561130134119,23.128672543867644,23.294119765093207,455963000
2023-03-01,22.622364044189453,23.1785051990992,22.43299664359423,23.114717384744207,460026000
2023-03-02,23.236310958862305,23.302091014748385,22.35725003920354,22.413065090524846,389415000
2023-03-03,23.810388565063477,23.820355469270233,23.052920954283433,23.242288332226597,412393000
2023-03-06,23.475515365600586,24.167201195099672,23.408737281422425,23.81139232423808,437429000
2023-03-07,23.214336395263672,24.04868872239175,23.167484181656345,23.52534976258205,515154000
2023-03-08,24.10451316833496,24.123454073591056,23.34990765503741,23.412708106815042,513573000
2023-03-09,23.361867904663086,24.376647410205702,23.30903415526027,24.09852871287607,501257000
2023-03-10,22.89236068725586,23.55226740158579,22.65411633700963,23.334956536006658,474866000
2023-03-13,22.893360137939453,23.224310780832916,22.226477404613806,22.680038203014842,421890000
2023-03-14,23.986886978149414,24.14239367745541,23.3857936653715,23.42168099679016,474910000
2023-03-15,24.151369094848633,24.20918430620047,23.286114490388712,23.68584522635948,524486000
2023-03-16,25.460216522216797,25.507066846417814,23.81842456983862,23.95100522634043,583253000
2023-03-17,25.643632888793945,26.31550083175522,25.586812067911023,25.89981997420156,848547000
2023-03-20,25.818078994750977,25.941687335476704,25.050514016475315,25.533980590026932,432747000
2023-03-21,26.11613655090332,26.30852691659845,25.30072485223775,26.097197542002174,547408000
2023-03-22,26.3842830657959,27.50173767157012,26.154012813178745,26.34141790205971,797295000
2023-03-23,27.10499382019043,27.412020167294642,26.60557904977676,27.029233998126443,564889000
2023-03-24,26.694297790527344,27.08107103959281,26.27163910855887,26.945501524795564,454920000
2023-03-27,26.447086334228516,26.914602816630044,26.281611003710644,26.752118256115214,361026000
2023-03-28,26.32646369934082,26.42913854404045,25.768235539667923,26.36334732054611,356104000
2023-03-29,26.898649215698242,26.99235175803325,26.51287415863534,26.740153636460196,393694000
2023-03-30,27.296388626098633,27.412022850595726,27.016277275445294,27.142876388177367,364516000
2023-03-31,27.68914222717285,27.74596114615361,27.019266870020537,27.054156013485166,433933000
2023-04-03,27.87654685974121,27.911436002639256,27.249536675681906,27.421989811329777,398716000
2023-04-04,27.366167068481445,27.911437825351527,27.2206289482267,27.87754496966134,368592000
2023-04-05,26.795976638793945,26.91260524763218,26.31151378285065,26.744141067760594,515015000
2023-04-06,26.95148277282715,26.994346033960124,26.34341159102696,26.49991459021249,397654000
2023-04-10,27.49176788330078,27.5336348544528,26.584646372375655,26.738158599933065,395279000
2023-04-11,27.083065032958984,27.702101097960746,27.04019987081764,27.636309871277366,314378000
2023-04-12,26.411195755004883,27.381117678822534,26.36434353627186,27.28342808388289,446259000
2023-04-13,26.37929344177246,26.80195206178548,26.245718426745807,26.649436142330675,353615000
2023-04-14,26.673364639282227,26.79796926788527,26.13706621130104,26.420168322960834,395660000
2023-04-17,26.916593551635742,26.920580610646343,26.349393053761112,26.480975507689482,321471000
2023-04-18,27.579486846923828,28.021086392851622,27.270467934497674,27.445911825397904,604812000
2023-04-19,27.842655181884766,27.91143718116391,27.145866682608375,27.274458372050166,358660000
2023-04-20,27.018268585205078,27.941340187321615,26.914597451904964,27.58347456890567,427713000
2023-04-21,27.03322410583496,27.097022758549475,26.637480426106034,26.866752496922075,345103000
2023-04-24,26.956462860107422,27.27943741761859,26.586636086793547,26.927555259707116,339282000
2023-04-25,26.157997131347656,27.160815601118838,26.14204889645108,26.99234953614374,378527000
2023-04-26,26.870737075805664,27.243554654828017,26.620531540784825,26.916593006788613,406337000
2023-04-27,27.139883041381836,27.40803318885761,26.540784192741274,27.27645073990056,377161000
2023-04-28,27.66122817993164,27.67019858661315,26.985371350287174,27.13888546768262,292216000
2023-05-01,28.81855583190918,28.96608841417271,27.69213092438785,27.751940608520385,570329000
2023-05-02,28.120771408081055,28.74479273603856,27.994174201759634,28.58928602409841,402730000
2023-05-03,27.71405792236328,28.277271270369077,27.38510184060993,27.751937828826723,383387000
2023-05-04,27.474821090698242,27.77088065437449,27.153839081492926,27.563538380203276,321850000
2023-05-05,28.589284896850586,28.66404652957751,27.64328719583459,27.737986024481625,361494000
2023-05-08,29.058792114257812,29.127574105075855,28.26032704979517,28.4317819808544,344979000
2023-05-09,28.480636596679688,28.881365602403175,28.36002090014192,28.80760023813293,314869000
2023-05-10,28.793638229370117,29.020917714127965,28.37097953587767,28.9132576098521,369350000
2023-05-11,28.48760223388672,28.85842717983505,28.156653575348788,28.80459713886985,322149000
2023-05-12,28.2503604888916,28.688969297483915,27.957289789783168,28.438761858901234,274222000
2023-05-15,28.861421585083008,28.877371722844355,28.062956433881705,28.417829411901007,293926000
2023-05-16,29.120601654052734,29.775525121763952,28.74080810173077,28.74977851008436,449405000
2023-05-17,30.08254623413086,30.103479719693794,29.336912970483333,29.49042519794485,432535000
2023-05-18,31.577802658081055,31.727327831009532,30.224098180923058,30.31381366494329,748725000
2023-05-19,31.165111541748047,31.48011201484415,30.818212695710137,31.43625056372688,473908000
2023-05-22,31.077394485473633,31.42030631608397,30.582962987512797,30.803262757839807,372000000
2023-05-23,30.590938568115234,31.18904124586093,30.534119640801855,30.901952036595638,356253000
2023-05-24,30.441408157348633,30.510190153140588,29.71172312962193,30.114444604983657,721419000
2023-05-25,37.859867095947266,39.3551225285011,36.51912017458201,38.40114883242656,1543911000
2023-05-26,38.82281494140625,39.04610546738504,37.431230509295986,37.77015525878446,714397000
2023-05-30,39.984127044677734,41.80534782144874,39.822640705708025,40.46659728547173,923401000
2023-05-31,37.714324951171875,40.16753897447458,37.70236187467744,39.36309242889398,1002580000
2023-06-01,39.644203186035156,39.92331629567859,38.218726142988906,38.367253104154614,635873000
2023-06-02,39.202606201171875,40.37189627228211,38.934456059073696,39.970171105133474,482731000
2023-06-05,39.04710388183594,39.439854864368684,38.58457081030142,38.78593155134608,396094000
2023-06-06,38.531742095947266,39.03614220536465,38.02734198652988,38.707187926911864,388729000
2023-06-07,37.36033630371094,39.378145544208294,37.241700924960675,38.795932772814304,511998000
2023-06-08,38.39216613769531,38.74508306628558,37.39024395636986,37.60857182578051,417772000
2023-06-09,38.651363372802734,39.589481974633344,38.44898543973068,38.917544642963016,427717000
2023-06-12,39.36118698120117,39.4090404400651,38.49983232769968,39.08005218877828,388701000
2023-06-13,40.8964729309082,40.97523356570902,39.61839813533891,40.06303253313572,613208000
2023-06-14,42.865447998046875,42.86843717633807,40.42792522260855,40.699096175376354,740465000
2023-06-15,42.522491455078125,43.15654702262012,42.018039182120376,42.47164881165265,568622000
2023-06-16,42.561378479003906,43.587229423027736,42.53047128993685,43.317058681239544,655709000
2023-06-20,43.6739616394043,43.85540779562103,42.5434324049572,42.8664423875245,451153000
2023-06-21,42.91328811645508,43.481547516431846,41.95124449603973,43.367894115226505,551603000
2023-06-22,42.89335250854492,43.29312268887753,42.10477246580242,42.12371153008249,417737000
2023-06-23,42.07984924316406,42.678011851996246,41.886442597723466,42.33407006327904,358140000
2023-06-26,40.5076789855957,42.633155713936866,39.97730524543673,42.3310813979573,594322000
2023-06-27,41.747867584228516,41.81167093605906,40.3242393713419,40.674163315350505,462175000
2023-06-28,40.99119186401367,41.71696498768914,40.39402564201727,40.535589450400664,582639000
2023-06-29,40.69709014892578,41.4727094781301,40.47576930987673,41.430838173608656,380514000
2023-06-30,42.17255783081055,42.41980006839875,41.37401012697036,41.552463254955796,501148000
2023-07-03,42.28321838378906,42.76673493754276,42.07286548445585,42.38690024476898,198209000
2023-07-05,42.18751907348633,43.04488443654503,41.95622669958026,42.00607294813804,323618000
2023-07-06,41.97417449951172,42.04994216880029,41.21949078738844,41.71596810959315,303582000
2023-07-07,42.372947692871094,43.08177451798843,42.050937955304576,42.19250176000006,355881000
2023-07-10,42.050933837890625,42.680003559932054,41.521556604913506,42.52647545344216,353908000
2023-07-11,42.27524185180664,42.6271623304336,41.938278668558176,42.35100950902143,298244000
2023-07-12,43.76766586303711,43.80056583036438,42.64610822063504,42.90132541025079,481277000
2023-07-13,45.83631896972656,46.01377191487625,44.35586222212897,44.381783639889846,478204000
2023-07-14,45.32987594604492,47.94086182574558,44.92212700668265,46.44046575236375,772075000
2023-07-17,46.31883239746094,46.353725148743315,45.123503715655524,46.147361621458764,510488000
2023-07-18,47.348670959472656,47.749441291791726,45.594058117307526,46.55809821761458,569164000
2023-07-19,46.93294906616211,47.67168281088611,46.59897504315981,47.31876592185892,427502000
2023-07-20,45.380714416503906,46.942920912803515,44.9241156620399,46.36469382160293,537865000
2023-07-21,44.17341613769531,45.72565485492813,43.965056025974754,45.6478906079313,963769000
2023-07-24,44.47549057006836,44.97097143505105,43.90524224115585,44.59412592293156,382516000
2023-07-25,45.53923416137695,46.04168985274926,44.78554682129327,44.80349329728166,348081000
2023-07-26,45.31291961669922,45.91208233149028,44.49343628066657,45.88017875854229,364237000
2023-07-27,45.75955581665039,47.249980321992574,45.610013268331116,46.37666127130996,455976000
2023-07-28,46.60694885253906,46.88310168130462,46.23907847934213,46.52519903560094,331194000
2023-07-31,46.58601379394531,46.985787745643954,46.36369657868276,46.610938817532,251055000
2023-08-01,46.36469268798828,46.75649169459333,45.88616190163857,46.31783562150429,237858000
2023-08-02,44.133541107177734,45.699733110392835,43.254239992985966,45.69076177542876,530142000
2023-08-03,44.37879180908203,44.979947380659944,43.66597942336427,43.66597942336427,324176000
2023-08-04,44.54328155517578,45.50233587133729,44.25716100939372,44.84734857341807,362666000
2023-08-07,45.27803039550781,45.400655128648054,44.42664342016852,44.97296695444659,322154000
2023-08-08,44.5273323059082,45.10356277836036,43.92119104559553,44.71575315581905,353843000
2023-08-09,42.42379379272461,44.17641407263371,42.005076934408166,44.138528337331145,586449000
2023-08-10,42.25830078125,43.440672654633964,41.70699146291927,42.03099778159967,492705000
2023-08-11,40.7299919128418,41.88943538762121,40.514653222522405,41.62325025169544,533085000
2023-08-14,43.619117736816406,43.66597480294201,40.18765244113688,40.362116194769875,690286000
2023-08-15,43.80554962158203,45.12948908567366,43.576253839259216,44.42365526404346,676512000
2023-08-16,43.35293960571289,44.53830062758481,43.27318256792619,44.38377612065419,527451000
2023-08-17,43.21137619018555,43.927177736442225,42.86942340203336,43.83546018459533,452395000
2023-08-18,43.16651153564453,43.44465716941068,41.53252668330837,42.504541812711565,583768000
2023-08-21,46.82328796386719,46.920987674468684,44.08668826541733,44.35785535241688,692573000
2023-08-22,45.52825927734375,48.03955236680591,45.194285260085415,47.98770953500303,755293000
2023-08-23,46.971839904785156,47.055582524189234,45.06967688525946,45.725664540283454,779046000
2023-08-24,47.01869201660156,50.112198303952155,47.01470644607622,50.062352051208165,1156044000
2023-08-25,45.877193450927734,47.65872425455991,44.88623165435981,46.8681514444708,925341000
2023-08-28,46.69169616699219,46.83625296106333,44.75065488017665,46.33977561628421,685192000
2023-08-29,48.634727478027344,48.93081957760332,46.249048206065815,46.5232082617889,701397000
2023-08-30,49.11325454711914,49.77422400503659,48.27682114567205,48.89392651921933,735206000
2023-08-31,49.2039794921875,49.59178914058814,48.8081949008338,49.228904516562515,528570000
2023-09-01,48.360572814941406,49.64762302557311,47.9946951700236,49.60974109160753,463830000
2023-09-05,48.39945983886719,48.701534160638424,47.71356516049565,48.07545346857959,382653000
2023-09-06,46.920867919921875,48.40443608798967,46.441301191181296,48.296759777568035,468670000
2023-09-07,46.10330581665039,46.20599974475195,45.01754791417301,45.38943829933542,433330000
2023-09-08,45.43629837036133,46.46721981309031,45.13619596961709,45.805199355822154,473069000
2023-09-11,45.04347229003906,46.02553600450633,44.180049901886676,46.01058127939669,473966000
2023-09-12,44.73638916015625,45.536999459957386,44.39839790348207,44.60478224808882,349256000
2023-09-13,45.34955978393555,45.79323440179784,44.37048163678398,44.46719292129203,398355000
2023-09-14,45.445274353027344,45.85006363868303,44.996613561123056,45.8131750613874,370097000
2023-09-15,43.76927947998047,45.4632178335496,43.67755057038964,45.20598666420072,506831000
2023-09-18,43.83507537841797,44.110254465014556,41.87493023032647,42.620703892646866,500271000
2023-09-19,43.39040756225586,43.83507862136541,42.873948499445426,43.702475243933286,373064000
2023-09-20,42.11322784423828,43.77227458906831,42.09727664194988,43.47017540028257,367108000
2023-09-21,40.894859313964844,41.97463457715853,40.85797073876032,41.45917578549763,450736000
2023-09-22,41.48610305786133,41.989600439472675,41.10822995213603,41.448214198146616,479236000
2023-09-25,42.096275329589844,42.40933950772004,41.05438505683627,41.46715374615769,419091000
2023-09-26,41.78620147705078,42.692495155477644,41.53096324756663,41.87593363739022,402282000
2023-09-27,42.34153747558594,42.744337580019156,41.50503894981491,42.20395172792175,444935000
2023-09-28,42.960693359375,43.31662875856255,41.98959464052307,42.33356473794384,424663000
2023-09-29,43.36946487426758,44.0125445851486,43.17803529229858,43.69648724068338,397830000
2023-10-02,44.64865493774414,45.04048245716081,43.73039595276652,43.898891446595,433298000
2023-10-03,43.38741683959961,44.995616545503985,43.11722389309479,44.67457296774722,470850000
2023-10-04,43.90985870361328,44.011556163058,43.16308846642664,43.61174925416727,361821000
2023-10-05,44.554935455322266,44.76630599321606,43.75731831894087,43.91883469559828,393483000
2023-10-06,45.625736236572266,45.65265626506475,43.89490543600504,44.061407980133865,434436000
2023-10-09,45.138187408447266,45.46919952767431,44.235883483851424,44.708471059532506,409675000
2023-10-10,45.661624908447266,46.12125070086953,44.95374003044169,45.17507908955567,368582000
2023-10-11,46.6666259765625,46.71946955859621,45.91287659330196,46.05844175921358,378137000
2023-10-12,46.805206298828125,47.46723049196412,46.1920397832419,46.63770730152995,481325000
2023-10-13,45.32563400268555,46.97570866593482,45.14517319115468,46.82017113247599,474115000
2023-10-16,45.95774459838867,46.08735476029038,44.77826474104746,44.928816083518186,375099000
2023-10-17,43.80717086791992,44.62074305005794,42.35351199528077,43.868986531873404,812333000
2023-10-18,42.07035446166992,43.09031094806606,41.70046078038666,42.46417874850183,627294000
2023-10-19,41.97564697265625,43.16808505814558,41.75729727538286,42.68353205114289,501233000
2023-10-20,41.26376724243164,42.34354268783243,40.955685402910255,41.7652678682802,477266000
2023-10-23,42.84703063964844,43.11922033673946,40.82307664352765,41.10623136446677,478530000
2023-10-24,43.53298568725586,43.56688484318148,42.56388363101051,42.94873204239224,401463000
2023-10-25,41.654598236083984,43.52002933970915,41.431266191839114,43.268776986595036,398379000
2023-10-26,40.2059211730957,42.13017450154096,39.7612500826686,41.7283746394427,541001000
2023-10-27,40.37940216064453,41.08330116511961,39.895845748458264,41.00752725918924,416784000
2023-10-30,41.03843688964844,41.64163496442114,40.36046137678986,40.96465972958588,388028000
2023-10-31,40.658573150634766,40.757281200093225,39.11318915725788,40.32955772912268,517969000
2023-11-01,42.198970794677734,42.25480380163395,40.74730500713954,40.7622597335259,437593000
2023-11-02,43.37644958496094,43.75332234424489,42.76627246802236,43.19897822868172,409172000
2023-11-03,44.87098693847656,45.174078747791896,43.59280293696078,43.888919424366684,424610000
2023-11-06,45.61476516723633,45.798219181155844,44.765301009531704,45.15015318659169,400733000
2023-11-07,45.81816101074219,46.080374555632474,45.02353336587058,45.582863690228386,343165000
2023-11-08,46.43531799316406,46.72744479735544,45.83111967900613,45.96272659241924,346719000
2023-11-09,46.81019592285156,48.08638320008785,46.610790709948866,47.32565472798377,540496000
2023-11-10,48.191070556640625,48.32766364227746,47.14220498356334,47.35855787314543,421245000
2023-11-13,48.4752197265625,48.96974494304787,47.9557712363459,48.176113818422,384136000
2023-11-14,49.508140563964844,49.68561194374708,48.89397746750015,49.5320711696309,416954000
2023-11-15,48.742427825927734,49.81123435682442,48.05647674137133,49.78631108074614,475497000
2023-11-16,49.33266067504883,49.37752865421783,48.186087364869636,48.534047157885986,339756000
2023-11-17,49.151214599609375,49.5689657411974,48.86108069253804,49.376539611283306,325205000
2023-11-20,50.2588996887207,50.397485733557765,49.03455561243681,49.16516605663654,414120000
2023-11-21,49.795284271240234,50.36657612795036,49.07543401602206,49.97674154704206,565747000
2023-11-22,48.57093811035156,50.18511670142029,47.547992253967436,49.703557028583894,899420000
2023-11-24,47.63373947143555,48.77533048753054,47.60282974083701,48.32567320692598,294645000
2023-11-27,48.098350524902344,48.38549115302334,47.51010721393193,47.65766532815117,395662000
2023-11-28,47.67859649658203,48.1791043355462,47.33163320625364,48.09236161129522,401491000
2023-11-29,47.99665451049805,48.616804044774916,47.71748947427739,48.23494506927642,382005000
2023-11-30,46.630733489990234,47.96674352591701,46.28377015509841,47.88099726514556,526247000
2023-12-01,46.625755310058594,47.0594614547249,46.04947720342549,46.38647204656877,369317000
2023-12-04,45.374481201171875,45.93979415914972,44.87597007312704,45.93979415914972,437543000
2023-12-05,46.43142318725586,46.46532151700449,45.140163841646064,45.33459997495961,371718000
2023-12-06,45.37149429321289,47.25005219470193,45.280757679582,47.07854839373765,380590000
2023-12-07,46.46133804321289,46.49424361639184,45.47220434901942,45.56792757808214,350823000
2023-12-08,47.368709564208984,47.60303102965734,46.41547109826504,46.4603430274887,359224000
2023-12-11,46.49224090576172,47.393627560593224,45.69754725900702,47.353746056504626,509728000
2023-12-12,47.51927185058594,47.52824471452688,45.912927610504205,45.912927610504205,372387000
2023-12-13,47.94902420043945,48.45356234904266,47.47041188410191,47.49135110162281,447792000
2023-12-14,48.21025466918945,48.52932948342747,47.28493922936794,48.250139971887165,391232000
2023-12-15,48.74870300292969,49.2612174369844,47.98092791403106,48.05471535600333,479948000
2023-12-18,49.93227767944336,50.28724783914224,49.00795855556237,49.25723605827901,412587000
2023-12-19,49.460636138916016,49.556359352120325,48.75368563402241,49.281156065075976,464444000
2023-12-20,47.971954345703125,49.85449831929735,47.95899143016388,49.511490749608875,397894000
2023-12-21,48.84841537475586,48.95311145717248,48.279062673701084,48.669931851728876,300425000
2023-12-22,48.688873291015625,49.24027260571634,48.32691966505345,49.05281623744541,252507000
2023-12-26,49.13657760620117,49.456649028909844,48.81849930781512,48.82647560877794,244200000
2023-12-27,49.27418518066406,49.536425600159234,48.94314392704513,49.36791528650649,233648000
2023-12-28,49.37887954711914,49.73983287122963,49.26919684127221,49.49953204501984,246587000
2023-12-29,49.37887954711914,49.85250906748791,48.61010784761711,49.66903891502132,389293000
2024-01-02,48.02878952026367,49.15253129584884,47.457447488056715,49.10167999879026,411254000
2024-01-03,47.4315185546875,48.044738980527136,47.183237655059315,47.34776169269325,320896000
2024-01-04,47.859291076660156,48.3598392451417,47.37070546015492,47.62895584693761,306535000
2024-01-05,48.955108642578125,49.4038088927802,48.16639428593929,48.3219454810566,415039000
2024-01-08,52.10198211669922,52.123921699220006,49.33600098033536,49.36890655044413,642510000
2024-01-09,52.986419677734375,54.16799628302355,51.54060955653382,52.249557041176296,773100000
2024-01-10,54.192928314208984,54.442205820352854,53.334416522190715,53.4610522035269,533796000
2024-01-11,54.6635627746582,55.18605048150879,53.40521272938546,54.840053191345746,596759000
2024-01-12,54.55188751220703,54.811138243808735,54.172988448593486,54.46214745952533,352994000
2024-01-16,56.219051361083984,56.67074127144449,54.74133601464206,54.858995015384636,449580000
2024-01-17,55.89100646972656,56.3077977062965,54.581801354818275,56.18415552246115,474394000
2024-01-18,56.94195556640625,57.43353079531085,55.94484563035105,57.094513264905174,491650000
2024-01-19,59.31907272338867,59.328045587590395,57.05961879365457,57.82141078034066,543501000
2024-01-22,59.48160171508789,60.15664716031092,58.89928981630902,59.87546063771517,452955000
2024-01-23,59.69997024536133,59.73686206906665,58.415690511418234,59.39784450488147,294654000
2024-01-24,61.18466567993164,62.66736781993211,59.764781198476165,60.12972459836109,560271000
2024-01-25,61.43891906738281,62.53773532424112,60.67413370207847,62.16979849805745,482777000
2024-01-26,60.854618072509766,61.60444749366959,60.39794531790314,60.78382411519858,390309000
2024-01-29,62.28447341918945,62.30840232360706,60.73097744998884,61.055035142050976,348733000
2024-01-30,62.59257507324219,63.30949885561756,62.08006064595033,62.718214176475605,410735000
2024-01-31,61.349185943603516,62.08904212424609,60.52457632784889,61.262435580323725,453795000
2024-02-01,62.84485626220703,63.00838377287754,61.47183680319707,61.920533287862504,369146000
2024-02-02,65.96880340576172,66.40752664709339,63.5059366044878,63.78911624931711,476578000
2024-02-05,69.13162994384766,69.29615400361993,67.01077810938553,68.02782694293316,680078000
2024-02-06,68.02584075927734,69.552414531284,66.10840153882174,69.42877233327619,683111000
2024-02-07,69.89640045166016,70.01705293105977,67.40462245828914,68.12154618534456,495575000
2024-02-08,69.43972778320312,70.58939534958982,69.2542683281726,69.87147502102263,414422000
2024-02-09,71.92453002929688,71.97637408306973,70.00907672049794,70.32914813919767,436637000
2024-02-12,72.03919982910156,74.39536957580593,71.0440830164451,72.39017991002451,613710000
2024-02-13,71.91954803466797,73.23772604754565,69.4188005504822,70.19654512895808,602580000
2024-02-14,73.6864242553711,74.0214517262709,71.73009661007124,72.99044348203591,504917000
2024-02-15,72.4480209350586,73.76121624211152,72.19077091766044,73.65552738205378,420122000
2024-02-16,72.40313720703125,74.18696820662582,72.29146138961607,73.88583908151942,495327000
2024-02-20,69.25128936767578,71.74805069531128,67.53825202114858,71.7390740272432,704833000
2024-02-21,67.27700805664062,68.68891622407938,66.05654635382845,67.8094614044966,673755000
2024-02-22,78.3110122680664,78.34790027976082,74.00549131721554,74.80816501857926,865100000
2024-02-23,78.58921813964844,82.15587637734276,77.3458203592003,80.55651569183838,829388000
2024-02-26,78.86343383789062,80.41294376465017,78.27812461798902,79.46967086730548,503973000
2024-02-27,78.4735336303711,79.25028909109805,76.93898781736908,79.1515685887392,391705000
2024-02-28,77.43855285644531,78.7048791588161,76.90210568945557,77.39567785845682,393110000
2024-02-29,78.88336181640625,79.75882270864132,78.12356300049603,78.86541608909434,507289000
2024-03-01,82.04120635986328,82.06214938054762,79.20542398518815,79.76879352380037,479135000
2024-03-04,84.99065399169922,87.44155024884783,83.47704345209779,83.88685110747949,615616000
2024-03-05,85.71958923339844,85.85221432148215,83.1798336316164,85.02756212891575,520639000
2024-03-06,88.44779968261719,89.4688902523757,86.78254975478006,87.77173362164056,582520000
2024-03-07,92.405517578125,92.5032385135836,89.34723648723485,89.90165539673119,608119000
2024-03-08,87.27913665771484,97.12306982330983,86.26003928547323,94.86750020038097,1142269000
2024-03-11,85.5301284790039,88.5445284611464,83.92669865835357,86.18326495849031,678364000
2024-03-12,91.65166473388672,91.69852817689657,85.90505025020566,87.79865287127926,668075000
2024-03-13,90.62957763671875,91.24382347923168,88.18354935724443,90.7961026211969,635713000
2024-03-14,87.6939468383789,90.3882676423802,86.35376650266996,89.32230691373881,602318000
2024-03-15,87.58724975585938,89.29139016582063,86.01174797498194,86.68283095505842,642086000
2024-03-18,88.20350646972656,92.1422727821745,86.83739891650431,90.13100922298294,668976000
2024-03-19,89.14382934570312,90.28656718338365,84.76830466715785,86.45349454494367,672171000
2024-03-20,90.11505889892578,90.15295286698971,87.97216679685033,89.54168915568671,479063000
2024-03-21,91.17503356933594,92.38458987226002,90.14796323755638,92.03757971668344,480372000
2024-03-22,94.02091217041016,94.50852022791372,90.57573384993215,90.88186017417289,586719000
2024-03-25,94.73188018798828,96.49086455465545,93.24412560987103,93.67389990625729,552136000
2024-03-26,92.2978286743164,96.10098773672114,92.23899830913079,95.57847549804553,513648000
2024-03-27,89.9933853149414,92.97488149050997,88.86959089521561,92.84724708590295,586067000
2024-03-28,90.0990982055664,91.04041442208826,88.93940289555813,89.74410760252643,435212000
2024-04-01,90.1060791015625,91.96278458075767,88.95037777581965,90.04226569169144,452441000
2024-04-02,89.19766998291016,89.83784291883602,87.3708780678764,88.19651917898095,433064000
2024-04-03,88.71104431152344,90.11703889051455,88.14865256608842,88.23241336254476,370067000
2024-04-04,85.6607437133789,90.3763015666953,85.63581327474101,90.1489453998678,434965000
2024-04-05,87.75777435302734,88.22942906906539,85.68169327218381,86.61901544259366,399678000
2024-04-08,86.88526153564453,88.57743512523471,86.4854007087341,88.44779987998065,283220000
2024-04-09,85.1113052368164,87.38582540473588,82.7859427996773,87.19337337953033,501700000
2024-04-10,86.7915267944336,87.15150043777531,83.47099303047223,83.68737890315158,431929000
2024-04-11,90.35833740234375,90.48098875641487,86.6788348187147,87.17142584493669,431637000
2024-04-12,87.93527221679688,89.91862324437524,87.28113907907206,89.44397103875566,426805000
2024-04-15,85.75646209716797,90.35534773623158,85.68466822355283,88.84465613304712,443077000
2024-04-16,87.16645812988281,87.86745463811035,85.81930143123056,86.18724795044986,370453000
2024-04-17,83.79605865478516,88.52257881551526,83.71129364888468,88.08881052064652,495400000
2024-04-18,84.43023681640625,85.94492236911542,82.16769148595853,84.72839020490255,447260000
2024-04-19,75.98335266113281,84.08425585640761,75.39104730583979,82.91359767384262,875198000
2024-04-22,79.29190826416016,79.8453305652036,76.18277728835372,77.88192715774476,596341000
2024-04-23,82.18863677978516,82.5336536404488,80.03577904129997,80.53934039659947,438559000
2024-04-24,79.4504623413086,83.84293671972377,78.95786360773235,83.71130825195023,512208000
2024-04-25,82.39705657958984,83.08608614140688,78.00058847000186,78.64375119701494,424641000
2024-04-26,87.48554229736328,88.07984835062736,83.14990546047017,83.57967974791617,551011000
2024-04-29,87.50749206542969,87.74181691165053,85.02356957538234,87.34595010949796,388971000
2024-04-30,86.1563491821289,88.5664771787932,86.05464179740662,86.99196409148088,363709000
2024-05-01,82.80488586425781,85.75547203094351,81.02396098069623,84.83509991070004,559863000
2024-05-02,85.572998046875,85.99180203592717,82.96343457532701,84.20888384405981,377898000
2024-05-03,88.53654479980469,89.0271426544853,86.79251724081982,87.53938813243457,398341000
2024-05-06,91.87802124023438,91.95779560513117,88.80179361610953,89.13584021044993,376203000
2024-05-07,90.2965316772461,91.52004037192769,88.75791956813879,90.83898366205493,437342000
2024-05-08,90.1549301147461,90.93470430679172,89.1657463302182,89.22857072950318,325721000
2024-05-09,88.49466705322266,90.81305333122494,87.9801353538175,90.27159797496299,378013000
2024-05-10,89.62245178222656,91.14112411341107,88.973301771079,90.04823965753017,335325000
2024-05-13,90.14196014404297,90.73925596432326,88.27727459241008,90.22073028011366,289680000
2024-05-14,91.09625244140625,91.39041184902159,88.68113417048747,89.34424430460986,296507000
2024-05-15,94.36094665527344,94.5922892882104,91.33856611429667,92.20908510921412,417735000
2024-05-16,94.09071350097656,95.54656142094716,93.83543705567772,94.64014935721045,323952000
2024-05-17,92.21605682373047,94.47062985340762,91.54497378951851,94.10069011001252,359691000
2024-05-20,94.5105209350586,94.92932496808272,93.17433446559033,93.48345064124587,318764000
2024-05-21,95.11479949951172,95.12875963376091,92.9150703346718,93.33287775310836,328946000
2024-05-22,94.6800308227539,95.74698824605449,92.98387077371804,95.18758628884531,548648000
2024-05-23,103.50389099121094,106.01771960058372,101.23136351439217,101.73792243712086,835065000
2024-05-24,106.1662826538086,106.17226230771774,102.70714415978955,104.15202177987621,429494000
2024-05-28,113.5771484375,114.61219912037285,109.57057499198291,109.93054862844438,652728000
2024-05-29,114.4985122680664,115.16361558831227,110.58567348866953,112.72856525449089,557442000
2024-05-30,110.18580627441406,115.4896825683004,109.35118819369168,114.32400776010651,484553000
2024-05-31,109.3212890625,112.39652011050696,106.63594514688756,112.20007402311614,613263000
2024-06-03,114.67301940917969,114.67301940917969,111.68453916444382,113.29794252397816,438392000
2024-06-04,116.10594177246094,116.26848033786769,113.72074443192332,115.38699866419654,403324000
2024-06-05,122.09186553955078,122.10083501982173,117.13400243711465,118.0344347915748,528402000
2024-06-06,120.65396118164062,125.2299099350453,117.98357427866928,123.69528439320365,664696000
2024-06-07,120.54428100585938,121.34599585382935,117.68643254910567,119.42945596831338,412386000
2024-06-10,121.44371032714844,122.74998311505551,116.6773027177119,120.02774969821236,313434100
2024-06-11,120.57611083984375,122.53069738932234,118.41209750977282,121.43372895127102,222551200
2024-06-12,124.8542709350586,126.5296321042774,122.23153612962203,122.72018091821553,299595000
2024-06-13,129.25210571289062,129.4415834964467,126.80887399420205,129.0327119863157,260704500
2024-06-14,131.51585388183594,132.47319457988985,127.96568629462858,129.60115726907208,309320400
2024-06-17,130.6183319091797,133.36073857025062,129.22220369566065,132.6227916073861,288504400
2024-06-18,135.2056121826172,135.95354113797538,130.3291160023479,130.7778703322321,294335100
2024-06-20,130.4188995361328,140.37133929993405,129.16238402506883,139.4139984962637,517768400
2024-06-21,126.22049713134766,130.269291272292,123.9567687165166,126.76898143871918,649445800
2024-06-24,117.78384399414062,124.11630717061917,117.71403760101381,122.89967494041525,476060900
2024-06-25,125.74181365966797,126.15068514494095,118.9905115651875,120.86531742755339,414192600
2024-06-26,126.05096435546875,127.76620840809865,122.26145451808375,125.7817056647018,362975900
2024-06-27,123.64762115478516,126.0609445300648,122.58057607711103,123.75731801767638,252571700
2024-06-28,123.19886016845703,127.35734339260638,122.41104074475835,124.23598924744037,315516700
2024-07-01,123.95675659179688,124.49525872121755,118.50186042748064,123.12904675738962,284885500
2024-07-02,122.33125305175781,123.06921506851164,120.69578241236393,120.79550474728765,218374000
2024-07-03,127.92578125,127.92578125,121.02489116241942,121.324065820501,215749000
2024-07-05,125.48253631591797,128.49420118342798,125.3329490025218,127.02825159880693,214176700
2024-07-08,127.8459701538086,130.40888035262702,126.6891774727848,127.13793174566909,237677300
2024-07-09,131.01722717285156,133.45049207075732,128.29475452643044,129.99007251430768,285366600
2024-07-10,134.53750610351562,134.72698393263494,132.05437571925313,133.6599309861875,248978600
2024-07-11,127.04821014404297,135.77404103999976,126.69917812553707,135.3751516521801,374782700
2024-07-12,128.88311767578125,131.5557097271737,126.86869151292463,127.90581292565753,252680500
2024-07-15,128.0853271484375,131.02717795052595,126.828804392605,130.19946809344353,208326200
2024-07-16,126.01107025146484,128.68366239858466,124.2359867587292,128.0853283678797,214769500
2024-07-17,117.66419219970703,121.51353419420211,116.39770239711136,121.01491484370614,390086200
2024-07-18,120.755615234375,122.062002939552,116.23812571295703,121.51351868069985,320979500
2024-07-19,117.60435485839844,121.26421889531369,117.04590364640599,120.01767057688257,217223800
2024-07-22,123.19886016845703,123.72739542032818,119.52902173833405,120.01766653236042,258068900
2024-07-23,122.25148010253906,124.34568731396223,121.76283530375956,122.44095787706307,173911000
2024-07-24,113.93452453613281,119.61878223552345,113.12676360209511,118.84093724595712,327776900
2024-07-25,111.9699478149414,116.30793416547407,106.00646529957123,112.72785127466838,460067000
2024-07-26,112.74778747558594,115.8791158985684,111.27187868948438,115.86914899111223,293399100
2024-07-29,111.2818603515625,115.95891218291776,110.99266783046404,113.3760676606231,248152100
2024-07-30,103.44355773925781,111.68074265241845,102.25684143468115,111.21203931839821,486833300
2024-07-31,116.69684600830078,118.01320052493742,110.57380222245634,112.5882282546028,473174200
2024-08-01,108.9084243774414,119.82819139029307,106.51505026446524,117.20544905631927,523462300
2024-08-02,106.9737777709961,108.4197782586363,101.09007631034588,103.47347587762454,482027500
2024-08-05,100.17262268066406,103.12445587816262,90.43957861096249,91.80579073756999,552842400
2024-08-06,103.96212768554688,107.41257244920943,100.27234777984627,103.55325619325184,409012100
2024-08-07,98.63688659667969,108.49957704375008,98.41749285839052,107.51230522144884,411440400
2024-08-08,104.68013763427734,105.208672877848,97.2507054584759,101.71833775867768,391910000
2024-08-09,104.46074676513672,106.30563671378638,103.14439207443418,105.348288539487,290844200
2024-08-12,108.71895599365234,110.76329830179426,105.96658275414626,106.02641463942724,325559900
2024-08-13,115.81928253173828,115.9090379559742,111.2718772591507,112.129503005588,312646700
2024-08-14,117.75395202636719,118.27251282253927,113.75502255606693,118.20270641520212,339246400
2024-08-15,122.52074432373047,122.89969228155606,117.1456284695593,118.43206727440648,318086700
2024-08-16,124.2359848022461,124.6548231821397,120.84537209002657,121.60327554530542,302589900
2024-08-19,129.64100646972656,129.64100646972656,123.07917523933753,123.93680096772643,318333600
2024-08-20,126.89862060546875,129.52136317375601,125.54237540722741,128.04543898793298,300087400
2024-08-21,128.14515686035156,128.9928157355832,126.31024153473705,126.9684150377678,257883600
2024-08-22,123.39830017089844,130.3889447703718,122.7600680862335,129.66096486520394,376189100
2024-08-23,129.01275634765625,129.2421321879317,124.87422213092064,125.51245424374224,323230300
2024-08-26,126.11080169677734,130.8975427630235,124.0265765218376,129.21222218734667,331964700
2024-08-27,127.94573974609375,128.84324857005075,123.53793851383286,124.70471367996765,303134600
2024-08-28,125.26315307617188,127.97564354365645,122.30135293496008,127.76621672239743,448101100
2024-08-29,117.2652816772461,124.08639756190335,116.38771446055243,121.02487540717718,453023300
2024-08-30,119.04036712646484,121.41379211002894,116.89630274618307,119.19992133635782,333751600
2024-09-03,107.70176696777344,115.8890948214911,106.99372848681783,115.68965014821475,477155100
2024-09-04,105.91670989990234,112.95721192187169,103.83248489547353,105.11892359162538,372470300
2024-09-05,106.9139633178711,109.34722825345308,104.47073147298623,104.70009212019605,306850700
2024-09-06,102.54603576660156,107.85134422978783,100.67122253581881,107.74164738720688,413638100
2024-09-09,106.1760025024414,106.25578342210773,103.40368021481835,104.59038905946406,273912000
2024-09-10,107.80148315429688,109.09789628161208,104.660180275284,107.51228306871653,268283700
2024-09-11,116.58716583251953,116.86639141709085,107.12336624714985,109.08792746358935,441422400
2024-09-12,118.82117462158203,120.46676065848584,115.07123444451854,116.52732649632485,366052700
2024-09-13,118.78128814697266,119.63898740485247,117.2853021309932,118.76134501471007,238358300
2024-09-16,116.46748352050781,117.86373849865818,114.05396151496328,116.47745888999548,248772300
2024-09-17,115.28067016601562,118.48208669803358,114.52270945275087,117.85376774830212,231925900
2024-09-18,113.06661987304688,117.38502682895009,112.91701975753097,115.57987289959789,310318900
2024-09-19,117.55458068847656,119.33979153223306,116.93623707940027,117.0359679559666,293506400
2024-09-20,115.68959045410156,118.30258221910756,115.0812221714436,116.74675151820551,382462400
2024-09-23,115.94888305664062,116.67692526968904,114.55262802291854,116.23810791147417,206228500
2024-09-24,120.54654693603516,121.47405850127808,115.07123304654733,116.20818172536411,354966800
2024-09-25,123.17948150634766,124.60565503965537,121.28456450552947,121.69346336275538,284692900
2024-09-26,123.70806121826172,127.32834434574869,121.47405774507013,126.46067739619816,302582900
2024-09-27,121.07513427734375,123.69809363981746,118.94086154094774,123.63825663510784,271009200
2024-09-30,121.11502075195312,121.17485775300766,117.83382410218941,117.99339197466074,226553700
2024-10-01,116.68690490722656,122.11234975829879,115.48014381228901,121.44413691318621,302094500
2024-10-02,118.53195190429688,119.06053238913914,114.831880901423,116.12840510154699,221845900
2024-10-03,122.521240234375,124.02720146176961,120.01795510176126,120.59640479294298,277118000
2024-10-04,124.58570861816406,124.70539023390367,121.50398120040512,124.60565935860969,243678100
2024-10-07,127.37820434570312,130.2903881845544,124.61561299835192,124.65550686574433,346250200
2024-10-08,132.5343780517578,133.1227955252644,129.07366275536995,129.9114112143918,285722500
2024-10-09,132.29501342773438,134.16001952786942,131.02842299164354,133.75111306364067,246191600
2024-10-10,134.44923400878906,134.63872798675436,130.64943234270237,131.55700075403345,242311300
2024-10-11,134.43927001953125,135.4166432187145,133.30232133780012,133.6513755856735,170209500
2024-10-14,137.70053100585938,139.22643549757692,135.93526327737888,136.104806530019,232347700
2024-10-15,131.2478485107422,138.19919822128062,128.3955011745818,137.5010592255131,377831000
2024-10-16,135.3568115234375,136.25439701653355,131.22789086287455,133.62146232310147,264879700
2024-10-17,136.56356811523438,140.512977854023,136.50373111006368,138.96712260930138,306435900
2024-10-18,137.63070678710938,138.52829226592988,136.9126323168706,138.2989120156457,176090200
2024-10-21,143.32542419433594,143.32542419433594,137.63069803621275,137.76035501280404,264554500
2024-10-22,143.20574951171875,144.0335302578968,141.400595506541,142.5275764963188,226311600
2024-10-23,139.18653869628906,142.04885378245024,137.09216737152124,141.64993025905358,285930000
2024-10-24,140.0342559814453,140.9717429059513,138.08947737101022,140.44316244306268,172354900
2024-10-25,141.16122436523438,143.74430494634163,140.4232143860229,140.55285615055817,205122100
2024-10-28,140.14398193359375,142.75696611524302,139.6752384054106,142.6173413548028,173586700
2024-10-29,140.8719940185547,141.87928563006452,138.5282768804448,139.91455642525435,157593600
2024-10-30,138.96710205078125,139.95445814390004,136.44387391965424,139.1665637778278,179418100
2024-10-31,132.40472412109375,137.24175143875112,131.756469630996,137.2317836775648,270039600
2024-11-01,135.03768920898438,136.9425820637738,134.20992352327156,134.3395653197305,207127800
2024-11-04,135.68592834472656,138.58814473225323,135.207217103038,136.84282779526694,187528200
2024-11-05,139.53558349609375,139.99434394500742,136.9624861371184,137.0821601293647,160537400
2024-11-06,145.22035217285156,146.09800218631347,141.58012556166827,142.57744958861787,242043900
2024-11-07,148.48159790039062,148.53145192465237,145.77884323892675,145.9982557303204,207323300
2024-11-08,147.23492431640625,149.3691967390222,145.868580298605,148.3718728926044,175665800
2024-11-11,144.8712615966797,148.4516658981078,143.18579701946294,148.2821074463959,182325600
2024-11-12,147.89315795898438,149.2495191040209,145.6192606302401,146.38720431256547,198634700
2024-11-13,145.8785858154297,148.93039482211316,145.50956558703103,148.67109606044525,191903300
2024-11-14,146.36724853515625,148.60125952595652,145.16049515099348,147.24489842760545,194463300
2024-11-15,141.6000518798828,144.85133773586546,139.70514243904907,144.4823175216733,250132900
2024-11-18,139.77493286132812,141.1711953957962,136.7829612819808,139.1266784396513,221205300
2024-11-19,146.6165771484375,146.7362663614533,140.61269838756368,140.94181709193657,227834900
2024-11-20,145.4995880126953,147.16511715506326,142.34804073132528,147.0155246522584,309871700
2024-11-21,146.27749633789062,152.48085228758558,140.3234713661803,148.95033233522298,400946600
2024-11-22,141.57012939453125,146.7661937868221,140.72241318136372,145.539474391015,236406200
2024-11-25,135.65599060058594,141.66985203296244,135.45652887967213,141.61001503848368,344941900
2024-11-26,136.5535888671875,138.9272246590056,135.30693397114106,137.33150030488406,190287700
2024-11-27,134.97781372070312,136.85278753282546,131.44729379106425,134.64869500572706,226370900
2024-11-29,137.88003540039062,138.97709782710584,135.68592576491588,136.41396798376013,141863200
2024-12-02,138.25901794433594,140.07413953973298,137.45118801543165,138.45847968192444,171682800
2024-12-03,139.88467407226562,140.16392360539365,137.58085781498016,137.89002585394636,164414000
2024-12-04,144.7515869140625,145.39984134699782,139.91456002292938,141.61999054867616,231224300
2024-12-05,144.68179321289062,146.15793025557377,143.57468662612678,144.73166589534063,172621200
2024-12-06,142.06861877441406,145.3201135010368,140.94156015213164,144.2229906612707,188505600
2024-12-09,138.44805908203125,139.58508599383495,136.77244688316378,138.6076455444956,189308600
2024-12-10,134.71783447265625,141.4502349567079,133.44115786086326,138.6475487860502,210020900
2024-12-11,138.94676208496094,139.8045203384501,134.85746151474785,137.00184953896905,184905200
2024-12-12,136.98191833496094,138.0790564611993,135.445940177233,136.72260169557995,159211400
2024-12-13,133.89996337890625,139.2360201486468,132.19441524956173,138.57773734651352,231514900
2024-12-16,131.65582275390625,134.04955889819416,130.07994062496547,133.8301313094174,237951100
2024-12-17,130.05003356933594,131.24690176576593,126.5292385551769,128.75342001528475,259410300
2024-12-18,128.57388305664062,136.34356467427952,127.94552085179448,133.51097335742298,277444500
2024-12-19,130.33926391601562,133.68053537391728,129.212220572867,131.41644980197495,209719200
2024-12-20,134.34877014160156,134.9272596326742,127.88567083765561,129.4715213006466,306528600
2024-12-23,139.3058319091797,139.42551415908295,134.76769223262775,135.92467137837366,176053500
2024-12-24,139.8544158935547,141.53002844762267,138.28850193430708,139.63498826590208,105157000
2024-12-26,139.56515502929688,140.48276971800976,137.37089410442982,139.33575896662117,116205600
2024-12-27,136.6527557373047,138.65752461945982,134.35876491420703,138.1887488761999,170582600
2024-12-30,137.1315155029297,139.9042657427297,133.67056192681179,134.47844750631418,167734700
2024-12-31,133.9398651123047,137.71002369221526,133.48107297196478,137.67011945974758,155659200
2025-01-02,137.94937133789062,138.51789243847597,134.27897378808947,135.64539681236818,198247200
2025-01-03,144.09332275390625,144.52219430432945,139.36567593719187,139.6449446721197,229322500
2025-01-06,149.04037475585938,151.7632676182901,147.43458721714921,148.2025685915748,265377400
2025-01-07,139.77459716796875,152.73073241075815,139.6449312609891,152.63098706400407,351782200
2025-01-08,139.74468994140625,143.57467420574872,137.20133554653654,142.20825109505992,227349900
2025-01-10,135.55564880371094,139.55518814906236,133.87005266470834,137.09162690267476,207602500
2025-01-13,132.88262939453125,133.14196124495902,129.1723272147668,129.65108668370792,204808900
2025-01-14,131.4164581298828,136.02442280388445,129.71092511662002,135.6952813829554,195590500
2025-01-15,135.88479614257812,136.09424010113995,130.94768976753863,133.30153730793728,185217300
2025-01-16,133.2217254638672,138.38821138373916,133.14193223642877,138.27849759838656,209235600
2025-01-17,137.3509521484375,138.13888566634566,135.10681862678206,136.33360735729912,201188800
2025-01-21,140.4628143310547,141.4602070208564,136.7325601923546,138.79717036536638,197749000
2025-01-22,146.68655395507812,147.40466270866227,143.2954095914058,144.2828338584672,237651400
2025-01-23,146.83615112304688,146.8461195709751,143.34527675360425,144.67181084027297,155915500
2025-01-24,142.2481231689453,148.58157206293976,141.5100624088345,147.98313043457708,234657600
2025-01-27,118.11123657226562,128.06521102414737,116.39571998533557,124.47460659166907,818830900
2025-01-28,128.6536865234375,128.66365497133788,115.94689837533355,121.49239920882492,579666400
2025-01-29,123.37747955322266,126.55916484585856,119.73700212037913,126.17018228394103,467120600
2025-01-30,124.32499694824219,124.67408285834512,117.79207196266405,122.77903527699785,392925500
2025-01-31,119.7569351196289,127.51664871512425,118.8792323275003,123.45726093608867,388161100
2025-02-03,116.35584259033203,118.26085879772401,112.71535750831777,114.45081877343719,371235700
2025-02-04,118.34063720703125,120.88398385074507,116.39571701060105,116.65504122535879,256550000
2025-02-05,124.50452423095703,124.67407915232373,120.44513651813745,121.44252915135603,262230800
2025-02-06,128.344482421875,128.43425932928383,124.88353622330139,127.08777312720079,251483600
2025-02-07,129.50144958496094,130.03006643749526,124.67407312607986,128.88307105233656,228186300
2025-02-10,133.2217254638672,134.64798945444892,129.6211378778437,129.7507885558044,216989100
2025-02-11,132.4537353515625,134.12934755153938,130.67837780772868,132.23430777027943,178902400
2025-02-12,130.79806518554688,131.89520313508,128.74343886096966,129.68099034166102,160278600
2025-02-13,134.93724060058594,136.14409236479662,130.82798788427175,131.21697039655388,197430000
2025-02-14,138.48797607421875,138.8869270481558,135.1467045962306,136.12414513567924,195479600
2025-02-18,139.03652954101562,143.06600437599374,137.57036112568994,140.90166414837108,219176600
2025-02-19,138.86697387695312,140.99142508356047,136.86222013681927,139.1462426003846,167536000
2025-02-20,139.74468994140625,140.29325896288867,136.43333891646114,139.6648967001902,143903600
2025-02-21,134.07948303222656,141.09116717483585,133.68053207054632,139.6748562571626,228217600
2025-02-24,129.94032287597656,138.22865397806314,129.74084737496105,136.20394796569565,251381100
2025-02-25,126.2998275756836,129.86051900489684,124.11554286315072,129.64109140603463,271428700
2025-02-26,130.93771362304688,133.38132271635274,128.1549946612343,129.6510837247691,322553800
2025-02-27,119.83673095703125,134.6579790491402,119.69709659183455,134.64801060127058,443175800
2025-02-28,124.59429931640625,124.76385425600982,116.09651651556653,117.71228788508736,389091100
2025-03-03,113.76260375976562,123.37746834229016,111.98724605192426,123.18796891235903,411381400
2025-03-04,115.68757629394531,118.9989197292815,109.82291000037466,110.36150296756519,398163300
2025-03-05,116.9941635131836,117.97160407078815,114.21143704412195,117.27343224392774,284337900
2025-03-06,110.28170776367188,115.04924353236196,109.93262184934352,113.2339891683523,321181900
2025-03-07,112.39618682861328,113.18412798197828,107.27955736061682,110.9599388924034,341755500
2025-03-10,106.70106506347656,111.5583622176382,105.18502403072868,109.61344966651625,366487400
2025-03-11,108.47642517089844,111.94734728122161,104.49682307629253,106.71103594468934,354865700
2025-03-12,115.4488525390625,116.46629097878981,112.59604629385464,113.83293253862912,323857500
2025-03-13,115.28924560546875,117.46376184203,113.50374766538481,116.73559490158165,299033100
2025-03-14,121.36392211914062,121.57339292473429,117.85278046649132,118.31162236591584,277593500
2025-03-17,119.22930908203125,122.58085727393843,117.73308248243704,122.43123309193861,255501500
2025-03-18,115.1396255493164,118.7205909220559,114.25186503478537,117.70316017412442,299686900
2025-03-19,117.22435760498047,120.14698705841565,115.3889900516623,116.97498651717953,273426200
2025-03-20,118.23181915283203,119.89761619602571,116.17700382075364,116.25680439544837,248829700
2025-03-21,117.4039077758789,117.6931791575635,115.1296446207881,116.64582513098318,266498500
2025-03-24,121.10458374023438,121.91254366285413,119.03978374206928,119.57842622721644,228452500
2025-03-25,120.38639068603516,120.98487978418257,118.62083909476823,120.24674348347415,167447200
2025-03-26,113.47382354736328,118.5410383402261,112.42646191953317,118.4313220614094,293463300
2025-03-27,111.1496810913086,114.16208047077859,110.38162149260253,111.0698805170997,236902100
2025-03-28,109.39411163330078,112.58606625933987,108.79562251910656,111.20953292547101,229872500
2025-03-31,108.10735321044922,110.68086470981991,103.38925640513808,104.86552901006266,299212700
2025-04-01,109.87290954589844,109.92277920039626,106.20216660392524,108.2470050831867,222614000
2025-04-02,110.14221954345703,111.69830029652357,106.5213541109438,107.0200962834212,220601200
2025-04-03,101.5439224243164,105.36428217323731,101.34442096353821,103.24961996040646,338769400
2025-04-04,94.07275390625,99.87811296890389,91.87829121020437,98.66118836013088,532273800
2025-04-07,97.39436340332031,101.49402435717819,86.40209010889866,87.23997324185012,611041300
2025-04-08,96.05775451660156,105.58372634261488,94.2223791915971,103.54885717389794,476243400
2025-04-09,114.04239654541016,114.8104562069238,97.28465510127192,98.6412345329499,612918300
2025-04-10,107.29940032958984,110.58112503277279,98.90058321638736,109.09487535601897,437812400
2025-04-11,110.65095520019531,111.26939832601622,107.2096367407114,108.2270675758849,313417300
2025-04-14,110.43150329589844,114.00249947758738,108.7956293956101,113.82295197096049,264705000
2025-04-15,111.9177474975586,113.33418114021705,110.22202704858428,110.69084593782598,228966900
2025-04-16,104.2271499633789,106.52136728458446,100.19731179816195,104.28700420641553,397016900
2025-04-17,101.23468017578125,104.20718675881294,99.79830794879128,104.18723281096233,292517500
2025-04-21,96.66622161865234,99.18985605733366,94.80092295909544,98.52153569265882,288501100
2025-04-22,98.64122772216797,99.55891150664588,97.03527729423074,98.53150383378456,241004800
2025-04-23,102.45162200927734,104.53636836662163,101.76335533667917,104.25706634151078,247526000
2025-04-24,106.16226196289062,106.2719858525715,102.85061415392688,103.21968611105362,220815000
2025-04-25,110.73075103759766,111.63845793071249,105.46403435389149,106.58121206849437,251064700
2025-04-28,108.45648956298828,110.0923634818257,105.75329995750923,109.41407373912219,207708500
2025-04-29,108.7457504272461,109.9227823722281,107.16973079396023,107.39914795371472,170444300
2025-04-30,108.64599609375,108.64599609375,103.81817538074749,104.20719367744803,235044600
2025-05-01,111.32923126220703,114.6508560442669,111.02001354244473,112.79553450528941,236121500
2025-05-02,114.21197509765625,115.10971266849934,113.08482035383273,113.89278036249011,190194800
2025-05-05,113.53367614746094,114.38153638068397,112.3765981799359,112.62596928442517,133163200
2025-05-06,113.25438690185547,114.4513652140045,110.541227943435,111.19957134225872,158525600
2025-05-07,116.7655258178711,117.38396890879066,111.99755142427854,112.7656187028628,206758800
2025-05-08,117.07474517822266,118.38144728921775,115.55856464909375,117.95252869863282,198428100
2025-05-09,116.3565673828125,117.93259470484641,114.92018728068513,117.05480348234514,132972200
2025-05-12,122.69058227539062,122.69058227539062,119.9774234659773,121.66317455201767,225023300
2025-05-13,129.6031494140625,130.88991289915035,124.15689275092413,124.66561195964681,330430100
2025-05-14,134.99952697753906,135.09928149974084,131.34873063875938,132.86491109788813,281180800
2025-05-15,134.49082946777344,135.95713281870513,132.32629004982778,133.95217934435928,226632600
2025-05-16,135.0594024658203,136.00702496804118,133.12429521702722,135.87734710554645,226542500
2025-05-19,135.22897338867188,135.5282065455698,132.05696494191162,132.05696494191162,193154600
2025-05-20,134.0419464111328,134.24144022899694,132.28636428496227,133.9521612557517,161514200
2025-05-21,131.4684600830078,137.05436414816955,130.26149714159004,132.72528507307794,270608700
2025-05-22,132.495849609375,133.9122755767364,131.21907084385478,131.89735290411087,187344000
2025-05-23,130.959716796875,132.3462194682512,128.8350854296202,129.67296865108418,198821300
2025-05-27,135.15911865234375,135.31871978851976,132.974625664691,133.81250879901197,192953600
2025-05-28,134.4708709716797,136.904735369061,134.45091702175245,135.68780317037033,304021100
2025-05-29,138.83984375,143.12902933343943,137.56306504893934,141.89214330786072,369241900
2025-05-30,134.7900848388672,139.26878048564038,132.5856374053386,138.37105052724368,333170900
2025-06-02,137.03440856933594,137.7725372671851,135.05937854437917,135.14916370580715,197663100
2025-06-03,140.86473083496094,141.64276735349586,137.60295298700936,138.4308667634816,225578800
2025-06-04,141.56300354003906,142.03182248964907,139.18898547353785,141.8323286265058,167120800
2025-06-05,139.6378631591797,143.63777059715719,138.48077746536075,141.81237210270294,231397900
2025-06-06,141.3634796142578,142.90958336053123,141.1540012092415,142.1514855332369,153986200
2025-06-09,142.27120971679688,144.63524295526028,141.58294302195193,142.8297985646697,185114500
2025-06-10,143.5978546142578,143.92701105784593,141.17395971410352,142.3310452201821,155881900
2025-06-11,142.4805908203125,144.6353103750697,141.52293261104455,144.25623511410478,167694000
2025-06-12,144.64529418945312,144.64529418945312,141.5030059559913,141.62270753548705,162365000
2025-06-13,141.62269592285156,143.22875794239724,140.50544068193668,142.13144281545507,180820600
2025-06-16,144.33604431152344,145.82238955213242,142.84968384945327,142.9993260342438,183133700
2025-06-17,143.76742553710938,144.8647406282524,143.42826095310537,144.13653073401778,139108000
2025-06-18,145.1240997314453,145.2936820241915,142.7698725249477,143.6576946584193,161494100
2025-06-20,143.4980926513672,145.84233449814036,142.30101614416546,145.09416929186932,242956200
2025-06-23,143.81732177734375,144.4258301714446,141.6825573691225,142.15140884759998,154308900
2025-06-24,147.53817749023438,147.59804349475166,145.1440548392029,145.20390562225958,187566100
2025-06-25,153.93251037597656,154.07216728635598,148.8948611020321,148.90484638085596,269146500
2025-06-26,154.64076232910156,156.33660039378947,153.6232534017049,155.59840525486092,198145700
2025-06-27,157.3640899658203,158.32174817747665,154.880175871103,155.65826650868465,263234500
2025-06-30,157.603515625,158.2718747820143,155.57848281781088,158.01250107649778,194580300
2025-07-01,152.9249725341797,156.81542555199195,151.1194029227986,155.90764810734902,213143600
2025-07-02,156.8653106689453,157.21446053326332,152.59578228626097,152.6057523429847,171224100
2025-07-03,158.9501953125,160.58618269349765,157.3840439934681,157.98256705200242,143716100
2025-07-07,157.85289001464844,158.92026447090194,156.95508262544374,157.81297934590498,140139000
2025-07-08,159.6085968017578,159.8280598400772,158.00253468758166,158.9402376292259,138133000
2025-07-09,162.4815216064453,164.01774732411147,160.7657283406859,160.82557911623076,183656400
2025-07-10,163.6985626220703,164.0975779997467,161.214648514871,163.91802564623063,167704100
2025-07-11,164.5165557861328,167.4792915182188,163.07010595303956,163.319494380175,193633300
2025-07-14,163.66864013671875,165.08516454052796,161.62365204151925,164.96544774793,136975800
2025-07-15,170.2824249267578,171.9782632858091,168.7860942767486,170.771231752154,230627400
2025-07-16,170.95077514648438,171.32985042878116,168.4868162544787,170.64153593048928,158831500
2025-07-17,172.5767822265625,173.7339481189201,170.4120926228971,171.59918390717252,160841100
2025-07-18,171.9882354736328,173.8237306114437,170.841039596405,173.21522225123383,146456400
2025-07-21,170.96075439453125,172.9558617527255,170.58167912560677,172.32739806402674,123126100
2025-07-22,166.6213836669922,170.97071815657463,164.17738028748298,170.9208374301641,193114300
2025-07-23,170.36221313476562,170.84103463039327,167.55908978070133,169.1152710575868,154082200
2025-07-24,173.3149871826172,173.40476336343244,170.88095369299285,172.01816431437092,128984600
2025-07-25,173.07557678222656,174.29259358308082,172.53690445106827,173.18530830431874,122316800
2025-07-28,176.31761169433594,176.56700011257405,173.54441370124516,173.594294429185,140023500
2025-07-29,175.08062744140625,178.94117023690123,174.59183591750704,177.52464594674228,154077500
2025-07-30,178.8314666748047,179.44994513464422,175.60935707311754,176.07820855766118,174312200
2025-07-31,177.4348602294922,182.8515843840116,175.4996037416905,182.4525537970388,221685400
2025-08-01,173.29501342773438,176.10810667785404,170.47193489983317,173.66410339060943,204529000
2025-08-04,179.55966186523438,179.75916955634796,174.09307197712414,174.7315057215643,148174600
2025-08-05,177.8238983154297,179.81900550487381,175.4696712230272,179.18057181311008,156407600
2025-08-06,178.9810791015625,179.4599006050506,175.81883576850015,175.898641889325,137192300
2025-08-07,180.32777404785156,183.43016644757114,178.36259217804582,181.12581999654523,151878400
2025-08-08,182.2530517578125,182.85159004607542,179.95867528141937,181.10587113034643,123396700
2025-08-11,181.6146240234375,183.39026839012567,179.80905426349312,181.6046539661726,138323200
2025-08-12,182.71192932128906,184.02869221788941,179.0209838780724,182.51242163652668,145485700
2025-08-13,181.14576721191406,183.51994981646104,178.9112567337155,182.1732462738988,179871700
2025-08-14,181.57472229003906,182.57227595462552,179.02098734413144,179.3102712094187,129554000
2025-08-15,180.008544921875,181.45499460438234,177.6044370814236,181.43505449173978,156602200
2025-08-18,181.56472778320312,182.49246055927404,180.14820347806383,180.15818875593718,132008000
2025-08-19,175.2103271484375,182.0535459787435,175.06070018553257,181.98370991508045,185229200
2025-08-20,174.9709014892578,175.56943975883806,168.38705663117767,174.74146841521826,215142700
2025-08-21,174.55191040039062,176.46721132928369,173.3847746103523,174.42223879358107,140040900
2025-08-22,177.55458068847656,178.15310374912357,170.78118284108405,172.1877371490149,172789400
2025-08-25,179.3701171875,181.46498591558236,176.13805314258047,177.91369740024777,163012800
2025-08-26,181.32533264160156,181.94381103857447,178.37256711704984,179.61950918930867,168688200
2025-08-27,181.15574645996094,182.04356858750407,178.6618623689453,181.53480649120215,235518900
2025-08-28,179.72923278808594,184.01871637210735,175.9784366795831,180.3776517699909,281787800
2025-08-29,173.75387573242188,177.71416467354967,172.72639675993378,177.674269227683,243257900
2025-09-02,170.36221313476562,171.9583050821389,166.81092453439402,169.58412249632292,231164900
2025-09-03,170.20260620117188,171.9882358353705,168.46687251736884,170.64153226145447,164424900
2025-09-04,171.24005126953125,171.43955894132503,168.9955557135668,170.15272152001435,141670100
2025-09-05,166.61141967773438,168.61649709218636,163.66863936987482,167.61894341349083,224441400
2025-09-08,167.8982696533203,170.54179623040895,166.94062657490792,167.140134281122,163769100
2025-09-09,170.34225463867188,170.5617176578999,166.3320999523285,168.6763418810487,157548400
2025-09-10,176.8961944580078,178.85139113084074,175.04074401948455,176.2078799889887,226852000
2025-09-11,176.74655151367188,179.84911904071384,176.05819821844705,179.25054698686972,151159300
2025-09-12,177.39498901367188,178.1731234709029,176.02825318201792,177.34510547722002,124911000
2025-09-15,177.32518005371094,178.4225571584428,174.0929181271268,175.25014939714936,147061600
2025-09-16,174.4620361328125,177.07576937869646,173.96323114864717,176.57696439453113,140737800
2025-09-17,169.8829803466797,172.78602876073558,168.00748411706098,172.22736966160153,211843800
2025-09-18,175.81878662109375,176.67673180432445,172.54662713675344,173.56417834624654,191763300
2025-09-19,176.24774169921875,177.65437533147113,174.76129744715922,175.34989886544702,237182100
2025-09-22,183.17115783691406,184.10891359634738,174.2924356467209,174.88102184557565,269637000
2025-09-23,178.0035400390625,181.98400930831284,175.78885990523673,181.53508786527138,192559600
2025-09-24,176.54702758789062,179.35030900890538,174.98077271717747,179.34033838980653,143564100
2025-09-25,177.2653045654297,179.82915407834395,172.7162058826927,174.06297010669513,191586700
2025-09-26,177.7641143798828,179.3403398828169,174.51189629291883,177.74415791919978,148573700
2025-09-29,181.4153594970703,183.56021461148362,179.8890176259668,179.99874009736317,193063500
2025-09-30,186.13406372070312,186.90222763381766,181.04624695721463,181.6448190078555,236981000
2025-10-01,186.79248046875,187.6903232769056,183.46045188172369,184.79726069745416,173844900
2025-10-02,188.4385528564453,190.59339411626704,187.6105347272827,189.14686265639136,136805800
2025-10-03,187.17156982421875,189.90502650703218,184.93693332773543,188.73782471792558,137596900
2025-10-06,185.09654235839844,186.78250559975277,182.8918329061041,185.0566446584491,157678100
2025-10-07,184.59774780273438,188.60814426716868,183.56024009999027,185.78490613895232,140088000
2025-10-08,188.6580047607422,189.14683908131633,186.09414006589398,186.12408236678675,130168900
2025-10-09,192.1097412109375,194.83321191134357,190.60334055524348,191.77054228398893,182997200
2025-10-10,182.72222900390625,195.15243956582322,181.6148814298513,193.04748211324375,268774400
2025-10-13,187.86990356445312,189.65561858658472,185.51554359294212,187.52073401073042,153482800
2025-10-14,179.59971618652344,184.35831986008523,179.2705030798172,184.32839277968645,205641400
2025-10-15,179.4001922607422,184.42813951825556,176.86625456034105,184.35831474003746,214450500
2025-10-16,181.3754425048828,182.84193018690272,179.34032512988762,181.79443681084305,179723300
2025-10-17,182.78208923339844,183.65999082680747,179.3203816221287,179.74934657743225,173135200
2025-10-20,182.20346069335938,184.7573394499357,181.29563208498195,182.69229499532833,128544700
2025-10-21,180.72702026367188,182.35311411361405,179.37027013728058,182.35311411361405,124240200
2025-10-22,179.84912109375,183.0015721983185,176.33752979723928,180.7070662621498,162249600
2025-10-23,181.72463989257812,182.59255571493648,179.3602938591047,179.98879302554099,111363700
2025-10-24,185.81480407714844,187.0219186862977,183.06140638753934,183.40059008116805,131296700
2025-10-27,191.03233337402344,191.54110896467577,187.9796341631504,189.5359184602369,153452700
2025-10-28,200.5495147705078,202.66444286407344,191.45131745385083,192.58859211843296,297986200
2025-10-29,206.545166015625,211.6828666070652,204.29057291407037,207.482921843539,308829600
2025-10-30,202.4050750732422,205.66726375798942,200.9286166610889,204.65966800141675,178864400
2025-10-31,202.0060272216797,207.4729250244422,201.58703290468912,205.95655376605836,179802200
2025-11-03,206.3855438232422,210.83487551397138,205.06869143040765,207.58267267525224,180267300
2025-11-04,198.21511840820312,203.4824975937368,197.4569251230167,202.51481474882632,188919300
2025-11-05,194.7434539794922,202.43501852267207,194.1847795950905,198.29494312899723,171350300
2025-11-06,187.63047790527344,197.1476699621838,185.9345440647224,195.95054108781363,223029800
2025-11-07,187.70030212402344,187.86990920765928,178.4823961188316,184.45806985353664,264942300
2025-11-10,198.5742645263672,199.46213677715232,193.32682642239038,194.6436788693004,198897100
2025-11-11,192.69833374023438,194.9529266552934,190.84277869998112,194.69355355890158,176483300
2025-11-12,193.33682250976562,195.42182377221093,190.67320561625652,195.25223189760408,154935300
2025-11-13,186.4133758544922,190.98243076168436,183.4105757073767,190.59336353184335,207423100
2025-11-14,189.71546936035156,190.55345800755302,180.14839424900484,182.42294356130517,186591900
2025-11-17,186.1540069580078,188.54826454585316,183.8794576828592,185.52550787171305,173628900
2025-11-18,180.92652893066406,184.35830936263392,179.22060933347112,182.94170515591497,213598900
2025-11-19,186.07418823242188,187.41098174033533,182.39300555425,184.34831228056447,247246400
2025-11-20,180.208251953125,195.53154064523628,179.42014682895694,195.4816571057099,343504800
2025-11-21,178.4524688720703,184.11888595894638,172.51667761994415,180.80682891210233,346926200
2025-11-24,182.11370849609375,183.06143495137792,176.05820849098825,179.06102433247585,256618300
2025-11-25,177.39498901367188,177.73417270583553,169.14475137656873,174.49194072660026,320600300
2025-11-26,179.82916259765625,182.47283807635972,177.81400147563977,181.19589856886267,183852000
2025-11-28,176.5769500732422,178.86147001761242,176.07814512953246,178.5821404669205,121332800
2025-12-01,179.48997497558594,179.8690716163194,173.2648835948944,174.3423041351479,188131000
2025-12-02,181.02630615234375,185.2162648499111,179.56978894419797,181.32557695606172,182632200
2025-12-03,179.1607666015625,182.01393165685582,178.68191808959097,180.6472109015755,165138000
2025-12-04,182.951904296875,184.08924235816875,179.53989011299373,181.1960032737075,167364900
2025-12-05,181.98416137695312,184.22890867632069,180.48766317737477,183.46070200471706,143971100
2025-12-08,185.1168212890625,187.5610985176648,181.97416608957425,182.21361127014939,204378100
2025-12-09,184.53819274902344,185.28644189022677,182.89205072764324,185.12681175320978,144719700
2025-12-10,183.3509521484375,185.04698034073257,181.61500881382975,184.53817644999398,162785400
2025-12-11,180.50759887695312,180.89670300875093,176.20766331092784,179.85912243695617,182136600
2025-12-12,174.6114044189453,182.39319766595756,174.21232912082112,180.68718311570447,204274900
2025-12-15,175.87843322753906,178.0034654802094,174.6213802569945,177.52459033283526,164775600
2025-12-16,177.30511474609375,178.07332144734244,174.4916907151964,175.8485164107673,148588100
2025-12-17,170.5409393310547,175.71882560019336,169.91240520818417,175.68889685369163,222775500
2025-12-18,173.73345947265625,175.7387615308714,171.41888356310693,174.1225483861358,176096000
2025-12-19,180.56747436523438,181.0263919449467,175.92832091222974,176.2575523358494,324925900
2025-12-22,183.2611541748047,183.73005811636295,181.92428623312026,183.49061294732294,129064400
2025-12-23,188.76829528808594,188.88801027625055,182.47301321780614,182.54285710968043,174873600
2025-12-24,188.169677734375,188.4689804086018,186.154389299292,187.50124372172942,65528500
2025-12-26,190.08518981933594,192.24015076382284,187.56109754364968,189.4766133088049,139740300
2025-12-29,187.7805938720703,188.31932652162573,185.47598909796272,187.2717899684254,120006100
2025-12-30,187.1021728515625,188.5487999407664,186.49359631469858,187.8005508490403,97687300
2025-12-31,186.0646209716797,190.11514057964584,186.0546497967401,189.12746144975497,120100500
2026-01-02,188.40911865234375,192.47958012626398,187.82048449119816,189.3967976648124,148240500
2026-01-05,187.6808319091797,193.1779786425506,185.7154296257417,191.31233377676458,183529700
2026-01-06,186.80288696289062,191.72137039337454,186.3838692947835,190.07522846701318,176862600
2026-01-07,188.6685028076172,190.92322111221242,186.12445301449551,188.1297701943655,153543200
2026-01-08,184.60801696777344,189.10749810453436,183.28113525242415,188.66852284990722,172457000
2026-01-09,184.42843627929688,185.9049768874807,183.2412119543349,184.64792389684447,131327500
2026-01-12,184.5082550048828,186.6831584288149,182.59273912358015,182.79226917353867,137968500
2026-01-13,185.376220703125,187.6708543554723,182.97184323887342,184.5681140987238,160128900
2026-01-14,182.7124481201172,184.02937380837906,180.37791464347094,183.88970125566945,159586100
2026-01-15,186.6133270263672,189.25713440169068,185.895006678512,186.06460797964908,206188600
2026-01-16,185.79522705078125,189.99540517049002,185.6455833269296,188.63857958929228,187967200
2026-01-20,177.65428161621094,181.95421697054311,177.19534884297914,181.47532662721457,223345300
2026-01-21,182.8920440673828,184.94723253133864,177.9835164834521,178.6320081827799,200381000
2026-01-22,184.40847778320312,185.7353746560278,183.5005985718231,184.31869154642928,139636600
2026-01-23,187.23187255859375,189.15737478680413,186.38386606278428,187.06227125943187,142748100
2026-01-26,186.03468322753906,188.6784906596197,185.55580805974404,186.7230748442759,124799600
2026-01-27,188.07989501953125,189.55643562401056,185.2664711415707,186.80288446054914,143711600
2026-01-28,191.07289123535156,191.9009553855833,189.3968053634026,190.82347487286611,148552700
2026-01-29,192.06056213378906,193.02829879699948,185.625623299501,190.8932954336949,171764400
2026-01-30,190.6837921142578,194.03594845559672,189.0276639024229,190.7636071727618,179489500
2026-02-02,185.17669677734375,189.8557504766133,184.4484052141589,186.7629812920276,165794100
2026-02-03,179.91897583007812,185.8351396091497,175.81857039871747,185.8052108647954,204019600
2026-02-04,173.78334045410156,179.16075641282603,171.50866453387607,179.04104143486663,207014100
2026-02-05,171.47872924804688,176.40719862825284,170.6307075914073,174.5215964583249,206312900
2026-02-06,184.97714233398438,186.56342663955238,174.1923819783884,176.277498975506,231346200
2026-02-09,189.59632873535156,193.20788788877485,183.5205500126207,183.8298238555102,196387400
2026-02-10,188.09983825683594,192.0306425866914,187.6808205923615,190.93321971968697,136764800
2026-02-11,189.60633850097656,192.80883635229745,188.32932783046314,192.0007297023972,144192700
2026-02-12,186.5035858154297,193.1580126884611,186.07458174632154,192.5793648877844,189932500
2026-02-13,182.3832244873047,187.0622780376601,181.16607138035295,187.04232046551596,161888000
2026-02-17,184.53819274902344,186.71309627900055,178.7617008539599,181.32570855160378,162276900
2026-02-18,187.5411376953125,189.92555739322245,186.3239846890322,188.3093443160685,164749100
2026-02-19,187.46133422851562,187.9900957055448,185.22657333636724,186.62329889395997,126554500
2026-02-20,189.37686157226562,189.88566546751952,185.5059147845697,186.13444888465776,178422300
2026-02-23,191.1028289794922,193.49722008283115,189.13742673270812,190.9531700210539,171584800
2026-02-24,192.39979553222656,193.31764595479845,186.96250644177093,191.04296985904048,175123600
2026-02-25,195.10345458984375,197.16862939564908,193.33758246616242,193.9960453222018,250637100
2026-02-26,184.4583740234375,193.83642365132246,183.8897126034445,193.81648130196652,360807900
2026-02-27,176.77635192871094,182.16373952566906,175.96824531148394,180.82687141264745,311636500
2026-03-02,182.05398559570312,183.03170868955394,174.23229218389588,174.6014235260267,209095300
2026-03-03,179.62966918945312,180.4776756968921,176.50697142699124,178.07331350693755,178099400
2026-03-04,182.61268615722656,184.26881453838726,179.63964723402094,180.01876499488523,177731200
2026-03-05,182.9119873046875,183.6303076754259,177.4647422536165,180.74705501791135,198779700
2026-03-06,177.4048614501953,182.33331553635475,176.40719609116329,179.42013451476103,189021900
2026-03-09,182.2235870361328,182.48298979408452,175.1501427003192,176.4171820751478,177213600
2026-03-10,184.33865356445312,186.00475307627937,181.5850871183009,181.97417604353973,179118500
2026-03-11,185.60574340820312,187.1921136401388,184.02934488988058,185.4860219488843,145280400
2026-03-12,182.7223358154297,184.5182338343672,181.3355064165816,183.63026415055788,155762700
2026-03-13,179.8389434814453,185.66562182453413,179.52965286608148,184.49829181300376,160988400
2026-03-16,182.80215454101562,188.44925014875608,180.99628481489137,182.55272468439094,217307400
2026-03-17,181.51510620117188,184.9771941770484,181.2656763194747,184.63797319169822,182497800
2026-03-18,179.98858642578125,182.96180140975886,179.91875397930713,182.06384475172882,156683100
2026-03-19,178.15277099609375,179.56953069628346,175.3890840362079,177.6040222894031,170968500
2026-03-20,172.30615234375,177.85347025510498,171.32839150930033,177.59406866914642,241323500
2026-03-23,175.23944091796875,177.96321071223454,174.36144294367455,176.85574153065542,182836300
2026-03-24,174.80044555664062,175.81812366395545,173.58322660302642,174.4312942297872,147667800
2026-03-25,178.2725067138672,180.8067226806179,176.44669348987364,176.69612335614488,162602100
2026-03-26,170.8494873046875,176.10745794358192,170.74970926821888,175.66847416549638,186152200
2026-03-27,167.13796997070312,170.58009909933227,166.629123297364,169.61230999497113,196212700
2026-03-30,164.79331970214844,169.0635577295173,163.89537828689438,168.3950875250076,185627000
2026-03-31,174.00225830078125,174.22175778800025,166.57923870897636,166.58921042239905,226181300
2026-04-01,175.34918212890625,176.9654826629128,174.35146274268203,175.5986119754623,168132000
2026-04-02,176.98545837402344,177.0852364118599,170.97918282725632,171.78733317216196,143143200
2026-04-06,177.23487854003906,177.3845303646084,175.35916114415525,176.75597747742694,107564300
2026-04-07,177.69383239746094,177.8235255680002,173.26395579650787,175.32922705160684,132534900
2026-04-08,181.66476440429688,184.83750503722598,179.8888249511496,184.079243714486,147732700
2026-04-09,183.4906005859375,183.66021107746678,180.2080948395415,181.42531387192042,116428500
2026-04-10,188.1998291015625,189.56669990817062,183.87970195572368,183.88967366981893,160459500
2026-04-13,188.87826538085938,189.2274732756209,185.3164148846483,185.605746824658,133648200
2026-04-14,196.0618438720703,196.0618438720703,190.33494396561244,190.40477641072036,161307000
2026-04-15,198.41647338867188,199.94298301571828,195.2936216855987,196.09178511161633,185338400
2026-04-16,197.8976593017578,199.39423847906178,195.36344336942167,196.97974400923295,134012900
2026-04-17,201.2200469970703,201.2400056483541,198.8155547450397,199.44410763257105,160324400
2026-04-20,201.59918212890625,201.70893187328167,197.38880498867078,199.52392392325544,119381400
2026-04-21,199.42417907714844,202.28762917830338,198.54618104306965,201.66904795828867,107945300
2026-04-22,202.03819274902344,202.03819274902344,198.54617460274403,200.53164182940822,107501000
2026-04-23,199.18470764160156,203.3651545152774,196.77022843278436,201.99828375930824,113561800
2026-04-24,207.79502868652344,210.46890943516505,199.35431566144254,199.50398270942756,214134400
2026-04-27,216.1160125732422,216.33551207209098,206.90706623150768,209.17187844164343,187172400
2026-04-28,212.68385314941406,214.2402930542568,207.72518626919629,209.01225288404052,180275400
2026-04-29,208.77279663085938,212.23488436877426,207.10660696252424,212.2149257168926,123711800
2026-04-30,199.1148681640625,209.82039307402036,198.24684193288383,209.45122654333912,225239200
2026-05-01,197.9974365234375,202.5370634031337,196.6704677294345,200.82098460367052,128647000
2026-05-04,198.02734375,201.2699318245734,194.29588290907526,199.04502180842945,125368100
2026-05-05,196.05186462402344,199.7833407086998,195.58293528206713,198.84548202478717,113406600
2026-05-06,207.3560333251953,207.7950323152332,198.15705885791613,199.43413852494058,188362800
2026-05-07,211.01766967773438,213.7115092245668,206.02907228582575,207.86487247229027,168307900
2026-05-08,214.709228515625,217.30330524675068,212.40449895841255,212.5441790763045,136421400
2026-05-11,218.93955993652344,221.79303819063418,213.40221390900197,213.55186573785767,160685800
2026-05-12,220.27650451660156,223.23973257586303,214.42986778297353,218.05159434962442,159176600
2026-05-13,225.3149871826172,227.32039781394542,221.0647077692387,224.41703053540263,150405400
2026-05-14,235.202392578125,236.00055597235212,228.77707677625682,229.32582552778115,180782900
2026-05-15,224.80615234375,230.97205119780003,223.72861351776262,229.23601388526635,180977600
2026-05-18,221.81300354003906,229.4754818886306,217.8719993892805,229.34577348371204,146280900
2026-05-19,220.1068878173828,223.96805720569674,217.41304835521052,219.11914008419038,140948200
2026-05-20,222.9603729248047,225.61431038954527,219.9971448577806,222.6710257508039,184201600
2026-05-21,219.0093994140625,226.8814055684356,217.43300079554024,221.78305837384474,203381800
2026-05-22,214.83892822265625,220.50596731800164,214.3101381389001,220.39621757095847,169275700
2026-05-26,214.37001037597656,217.68243116855118,211.5165320236786,216.04617181279934,187202600
2026-05-27,212.1151580810547,213.66161102691768,208.30386252985457,213.63168066177133,167601200
2026-05-28,213.7613983154297,215.0285063161196,210.73830951283205,210.79817024571656,143996000
2026-05-29,210.6584930419922,217.36316924965476,210.64852132770383,214.09065053210412,289410600
2026-06-01,223.8483428955078,224.35717434911126,215.20808855445495,215.23801892090273,212850700
2026-06-02,222.3118438720703,231.75026086454594,220.84519513709748,226.66188583823322,193362900
2026-06-03,214.26025390625,222.31185725112735,214.02079575535723,221.2143597561905,160907000
2026-06-04,218.4156036376953,221.35231998810906,210.73419644348996,213.67091279390368,169022200
2026-06-05,204.87075805664062,214.62982678346356,204.10161444712602,214.2902104723603,219655500
2026-06-08,208.40679931640625,210.23475572682116,205.76975069388217,209.94507132882276,138372800
2026-06-09,207.95730590820312,211.16370951624515,199.11719156565087,210.3845825512031,180962500
2026-06-10,200.19598388671875,206.98838641050182,199.696542748819,204.20149632565034,161746600
2026-06-11,204.64100646972656,205.43013200106668,199.31696212361035,201.26479475008583,158643200
2026-06-12,204.96066284179688,206.83856645475237,203.21261880599855,204.6310298517525,112001800
2026-06-15,212.21253967285156,212.47225882321928,208.10713284720606,208.68648640498938,149936700
2026-06-16,207.1781768798828,211.25361840198772,207.05830064217733,210.94395209283806,125694100
2026-06-17,204.42124938964844,208.9761653200819,202.8530121596522,208.29691745433288,128363500
2026-06-18,210.4545135498047,211.1537281092123,206.26919428756833,207.09826842291386,241272000
2026-06-22,208.41677856445312,213.7508214450341,207.48782537372824,211.2036686200953,122041400
2026-06-23,199.81640625,203.54224815949766,199.77645766483005,201.94403040148535,153496200
2026-06-24,198.77757263183594,201.44458647582786,196.36027935647695,199.89631590195674,151810700
2026-06-25,195.52122497558594,200.5755669254449,191.9152592982058,199.85637045714446,149550000
2026-06-26,192.31480407714844,195.33143282930595,191.0062707295152,192.90414096411192,179304100
2026-06-29,194.7520751953125,195.96071419295149,189.58785574691487,193.63333194293918,148835700
2026-06-30,199.86634826660156,200.4057532237791,194.89191886651452,197.0195429632178,166476700
2026-07-01,197.35916137695312,199.62662840490702,193.23377271109229,195.98069896251877,146147600
2026-07-02,194.61224365234375,199.8363939026278,192.1350197738411,196.9196593659626,142068700
2026-07-06,195.33143615722656,197.32920075051607,193.77318221313826,194.20269428466304,108999000
2026-07-07,196.7098846435547,198.18824142626735,190.92636281467173,192.15498377986222,124154600
2026-07-08,203.891845703125,204.93069180759116,194.84197470333905,194.9618356993413,147419100
2026-07-09,202.5533447265625,204.36131918975943,198.73762239526957,204.23147485952867,132037400
2026-07-10,210.72421264648438,210.7641612313501,201.69430829342895,201.7742207048944,148421000
2026-07-13,203.30250549316406,210.33464515051216,202.77309911383117,208.3069001369788,121411000
2026-07-14,211.5632781982422,212.31243993744155,203.57221964678251,207.96729575339148,124379600
2026-07-15,212.26248168945312,213.57101502024952,205.80969553973085,211.7230919717581,124797200
2026-07-16,207.16818237304688,210.84407715298516,205.61992700554663,209.93509060438328,122986100
2026-07-17,202.58331298828125,206.41901728963356,197.74872640584337,202.41350482950477,144281900
2026-07-20,203.05279541015625,207.50781723343968,202.05391309694542,205.63989694335598,88701500
2026-07-21,207.0583038330078,208.4167843613107,203.78197113093626,207.30802440628602,108685600
2026-07-22,211.82298278808594,214.15038042761168,204.72092886821054,205.57996827489498,137645600
2026-07-23,208.5266571044922,210.63429930291466,205.72979894313582,209.22588688656515,110505300
2026-07-24,206.6088104248047,211.6731509810223,204.5810805834776,207.21812923496972,114836800
2026-07-27,196.2903594970703,208.51668459839084,195.22156333884286,207.96729627325774,154353700
2026-07-28,196.789794921875,198.47790843456414,192.52457850774027,194.78204700134697,134111500
2026-07-29,189.79762268066406,196.84974460884015,189.79762268066406,195.63110696844683,147680800
2026-07-30,194.82199096679688,197.02952748682713,191.3059363552755,193.23377181769484,129010200
2026-07-31,200.52561950683594,201.77422236802423,194.73209918257555,198.2182038580375,139961200
2026-08-03,206.40904235839844,208.50670133078404,196.62999113475112,197.46904862701152,128406900
2026-08-04,211.70310974121094,212.82185300096492,208.8163406042335,211.06382570110384,134922000
2026-08-05,218.9749755859375,221.9716224388697,216.15812022814887,216.6176127852948,158187400
2026-08-06,218.7452392578125,223.38005249670454,216.75745800384053,221.28239358061882,113940600
2026-08-07,223.70968627929688,224.50877992471257,220.41337164588714,221.29237770419127,105669400
2026-08-10,217.3068389892578,223.88946943306019,216.5277120448001,223.15029107269072,115846600
2026-08-11,217.25689697265625,221.9516406634887,215.95834695389817,221.92167541427946,101273100
2026-08-12,223.8395233154297,224.84840415873398,219.95387191061064,220.7929293559802,108783600
2026-08-13,225.04818725585938,226.97602279610956,223.45996804263754,224.80845001468583,98867200
2026-08-14,224.90834045410156,227.23573802273873,224.24907448357243,226.51654155338588,75680900
2026-08-17,224.7584991455078,227.66525027466162,224.60867289832842,225.72741618855906,93678700
2026-08-18,219.49440002441406,221.39227027986857,218.44557057093272,220.20359791537197,103128200
2026-08-19,217.31683349609375,222.62089613745684,216.51772459764655,221.4222404106533,96797300
2026-08-20,216.60763549804688,219.6142657707553,215.41896310784705,218.1159423024499,92457000
2026-08-21,214.48001098632812,218.49552214328025,214.26025565862156,218.17587248780362,98869300
2026-08-24,208.24697875976562,215.34903256074918,207.01835779182306,215.28910206110334,135187300
2026-08-25,212.81187438964844,214.48998931653267,209.87515802586688,210.79412790131315,122309000
2026-08-26,209.4256591796875,213.3612577394914,208.99613188036045,212.40232405945306,179900000
2026-08-27,227.7251739501953,230.21239627098788,220.6530857022795,222.61090164325523,298909800
2026-08-28,217.3068389892578,229.00374173344596,216.56766062888835,227.10587153371227,195116400
2026-08-31,220.53323364257812,221.05265670783686,215.96834944345454,218.62536478578363,124702700
2026-09-01,217.1969757080078,220.1636574397174,214.8595947199138,216.50774446342592,109756200
2026-09-02,224.1591796875,227.6952163087265,218.23579974693772,218.5454508199983,157104700
2026-09-03,228.1946563720703,230.14247379152744,224.49879494304554,225.76737972053164,134681600
2026-09-04,230.10252380371094,234.49759976142684,229.37334400327853,230.83170360414334,135352400
2026-09-08,225.47769165039062,233.44878317831424,224.59868561283858,232.84944771666764,122965600
2026-09-09,223.4199981689453,225.92718720955042,223.21024142511232,225.0281992525124,82955500
2026-09-10,218.36000061035156,220.99000549316406,217.1999969482422,220.52999877929688,105768000
2026-09-11,218.2899932861328,222.0,218.14999389648438,221.24000549316406,89060100
2026-09-14,210.9600067138672,212.77000427246094,208.92999267578125,211.24000549316406,132267200
2026-09-15,212.1699981689453,213.94000244140625,211.16000366210938,213.3800048828125,88059700
2026-09-16,213.89999389648438,216.75999450683594,212.5,214.13999938964844,96563600
2026-09-17,219.33999633789062,219.91000366210938,217.14999389648438,218.3800048828125,94191300
2026-09-18,222.27000427246094,222.72999572753906,218.02999877929688,219.35000610351562,190287400
2026-09-21,227.3800048828125,228.5,221.55999755859375,222.94000244140625,109806100
2026-09-22,228.8699951171875,229.97999572753906,226.5,226.85000610351562,95746700
2026-09-23,225.50999450683594,228.9499969482422,224.02000427246094,228.02999877929688,89547300
2026-09-24,224.5800018310547,224.94000244140625,221.08999633789062,222.0800018310547,77469900
2026-09-25,225.07000732421875,226.94000244140625,223.1300048828125,225.1300048828125,89947700
2026-09-28,228.86000061035156,233.2100067138672,228.0399932861328,229.75,142344300
2026-09-29,227.2100067138672,232.82000732421875,227.02999877929688,230.97000122070312,101494900
2026-09-30,228.3800048828125,232.3699951171875,228.1699981689453,229.27000427246094,121732200
2026-10-01,230.86000061035156,232.2899932861328,228.16000366210938,229.97999572753906,98591400
2026-10-02,233.9499969482422,237.8800048828125,233.60000610351562,236.05999755859375,135167800
2026-10-05,238.89999389648438,240.10000610351562,235.14999389648438,236.08999633789062,127171500
2026-10-06,239.24000549316406,243.3699951171875,238.92999267578125,242.10000610351562,101701900
2026-10-07,237.47000122070312,239.0800018310547,236.3800048828125,237.69000244140625,81772400
2026-10-08,230.47999572753906,237.07000732421875,229.85000610351562,234.9199981689453,118697400
2026-10-09,229.27999877929688,233.9199981689453,229.11000061035156,233.83999633789062,84470000
